"ID โพสต์","ID เพจ",ชื่อเพจ,ชื่อ,คำอธิบาย,"ระยะเวลา (วินาที)",เวลาที่เผยแพร่,ประเภทคำบรรยาย,ลิงก์ถาวร,เป็นโพสต์ข้าม,เป็นโพสต์ที่แชร์หรือไม่,ประเภทโพสต์,ภาษา,ป้ายกำกับแบบกำหนดเอง,สถานะเนื้อหาที่ได้รับการสนับสนุน,ความคิดเห็นเกี่ยวกับข้อมูล,วันที่,การเข้าถึง,"ความรู้สึก ความคิดเห็น และการแชร์",ความรู้สึก,ความคิดเห็น,การแชร์,การคลิกทั้งหมด,"การใช้การกำหนดกลุ่มเป้าหมายที่ตรงกัน (Photo Click)",การคลิกลิงก์,การคลิกอื่นๆ,"การใช้การกำหนดกลุ่มเป้าหมายที่ตรงกัน (Video Click)","การรับชมวิดีโอนาน 3 วินาที","การรับชมวิดีโอนาน 1 นาที","ผู้ที่รับชมนาน 3 วินาที","ผู้ที่รับชมนาน 1 นาที","การรับชมวิดีโอเป็นเวลา 3 วินาทีจาก โพสต์ที่โปรโมท","การรับชมวิดีโอเป็นเวลา 3 วินาทีจาก โพสต์แบบออร์แกนิก","การรับชมวิดีโอนาน 1 นาทีจากคำแนะนำ","การรับชมวิดีโอนาน 1 นาทีจากการแชร์","การรับชมวิดีโอนาน 1 นาทีจากผู้ติดตาม","การรับชมวิดีโอนาน 1 นาทีจากโพสต์ที่โปรโมท",จำนวนวินาทีที่รับชมจากคำแนะนำ,จำนวนวินาทีที่รับชมจากการแชร์,จำนวนวินาทีที่รับชมจากผู้ติดตาม,จำนวนวินาทีที่รับชมจากโพสต์ที่โปรโมท,จำนวนวินาทีที่รับชมโดยเฉลี่ยจากคำแนะนำ,จำนวนวินาทีที่รับชมโดยเฉลี่ยจากการแชร์,จำนวนวินาทีที่รับชมโดยเฉลี่ยจากผู้ติดตาม,จำนวนวินาทีที่รับชมโดยเฉลี่ยจากโพสต์ที่โปรโมท,ความเห็นเชิงลบที่ไม่ซ้ำกันจากผู้ใช้,การเข้าถึงจากโพสต์ที่โปรโมท,การเข้าถึงจากโพสต์แบบออร์แกนิก,คำติชมเชิงลบจากผู้ใช้,ยอดดู,"ดูจาก โพสต์แบบออร์แกนิก","ดูจาก โพสต์ที่โปรโมท",จำนวนวินาทีที่รับชม,จำนวนวินาทีที่รับชมโดยเฉลี่ย,"รายได้โดยประมาณ (ดอลลาร์สหรัฐ)","CPM โฆษณา (ดอลลาร์สหรัฐ)",อิมเพรสชั่นโฆษณา,"เปอร์เซ็นต์การรับชมทั้งหมดในช่วงเวลา 0","เปอร์เซ็นต์การรับชมทั้งหมดในช่วงเวลา 1","เปอร์เซ็นต์การรับชมทั้งหมดในช่วงเวลา 2","เปอร์เซ็นต์การรับชมทั้งหมดในช่วงเวลา 3","เปอร์เซ็นต์การรับชมทั้งหมดในช่วงเวลา 4","เปอร์เซ็นต์การรับชมทั้งหมดในช่วงเวลา 5","เปอร์เซ็นต์การรับชมทั้งหมดในช่วงเวลา 6","เปอร์เซ็นต์การรับชมทั้งหมดในช่วงเวลา 7","เปอร์เซ็นต์การรับชมทั้งหมดในช่วงเวลา 8","เปอร์เซ็นต์การรับชมทั้งหมดในช่วงเวลา 9","เปอร์เซ็นต์การรับชมทั้งหมดในช่วงเวลา 10","เปอร์เซ็นต์การรับชมทั้งหมดในช่วงเวลา 11","เปอร์เซ็นต์การรับชมทั้งหมดในช่วงเวลา 12","เปอร์เซ็นต์การรับชมทั้งหมดในช่วงเวลา 13","เปอร์เซ็นต์การรับชมทั้งหมดในช่วงเวลา 14","เปอร์เซ็นต์การรับชมทั้งหมดในช่วงเวลา 15","เปอร์เซ็นต์การรับชมทั้งหมดในช่วงเวลา 16","เปอร์เซ็นต์การรับชมทั้งหมดในช่วงเวลา 17","เปอร์เซ็นต์การรับชมทั้งหมดในช่วงเวลา 18","เปอร์เซ็นต์การรับชมทั้งหมดในช่วงเวลา 19","เปอร์เซ็นต์การรับชมทั้งหมดในช่วงเวลา 20","เปอร์เซ็นต์การรับชมทั้งหมดในช่วงเวลา 21","เปอร์เซ็นต์การรับชมทั้งหมดในช่วงเวลา 22","เปอร์เซ็นต์การรับชมทั้งหมดในช่วงเวลา 23","เปอร์เซ็นต์การรับชมทั้งหมดในช่วงเวลา 24","เปอร์เซ็นต์การรับชมทั้งหมดในช่วงเวลา 25","เปอร์เซ็นต์การรับชมทั้งหมดในช่วงเวลา 26","เปอร์เซ็นต์การรับชมทั้งหมดในช่วงเวลา 27","เปอร์เซ็นต์การรับชมทั้งหมดในช่วงเวลา 28","เปอร์เซ็นต์การรับชมทั้งหมดในช่วงเวลา 29","เปอร์เซ็นต์การรับชมทั้งหมดในช่วงเวลา 30","เปอร์เซ็นต์การรับชมทั้งหมดในช่วงเวลา 31","เปอร์เซ็นต์การรับชมทั้งหมดในช่วงเวลา 32","เปอร์เซ็นต์การรับชมทั้งหมดในช่วงเวลา 33","เปอร์เซ็นต์การรับชมทั้งหมดในช่วงเวลา 34","เปอร์เซ็นต์การรับชมทั้งหมดในช่วงเวลา 35","เปอร์เซ็นต์การรับชมทั้งหมดในช่วงเวลา 36","เปอร์เซ็นต์การรับชมทั้งหมดในช่วงเวลา 37","เปอร์เซ็นต์การรับชมทั้งหมดในช่วงเวลา 38","เปอร์เซ็นต์การรับชมทั้งหมดในช่วงเวลา 39","เปอร์เซ็นต์การรับชมทั้งหมดในช่วงเวลา 40","เปอร์เซ็นต์การรับชมนาน 15 วินาทีในช่วงเวลา 0","เปอร์เซ็นต์การรับชมนาน 15 วินาทีในช่วงเวลา 1","เปอร์เซ็นต์การรับชมนาน 15 วินาทีในช่วงเวลา 2","เปอร์เซ็นต์การรับชมนาน 15 วินาทีในช่วงเวลา 3","เปอร์เซ็นต์การรับชมนาน 15 วินาทีในช่วงเวลา 4","เปอร์เซ็นต์การรับชมนาน 15 วินาทีในช่วงเวลา 5","เปอร์เซ็นต์การรับชมนาน 15 วินาทีในช่วงเวลา 6","เปอร์เซ็นต์การรับชมนาน 15 วินาทีในช่วงเวลา 7","เปอร์เซ็นต์การรับชมนาน 15 วินาทีในช่วงเวลา 8","เปอร์เซ็นต์การรับชมนาน 15 วินาทีในช่วงเวลา 9","เปอร์เซ็นต์การรับชมนาน 15 วินาทีในช่วงเวลา 10","เปอร์เซ็นต์การรับชมนาน 15 วินาทีในช่วงเวลา 11","เปอร์เซ็นต์การรับชมนาน 15 วินาทีในช่วงเวลา 12","เปอร์เซ็นต์การรับชมนาน 15 วินาทีในช่วงเวลา 13","เปอร์เซ็นต์การรับชมนาน 15 วินาทีในช่วงเวลา 14","เปอร์เซ็นต์การรับชมนาน 15 วินาทีในช่วงเวลา 15","เปอร์เซ็นต์การรับชมนาน 15 วินาทีในช่วงเวลา 16","เปอร์เซ็นต์การรับชมนาน 15 วินาทีในช่วงเวลา 17","เปอร์เซ็นต์การรับชมนาน 15 วินาทีในช่วงเวลา 18","เปอร์เซ็นต์การรับชมนาน 15 วินาทีในช่วงเวลา 19","เปอร์เซ็นต์การรับชมนาน 15 วินาทีในช่วงเวลา 20","เปอร์เซ็นต์การรับชมนาน 15 วินาทีในช่วงเวลา 21","เปอร์เซ็นต์การรับชมนาน 15 วินาทีในช่วงเวลา 22","เปอร์เซ็นต์การรับชมนาน 15 วินาทีในช่วงเวลา 23","เปอร์เซ็นต์การรับชมนาน 15 วินาทีในช่วงเวลา 24","เปอร์เซ็นต์การรับชมนาน 15 วินาทีในช่วงเวลา 25","เปอร์เซ็นต์การรับชมนาน 15 วินาทีในช่วงเวลา 26","เปอร์เซ็นต์การรับชมนาน 15 วินาทีในช่วงเวลา 27","เปอร์เซ็นต์การรับชมนาน 15 วินาทีในช่วงเวลา 28","เปอร์เซ็นต์การรับชมนาน 15 วินาทีในช่วงเวลา 29","เปอร์เซ็นต์การรับชมนาน 15 วินาทีในช่วงเวลา 30","เปอร์เซ็นต์การรับชมนาน 15 วินาทีในช่วงเวลา 31","เปอร์เซ็นต์การรับชมนาน 15 วินาทีในช่วงเวลา 32","เปอร์เซ็นต์การรับชมนาน 15 วินาทีในช่วงเวลา 33","เปอร์เซ็นต์การรับชมนาน 15 วินาทีในช่วงเวลา 34","เปอร์เซ็นต์การรับชมนาน 15 วินาทีในช่วงเวลา 35","เปอร์เซ็นต์การรับชมนาน 15 วินาทีในช่วงเวลา 36","เปอร์เซ็นต์การรับชมนาน 15 วินาทีในช่วงเวลา 37","เปอร์เซ็นต์การรับชมนาน 15 วินาทีในช่วงเวลา 38","เปอร์เซ็นต์การรับชมนาน 15 วินาทีในช่วงเวลา 39","เปอร์เซ็นต์การรับชมนาน 15 วินาทีในช่วงเวลา 40","การรับชมวิดีโอนาน 3 วินาทีตามกลุ่มเป้าหมายอันดับสูงสุด (F, 35-44)","การรับชมวิดีโอนาน 3 วินาทีตามกลุ่มเป้าหมายอันดับสูงสุด (F, 25-34)","การรับชมวิดีโอนาน 3 วินาทีตามกลุ่มเป้าหมายอันดับสูงสุด (F, 45-54)","การรับชมวิดีโอนาน 3 วินาทีตามกลุ่มเป้าหมายอันดับสูงสุด (F, 55-64)","การรับชมวิดีโอนาน 3 วินาทีตามกลุ่มเป้าหมายอันดับสูงสุด (F, 65+)","การรับชมวิดีโอนาน 3 วินาทีตามกลุ่มเป้าหมายอันดับสูงสุด (F, 18-24)","การรับชมวิดีโอนาน 3 วินาทีตามกลุ่มเป้าหมายอันดับสูงสุด (M, 25-34)","การรับชมวิดีโอนาน 3 วินาทีตามกลุ่มเป้าหมายอันดับสูงสุด (M, 35-44)","การรับชมวิดีโอนาน 3 วินาทีตามกลุ่มเป้าหมายอันดับสูงสุด (M, 45-54)","การรับชมวิดีโอนาน 3 วินาทีตามกลุ่มเป้าหมายอันดับสูงสุด (M, 55-64)","การรับชมวิดีโอนาน 3 วินาทีตามกลุ่มเป้าหมายอันดับสูงสุด (M, 65+)","การรับชมวิดีโอนาน 3 วินาทีตามกลุ่มเป้าหมายอันดับสูงสุด (M, 18-24)","การรับชมวิดีโอนาน 3 วินาทีตามประเทศ (Thailand (TH))","การรับชมวิดีโอนาน 3 วินาทีตามประเทศ (Norway (NO))","การรับชมวิดีโอนาน 3 วินาทีตามประเทศ (Japan (JP))","การรับชมวิดีโอนาน 3 วินาทีตามประเทศ (United States (US))","การรับชมวิดีโอนาน 3 วินาทีตามประเทศ (Finland (FI))","การรับชมวิดีโอนาน 3 วินาทีตามประเทศ (United Kingdom (GB))","การรับชมวิดีโอนาน 3 วินาทีตามประเทศ (Germany (DE))","การรับชมวิดีโอนาน 3 วินาทีตามประเทศ (Switzerland (CH))","การรับชมวิดีโอนาน 3 วินาทีตามประเทศ (Philippines (PH))","การรับชมวิดีโอนาน 3 วินาทีตามประเทศ (Singapore (SG))","การรับชมวิดีโอนาน 3 วินาทีตามประเทศ (Sri Lanka (LK))","การรับชมวิดีโอนาน 3 วินาทีตามประเทศ (Cambodia (KH))","การรับชมวิดีโอนาน 3 วินาทีตามประเทศ (Italy (IT))","การรับชมวิดีโอนาน 3 วินาทีตามประเทศ (Peru (PE))","การรับชมวิดีโอนาน 3 วินาทีตามประเทศ (Austria (AT))","การรับชมวิดีโอนาน 3 วินาทีตามประเทศ (France (FR))","การรับชมวิดีโอนาน 3 วินาทีตามประเทศ (South Africa (ZA))","การรับชมวิดีโอนาน 3 วินาทีตามประเทศ (Australia (AU))","การรับชมวิดีโอนาน 3 วินาทีตามประเทศ (South Korea (KR))","การรับชมวิดีโอนาน 3 วินาทีตามประเทศ (Russia (RU))","การรับชมวิดีโอนาน 3 วินาทีตามประเทศ (Iceland (IS))","การรับชมวิดีโอนาน 3 วินาทีตามประเทศ (Denmark (DK))","การรับชมวิดีโอนาน 3 วินาทีตามประเทศ (Sweden (SE))","การรับชมวิดีโอนาน 3 วินาทีตามประเทศ (Malaysia (MY))","การรับชมวิดีโอนาน 3 วินาทีตามประเทศ (Netherlands (NL))","การรับชมวิดีโอนาน 3 วินาทีตามประเทศ (Hong Kong (HK))","การรับชมวิดีโอนาน 3 วินาทีตามประเทศ (Taiwan (TW))","การรับชมวิดีโอนาน 3 วินาทีตามประเทศ (New Zealand (NZ))","การรับชมวิดีโอนาน 3 วินาทีตามประเทศ (Czech Republic (CZ))","การรับชมวิดีโอนาน 3 วินาทีตามประเทศ (Canada (CA))","การรับชมวิดีโอนาน 3 วินาทีตามประเทศ (China (CN))","การรับชมวิดีโอนาน 3 วินาทีตามประเทศ (Qatar (QA))","การรับชมวิดีโอนาน 3 วินาทีตามประเทศ (Israel (IL))","การรับชมวิดีโอนาน 3 วินาทีตามประเทศ (Greece (GR))","การรับชมวิดีโอนาน 3 วินาทีตามประเทศ (United Arab Emirates (AE))","การรับชมวิดีโอนาน 3 วินาทีตามประเทศ (Laos (LA))","การรับชมวิดีโอนาน 3 วินาทีตามประเทศ (Slovenia (SI))","การรับชมวิดีโอนาน 3 วินาทีตามประเทศ (Belgium (BE))","การรับชมวิดีโอนาน 3 วินาทีตามประเทศ (Guam (GU))","การรับชมวิดีโอนาน 3 วินาทีตามประเทศ (Saudi Arabia (SA))","การรับชมวิดีโอนาน 3 วินาทีตามประเทศ (Slovakia (SK))","การรับชมวิดีโอนาน 3 วินาทีตามประเทศ (Oman (OM))","การรับชมวิดีโอนาน 3 วินาทีตามประเทศ (Ireland (IE))","การรับชมวิดีโอนาน 3 วินาทีตามประเทศ (India (IN))","การรับชมวิดีโอนาน 3 วินาทีตามประเทศ (Vietnam (VN))"
1275071468044453,100066248360694,Kornvikkaclinic,"ผ่าตัดเสริมจมูกควรเลือกแบบไหนดี #KVKClinic #KVKSurgery #DrJade #หมอเจด #drKoong #เสริมจมูก","ผ่าตัดเสริมจมูกควรเลือกแบบไหนดี #KVKClinic #KVKSurgery #DrJade #หมอเจด #drKoong #เสริมจมูก",65,"04/29/2026 04:30",N/A,https://www.facebook.com/reel/3378135409020551/,0,0,วิดีโอ,,,,,อายุการใช้งาน,1789,14,14,0,0,0,,,,,453,88,412,84,0,453,0,0,0,0,4815.113,0,6752.704,0,5.93,0,6.401,0,0,0,1789,0,2098,2098,0,11567.817,6.195,0,0,0,0.99,0.99,0.93,0.66,0.53,0.46,0.42,0.38,0.37,0.34,0.34,0.33,0.31,0.3,0.29,0.28,0.27,0.25,0.25,0.25,0.24,0.24,0.23,0.23,0.23,0.23,0.22,0.23,0.22,0.21,0.22,0.21,0.21,0.21,0.2,0.2,0.2,0.19,0.16,0.09,0.07,1,1,0.99,1,1,1,1,0.99,0.99,0.99,0.99,0.96,0.92,0.89,0.86,0.82,0.79,0.74,0.73,0.71,0.71,0.7,0.67,0.67,0.67,0.66,0.66,0.65,0.64,0.62,0.62,0.62,0.6,0.6,0.59,0.59,0.58,0.57,0.47,0.27,0.21,153,143,64,25,9,14,16,15,4,,1,4,431,,3,2,2,3,2,2,,1,,,,,1,,,,,1,,,1,1,,,,,,,,1,,,1,,,1,,,,,,,
1276147254603541,100066248360694,Kornvikkaclinic,"เลือกสิ่งที่ใช่ ให้เหมาะกับผิวคุณ 🤔

โปรแกรมอัลเทอร่า Prime หรือโปรแกรม SPT? 
สองโปรแกรมยอดฮิตที่หลายคนสงสัยว่าต่างกันยังไง และแบบไหนที่ตอบโจทย์ปัญหาผิวของเรามากที่สุด 🧬

👩🏻‍⚕️ เมื่อ คุณหมอกุ้ง (พญ กรวิกกา พัฒนะปราน ว 38020) และ คุณหมอโบว์ (พญ.เสาวภาคย์ ตรีสุธรรมมาศ ว
65557 ) มาแชร์ความแตกต่างของ 2 โปรแกรมยอดนิยมจาก KVK Clinic✨ ให้หายสงสัย 

ใครที่กำลังลังเลอยู่ สามารถปรึกษาคุณหมอที่ KVK Clinic ได้ทุกสาขาเลยนะคะ 💌
............................................
#KVKClinic #DrKoong #หมอเจด
#ยกมาตรฐานจริงใจล้ำสมัย 
#ถามไวตอบไวกับKVK  #โปรแกรมยกกระชับผิว #ProgramUltheraPrime #ProgramSPT","เลือกสิ่งที่ใช่ ให้เหมาะกับผิวคุณ 🤔

โปรแกรมอัลเทอร่า Prime หรือโปรแกรม SPT? 
สองโปรแกรมยอดฮิตที่หลายคนสงสัยว่าต่างกันยังไง และแบบไหนที่ตอบโจทย์ปัญหาผิวของเรามากที่สุด 🧬

👩🏻‍⚕️ เมื่อ คุณหมอกุ้ง (พญ กรวิกกา พัฒนะปราน ว 38020) และ คุณหมอโบว์ (พญ.เสาวภาคย์ ตรีสุธรรมมาศ ว
65557 ) มาแชร์ความแตกต่างของ 2 โปรแกรมยอดนิยมจาก KVK Clinic✨ ให้หายสงสัย 

ใครที่กำลังลังเลอยู่ สามารถปรึกษาคุณหมอที่ KVK Clinic ได้ทุกสาขาเลยนะคะ 💌
............................................
#KVKClinic #DrKoong #หมอเจด
#ยกมาตรฐานจริงใจล้ำสมัย 
#ถามไวตอบไวกับKVK  #โปรแกรมยกกระชับผิว #ProgramUltheraPrime #ProgramSPT",101,"04/30/2026 05:10",N/A,https://www.facebook.com/reel/2406020819871644/,0,0,วิดีโอ,,,,,อายุการใช้งาน,4460,10,6,0,4,242,,101,112,29,2118,161,1751,152,1448,670,0,0,0,0,5090.37,0,6178.828,32973.06,6.293,0,5.483,4.991,0,3010,1823,0,9761,2256,7087,44242.258,5.178,0,0,0,0.99,0.99,0.64,0.39,0.28,0.25,0.23,0.2,0.17,0.16,0.15,0.14,0.13,0.12,0.12,0.11,0.1,0.1,0.1,0.09,0.09,0.08,0.08,0.08,0.08,0.08,0.07,0.07,0.07,0.06,0.06,0.06,0.06,0.06,0.06,0.06,0.06,0.06,0.05,0.03,0.02,1,1,1,1,1,1,1,0.85,0.78,0.72,0.68,0.64,0.58,0.54,0.52,0.5,0.47,0.44,0.43,0.4,0.38,0.37,0.35,0.35,0.34,0.33,0.32,0.31,0.29,0.29,0.29,0.28,0.28,0.28,0.28,0.27,0.26,0.25,0.21,0.14,0.1,825,550,363,114,41,30,53,80,27,7,7,5,2090,1,2,7,3,5,2,1,,2,,,1,,1,,,,,,,1,,1,,,,,,,,,,,,,,1,,,,,,,
1276837887867811,100066248360694,Kornvikkaclinic,"จะรักษาก็ต้องรู้สาเหตุ! ใครมีรอยโรคที่ผิวแบบไหน มาเช็กกันได้เลยค่ะ ⁉️

👩‍⚕️ วันนี้คุณหมอกุ้ง (พญ กรวิกกา พัฒนะปราน ว 38020) KVK Clinic มาแชร์เรื่อง 'รอยโรคที่พบบ่อย' และมาดูกันว่าปัญหาผิวในรูปแบบต่างๆ การเลือกหัตถการให้ตรงจุดจึงเป็นเรื่องสำคัญ เพื่อผลลัพธ์ที่ตอบโจทย์และปลอดภัย และมีแนวทางในการดูแลอย่างไรบ้าง

สามารถทิ้งคำถามไว้ที่คอมเมนต์หรือส่งภาพเข้ามาปรึกษาพวกเราได้เลยนะคะ เราพร้อมให้คำแนะนำอย่างตรงไปตรงมาค่ะ📩

............................................
#KVKClinic #DrKoong #หมอเจด
#ยกมาตรฐานจริงใจล้ำสมัย 
#ถามไวตอบไวกับหมอกุ้ง  #ความรู้เรื่องผิว","จะรักษาก็ต้องรู้สาเหตุ! ใครมีรอยโรคที่ผิวแบบไหน มาเช็กกันได้เลยค่ะ ⁉️

👩‍⚕️ วันนี้คุณหมอกุ้ง (พญ กรวิกกา พัฒนะปราน ว 38020) KVK Clinic มาแชร์เรื่อง 'รอยโรคที่พบบ่อย' และมาดูกันว่าปัญหาผิวในรูปแบบต่างๆ การเลือกหัตถการให้ตรงจุดจึงเป็นเรื่องสำคัญ เพื่อผลลัพธ์ที่ตอบโจทย์และปลอดภัย และมีแนวทางในการดูแลอย่างไรบ้าง

สามารถทิ้งคำถามไว้ที่คอมเมนต์หรือส่งภาพเข้ามาปรึกษาพวกเราได้เลยนะคะ เราพร้อมให้คำแนะนำอย่างตรงไปตรงมาค่ะ📩

............................................
#KVKClinic #DrKoong #หมอเจด
#ยกมาตรฐานจริงใจล้ำสมัย 
#ถามไวตอบไวกับหมอกุ้ง  #ความรู้เรื่องผิว",157,"05/01/2026 02:00",N/A,https://www.facebook.com/reel/26186840750998124/,0,0,วิดีโอ,,,,,อายุการใช้งาน,6388,9,8,0,1,134,,64,62,8,1792,173,1392,165,1172,620,0,0,0,0,7453.506,29.362,8848.589,34009.927,8.79,1.335,8.111,3.47,0,4714,1775,0,13270,2285,9441,50341.384,4.279,0,0,0,0.98,0.81,0.46,0.3,0.25,0.21,0.19,0.18,0.16,0.15,0.14,0.13,0.12,0.11,0.11,0.1,0.1,0.09,0.09,0.09,0.08,0.08,0.08,0.07,0.07,0.07,0.06,0.06,0.06,0.06,0.06,0.05,0.05,0.05,0.05,0.05,0.05,0.04,0.04,0.04,0.02,0.98,0.99,1,1,0.97,0.82,0.74,0.69,0.65,0.61,0.55,0.51,0.48,0.45,0.41,0.41,0.38,0.36,0.35,0.34,0.34,0.31,0.31,0.29,0.28,0.26,0.26,0.25,0.24,0.23,0.22,0.21,0.21,0.2,0.19,0.19,0.18,0.17,0.17,0.16,0.09,579,510,226,79,24,86,91,78,38,25,15,35,1765,4,5,4,2,1,3,3,,2,,,1,,1,,,,,,,1,,,,,,,,,,,,,,,,,,,,,,,
1276884931196440,100066248360694,Kornvikkaclinic,"5.5 MASSIVE SALE จัดหนัก จัดเต็ม!
""ยิ่งซื้อ ยิ่งได้"" ยิ่งซื้อเยอะ ยิ่งคุ้มเว่อร์!
.
🎯 หมุนวงล้อ Digital ลุ้นรางวัล แบบจัดเต็ม
ซื้อครบ 25,000.-     หมุน 1 ครั้ง 
ซื้อครบ 50,000.-     หมุน 2 ครั้ง

🎯 ยิ่งซื้อ ยิ่งคุ้ม ลดเพิ่มสูงสุด 15%
1 คอร์ส ลดเพิ่ม 10% 
2 คอร์ส ลดเพิ่ม 15% 

🎯 Buy 1 Get 1 Free 
โปรแกรมยกกระชับ combine ผิวยก+หน้าแน่น เฟิร์ม
.
✨ รวมโปรตัวฮิต:
💉 Program Filler Lifting ฟรีโบเกาหลี Upper Face
💆‍♀️ โปรแกรมยกกระชับ 17 Brands ที่ควรทำยกมาที่นี่
💥 โปรแกรมPico Laser รับสิทธิ์แลกซื้อราคาพิเศษ
✨ BABY Glow Program ซื้อ 3 แถม 1 คุ้มมาก!!
.
💳 ผ่อน 0% นานสูงสุด 10 เดือน
📆 โปรถึง 31 พ.ค. นี้เท่านั้น!

🔥 ใครเล็งอะไรไว้ รีบทักเลย
เพราะโปรนี้…ไม่ได้มีบ่อย!
.
.
.
ช่องทางติดต่อสอบถาม แอดมิน+ ปรึกษาแพทย์
𝐋𝐢𝐧𝐞 𝐎𝐀 เป็นช่องทางหลัก
สาขา 𝗞𝗼𝗿𝗮𝘁 : @1stkvk 
.
🔹 สาขา 𝗞𝗼𝗿𝗮𝘁 : โคราช (Head Qaurters)
สาขา3 : ติดโรงเรียน ปลูกปัญญา เส้นสุระ 2 
สาขา1 : ในปั้มปตท. ข้างเดอะมอลล์โคราช
📞 06 1956 5444
.
🌐𝐖𝐞𝐛𝐬𝐢𝐭𝐞 : https://kvkclinic.com
📺𝐘𝐨𝐮𝐭𝐮𝐛𝐞 : https://youtube.com/@kornvikkaclinic1234?si=PwiLo4SaaXs9J2DS
............................................
#KVKClinic #DrKoong #หมอเจด
#ยกมาตรฐานจริงใจล้ำสมัย 
#KVKMASSIVESALE #โปรโมชั่นเดือนพฤษภาคมKVK #โปรนี้มีแต่คุ้ม",,0,"05/01/2026 02:44",N/A,https://www.facebook.com/KVKClinic/posts/pfbid0CeFocVyiAaCmZch2NrjSxyJbxLX8GMcvC1Qhz5H1jxyDseBLDqSBEmYL1XRu3Q4Fl,0,0,รูปภาพ,,,,,อายุการใช้งาน,2285,14,12,0,2,171,144,1,26,,0,0,0,0,0,0,0,0,0,0,0,0,0,0,0,0,0,0,0,,,0,,,,,,,,,,,,,,,,,,,,,,,,,,,,,,,,,,,,,,,,,,,,,,,,,,,,,,,,,,,,,,,,,,,,,,,,,,,,,,,,,,,,,,,,,,,,,,,,,,,,,,,,,,,,,,,,,,,,,,,,,,,,,,,,,,,,,,,,,,,,,,,,,,,
1277437557807844,100066248360694,Kornvikkaclinic,"🩺 แจ้งตารางแพทย์ออกตรวจ KVK Clinic ทุกสาขา 
📆 ประจำเดือน พฤษภาคม 2569
.
🔹 สาขา 1 : Korat
KVK Soreal ในปั๊ม ปตท.ข้างเดอะมอลล์
🔹 สาขา 2 : Surgery Korat
หน้าโรงแรมร่มเย็น เส้นหนองบัวรอง
🔹 สาขา 3 : Korat (Head Qaurters)
ติดโรงเรียน ปลูกปัญญา เส้นสุระ 2
🔹 สาขา 4 : @Siam
Centerpoint Siam Square ชั้น 2
.
📣 เรามีคุณหมออยู่ประจำทุกวันนะคะ🩺
เลือกวันที่สะดวกได้เลย
.
📆 เติมความสวยได้ทุกวัน สะดวกวันไหนเลือกวันจองนัดหมายได้เลยค่ะ (แนะนำจองคิวดีที่สุดค่า) 
.
• มีแพทย์ตัวจริงดูแลทุกเคส
• ประเมินสัดส่วนใบหน้า วิเคราะห์ปัญหาโดยแพทย์ก่อนทำ
• ติดตามผลหลังทำ ใส่ใจในการดูแลทุกรายละเอียด
.
.
.
.
…………………………………….
📆 จองคิวนัดหมายและสอบถามโปรโมชั่นเพิ่มเติม
𝐋𝐢𝐧𝐞 𝐎𝐀 เป็นช่องทางหลักนะคะ 
สาขา 1&3 𝗞𝗼𝗿𝗮𝘁 Line : @1stkvk 
สาขา 4 𝗦𝗶𝗮𝗺 Line : @kvksiam
.
สาขา 1 : Korat
KVK Soreal ในปั๊มปตท.ข้างเดอะมอลล์
https://maps.app.goo.gl/qE9Hd2dCV9UPD3KT8?g_st=il
📞 08 7870 5888
.
สาขา 2 : Surgery 
หน้าโรงแรมร่มเย็น เส้นหนองบัวรอง
https://maps.app.goo.gl/dAijgTfBYhQZgykL7?g_st=il
📞 09 5614 1444
.
 สาขา 3 : Korat (Head Qaurters)
ติดโรงเรียน ปลูกปัญญา เส้นสุระ 2
https://maps.app.goo.gl/ehwGYHVNLqgww6CJ9?g_st=il
📞 06 1956 5444
.
 สาขา 4 : @Siam Clinic
Centerpoint Siam Square ชั้น 2
https://maps.app.goo.gl/QF8KbghbMDZ4idAF9?g_st=il
📞 09 5791 5444
----------------------
#KVKClinic #DrKoong #DrJade
#ยกมาตรฐานจริงใจล้ำสมัย
#KVKKorat #KVKSiam",,0,"05/01/2026 19:31",N/A,https://www.facebook.com/KVKClinic/posts/pfbid06k6oHYPoaqXG9gJTyRNAYJEdhq378Vj2zLPWozxc5Ku5LCLA5mNwfrBSXtCFqKB6l,0,0,รูปภาพ,,,,,อายุการใช้งาน,5014,14,12,0,2,434,387,12,35,,0,0,0,0,0,0,0,0,0,0,0,0,0,0,0,0,0,0,0,0,5014,0,,,,,,,,,,,,,,,,,,,,,,,,,,,,,,,,,,,,,,,,,,,,,,,,,,,,,,,,,,,,,,,,,,,,,,,,,,,,,,,,,,,,,,,,,,,,,,,,,,,,,,,,,,,,,,,,,,,,,,,,,,,,,,,,,,,,,,,,,,,,,,,,,,,
1278185151066418,100066248360694,Kornvikkaclinic,"โปรแกรมอัลเทอร่า PRIME 200 Line... ยกแค่ไหนมาดูกัน! 📈

สำหรับใครที่มีปัญหากรอบหน้าเริ่มไม่ชัด หรือต้องการยกกระชับช่วงแก้มล่าง
🔸Real-time Visualization: คุณหมอสามารถเห็นชั้นผิวขณะทำได้ตลอดเวลา ทำให้แม่นยำในทุก Line ที่ยิง

🔸200 Line Strategy: การวางแผนยิง 200 Line เพื่อเน้นกรอบหน้าให้ดู V-Shape และดูคมชัดขึ้น

🔸No Downtime: สวยแบบไม่ต้องพักฟื้น ใช้ชีวิตต่อได้ทันที

*ผลลัพธ์ที่ได้ขึ้นอยู่กับสภาพผิวและโครงสร้างหน้าของแต่ละบุคคล
📍 ปรึกษาคุณหมอเพื่อออกแบบจำนวน Line ที่เหมาะสมได้ที่ KVKClinic
............................................
#KVKClinic #DrKoong #หมอเจด
#ยกมาตรฐานจริงใจล้ำสมัย 
#ProgramUltherapyPRIME #ReviewKVK #ยกกระชับปรับรูปหน้า","โปรแกรมอัลเทอร่า PRIME 200 Line... ยกแค่ไหนมาดูกัน! 📈

สำหรับใครที่มีปัญหากรอบหน้าเริ่มไม่ชัด หรือต้องการยกกระชับช่วงแก้มล่าง
🔸Real-time Visualization: คุณหมอสามารถเห็นชั้นผิวขณะทำได้ตลอดเวลา ทำให้แม่นยำในทุก Line ที่ยิง

🔸200 Line Strategy: การวางแผนยิง 200 Line เพื่อเน้นกรอบหน้าให้ดู V-Shape และดูคมชัดขึ้น

🔸No Downtime: สวยแบบไม่ต้องพักฟื้น ใช้ชีวิตต่อได้ทันที

*ผลลัพธ์ที่ได้ขึ้นอยู่กับสภาพผิวและโครงสร้างหน้าของแต่ละบุคคล
📍 ปรึกษาคุณหมอเพื่อออกแบบจำนวน Line ที่เหมาะสมได้ที่ KVKClinic
............................................
#KVKClinic #DrKoong #หมอเจด
#ยกมาตรฐานจริงใจล้ำสมัย 
#ProgramUltherapyPRIME #ReviewKVK #ยกกระชับปรับรูปหน้า",26,"05/02/2026 20:30",N/A,https://www.facebook.com/reel/1063746426828887/,0,0,วิดีโอ,,,,,อายุการใช้งาน,3867,8,7,0,1,230,,63,155,12,1689,0,1267,0,1023,666,0,0,0,0,4698.185,18.93,5184.424,17578.387,5.873,2.104,5.407,3.284,0,2563,1526,0,8311,2120,5785,27479.926,3.858,0,0,0,0.97,0.97,0.98,0.98,0.98,0.97,0.84,0.84,0.73,0.67,0.57,0.57,0.51,0.45,0.45,0.42,0.39,0.36,0.36,0.33,0.3,0.3,0.29,0.27,0.27,0.25,0.24,0.23,0.23,0.23,0.22,0.22,0.2,0.19,0.17,0.17,0.16,0.11,0.11,0.09,0.08,0.99,0.99,0.99,0.99,0.99,1,1,1,1,1,1,1,1,1,1,1,1,0.95,0.92,0.88,0.86,0.82,0.76,0.71,0.64,0.58,0.42,0.34,0.31,,,,,,,,,,,,,609,397,356,136,46,35,34,34,11,7,7,4,1658,4,4,4,2,2,2,2,2,2,1,1,1,1,1,1,1,,,,,,,,,,,,,,,,,,,,,,,,,,,,
1278441177707482,100066248360694,Kornvikkaclinic,"🚨 KVK Ultimate Lift Program เตือนแล้วนะ!
ใครยังไม่จองโปร 1 FREE  1 แบรนด์ชั้นนำ ระวังคิวเต็ม!

.
รวมพลความงามครั้งใหญ่กับ 17 แบรนด์ดังชั้นนำ พร้อมตอบโจทย์ทุกความต้องการเรื่องหน้ายก ผิวแน่นเฟิร์ม รวบรวมมาไว้ให้คุณเลือกสรรที่นี่แล้ว! 

✅ จ่าย 1 ได้ถึง 2 คุ้มกว่านี้ไม่มีอีกแล้ว
✅ เลือกแบรนด์ชั้นนำได้ตามใจชอบจากทั้งหมด 17 แบรนด์มาตรฐาน
✅ มั่นใจในคุณภาพและผลลัพธ์โดยทีมแพทย์ KVK
.
📲 สอบถามรายละเอียด/ส่งรูปประเมินผิวฟรีทาง Inbox
อย่าปล่อยให้ผิวต้องรอ... สวยก่อนใคร ทักแชทเลยค่ะ!

📅 วันนี้ – 31 พฤษภาคม 2569 เท่านั้น
📍 KVK Clinic ทุกสาขา
.
.
.
ช่องทางติดต่อสอบถาม แอดมิน+ ปรึกษาแพทย์
𝐋𝐢𝐧𝐞 𝐎𝐀 เป็นช่องทางหลัก
สาขา 𝗞𝗼𝗿𝗮𝘁 : @1stkvk 
สาขา 𝗦𝗶𝗮𝗺  : @kvksiam
.
🔹 สาขา 𝗞𝗼𝗿𝗮𝘁 : โคราช (Head Qaurters)
สาขา3 : ติดโรงเรียน ปลูกปัญญา เส้นสุระ 2 
สาขา1 : ในปั้มปตท. ข้างเดอะมอลล์โคราช
📞 06 1956 5444
.
🔹 สาขา 𝗦𝗶𝗮𝗺 : KVK Siam Clinic
Centerpoint Siam Square ชั้น 2
📞 09 5791 5444
-------------------
#KVKClinic #DrKoong #หมอเจด
#ยกมาตรฐานจริงใจล้ำสมัย 
#KVKFutureLifting
#Promotion #โปรโมชั่นสุดคุ้ม",,0,"05/03/2026 03:23",N/A,https://www.facebook.com/KVKClinic/posts/pfbid02jhg9WHS2C2jVdmdGS4qhKwqGehw5JBqwspbW5UujPi51WPJrZjiaJrgHr2eafsckl,0,0,รูปภาพ,,,,,อายุการใช้งาน,1872,12,9,0,3,0,,,,,0,0,0,0,0,0,0,0,0,0,0,0,0,0,0,0,0,0,0,,,,,,,,,,,,,,,,,,,,,,,,,,,,,,,,,,,,,,,,,,,,,,,,,,,,,,,,,,,,,,,,,,,,,,,,,,,,,,,,,,,,,,,,,,,,,,,,,,,,,,,,,,,,,,,,,,,,,,,,,,,,,,,,,,,,,,,,,,,,,,,,,,,,,,
1279106137640986,100066248360694,Kornvikkaclinic,"🩺𝐒𝐏𝐄𝐂𝐈𝐀𝐋 𝐓𝐇𝐀𝐍𝐊𝐒 𝐅𝐎𝐑 𝐇𝐄𝐀𝐋𝐓𝐇𝐂𝐀𝐑𝐄 𝐇𝐄𝐑𝐎𝐄𝐒! 👩‍⚕️👨‍⚕️

𝐊𝐕𝐊 𝐂𝐥𝐢𝐧𝐢𝐜 จัดให้! สิทธิพิเศษเพื่อเพื่อนร่วมวิชาชีพทางการแพทย์และสาธารณสุขโดยเฉพาะ ด้วยโปรโมชันสุดพิเศษที่จัดมาให้ ""คนสายกาวน์""

.
🎁 รายละเอียด 𝐏𝐫𝐢𝐯𝐢𝐥𝐞𝐠𝐞 สำหรับเพื่อนร่วมวิชาชีพ:

𝟏. กลุ่มคอร์สดูแลผิว: รับส่วนลดสูงสุด 15%
𝟐. กลุ่มงานยกกระชับ: รับส่วนลด 5-10%
𝟑. กลุ่มหัตถการงานฉีด: รับส่วนลดสูงสุด 10%

📝 กติกาการรับสิทธิ์ง่ายๆ:

• เพียงแสดงบัตรวิชาชีพ หรือหลักฐานการทำงานในสายการแพทย์ก่อนรับบริการ

• สิทธิ์นี้เฉพาะการเข้ารับบริการที่ 𝐊𝐕𝐊 𝐂𝐥𝐢𝐧𝐢𝐜 เท่านั้น
.
.
.
ช่องทางติดต่อสอบถาม แอดมิน+ ปรึกษาแพทย์
𝐋𝐢𝐧𝐞 𝐎𝐀 เป็นช่องทางหลัก
สาขา 𝗞𝗼𝗿𝗮𝘁 : @1stkvk 
สาขา 𝗦𝗶𝗮𝗺  : @kvksiam
.
🔹 สาขา 𝗞𝗼𝗿𝗮𝘁 : โคราช (Head Qaurters)
สาขา3 : ติดโรงเรียน ปลูกปัญญา เส้นสุระ 2 
สาขา1 : ในปั้มปตท. ข้างเดอะมอลล์โคราช
📞 06 1956 5444
.
🔹 สาขา 𝗦𝗶𝗮𝗺 : KVK Siam Clinic
Centerpoint Siam Square ชั้น 2
📞 09 5791 5444
-------------------
#KVKClinic #DrKoong #หมอเจด
#ยกมาตรฐานจริงใจล้ำสมัย 
#สิทธิพิเศษคนสวมกาวน์
#โปรโมชั่นKVK",,0,"05/03/2026 23:44",N/A,https://www.facebook.com/KVKClinic/posts/pfbid0GbAFyHuL2ezWdSEr73yi3xyqVEzEEzGuH8p7AEjNqveeA1k1XatEvvtkcSRoRZXXl,0,0,รูปภาพ,,,,,อายุการใช้งาน,49143,128,112,5,11,0,,,,,0,0,0,0,0,0,0,0,0,0,0,0,0,0,0,0,0,0,,48308,1961,,,,,,,,,,,,,,,,,,,,,,,,,,,,,,,,,,,,,,,,,,,,,,,,,,,,,,,,,,,,,,,,,,,,,,,,,,,,,,,,,,,,,,,,,,,,,,,,,,,,,,,,,,,,,,,,,,,,,,,,,,,,,,,,,,,,,,,,,,,,,,,,,,,,
1279138660971067,100066248360694,Kornvikkaclinic,"🩺สายสุขภาพต้องจัด! 𝐊𝐕𝐊 𝐂𝐥𝐢𝐧𝐢𝐜 มอบเอกสิทธิ์เพื่อคนสวมกาวน์
ดูแลคนอื่นมาเยอะแล้ว ถึงเวลาดูแลตัวเองให้ดูดีบ้าง! 𝐊𝐕𝐊 𝐂𝐥𝐢𝐧𝐢𝐜 จัดแคมเปญ ""𝐒𝐩𝐞𝐜𝐢𝐚𝐥 𝐓𝐡𝐚𝐧𝐤𝐬 𝐟𝐨𝐫 𝐇𝐞𝐚𝐥𝐭𝐡𝐜𝐚𝐫𝐞 𝐇𝐞𝐫𝐨𝐞𝐬"" มอบส่วนลดพิเศษสูงสุดถึง 𝟏𝟓% เพื่อขอบคุณความทุ่มเทของเพื่อนร่วมวิชาชีพและสายงานสาธารณสุขทุกคนค่ะ 👩🏻‍⚕️🧑🏻‍⚕️

𝐏𝐫𝐢𝐯𝐢𝐥𝐞𝐠𝐞 สุดเอ็กซ์คลูซีฟ:

🔸กลุ่มคอร์ส: ลดสูงสุด 15%

🔸กลุ่มยกกระชับ: ลดสูงสุด 10%

🔸กลุ่มหัตถการฉีด: ลดสูงสุด 10%

🔻 กติการับสิทธิ์ง่ายๆ:

• เพียงแสดงบัตรวิชาชีพก่อนรับบริการ

• รับส่วนลด On-top เพิ่มอีก 10% (กรณีไม่รับของแถม)

📍 พบกันที่ KVKClinic 
-------------------
#KVKClinic #DrKoong #หมอเจด
#ยกมาตรฐานจริงใจล้ำสมัย 
#สิทธิพิเศษคนสวมกาวน์
#โปรโมชั่นKVK","🩺สายสุขภาพต้องจัด! 𝐊𝐕𝐊 𝐂𝐥𝐢𝐧𝐢𝐜 มอบเอกสิทธิ์เพื่อคนสวมกาวน์
ดูแลคนอื่นมาเยอะแล้ว ถึงเวลาดูแลตัวเองให้ดูดีบ้าง! 𝐊𝐕𝐊 𝐂𝐥𝐢𝐧𝐢𝐜 จัดแคมเปญ ""𝐒𝐩𝐞𝐜𝐢𝐚𝐥 𝐓𝐡𝐚𝐧𝐤𝐬 𝐟𝐨𝐫 𝐇𝐞𝐚𝐥𝐭𝐡𝐜𝐚𝐫𝐞 𝐇𝐞𝐫𝐨𝐞𝐬"" มอบส่วนลดพิเศษสูงสุดถึง 𝟏𝟓% เพื่อขอบคุณความทุ่มเทของเพื่อนร่วมวิชาชีพและสายงานสาธารณสุขทุกคนค่ะ 👩🏻‍⚕️🧑🏻‍⚕️

𝐏𝐫𝐢𝐯𝐢𝐥𝐞𝐠𝐞 สุดเอ็กซ์คลูซีฟ:

🔸กลุ่มคอร์ส: ลดสูงสุด 15%

🔸กลุ่มยกกระชับ: ลดสูงสุด 10%

🔸กลุ่มหัตถการฉีด: ลดสูงสุด 10%

🔻 กติการับสิทธิ์ง่ายๆ:

• เพียงแสดงบัตรวิชาชีพก่อนรับบริการ

• รับส่วนลด On-top เพิ่มอีก 10% (กรณีไม่รับของแถม)

📍 พบกันที่ KVKClinic 
-------------------
#KVKClinic #DrKoong #หมอเจด
#ยกมาตรฐานจริงใจล้ำสมัย 
#สิทธิพิเศษคนสวมกาวน์
#โปรโมชั่นKVK",34,"05/04/2026 02:00",N/A,https://www.facebook.com/reel/1686902312193713/,0,0,วิดีโอ,,,,,อายุการใช้งาน,1796,5,5,0,0,15,,,15,,588,0,544,0,0,588,0,0,0,0,2712.823,0,5170.035,0,3.838,0,4.027,0,0,0,1796,0,2307,2304,0,7882.858,3.959,0,0,0,1,1,1,0.99,0.81,0.62,0.51,0.43,0.35,0.32,0.28,0.25,0.24,0.21,0.2,0.19,0.18,0.17,0.16,0.15,0.14,0.13,0.13,0.12,0.12,0.11,0.11,0.11,0.11,0.1,0.09,0.08,0.07,0.05,0.04,0.04,0.03,,,,,1,1,1,1,1,1,1,1,1,1,1,1,1,1,1,1,1,0.96,0.9,0.85,0.79,0.76,0.75,0.69,0.65,0.63,0.63,0.62,0.6,0.58,0.52,0.46,0.39,0.29,0.24,0.24,0.17,,,,,207,201,83,33,9,13,15,10,6,3,3,3,562,3,3,5,1,2,1,1,,3,,,1,,1,1,,2,1,,,,,,,,1,,,,,,,,,,,,,,,,,,
1279156827635917,100066248360694,Kornvikkaclinic,"ตาที่เคยปรือไม่เท่ากัน
ปรับแล้วดูสดใสขึ้นชัดเจน 👁️👁️
.
คนไข้มีปัญหาหนังตาตก ร่วมกับกล้ามเนื้อตาอ่อนแรง 
ทำให้ตาทั้งสองข้างไม่เท่ากันและดูปรือ 
ส่งผลให้ดวงตาดูเล็กและไม่สดใส
คุณหมอแก้ไขด้วยโปรแกรมผ่าตัดตาสองชั้น
โดยทำร่วมกับการแก้ไข้กล้ามเนื้อตา 
หลังทำทันทีชั้นตาคมชัดและมีความเท่ากันมากขึ้น
เปลือกตาถูกยกให้ตากว้างขึ้นอย่างเป็นธรรมชาติ
.
ผ่าตัดตาสองชั้นที่ KVK Clinic
✅ ดูแลโดยแพทย์มากประสบการณ์
✅ ปรึกษากับคุณหมอก่อนเข้าห้องผ่าตัดทุกเคส
✅ ออกแบบชั้นตาให้เข้ากับแต่ละบุคคล แบบเคสต่อเคส
✅ ติดตามผลและดูแลหลังผ่าตัดอย่างต่อเนื่อง",,0,"05/04/2026 19:00",N/A,https://www.facebook.com/KVKClinic/posts/pfbid02CfTRMWP4wv3fuT15bWQnMEfNEAoRzCAE5NujFMjzeWdn36HWo4jcjst5dWHbbS7wl,0,0,รูปภาพ,,,,,อายุการใช้งาน,1212,6,6,0,0,0,,,,,0,0,0,0,0,0,0,0,0,0,0,0,0,0,0,0,0,0,,0,1212,0,,,,,,,,,,,,,,,,,,,,,,,,,,,,,,,,,,,,,,,,,,,,,,,,,,,,,,,,,,,,,,,,,,,,,,,,,,,,,,,,,,,,,,,,,,,,,,,,,,,,,,,,,,,,,,,,,,,,,,,,,,,,,,,,,,,,,,,,,,,,,,,,,,,
1279790640905869,100066248360694,Kornvikkaclinic,"The Secret Behind the Glow: Get Up & Glow Hydrogel Mask ✨🥂

📚งานนี้คุณหมอกุ้ง (พญ.กรวิกกา พัฒนะปราน ว38020) แพทย์ประจำ KVK Clinic สาขาโคราชและสาขาสยาม 
พามาชมเบื้องหลังงานผิวดูโกลว์สุขภาพดีที่หลายคนทัก คือนวัตกรรม Hydrogel Technology สุดล้ำที่ KVK Clinic คัดสรรมาเพื่อยกระดับการปรนนิบัติผิวให้เหนือระดับไปอีกขั้น ด้วยลิขสิทธิ์เฉพาะที่ช่วยกักเก็บสารอาหารผิวได้อย่างเต็มพิกัด และซึมซาบเข้าสู่ชั้นผิวได้อย่างมีประสิทธิภาพ

เพราะ KVKClinic เชื่อว่าผิวที่ดูดีเริ่มต้นจากการใส่ใจในทุกรายละเอียด... ให้คุณเปล่งประกายในเวอร์ชันที่มั่นใจที่สุด   ✨🫶
-------------------
#KVKClinic #DrKoong #หมอเจด
#ยกมาตรฐานจริงใจล้ำสมัย 
#AllureNight2026 #HausofAllure
#skinoclockmask #AestheticsAllureTH
#YouLookGetUpGlow","The Secret Behind the Glow: Get Up & Glow Hydrogel Mask ✨🥂

📚งานนี้คุณหมอกุ้ง (พญ.กรวิกกา พัฒนะปราน ว38020) แพทย์ประจำ KVK Clinic สาขาโคราชและสาขาสยาม 
พามาชมเบื้องหลังงานผิวดูโกลว์สุขภาพดีที่หลายคนทัก คือนวัตกรรม Hydrogel Technology สุดล้ำที่ KVK Clinic คัดสรรมาเพื่อยกระดับการปรนนิบัติผิวให้เหนือระดับไปอีกขั้น ด้วยลิขสิทธิ์เฉพาะที่ช่วยกักเก็บสารอาหารผิวได้อย่างเต็มพิกัด และซึมซาบเข้าสู่ชั้นผิวได้อย่างมีประสิทธิภาพ

เพราะ KVKClinic เชื่อว่าผิวที่ดูดีเริ่มต้นจากการใส่ใจในทุกรายละเอียด... ให้คุณเปล่งประกายในเวอร์ชันที่มั่นใจที่สุด   ✨🫶
-------------------
#KVKClinic #DrKoong #หมอเจด
#ยกมาตรฐานจริงใจล้ำสมัย 
#AllureNight2026 #HausofAllure
#skinoclockmask #AestheticsAllureTH
#YouLookGetUpGlow",62,"05/04/2026 20:52",auto,https://www.facebook.com/reel/1310051271061584/,0,0,วิดีโอ,,,,,อายุการใช้งาน,2149,8,8,0,0,24,,8,15,1,452,17,428,17,71,381,0,0,0,0,2087.887,0,4594.907,1844.019,3.208,0,3.191,5.623,0,212,1974,0,2708,2313,387,8526.813,3.524,0,0,0,0.99,0.99,0.96,0.71,0.43,0.37,0.3,0.26,0.24,0.22,0.21,0.2,0.19,0.17,0.16,0.15,0.15,0.14,0.13,0.12,0.12,0.11,0.11,0.11,0.1,0.1,0.1,0.1,0.1,0.1,0.09,0.09,0.08,0.08,0.08,0.08,0.08,0.07,0.05,0.04,0.03,1,1,1,1,1,1,1,1,1,1,0.99,0.97,0.89,0.82,0.79,0.73,0.73,0.69,0.64,0.6,0.56,0.54,0.52,0.51,0.5,0.5,0.49,0.49,0.47,0.47,0.45,0.43,0.4,0.4,0.38,0.39,0.38,0.34,0.24,0.16,0.14,173,124,82,20,7,13,8,11,1,1,3,3,431,,2,4,1,4,1,,,2,,1,,,1,,,,,1,,,,1,,,,,,1,1,,,,,1,,,,,,,,,
1279804280904505,100066248360694,Kornvikkaclinic,"𝐊𝐕𝐊 𝐂𝐥𝐢𝐧𝐢𝐜 𝐗 𝐀𝐥𝐦𝐚 𝐀𝐜𝐚𝐝𝐞𝐦𝐲 𝟐𝟎𝟐𝟔 | 𝟏 ในคลินิกจากประเทศไทย บินลัดฟ้าเปิดประสบการณ์ใหม่ระดับเวิลด์คลาส! ที่งาน 𝐀𝐥𝐦𝐚 𝐀𝐜𝐚𝐝𝐞𝐦𝐲 เมืองลิสบอน ประเทศโปรตุเกส บรรยากาศที่ลิสบอนเต็มไปด้วยพลังแห่งการเรียนรู้ เมื่อแพทย์และผู้เชี่ยวชาญ 𝟒𝟓𝟎 ท่าน จาก 𝟒𝟓 ประเทศทั่วโลกมารวมตัวกันเพื่อแลกเปลี่ยนเทคนิคที่ใช้งานได้ผลจริง 🌏✨

👩🏻‍⚕️ ทริปนี้คุณหมอกุ้ง (พญ.กรวิกกา พัฒนะปราน ว 𝟑𝟖𝟎𝟐𝟎) ตัวแทนทีมแพทย์ 𝐊𝐕𝐊𝐂𝐥𝐢𝐧𝐢𝐜 เดินทางมาไกลถึงเมืองลิสบอน เพื่อร่วมงาน 𝐀𝐥𝐦𝐚 𝐀𝐜𝐚𝐝𝐞𝐦𝐲 𝟐𝟎𝟐𝟔 ภายใต้คอนเซปต์ 𝐒𝐭𝐞𝐩 𝐁𝐞𝐲𝐨𝐧𝐝 𝐋𝐢𝐦𝐢𝐭𝐬, 𝐒𝐡𝐚𝐩𝐞 𝐭𝐡𝐞 𝐍𝐞𝐰 𝐒𝐭𝐚𝐧𝐝𝐚𝐫𝐝, บรรยากาศในงานเต็มไปด้วยพลังของคนรักความงามและการเรียนรู้เทคนิคใหม่ๆ ที่น่าทึ่งมาก🧬

ภายในงานมีการพูดคุยอย่างตรงไปตรงมาถึงผลลัพธ์ทางคลินิก (𝐂𝐥𝐢𝐧𝐢𝐜𝐚𝐥 𝐈𝐧𝐬𝐢𝐠𝐡𝐭𝐬) และการสาธิตเคสจริง (𝐋𝐢𝐯𝐞 𝐂𝐚𝐬𝐞𝐬) เพื่อให้มั่นใจว่าเทคโนโลยีอย่าง 𝐒𝐨𝐩𝐫𝐚𝐧𝐨 𝐓𝐢𝐭𝐚𝐧𝐢𝐮𝐦 หรือ 𝐀𝐥𝐦𝐚 𝐏𝐫𝐢𝐦𝐞𝐗 จะถูกนำมาใช้ดูแลผิวพรรณของคนไข้อย่างมีประสิทธิภาพสูงสุด📈

𝐀𝐥𝐦𝐚 𝐋𝐚𝐬𝐞𝐫𝐬 เป็นบริษัทผู้ผลิตและพัฒนานวัตกรรมเครื่องมือแพทย์ระดับโลกที่มีประสบการณ์มากกว่า 𝟐𝟓 ปี ความเชี่ยวชาญด้านเทคโนโลยีเลเซอร์ (𝐋𝐚𝐬𝐞𝐫), แสง (𝐋𝐢𝐠𝐡𝐭-𝐛𝐚𝐬𝐞𝐝), คลื่นวิทยุ (𝐑𝐚𝐝𝐢𝐨𝐟𝐫𝐞𝐪𝐮𝐞𝐧𝐜𝐲 - 𝐑𝐅), พลาสมา (𝐏𝐥𝐚𝐬𝐦𝐚) และอัลตราซาวด์ (𝐔𝐥𝐭𝐫𝐚𝐬𝐨𝐮𝐧𝐝) เพื่อใช้ในอุตสาหกรรมการแพทย์ความงามและการผ่าตัด 🩺💊

📚 ซึ่งไม่ใช่เพียงแค่งานอีเวนต์ แต่คือ ""𝐌𝐨𝐯𝐞𝐦𝐞𝐧𝐭"" หรือการสร้างชุมชนระดับโลกที่รวมแพทย์ผู้เชี่ยวชาญมาแชร์เทคนิคการใช้งานจริง การสาธิตเคส (𝐋𝐢𝐯𝐞 𝐂𝐚𝐬𝐞𝐬) และการอัปเดตงานวิจัยล่าสุด เพื่อยกระดับมาตรฐานการดูแลคนไข้ให้ดียิ่งขึ้น

และยังมีช่วงเวลาสุดประทับใจในงานเลี้ยง 𝐆𝐚𝐭𝐬𝐛𝐲 𝐆𝐚𝐥𝐚 ที่แสนหรูหรา และโลกแห่งจินตนาการใน 𝐀𝐥𝐦𝐚 𝐢𝐧 𝐖𝐨𝐧𝐝𝐞𝐫𝐥𝐚𝐧𝐝 นี่คือสังคมแห่งการแบ่งปันที่ไม่หยุดพัฒนาและพร้อมจะก้าวไปข้างหน้าด้วยกัน 🪩

การได้รับเชิญในครั้งนี้เป็นเครื่องยืนยันว่า 𝐊𝐕𝐊 𝐂𝐥𝐢𝐧𝐢𝐜 ไม่เคยหยุดก้าวเดินไปพร้อมกับนวัตกรรมระดับโลก เพื่อให้คนไข้ของเราได้รับสิ่งที่ดีที่สุดอยู่เสมอ🫶💕

............................................
#KVKClinic #DrKoong #หมอเจด
#ยกมาตรฐานจริงใจล้ำสมัย 
#AlmaAcademy2026 #AlmaPrimeX
#KVKJourneyToLisbon
#FutureOfLifting #SopranoTitanium
#TheNewAgeOfLongevity",,0,"05/04/2026 23:30",N/A,https://www.facebook.com/KVKClinic/posts/pfbid02XLiEq1EhHMQh4DaFU3uz6fJVPBdpnMcFxMRoVHWJj1kA9L3ZnkXS16qvqvpFH3HFl,0,0,รูปภาพ,,,,,อายุการใช้งาน,0,6,6,0,0,0,,,,,0,0,0,0,0,0,0,0,0,0,0,0,0,0,0,0,0,0,,,,,,,,,,,,,,,,,,,,,,,,,,,,,,,,,,,,,,,,,,,,,,,,,,,,,,,,,,,,,,,,,,,,,,,,,,,,,,,,,,,,,,,,,,,,,,,,,,,,,,,,,,,,,,,,,,,,,,,,,,,,,,,,,,,,,,,,,,,,,,,,,,,,,,,
1279899744228292,100066248360694,Kornvikkaclinic,"KVKClinic ส่งตรงความสวยจากลิสบอน ! ✈️ 
หมอกุ้ง (พญ.กรวิกกา พัฒนปราน ว38020) พาเช็กอินงาน Alma Academy 2026ก้าวทันทุกเทรนด์ผิวระดับโลกไปกับ KVK 

👩‍⚕️ หมอกุ้งตั้งใจเก็บเกี่ยวทุกรายละเอียดของเทคโนโลยีใหม่ล่าสุด เจาะลึกเบื้องหลังความสำเร็จจากเคสจริงกว่า 50 เคส และ Workshop สุดเข้มข้นที่ Alma Academy ลิสบอน  และยังลงสนาม Workshop จริงถึง 15 เซสชั่น เพื่อเก็บเทคนิคการใช้เครื่องมือใหม่ๆ มาปรับใช้ให้เป๊ะที่สุดกับผิวคนไทย ใครอยากอัปเดตเทรนด์ผิวระดับโลกแบบ Exclusive เตรียมตัวเลยค่ะ!

📌ปักหมุดรอเลยค่ะ! เทรนด์ผิว 2026 จากลิสบอน เตรียมส่งตรงถึงมือทุกคนที่ KVK แน่นอน
............................................
#KVKClinic #DrKoong #หมอเจด
#ยกมาตรฐานจริงใจล้ำสมัย 
#AlmaAcademy2026 #AlmaPrimeX
#KVKJourneyToLisbon
#FutureOfLifting #SopranoTitanium
#TheNewAgeOfLongevity","KVKClinic ส่งตรงความสวยจากลิสบอน ! ✈️ 
หมอกุ้ง (พญ.กรวิกกา พัฒนปราน ว38020) พาเช็กอินงาน Alma Academy 2026ก้าวทันทุกเทรนด์ผิวระดับโลกไปกับ KVK 

👩‍⚕️ หมอกุ้งตั้งใจเก็บเกี่ยวทุกรายละเอียดของเทคโนโลยีใหม่ล่าสุด เจาะลึกเบื้องหลังความสำเร็จจากเคสจริงกว่า 50 เคส และ Workshop สุดเข้มข้นที่ Alma Academy ลิสบอน  และยังลงสนาม Workshop จริงถึง 15 เซสชั่น เพื่อเก็บเทคนิคการใช้เครื่องมือใหม่ๆ มาปรับใช้ให้เป๊ะที่สุดกับผิวคนไทย ใครอยากอัปเดตเทรนด์ผิวระดับโลกแบบ Exclusive เตรียมตัวเลยค่ะ!

📌ปักหมุดรอเลยค่ะ! เทรนด์ผิว 2026 จากลิสบอน เตรียมส่งตรงถึงมือทุกคนที่ KVK แน่นอน
............................................
#KVKClinic #DrKoong #หมอเจด
#ยกมาตรฐานจริงใจล้ำสมัย 
#AlmaAcademy2026 #AlmaPrimeX
#KVKJourneyToLisbon
#FutureOfLifting #SopranoTitanium
#TheNewAgeOfLongevity",82,"05/05/2026 02:30",N/A,https://www.facebook.com/reel/2216787322191110/,0,0,วิดีโอ,,,,,อายุการใช้งาน,2014,24,21,2,1,10,,,10,,519,66,483,65,0,519,0,0,0,0,3818.95,68.322,9273.814,0,5.297,13.665,6.038,0,0,0,2014,0,2547,2544,0,13161.086,5.818,0,0,0,0.99,0.99,0.82,0.59,0.48,0.38,0.32,0.31,0.3,0.29,0.26,0.24,0.23,0.22,0.21,0.21,0.2,0.19,0.19,0.19,0.19,0.19,0.18,0.17,0.16,0.15,0.15,0.14,0.13,0.13,0.13,0.13,0.12,0.12,0.12,0.11,0.11,0.11,0.11,0.09,0.06,0.99,0.99,0.99,0.99,0.99,0.99,0.99,1,0.98,0.94,0.85,0.78,0.74,0.72,0.7,0.67,0.66,0.64,0.64,0.64,0.62,0.6,0.57,0.53,0.51,0.48,0.49,0.46,0.42,0.42,0.42,0.41,0.4,0.4,0.39,0.37,0.36,0.36,0.36,0.3,0.2,207,125,85,27,9,20,14,13,7,3,3,4,490,,4,3,1,6,3,,,1,,1,1,,1,,1,,,1,1,,1,,,,,,,1,,,,,1,,,1,,1,,,,,
1279160050968928,100066248360694,Kornvikkaclinic,"หน้าดูมีอายุก่อนวัย เพราะสิ่งนี้ !!! #KVKClinic #KVKSurgery #DrJade #หมอเจด #drKoong #ตาสองชั้น","หน้าดูมีอายุก่อนวัย เพราะสิ่งนี้ !!! #KVKClinic #KVKSurgery #DrJade #หมอเจด #drKoong #ตาสองชั้น",87,"05/05/2026 04:00",N/A,https://www.facebook.com/reel/977509255215859/,0,0,วิดีโอ,,,,,อายุการใช้งาน,2130,6,6,0,0,6,,,6,,588,65,559,61,0,588,0,0,0,0,4270.688,0,8633.764,0,5.665,0,5.772,0,0,0,2130,0,2478,2478,0,12904.452,5.735,0,0,0,0.99,0.99,0.7,0.49,0.37,0.33,0.3,0.25,0.21,0.19,0.18,0.17,0.17,0.16,0.16,0.15,0.15,0.14,0.14,0.14,0.14,0.13,0.13,0.12,0.12,0.11,0.11,0.11,0.11,0.11,0.1,0.1,0.1,0.1,0.1,0.1,0.09,0.09,0.08,0.07,0.05,1,1,1,1,1,1,1,1,0.85,0.77,0.72,0.69,0.67,0.67,0.65,0.63,0.6,0.59,0.58,0.56,0.56,0.54,0.51,0.5,0.49,0.47,0.46,0.46,0.45,0.44,0.42,0.41,0.4,0.4,0.39,0.39,0.38,0.35,0.33,0.27,0.19,211,161,90,32,8,19,25,19,8,3,4,4,549,,6,5,2,1,4,,,1,,,3,,2,1,1,3,4,1,,,1,,,,,1,,,,,,,1,,,1,,1,,,,,
1280471210837812,100066248360694,Kornvikkaclinic,"✨ หยุดวงจรหน้าแน่นเกินเบอร์! 
ใครที่กำลังรู้สึกว่าหน้าตัวเอง ""ดูเยอะ"" หรือ ""แน่น"" เกินกว่าปกติ จนทำให้เสียความมั่นใจ นั่นอาจเป็นสัญญาณของ Overfilled Syndrome ⁉️

อย่าปล่อยให้ความกังวลใจอยู่กับคุณนาน มาปรึกษาหมอกุ้งที่ KVK Clinic เพื่อค้นหาแนวทางที่เหมาะสมกันค่ะ👩🏻‍⚕️🫶

-------------------
#KVKClinic #DrKoong #หมอเจด
#ยกมาตรฐานจริงใจล้ำสมัย 
#โปรแกรมฟิลเลอร์ #OverfilledSyndrome","✨ หยุดวงจรหน้าแน่นเกินเบอร์! 
ใครที่กำลังรู้สึกว่าหน้าตัวเอง ""ดูเยอะ"" หรือ ""แน่น"" เกินกว่าปกติ จนทำให้เสียความมั่นใจ นั่นอาจเป็นสัญญาณของ Overfilled Syndrome ⁉️

อย่าปล่อยให้ความกังวลใจอยู่กับคุณนาน มาปรึกษาหมอกุ้งที่ KVK Clinic เพื่อค้นหาแนวทางที่เหมาะสมกันค่ะ👩🏻‍⚕️🫶

-------------------
#KVKClinic #DrKoong #หมอเจด
#ยกมาตรฐานจริงใจล้ำสมัย 
#โปรแกรมฟิลเลอร์ #OverfilledSyndrome",231,"05/05/2026 19:30",N/A,https://www.facebook.com/reel/1734850137893760/,0,0,วิดีโอ,,,,,อายุการใช้งาน,2001,6,6,0,0,5,,3,2,,498,28,483,28,2,496,0,0,0,0,3752.432,0,8262.029,54.888,5.085,0,5.885,1.339,0,38,1977,0,2433,2383,42,12069.349,5.528,0,0,0,1,0.51,0.28,0.18,0.16,0.11,0.09,0.08,0.07,0.06,0.06,0.06,0.05,0.04,0.04,0.04,0.04,0.04,0.04,0.04,0.04,0.04,0.04,0.03,0.03,0.03,0.03,0.03,0.03,0.03,0.03,0.03,0.03,0.03,0.03,0.03,0.02,0.02,0.02,0.01,0.01,1,0.99,0.99,0.85,0.73,0.53,0.43,0.39,0.32,0.27,0.26,0.27,0.25,0.21,0.19,0.19,0.19,0.19,0.18,0.18,0.18,0.18,0.18,0.15,0.15,0.15,0.14,0.13,0.13,0.14,0.15,0.14,0.13,0.13,0.13,0.12,0.11,0.09,0.09,0.07,0.06,181,164,76,18,6,4,21,9,6,1,3,4,471,2,2,4,3,3,1,2,,1,,,1,,2,,,,2,,,,,1,,,,1,,,,,,,1,,,1,,,,,,,
1280550100829923,100066248360694,Kornvikkaclinic,"5.5 MASSIVE SALE จัดหนัก จัดเต็ม!
""ยิ่งซื้อ ยิ่งได้"" ยิ่งซื้อเยอะ ยิ่งคุ้มเว่อร์!
.
🎯 หมุนวงล้อ Digital ลุ้นรางวัล แบบจัดเต็ม
ซื้อครบ 25,000.-     หมุน 1 ครั้ง 
ซื้อครบ 50,000.-     หมุน 2 ครั้ง

🎯 ยิ่งซื้อ ยิ่งคุ้ม ลดเพิ่มสูงสุด 15%
1 คอร์ส ลดเพิ่ม 10% 
2 คอร์ส ลดเพิ่ม 15% 

🎯 Buy 1 Get 1 Free 
โปรแกรมยกกระชับ combine ผิวยก+หน้าแน่น เฟิร์ม
.
✨ รวมโปรตัวฮิต:
💉 Program Filler Lifting ฟรีโบเกาหลี Upper Face
💆‍♀️ โปรแกรมยกกระชับ 17 Brands ที่ควรทำยกมาที่นี่
💥 โปรแกรมPico Laser รับสิทธิ์แลกซื้อราคาพิเศษ
✨ BABY Glow Program ซื้อ 3 แถม 1 คุ้มมาก!!
.
💳 ผ่อน 0% นานสูงสุด 10 เดือน
📆 โปรถึง 31 พ.ค. นี้เท่านั้น!

🔥 ใครเล็งอะไรไว้ รีบทักเลย
เพราะโปรนี้…ไม่ได้มีบ่อย!
.
.
.
ช่องทางติดต่อสอบถาม แอดมิน+ ปรึกษาแพทย์
𝐋𝐢𝐧𝐞 𝐎𝐀 เป็นช่องทางหลัก
สาขา 𝗞𝗼𝗿𝗮𝘁 : @1stkvk 
.
🔹 สาขา 𝗞𝗼𝗿𝗮𝘁 : โคราช (Head Qaurters)
สาขา3 : ติดโรงเรียน ปลูกปัญญา เส้นสุระ 2 
สาขา1 : ในปั้มปตท. ข้างเดอะมอลล์โคราช
📞 06 1956 5444
.
🌐𝐖𝐞𝐛𝐬𝐢𝐭𝐞 : https://kvkclinic.com
📺𝐘𝐨𝐮𝐭𝐮𝐛𝐞 : https://youtube.com/@kornvikkaclinic1234?si=PwiLo4SaaXs9J2DS
............................................
#KVKClinic #DrKoong #หมอเจด
#ยกมาตรฐานจริงใจล้ำสมัย 
#KVKMASSIVESALE #โปรโมชั่นเดือนพฤษภาคมKVK #โปรนี้มีแต่คุ้ม",,0,"05/05/2026 21:01",N/A,https://www.facebook.com/KVKClinic/posts/pfbid0hcTHVnDSyHVDXQ9LXiVFXTwWDDGkv9Skg6zRw4e7VmpFGQfu9ALZBRp3MDqB8Xuml,0,0,รูปภาพ,,,,,อายุการใช้งาน,0,8,7,0,1,104,81,,23,,0,0,0,0,0,0,0,0,0,0,0,0,0,0,0,0,0,0,,0,2141,0,,,,,,,,,,,,,,,,,,,,,,,,,,,,,,,,,,,,,,,,,,,,,,,,,,,,,,,,,,,,,,,,,,,,,,,,,,,,,,,,,,,,,,,,,,,,,,,,,,,,,,,,,,,,,,,,,,,,,,,,,,,,,,,,,,,,,,,,,,,,,,,,,,,
1280553077496292,100066248360694,Kornvikkaclinic,"จากหน้าอกที่ดูเรียบ เนินไม่ชัด
วันนี้มีทรงที่พอดีตัว แต่งอะไรก็มั่นใจ ✨✨
.
คนไข้มีลักษณะหน้าอกค่อนข้างเล็ก ฐานหน้าอกแคบ
เนินอกไม่ชัด ทำให้ทรงโดยรวมดูแบน
เวลาสวมเสื้อผ้าจะไม่ค่อยเห็นทรวดทรง
เคสนี้แก้ไขด้วยโปรแกรมเสริมหน้าขนาดไซซ์ 350 CC
อัปเดทหลังทำ 3 ปี มีทรงหน้าอกและมีเนินชัดขึ้น
สนุกกับการแต่งตัวและช่วยเพิ่มความมั่นใจ
.
ผ่าตัดเสริมหน้าอกที่ KVK Clinic
✅ ดูแลโดยแพทย์มากประสบการณ์
✅ ปรึกษากับคุณหมอก่อนเข้าห้องผ่าตัดทุกเคส
✅ ออกแบบข้างต่อข้างให้เข้ากับแต่ละบุคคล แบบเคสต่อเคส
✅ ติดตามผลและดูแลหลังผ่าตัดอย่างต่อเนื่อง",,0,"05/05/2026 22:00",N/A,https://www.facebook.com/KVKClinic/posts/pfbid0gB1wbhxXrhTj4BorBGRqb5E4M52ijimFae1uAfWAfSptJCzfrP1jHUwgchAdHFFRl,0,0,รูปภาพ,,,,,อายุการใช้งาน,0,6,6,0,0,5,2,,3,,0,0,0,0,0,0,0,0,0,0,0,0,0,0,0,0,0,0,,0,1569,,,,,,,,,,,,,,,,,,,,,,,,,,,,,,,,,,,,,,,,,,,,,,,,,,,,,,,,,,,,,,,,,,,,,,,,,,,,,,,,,,,,,,,,,,,,,,,,,,,,,,,,,,,,,,,,,,,,,,,,,,,,,,,,,,,,,,,,,,,,,,,,,,,,
1280700044148262,100066248360694,Kornvikkaclinic,"ทำไมหลายคนชอบทรงจมูกสโลปปลายพุ่ง #KVKClinic #KVKSurgery #DrJade #หมอเจด #drKoong #เสริมจมูก","ทำไมหลายคนชอบทรงจมูกสโลปปลายพุ่ง #KVKClinic #KVKSurgery #DrJade #หมอเจด #drKoong #เสริมจมูก",76,"05/06/2026 04:30",N/A,https://www.facebook.com/reel/1501511854669291/,0,0,วิดีโอ,,,,,อายุการใช้งาน,2096,13,12,1,0,4,,,4,,728,123,679,119,0,728,0,0,0,0,6472.66,0,13588.499,0,8.256,0,8.689,0,0,0,2096,0,2681,2677,0,20061.159,8.543,0,0,0,1,0.99,0.83,0.62,0.52,0.45,0.42,0.39,0.36,0.34,0.32,0.3,0.3,0.28,0.28,0.28,0.26,0.26,0.26,0.25,0.25,0.25,0.25,0.24,0.23,0.2,0.2,0.2,0.19,0.18,0.18,0.18,0.17,0.16,0.16,0.16,0.15,0.15,0.13,0.08,0.05,1,1,1,1,1,1,1,1,0.99,0.92,0.88,0.83,0.81,0.78,0.77,0.77,0.72,0.7,0.7,0.69,0.69,0.68,0.68,0.67,0.62,0.56,0.54,0.54,0.53,0.5,0.49,0.48,0.47,0.45,0.45,0.43,0.42,0.41,0.35,0.2,0.15,253,250,104,33,5,14,30,20,5,1,3,4,692,2,3,4,2,3,2,1,,2,,,1,,4,1,1,1,5,2,,,,,1,,,,,,,,,,,,,,,,,1,,,
1280705487481051,100066248360694,Kornvikkaclinic,"ยกชั้นตาให้เปิดชัด
ดวงตาดูสดใสขึ้นทันที ✨
.
คนไข้มีปัญหาหนังตาหย่อนคล้อย
ทำให้หางตาตกและดูเศร้าเล็กน้อย
ส่งผลให้ดวงตาดูอ่อนล้า ดูมีอายุ และชั้นตาไม่ชัด
คุณหมอแก้ไขด้วยโปรแกรมผ่าตัดตาสองชั้น
หลังทำทันทีเห็นได้ว่าชั้นตาถูกยกขึ้นและเปิดชัดขึ้น 
หนังตาที่เคยตกถูกยกขึ้น ดวงตาดูสดใสมากขึ้น 
.
ผ่าตัดตาสองชั้นที่ KVK Clinic
✅ ดูแลโดยแพทย์มากประสบการณ์
✅ ปรึกษากับคุณหมอก่อนเข้าห้องผ่าตัดทุกเคส
✅ ออกแบบชั้นตาให้เข้ากับแต่ละบุคคล แบบเคสต่อเคส
✅ ติดตามผลและดูแลหลังผ่าตัดอย่างต่อเนื่อง",,0,"05/06/2026 20:00",N/A,https://www.facebook.com/KVKClinic/posts/pfbid0TaHvgtfbyhfmDuxawusuVED3DXF2DDvwbthfSRty1qFjRiHv3wH7Fn8XxoMWgb44l,0,0,รูปภาพ,,,,,อายุการใช้งาน,1516,13,13,0,0,9,4,1,4,,0,0,0,0,0,0,0,0,0,0,0,0,0,0,0,0,0,0,,0,1516,0,2640,2640,0,,,,,,,,,,,,,,,,,,,,,,,,,,,,,,,,,,,,,,,,,,,,,,,,,,,,,,,,,,,,,,,,,,,,,,,,,,,,,,,,,,,,,,,,,,,,,,,,,,,,,,,,,,,,,,,,,,,,,,,,,,,,,,,,,,,,,,,,,,,,,,,,
1282064340678499,100066248360694,Kornvikkaclinic,"#ทำไมต้องOligioXโปรแกรมที่KVK 🧐

ตัวนี้ไม่ใช่แค่การยกกระชับทั่วไป แต่ใช้เทคโนโลยี GXG (Gas-Liquid Cooling & High-Frequency) ที่ส่งพลังงานความร้อนลงลึกถึงชั้นผิวเพื่อกระตุ้นการสร้างคอลลาเจนใหม่ พร้อมกับระบบทำความเย็นอัจฉริยะที่ช่วยปกป้องผิวชั้นบน

ผลลัพธ์ที่พิสูจน์ได้:
✅ Skin Tightening: ผิวแน่น อิ่มฟู รูขุมขนกระชับ
✅ Face Contouring: สลายไขมันส่วนเกินบริเวณแก้มและเหนียง
✅ No Downtime: หลังทำผิวอาจมีรอยชมพูระเรื่อเล็กน้อย และหายไปเองในเวลาสั้นๆ แต่งหน้าต่อได้เลย!

เปลี่ยนหน้าบานให้เป็นหน้าวี ด้วยความละมุนที่เหนือกว่าเดิม 💎
.
.
.
ช่องทางติดต่อสอบถาม แอดมิน+ ปรึกษาแพทย์
𝐋𝐢𝐧𝐞 𝐎𝐀 เป็นช่องทางหลัก
สาขา 𝗞𝗼𝗿𝗮𝘁 : @1stkvk 
.
🔹 สาขา 𝗞𝗼𝗿𝗮𝘁 : โคราช (Head Qaurters)
สาขา3 : ติดโรงเรียน ปลูกปัญญา เส้นสุระ 2 
สาขา1 : ในปั้มปตท. ข้างเดอะมอลล์โคราช
📞 06 1956 5444
.
🌐𝐖𝐞𝐛𝐬𝐢𝐭𝐞 : https://kvkclinic.com
📺𝐘𝐨𝐮𝐭𝐮𝐛𝐞 : https://youtube.com/@kornvikkaclinic1234?si=PwiLo4SaaXs9J2DS
............................................
#KVKClinic #DrKoong #หมอเจด
#ยกมาตรฐานจริงใจล้ำสมัย 
#ProgramOligioX #โปรแกรมยกกระชับ",,0,"05/07/2026 21:07",N/A,https://www.facebook.com/KVKClinic/posts/pfbid02aUSJP1UaFaqXXV8CZw9DGbQ7qcZjoeTWy3C8oZB5roRKazwFLScK4jfPZQiLpiEHl,0,0,รูปภาพ,,,,,อายุการใช้งาน,1428,6,5,0,1,0,,,,,0,0,0,0,0,0,0,0,0,0,0,0,0,0,0,0,0,0,,,,0,,,,,,,,,,,,,,,,,,,,,,,,,,,,,,,,,,,,,,,,,,,,,,,,,,,,,,,,,,,,,,,,,,,,,,,,,,,,,,,,,,,,,,,,,,,,,,,,,,,,,,,,,,,,,,,,,,,,,,,,,,,,,,,,,,,,,,,,,,,,,,,,,,,
1282087974009469,100066248360694,Kornvikkaclinic,"#เช็กด่วน! สัญญาณเตือนว่าคุณเริ่ม 'เยอะ' เกินไปแล้ว😱
ทำไมบางคนยิ่งเติม หน้ากลับยิ่งดูบวม ดูมีอายุ หรือยิ้มแล้วดูแข็งเป็นก้อน? 

สัญญาณเหล่านี้อาจบ่งบอกว่าคุณกำลังเจอกับภาวะ Overfilled Syndrome

✅ เติมเยอะเกินไป: จนผิวแบกน้ำหนักไม่ไหว หน้าเลยดูห้อยและบวมฉุ
✅ วางผิดชั้นผิว: ควรอยู่ชั้นลึกแต่กลับมาอยู่ชั้นตื้น จนเห็นเป็นก้อนเวลาขยับ
✅ เลือกใช้ไม่ถูกจุด: ใช้ตัวที่แข็งเกินไปในจุดที่ต้องขยับบ่อยๆ หน้าเลยดูฝืน

ความสวยที่ ""แพง"" คือความสวยที่พอดี ใครรู้สึกว่าหน้าเริ่มเปลี่ยนไปจนไม่ใช่ตัวเอง มาลองตรวจเช็กและปรับสมดุลหน้าใหม่กับหมอกุ้งกัน ที่ KVK นะคะ ✨
............................................
#KVKClinic #DrKoong #หมอเจด
#ยกมาตรฐานจริงใจล้ำสมัย 
#OverfilledSyndrome #ภาวะหน้าล้นฟิลเลอร์","#เช็กด่วน! สัญญาณเตือนว่าคุณเริ่ม 'เยอะ' เกินไปแล้ว😱
ทำไมบางคนยิ่งเติม หน้ากลับยิ่งดูบวม ดูมีอายุ หรือยิ้มแล้วดูแข็งเป็นก้อน? 

สัญญาณเหล่านี้อาจบ่งบอกว่าคุณกำลังเจอกับภาวะ Overfilled Syndrome

✅ เติมเยอะเกินไป: จนผิวแบกน้ำหนักไม่ไหว หน้าเลยดูห้อยและบวมฉุ
✅ วางผิดชั้นผิว: ควรอยู่ชั้นลึกแต่กลับมาอยู่ชั้นตื้น จนเห็นเป็นก้อนเวลาขยับ
✅ เลือกใช้ไม่ถูกจุด: ใช้ตัวที่แข็งเกินไปในจุดที่ต้องขยับบ่อยๆ หน้าเลยดูฝืน

ความสวยที่ ""แพง"" คือความสวยที่พอดี ใครรู้สึกว่าหน้าเริ่มเปลี่ยนไปจนไม่ใช่ตัวเอง มาลองตรวจเช็กและปรับสมดุลหน้าใหม่กับหมอกุ้งกัน ที่ KVK นะคะ ✨
............................................
#KVKClinic #DrKoong #หมอเจด
#ยกมาตรฐานจริงใจล้ำสมัย 
#OverfilledSyndrome #ภาวะหน้าล้นฟิลเลอร์",104,"05/07/2026 22:30",N/A,https://www.facebook.com/reel/942528548406497/,0,0,วิดีโอ,,,,,อายุการใช้งาน,2066,10,9,0,1,5,,1,4,,789,78,750,78,7,782,0,0,0,0,6128.322,0,10814.225,260.667,8.656,0,7.579,7.046,0,38,2036,0,2449,2408,35,17203.214,7.92,0,0,0,0.99,0.99,0.68,0.5,0.42,0.36,0.29,0.24,0.22,0.21,0.19,0.18,0.17,0.16,0.16,0.15,0.14,0.14,0.13,0.12,0.11,0.11,0.11,0.1,0.09,0.09,0.09,0.09,0.09,0.08,0.08,0.08,0.08,0.07,0.06,0.05,0.05,0.04,0.03,0.02,0.01,1,1,1,1,1,1,0.95,0.8,0.71,0.68,0.64,0.6,0.56,0.55,0.53,0.5,0.47,0.45,0.42,0.4,0.38,0.36,0.36,0.33,0.31,0.3,0.3,0.3,0.29,0.27,0.26,0.26,0.25,0.23,0.2,0.18,0.16,0.15,0.09,0.06,0.05,310,226,112,36,10,21,34,22,7,1,3,2,747,3,1,8,1,2,1,1,,3,3,,,,2,,1,3,2,2,,1,,1,2,,,1,,,,,,,2,,,1,,,,1,,,
1282243690660564,100066248360694,Kornvikkaclinic,"สวยแบบพอดี... ไม่จำเป็นต้อง ""ล้น""
เบรกก่อนล้น! ใครที่รู้สึกว่าหน้าเริ่มตึงเกินไป หรือสัดส่วนดูไม่เป็นธรรมชาติ มาทำความรู้จักกับภาวะ Overfilled Syndrome กันค่ะ
.
📝เช็กตัวเองด่วน! ถ้ามีอาการเหล่านี้:
👁️Sunset Eye: ร่องใต้ตาที่เติมจนเต็มเกินไปจนเบียดลูกตาให้เล็กลง
🫡Flowerhorn Forehead: หน้าผากที่โหนกนูนออกมาคล้ายปลาหมอสี
👃Broad Nose: สันจมูกที่กว้างขึ้นเรื่อยๆ จากการเติมซ้ำๆ
.
📝 ทางเลือกในการแก้ไข:
ปัจจุบันเราสามารถปรับสมดุลใหม่ได้ด้วยการใช้เอนไซม์สลายสารเติมเต็มเดิม (สำหรับกลุ่ม HA) เพื่อเคลียร์พื้นที่ผิวให้กลับมาเรียบเนียน ก่อนจะออกแบบสัดส่วนใหม่ให้ดูละมุนและเป็นธรรมชาติกว่าที่เคย
.
เปลี่ยนงานยากให้เป็นงานละเอียด ปรับสมดุลใบหน้าให้ลงตัวในแบบที่เป็นคุณได้แล้ววันที่ KVK ดูแลคุณโดยแพทย์ผู้เชี่ยวชาญทุกเคส 👩‍⚕️
............................................
#KVKClinic #DrKoong #หมอเจด
#ยกมาตรฐานจริงใจล้ำสมัย 
#OverfilledSyndrome #ภาวะหน้าล้นฟิลเลอร์",,0,"05/08/2026 02:43",N/A,https://www.facebook.com/KVKClinic/posts/pfbid02ibneZius6RkyT6bM4ij4jwA4XwddBTWVqRi8kthfuduAVVnwZyywPMJPXjeqfkBal,0,0,รูปภาพ,,,,,อายุการใช้งาน,1390,5,5,0,0,12,10,,2,,0,0,0,0,0,0,0,0,0,0,0,0,0,0,0,0,0,0,0,,,0,,,,,,,,,,,,,,,,,,,,,,,,,,,,,,,,,,,,,,,,,,,,,,,,,,,,,,,,,,,,,,,,,,,,,,,,,,,,,,,,,,,,,,,,,,,,,,,,,,,,,,,,,,,,,,,,,,,,,,,,,,,,,,,,,,,,,,,,,,,,,,,,,,,
1282266600658273,100066248360694,Kornvikkaclinic,"📣ทำไมคนรักผิวต้องเลือก Program Ultheraprime ที่ KVKClinic 

.
Program Ultherapy PRIME คือการพัฒนาเทคโนโลยี Micro-Focused Ultrasound with Visualization (MFU-V) ซึ่งเป็นการส่งผ่านพลังงานคลื่นเสียงความถี่สูงที่มีความแม่นยำลงลึกถึงชั้น SMAS (ชั้นกล้ามเนื้อส่วนบนที่เป็นชั้นเดียวกับการผ่าตัดดึงหน้า) เพื่อกระตุ้นการสร้างคอลลาเจนและอีลาสตินใหม่จากภายใน ✨

.
💖 จุดเด่นที่ทำให้ Ultherapy PRIME เหนือกว่ารุ่นเดิม

✅Vivid Visualization (ชัดเจนกว่าเดิม 94%): หน้าจอใหม่ขนาด 19 นิ้ว ให้ภาพคมชัดระดับ Full HD ช่วยให้มองเห็นโครงสร้างผิวใต้หน้าจอได้ละเอียดที่สุด ทำให้ทุกช็อตที่ยิงมีความแม่นยำเพิ่มขึ้นอีก

✅Advanced Processing (เร็วขึ้น 20%): ระบบประมวลผลที่รวดเร็วทำให้ระยะเวลาในการรับบริการสั้นลง แต่ประสิทธิภาพการสะสมความร้อนในชั้นผิวเป้าหมายยังคงเดิม

✅Comfort Care Experience: ด้วยการปล่อยพลังงานที่เสถียรและสม่ำเสมอมากขึ้น ช่วยลดความรู้สึกไม่สบายผิวขณะทำ (Pain Score ต่ำ) ทำให้ผู้รับบริการรู้สึกผ่อนคลายกว่ารุ่นก่อนๆ

.
👑สัมผัสประสบการณ์ความงามระดับ Gold Standard ได้แล้ววันนี้ ที่ KVK Clinic เพื่อประเมินสภาพผิวของคุณเบื้องต้นฟรี‼️
.
.
.
ช่องทางติดต่อสอบถาม แอดมิน+ ปรึกษาแพทย์
𝐋𝐢𝐧𝐞 𝐎𝐀 เป็นช่องทางหลัก
สาขา 𝗞𝗼𝗿𝗮𝘁 : @1stkvk 
.
🔹 สาขา 𝗞𝗼𝗿𝗮𝘁 : โคราช (Head Qaurters)
สาขา3 : ติดโรงเรียน ปลูกปัญญา เส้นสุระ 2 
สาขา1 : ในปั้มปตท. ข้างเดอะมอลล์โคราช
📞 06 1956 5444
.
🌐𝐖𝐞𝐛𝐬𝐢𝐭𝐞 : https://kvkclinic.com
📺𝐘𝐨𝐮𝐭𝐮𝐛𝐞 : https://youtube.com/@kornvikkaclinic1234?si=PwiLo4SaaXs9J2DS
............................................
#KVKClinic #DrKoong #หมอเจด
#ยกมาตรฐานจริงใจล้ำสมัย 
#ProgramUltherapyPrime #โปรแกรมยกกระชับผิว",,0,"05/08/2026 03:20",N/A,https://www.facebook.com/KVKClinic/posts/pfbid0AWCAkGbjY6Krk5mraaFzxZ3tKGZSZWo5oZc9R1P1KeozMFzYLD9epNsQ5gpZ5Sanl,0,0,รูปภาพ,,,,,อายุการใช้งาน,0,3,3,0,0,0,,,,,0,0,0,0,0,0,0,0,0,0,0,0,0,0,0,0,0,0,,0,1357,0,,,,,,,,,,,,,,,,,,,,,,,,,,,,,,,,,,,,,,,,,,,,,,,,,,,,,,,,,,,,,,,,,,,,,,,,,,,,,,,,,,,,,,,,,,,,,,,,,,,,,,,,,,,,,,,,,,,,,,,,,,,,,,,,,,,,,,,,,,,,,,,,,,,
1282270847324515,100066248360694,Kornvikkaclinic,"Kornvikkaclinic ได้อัพเดตรูปภาพหน้าปก",,0,"05/08/2026 03:26",N/A,https://www.facebook.com/photo.php?fbid=1282270847324515&set=a.572624921622448&type=3,0,0,รูปภาพ,,,,,อายุการใช้งาน,0,3,3,0,0,0,,,,,0,0,0,0,0,0,0,0,0,0,0,0,0,0,0,0,0,0,0,0,0,0,,,,,,,,,,,,,,,,,,,,,,,,,,,,,,,,,,,,,,,,,,,,,,,,,,,,,,,,,,,,,,,,,,,,,,,,,,,,,,,,,,,,,,,,,,,,,,,,,,,,,,,,,,,,,,,,,,,,,,,,,,,,,,,,,,,,,,,,,,,,,,,,,,,
1282291730655760,100066248360694,Kornvikkaclinic,"🥤 Double Refreshment! สองเมนูใหม่ที่พร้อมเปลี่ยนวันของคุณให้สดใสกว่าเดิม By KVK 

ไม่ใช่แค่เครื่องดื่ม แต่คือความใส่ใจที่เราคัดสรรมาเพื่อ ""คนพิเศษ"" ของเราโดยเฉพาะ กับ 2 เมนู Signature ที่ออกแบบมาเพื่อสร้างความประทับใจตั้งแต่จิบแรก

.
☁️🍃 Matcha Caramel Cloud 
ละมุนเหมือนก้อนเมฆ หอมหวานเหมือนความฝัน
สัมผัสความเข้มข้นของมัทฉะเกรดพรีเมียมที่ค่อยๆ ละลายในปาก ผสานความหอมกรุ่นจากบราวน์ชูการ์ ท็อปด้วยวิปครีมนุ่มฟูและบัตเตอร์คุกกี้กรุบกรอบ... แก้วนี้คือคำนิยามของคำว่า ""ความสุขที่ลงตัว""

🍯🍋 Scarlet Honey Breeze
เติมพลังความเฟรช ด้วยรสชาติของซัมเมอร์
เปลี่ยนบ่ายที่ร้อนระอุให้กลายเป็นความจี๊ดจ๊าด! ด้วยความเปรี้ยวอมหวานของเลมอนสดและน้ำผึ้งแท้ ไล่เฉดสีสวยสะดุดตาเหมือนแสงสุดท้ายของวัน ยิ่งจิบยิ่งสดชื่น ปลุกความสดใสให้เต็มร้อย

รับเครื่องดื่มสุดพิเศษประจำเดือนนี้ได้แล้วที่ KVK เท่านั้น💓
.
✅เพียงมียอดซื้อ 15,000 บาท ขึ้นไป รับฟรี 1 แก้ว
.
👑 Exclusive พิเศษสำหรับลูกค้า VIP Privilege
🍹รับ Special Menu ฟรี! เพียงมีนัดเข้ารับบริการเท่านั้น
.
*เฉพาะ KVK Clinic สาขา 3

............................................
#KVKClinic #DrKoong #หมอเจด
#ยกมาตรฐานจริงใจล้ำสมัย 
#KVKSpecialMenu #KVKSignature",,0,"05/08/2026 04:00",N/A,https://www.facebook.com/KVKClinic/posts/pfbid0hboFmL3hZSiBdJH7fYaPVKEdxBKHwgtAdZErwM7CV9VqPZPPa2KZFfuYx3oU5SiAl,0,0,รูปภาพ,,,,,อายุการใช้งาน,0,3,3,0,0,0,,,,,0,0,0,0,0,0,0,0,0,0,0,0,0,0,0,0,0,0,0,0,1582,0,,,,,,,,,,,,,,,,,,,,,,,,,,,,,,,,,,,,,,,,,,,,,,,,,,,,,,,,,,,,,,,,,,,,,,,,,,,,,,,,,,,,,,,,,,,,,,,,,,,,,,,,,,,,,,,,,,,,,,,,,,,,,,,,,,,,,,,,,,,,,,,,,,,
1282281537323446,100066248360694,Kornvikkaclinic,"V-Shape แบบตะโกน! รีวิวงานโปรแกรมฟิลเลอร์คางที่จริงใจจาก KVK 🫶
ใครว่าแค่เติมคางจะเปลี่ยนหน้าไม่ได้? บอกเลยว่าคิดผิด! เพราะการมีคางที่ได้รูป คือกุญแจสำคัญที่ทำให้หน้าดูมีมิติ และดูเรียวสวยแบบไม่ต้องพึ่งฟิลเตอร์เลยค่ะ

.
✨ ทำไมต้องโปรแกรมฟิลเลอร์คางที่ KVK Clinic?

✅ ทรงสวยรับรูปหน้า: คุณหมอปั้นทรงได้ละมุนมาก เชื่อมต่อกับแนวกรามแบบไร้รอยต่อ ดูไม่ออกเลยว่าเติมมา

✅ หน้าดูเรียวทันที: หลังทำเสร็จเห็นเลยว่ารูปหน้าเปลี่ยนไปในทางที่ดีขึ้น หน้าดู V-Shape ชัดขึ้น แต่ยังดูเป็นธรรมชาติ

✅ เทคนิคเฉพาะตัว: คุณหมอมือเบาสุดๆ และใช้ฟิลเลอร์รุ่นที่คงตัวสูง ทำให้ทรงคางอยู่หมัด ไม่บาน ไม่ย้อย

.
เราเน้นความประณีตและการออกแบบใบหน้าแบบเคสต่อเคส เพราะโครงหน้าของแต่ละคนไม่เหมือนกัน คุณหมอจะวิเคราะห์สัดส่วนอย่างละเอียด เพื่อให้มั่นใจว่าคางใหม่จะช่วยเสริมจุดเด่นและปิดจุดด้อยของคุณได้อย่างสมบูรณ์แบบ🧡

⚠️ หมายเหตุ: ผลลัพธ์ขึ้นอยู่กับแต่ละบุคคล (เคสรีวิว)
.
.
.
ช่องทางติดต่อสอบถาม แอดมิน+ ปรึกษาแพทย์
𝐋𝐢𝐧𝐞 𝐎𝐀 เป็นช่องทางหลัก
สาขา 𝗞𝗼𝗿𝗮𝘁 : @1stkvk 
.
🔹 สาขา 𝗞𝗼𝗿𝗮𝘁 : โคราช (Head Qaurters)
สาขา3 : ติดโรงเรียน ปลูกปัญญา เส้นสุระ 2 
สาขา1 : ในปั้มปตท. ข้างเดอะมอลล์โคราช
📞 06 1956 5444
.
🌐𝐖𝐞𝐛𝐬𝐢𝐭𝐞 : https://kvkclinic.com
📺𝐘𝐨𝐮𝐭𝐮𝐛𝐞 : https://youtube.com/@kornvikkaclinic1234?si=PwiLo4SaaXs9J2DS
............................................
#KVKClinic #DrKoong #หมอเจด
#ยกมาตรฐานจริงใจล้ำสมัย 
#โปรแกรมฟิลเลอร์คาง #ปรับรูปหน้าด้วยฟิลเลอร์",,0,"05/08/2026 20:00",N/A,https://www.facebook.com/KVKClinic/posts/pfbid0KGTUKV8rArH167mAtZjqBVemZDQ5Gbtpo3gVKEfU2irXtpLRX2U2FXvkVFDL2nzXl,0,0,รูปภาพ,,,,,อายุการใช้งาน,0,3,3,0,0,0,,,,,0,0,0,0,0,0,0,0,0,0,0,0,0,0,0,0,0,0,,,,,,,,,,,,,,,,,,,,,,,,,,,,,,,,,,,,,,,,,,,,,,,,,,,,,,,,,,,,,,,,,,,,,,,,,,,,,,,,,,,,,,,,,,,,,,,,,,,,,,,,,,,,,,,,,,,,,,,,,,,,,,,,,,,,,,,,,,,,,,,,,,,,,,,
1282840383934228,100066248360694,Kornvikkaclinic,"บอกลาวงจรรอยสิวซ้ำซาก! จบปัญหา PIH และ PIE ด้วยโปรแกรม PICOV x KVK 

.
ใครที่กำลังลังเลบอกเลยว่าหยุด! เพราะโปรนี้แรงจนคิวเต็มไวมาก 🔥 จัดการปัญหารอยดำ (PIH) และรอยแดง (PIE) ด้วยโปรแกรม PicoSure Pro และโปรแกรม  Derma V ที่รวมตัวกันมาเพื่อกู้หน้าคุณโดยเฉพาะ!

📣 1 ครั้ง: ราคาลองใจ 12,900.-

📣 3 ครั้ง: จ่ายเพียง 35,000.- (เฉลี่ยครั้งละ 11,666.-)

📣 5 ครั้ง: คุ้มสุดใจ 49,000.- (เฉลี่ยครั้งละ  9,800.-)

🎁 ทุกแพ็กเกจรับฟรีไอเทมเสริมทัพผิวใส ทั้ง PDRN MASK, GF KBOOSTER ให้ผิวฟื้นฟูไวแบบติดสปีด!

.
เริ่มต้นเพียง 12,900.- ก็เปลี่ยนคุณเป็นคนใหม่ที่มั่นใจกว่าเดิม!
👉 ทักถามแอดมิน: ""สนใจโปร PICOV"" รับสิทธิ์ทันที!
.
.
.
ช่องทางติดต่อสอบถาม แอดมิน+ ปรึกษาแพทย์
𝐋𝐢𝐧𝐞 𝐎𝐀 เป็นช่องทางหลัก
สาขา 𝗞𝗼𝗿𝗮𝘁 : @1stkvk 
.
🔹 สาขา 𝗞𝗼𝗿𝗮𝘁 : โคราช (Head Qaurters)
สาขา3 : ติดโรงเรียน ปลูกปัญญา เส้นสุระ 2 
สาขา1 : ในปั้มปตท. ข้างเดอะมอลล์โคราช
📞 06 1956 5444
.
🌐𝐖𝐞𝐛𝐬𝐢𝐭𝐞 : https://kvkclinic.com
📺𝐘𝐨𝐮𝐭𝐮𝐛𝐞 : https://youtube.com/@kornvikkaclinic1234?si=PwiLo4SaaXs9J2DS
............................................
#KVKClinic #DrKoong #หมอเจด
#ยกมาตรฐานจริงใจล้ำสมัย 
#ProgramPICOV #PIH #PIE",,0,"05/08/2026 21:00",N/A,https://www.facebook.com/KVKClinic/posts/pfbid0ks4QAZ18RdiXvPSdHzS4ykY3EZ3TrKCoHSLjkFPkA2EX8xBePzudohFowtiGrxi5l,0,0,รูปภาพ,,,,,อายุการใช้งาน,1562,4,3,0,1,15,7,1,7,,0,0,0,0,0,0,0,0,0,0,0,0,0,0,0,0,0,0,,0,1562,0,,,,,,,,,,,,,,,,,,,,,,,,,,,,,,,,,,,,,,,,,,,,,,,,,,,,,,,,,,,,,,,,,,,,,,,,,,,,,,,,,,,,,,,,,,,,,,,,,,,,,,,,,,,,,,,,,,,,,,,,,,,,,,,,,,,,,,,,,,,,,,,,,,,
1283697507181849,100066248360694,Kornvikkaclinic,"ถามไว ตอบไว! กับ 10 คำถามเรื่องเม็ดสีผิวที่พบบ่อยที่สุด 💬

ฝ้าน่ากลัวสุด!!!! และไหนจะกระ จุดด่างดำ ไม่ใช่เรื่องเล่นๆ แต่ก็ไม่ยากเกินจะเข้าใจ วันนี้หมอกุ้ง (พญ.กรวิกกา พัฒนะปราน ว 38020) มาไขข้อข้องใจแบบเน้นๆ ครบทุกประเด็นที่ถามกันเข้ามาเยอะ

🤔ใครกำลังกังวลเรื่องไหนอยู่ ลองเช็กดูในลิสต์นี้ได้เลย!

............................................
#KVKClinic #DrKoong #หมอเจด
#ยกมาตรฐานจริงใจล้ำสมัย 
#ปัญหาเม็ดสีผิว #เคล็ดลับผิวใส","ถามไว ตอบไว! กับ 10 คำถามเรื่องเม็ดสีผิวที่พบบ่อยที่สุด 💬

ฝ้าน่ากลัวสุด!!!! และไหนจะกระ จุดด่างดำ ไม่ใช่เรื่องเล่นๆ แต่ก็ไม่ยากเกินจะเข้าใจ วันนี้หมอกุ้ง (พญ.กรวิกกา พัฒนะปราน ว 38020) มาไขข้อข้องใจแบบเน้นๆ ครบทุกประเด็นที่ถามกันเข้ามาเยอะ

🤔ใครกำลังกังวลเรื่องไหนอยู่ ลองเช็กดูในลิสต์นี้ได้เลย!

............................................
#KVKClinic #DrKoong #หมอเจด
#ยกมาตรฐานจริงใจล้ำสมัย 
#ปัญหาเม็ดสีผิว #เคล็ดลับผิวใส",207,"05/09/2026 22:24",N/A,https://www.facebook.com/reel/1960161914890183/,0,0,วิดีโอ,,,,,อายุการใช้งาน,2531,12,10,2,0,13,,5,7,1,568,58,534,56,47,521,0,0,0,0,11081.125,0,9409.982,1717.678,15.718,0,5.409,3.931,0,238,2294,0,3170,2690,440,22208.785,7.706,0,0,0,1,0.6,0.27,0.2,0.14,0.13,0.12,0.11,0.11,0.11,0.11,0.11,0.1,0.1,0.1,0.1,0.1,0.1,0.1,0.1,0.09,0.09,0.09,0.09,0.08,0.08,0.08,0.08,0.07,0.07,0.07,0.07,0.07,0.07,0.07,0.07,0.07,0.07,0.06,0.05,0.02,1,0.99,0.99,0.94,0.67,0.62,0.55,0.53,0.52,0.52,0.51,0.49,0.48,0.47,0.48,0.46,0.45,0.46,0.44,0.44,0.43,0.42,0.41,0.4,0.39,0.37,0.37,0.39,0.34,0.33,0.33,0.32,0.33,0.33,0.32,0.31,0.3,0.3,0.29,0.2,0.08,204,161,77,32,9,22,26,17,8,4,2,5,540,1,,7,3,2,1,2,,,1,,,,2,,,4,1,1,,,1,,1,,,,,,,,1,,,,,,,,,,,,
1283968793821387,100066248360694,Kornvikkaclinic,"🔐ปลดล็อกความลับผิวดูอ่อนเยาว์และมีมิติ ด้วยนวัตกรรมระดับ 𝐄𝐱𝐜𝐥𝐮𝐬𝐢𝐯𝐞

.
ครบจบเรื่องการดูแลผิว ให้ผิวแลดูแน่น เฟิร์ม กระชับ พร้อมความฉ่ำโกลว์ที่ทุกคนต้องทัก! 😱

🔥 𝐃𝐨𝐮𝐛𝐥𝐞 𝐋𝐢𝐟𝐭𝐢𝐧𝐠 𝐄𝐟𝐟𝐞𝐜𝐭: ( Program OligioX 600 Shots + Program Ultraformer MPT 300 Shots) 

🔥 พิเศษ! สิทธิ์แลกซื้อ𝐏𝐫𝐨𝐠𝐫𝐚𝐦 𝐁𝐚𝐛𝐲 𝐆𝐥𝐨𝐰 โปรแกรมงานผิวพรีเมียม

✨ ทั้งหมดนี้ในราคาเพียง 𝟑𝟑,𝟗𝟎𝟎.-

👩🏻‍⚕️ดูแลโดยทีมแพทย์ผู้เชี่ยวชาญ วิเคราะห์ปัญหาผิวแบบเคสต่อเคส

สัมผัสความเปลี่ยนแปลงด้วยตัวคุณเอง ที่ KVK Clinic ได้แล้ววันนี้ 📍
.
.
.
ช่องทางติดต่อสอบถาม แอดมิน+ ปรึกษาแพทย์
𝐋𝐢𝐧𝐞 𝐎𝐀 เป็นช่องทางหลัก
สาขา 𝗞𝗼𝗿𝗮𝘁 : @1stkvk 
.
🔹 สาขา 𝗞𝗼𝗿𝗮𝘁 : โคราช (Head Qaurters)
สาขา3 : ติดโรงเรียน ปลูกปัญญา เส้นสุระ 2 
สาขา1 : ในปั้มปตท. ข้างเดอะมอลล์โคราช
📞 06 1956 5444
.
🌐𝐖𝐞𝐛𝐬𝐢𝐭𝐞 : https://kvkclinic.com
📺𝐘𝐨𝐮𝐭𝐮𝐛𝐞 : https://youtube.com/@kornvikkaclinic1234?si=PwiLo4SaaXs9J2DS
............................................
#KVKClinic #DrKoong #หมอเจด
#ยกมาตรฐานจริงใจล้ำสมัย 
#ExclusiveProgram #OligioX #UltraformerMPT",,0,"05/10/2026 05:45",N/A,https://www.facebook.com/KVKClinic/posts/pfbid0MsGyyNRcFTKYuUAD3vX79uHwqxtNSnNRStnpaN5k7erW9FbKM85RKJtMwDvWbE66l,0,0,รูปภาพ,,,,,อายุการใช้งาน,0,4,3,0,1,35,1,23,11,,0,0,0,0,0,0,0,0,0,0,0,0,0,0,0,0,0,0,,2255,1245,0,,,,,,,,,,,,,,,,,,,,,,,,,,,,,,,,,,,,,,,,,,,,,,,,,,,,,,,,,,,,,,,,,,,,,,,,,,,,,,,,,,,,,,,,,,,,,,,,,,,,,,,,,,,,,,,,,,,,,,,,,,,,,,,,,,,,,,,,,,,,,,,,,,,
1283979300487003,100066248360694,Kornvikkaclinic,"📣✨ มั่นใจเรื่องปัญหาฝ้า กระ จุดด่างดำ ด้วยพลัง Program PICO LASER ที่ KVK Clinic ✨📣

🔬 ความแตกต่างเมื่อทำที่ KVK Clinic:

✅ เราใส่ใจในการดูแลโดยทีมแพทย์ที่มีประสบการณ์และเข้าใจสภาพผิวของแต่ละบุคคล

✅ ใช้เครื่องโปรแกรม PICO LASER แบรนด์มาตรฐานเพื่อผลลัพธ์ในการรักษาที่ดีที่สุดสำหรับคุณ

✅ เรามุ่งเน้นการรักษาที่ปลอดภัยและเห็นผลจริงจากผู้ใช้บริการของเรา

💡 เริ่มต้นการดูแลผิวให้กระจ่างใสอย่างเป็นธรรมชาติ ปรึกษาเราได้เลยวันนี้!

*หมายเหตุ: ผลลัพธ์ขึ้นอยู่กับแต่ละบุคคล และภาพรีวิวได้รับการอนุญาตจากคนไข้แล้ว
.
.
.
ช่องทางติดต่อสอบถาม แอดมิน+ ปรึกษาแพทย์
𝐋𝐢𝐧𝐞 𝐎𝐀 เป็นช่องทางหลัก
สาขา 𝗞𝗼𝗿𝗮𝘁 : @1stkvk 
.
🔹 สาขา 𝗞𝗼𝗿𝗮𝘁 : โคราช (Head Qaurters)
สาขา3 : ติดโรงเรียน ปลูกปัญญา เส้นสุระ 2 
สาขา1 : ในปั้มปตท. ข้างเดอะมอลล์โคราช
📞 06 1956 5444
.
🌐𝐖𝐞𝐛𝐬𝐢𝐭𝐞 : https://kvkclinic.com
📺𝐘𝐨𝐮𝐭𝐮𝐛𝐞 : https://youtube.com/@kornvikkaclinic1234?si=PwiLo4SaaXs9J2DS
............................................
#KVKClinic #DrKoong #หมอเจด
#ยกมาตรฐานจริงใจล้ำสมัย 
#PicosecondLaser #KVKReview",,0,"05/10/2026 05:59",N/A,https://www.facebook.com/KVKClinic/posts/pfbid02cdhdthoAvxNAn3MGb7HQ6mubhh2YfS5k7z1zSJUiUhzpUGwo8f7Z5q2WiBa1gEoXl,0,0,รูปภาพ,,,,,อายุการใช้งาน,1295,3,3,0,0,0,,,,,0,0,0,0,0,0,0,0,0,0,0,0,0,0,0,0,0,0,0,0,1295,,,,,,,,,,,,,,,,,,,,,,,,,,,,,,,,,,,,,,,,,,,,,,,,,,,,,,,,,,,,,,,,,,,,,,,,,,,,,,,,,,,,,,,,,,,,,,,,,,,,,,,,,,,,,,,,,,,,,,,,,,,,,,,,,,,,,,,,,,,,,,,,,,,,
1283924407159159,100066248360694,Kornvikkaclinic,"จบวงจรหน้ามัน สยบสิวซ้ำซากด้วยเทคโนโลยี 1450 nm 💡
เพราะเรื่องสิวรอไม่ได้! เลือกโปรแกรมที่ใช่ ในราคาที่คุ้มกว่าเดิม กับ 3 แพ็กเกจยอดฮิตที่ดูแลตั้งแต่การเคลียร์ผิวไปจนถึงการบำรุง

.
✨ Promotion พิเศษ! ✨

🔹 4 Steps (Program Acni Clear Laser): เน้นคุมมัน เคลียร์สิวอุดตัน | 3 ครั้ง 5,900.-

🔹 5 Steps (Program Acni Clear Laser + Program IPL): ลดสิว เพิ่มความกระจ่างใส ลดรอยแดง | 3 ครั้ง 7,500.-

🔹 7 Steps (Program Pico Red & Program Acne Bright): ขั้นสุดของการดูแลสิว รอยดำ+รอยแดง | 3 ครั้ง 15,500.-

💥ราคาเริ่มต้นเพียง 999.- เท่านั้น (จากปกติ 1,500.-)

อยากหน้าใสแบบไม่ต้องพึ่งแอปซับมัน ทักแชทสอบถามคิวได้เลยค่ะ📩
.
.
.
ช่องทางติดต่อสอบถาม แอดมิน+ ปรึกษาแพทย์
𝐋𝐢𝐧𝐞 𝐎𝐀 เป็นช่องทางหลัก
สาขา 𝗞𝗼𝗿𝗮𝘁 : @1stkvk 
.
🔹 สาขา 𝗞𝗼𝗿𝗮𝘁 : โคราช (Head Qaurters)
สาขา3 : ติดโรงเรียน ปลูกปัญญา เส้นสุระ 2 
สาขา1 : ในปั้มปตท. ข้างเดอะมอลล์โคราช
📞 06 1956 5444
.
🌐𝐖𝐞𝐛𝐬𝐢𝐭𝐞 : https://kvkclinic.com
📺𝐘𝐨𝐮𝐭𝐮𝐛𝐞 : https://youtube.com/@kornvikkaclinic1234?si=PwiLo4SaaXs9J2DS
............................................
#KVKClinic #DrKoong #หมอเจด
#ยกมาตรฐานจริงใจล้ำสมัย 
#โปรแกรมรักษาสิว #AcniClearLaserProgram",,0,"05/10/2026 06:00",N/A,https://www.facebook.com/KVKClinic/posts/pfbid02Ju3upYJrnBjKaCFvrEKvPuGfiD7Sg7BBBVbMpYUFBAMnB5QzXWh4nPZKfPqNz9LRl,0,0,รูปภาพ,,,,,อายุการใช้งาน,1376,7,3,0,4,0,,,,,0,0,0,0,0,0,0,0,0,0,0,0,0,0,0,0,0,0,,0,1376,,,,,,,,,,,,,,,,,,,,,,,,,,,,,,,,,,,,,,,,,,,,,,,,,,,,,,,,,,,,,,,,,,,,,,,,,,,,,,,,,,,,,,,,,,,,,,,,,,,,,,,,,,,,,,,,,,,,,,,,,,,,,,,,,,,,,,,,,,,,,,,,,,,,
1284500033768263,100066248360694,Kornvikkaclinic,"🌟 𝐏𝐑𝐈𝐌𝐄 𝐎𝐍𝐄 𝐏𝐑𝐈𝐂𝐄 ดีลสุดคุ้มที่ทุกคนรอคอย
จ่ายเพียง 𝟓𝟗,𝟎𝟎𝟎.- บาท ก็ได้จับคู่เครื่องนวัตกรรมระดับพรีเมียม!
ชอบแบบไหน เลือกได้เลย 💖
.
🔍 เลือกคู่ที่ใช่... ให้ผลลัพธ์ที่ชอบ
ชอบผลลัพธ์แบบไหน เลือกคู่ที่ตอบโจทย์ได้เลย:

🔹ยก+ผิวสวย+กระชับ : 𝐏𝐫𝐨𝐠𝐫𝐚𝐦 𝐔𝐥𝐭𝐡𝐞𝐫𝐚 𝐏𝐫𝐢𝐦𝐞 (𝟓𝟎𝟎 𝐥𝐢𝐧𝐞) + 𝐏𝐫𝐨𝐠𝐫𝐚𝐦 𝐕𝐨𝐥𝐧𝐞𝐰𝐦𝐞𝐫 (𝟑𝟎𝟎 𝐬𝐡𝐨𝐭)

🔹ยก+หด+ยุบ+นาน : 𝐏𝐫𝐨𝐠𝐫𝐚𝐦 𝐔𝐥𝐭𝐡𝐞𝐫𝐚 𝐏𝐫𝐢𝐦𝐞 (𝟓𝟎𝟎 𝐥𝐢𝐧𝐞) + 𝐏𝐫𝐨𝐠𝐫𝐚𝐦 𝐃𝐞𝐧𝐬𝐢𝐭𝐲 (𝟑𝟎𝟎 𝐬𝐡𝐨𝐭)

🔹ยก+กระชับแน่น+ฟู : 𝐏𝐫𝐨𝐠𝐫𝐚𝐦 𝐔𝐥𝐭𝐡𝐞𝐫𝐚 𝐏𝐫𝐢𝐦𝐞 (𝟓𝟎𝟎 𝐥𝐢𝐧𝐞) + 𝐏𝐫𝐨𝐠𝐫𝐚𝐦 𝐗𝐞𝐫𝐟 (𝟑𝟎𝟎 𝐬𝐡𝐨𝐭)

🔹ยก+ผิวสวย+กระชับ : 𝐏𝐫𝐨𝐠𝐫𝐚𝐦 𝐔𝐥𝐭𝐡𝐞𝐫𝐚 𝐏𝐫𝐢𝐦𝐞 (𝟓𝟎𝟎 𝐥𝐢𝐧𝐞) + 𝐏𝐫𝐨𝐠𝐫𝐚𝐦 𝐎𝐥𝐢𝐠𝐢𝐨𝐗 (𝟓𝟎𝟎 𝐬𝐡𝐨𝐭)

.
💬 สนใจจับคู่ไหน หรืออยากปรึกษาเพิ่มเติม
ทักแชทสอบถามรายละเอียดได้เลยค่ะ
.
.
.
ช่องทางติดต่อสอบถาม แอดมิน+ ปรึกษาแพทย์
𝐋𝐢𝐧𝐞 𝐎𝐀 เป็นช่องทางหลัก
สาขา 𝗞𝗼𝗿𝗮𝘁 : @1stkvk 
.
🔹 สาขา 𝗞𝗼𝗿𝗮𝘁 : โคราช (Head Qaurters)
สาขา3 : ติดโรงเรียน ปลูกปัญญา เส้นสุระ 2 
สาขา1 : ในปั้มปตท. ข้างเดอะมอลล์โคราช
📞 06 1956 5444
.
🌐𝐖𝐞𝐛𝐬𝐢𝐭𝐞 : https://kvkclinic.com
📺𝐘𝐨𝐮𝐭𝐮𝐛𝐞 : https://youtube.com/@kornvikkaclinic1234?si=PwiLo4SaaXs9J2DS
............................................
#KVKClinic #DrKoong #หมอเจด
#ยกมาตรฐานจริงใจล้ำสมัย 
#PrimeOnePriceKVK #โปรโมชั่นสุดคุ้ม #ยกกระชับหน้า",,0,"05/10/2026 20:12",N/A,https://www.facebook.com/KVKClinic/posts/pfbid02jN2233DgvbrPvHiPu9zUNmFcwnfdZ84RtQA386XT7X2B6vJJAM5LYb7q5n6xaAfxl,0,0,รูปภาพ,,,,,อายุการใช้งาน,0,13,9,0,4,0,,,,,0,0,0,0,0,0,0,0,0,0,0,0,0,0,0,0,0,0,,,,0,,,,,,,,,,,,,,,,,,,,,,,,,,,,,,,,,,,,,,,,,,,,,,,,,,,,,,,,,,,,,,,,,,,,,,,,,,,,,,,,,,,,,,,,,,,,,,,,,,,,,,,,,,,,,,,,,,,,,,,,,,,,,,,,,,,,,,,,,,,,,,,,,,,
1284592447092355,100066248360694,Kornvikkaclinic,"สเต็ปดูแลผิวหลังทำโปรแกรม Ultherapy Prime ให้ผลลัพธ์เป๊ะกว่าเดิม✨
ภาพนี้สรุปมาให้แล้วว่าในแต่ละเดือน ผิวเราจะ ""Upgrade"" ไปถึงจุดไหนบ้าง ใครที่เพิ่งทำมา หรือกำลังวางแผนจะทำ เซฟรูปนี้เก็บไว้เตือนตัวเองได้เลย!

.
👉Day 0-3: เน้นความอ่อนโยน เลี่ยงความร้อนจัด

👉Week 1-2: เติมความชุ่มชื้นให้ผิวฉ่ำวาว

👉Month 1-2: ช่วงเวลาทองของการปรนนิบัติผิวให้แลดูแน่นกระชับ

👉Month 2-3: ผิวแลดูอ่อนเยาว์อย่างเป็นธรรมชาติ พร้อมปกป้องผิวจากแสงแดดเสมอ

เพราะงานผิวต้องใช้เวลา ให้โปรแกรม Ultherapy Prime ที่ KVKClinic ช่วยดูแลความมั่นใจในระยะยาวนะคะ💛
............................................
#KVKClinic #DrKoong #หมอเจด
#ยกมาตรฐานจริงใจล้ำสมัย 
#ProgramUltherapyPrime #ดูแลผิวหลังทำ",,0,"05/10/2026 23:40",N/A,https://www.facebook.com/KVKClinic/posts/pfbid034NAbs8N8Bwr7xFCs1B3twN6mhnARqUvC5MPVXHpAobeRV5LLMJaSVd7bcXHGypwyl,0,0,รูปภาพ,,,,,อายุการใช้งาน,1280,6,6,0,0,0,,,,,0,0,0,0,0,0,0,0,0,0,0,0,0,0,0,0,0,0,0,0,1280,0,,,,,,,,,,,,,,,,,,,,,,,,,,,,,,,,,,,,,,,,,,,,,,,,,,,,,,,,,,,,,,,,,,,,,,,,,,,,,,,,,,,,,,,,,,,,,,,,,,,,,,,,,,,,,,,,,,,,,,,,,,,,,,,,,,,,,,,,,,,,,,,,,,,
1284595060425427,100066248360694,Kornvikkaclinic,"🧐เหตุผลที่หลายคนไม่กล้าเข้าคลินิก... ไม่ใช่กลัวเจ็บ แต่กลัวโดน 'ตื๊อ'!

หยุดวงจรการเข้าคลินิกแล้วต้องนั่งเกร็งเพราะกลัวโดนขายของ! ที่ KVK Clinic เราเน้นผลลัพธ์และความต้องการของลูกค้าเป็นหลัก ปรึกษาฟรีแบบไม่ต้องระแวงว่าจะโดนป้ายยา 🫶💕
............................................
#KVKClinic #DrKoong #หมอเจด
#ยกมาตรฐานจริงใจล้ำสมัย 
#จริงใจไม่จกตา #สวยแบบไม่ต้องระแวง","🧐เหตุผลที่หลายคนไม่กล้าเข้าคลินิก... ไม่ใช่กลัวเจ็บ แต่กลัวโดน 'ตื๊อ'!

หยุดวงจรการเข้าคลินิกแล้วต้องนั่งเกร็งเพราะกลัวโดนขายของ! ที่ KVK Clinic เราเน้นผลลัพธ์และความต้องการของลูกค้าเป็นหลัก ปรึกษาฟรีแบบไม่ต้องระแวงว่าจะโดนป้ายยา 🫶💕
............................................
#KVKClinic #DrKoong #หมอเจด
#ยกมาตรฐานจริงใจล้ำสมัย 
#จริงใจไม่จกตา #สวยแบบไม่ต้องระแวง",60,"05/11/2026 01:00",auto,https://www.facebook.com/reel/1262215322786891/,0,0,วิดีโอ,,,,,อายุการใช้งาน,11477,118,84,21,13,720,,198,486,36,5430,0,4487,0,3454,1976,0,0,0,0,16955.711,6443.59,32338.183,100435.589,11.527,12.685,11.436,5.142,0,8462,3642,0,27725,5655,21306,156098.868,6.416,0,0,0,0.98,0.98,0.98,0.74,0.65,0.59,0.55,0.5,0.47,0.45,0.44,0.42,0.41,0.41,0.4,0.4,0.39,0.38,0.38,0.37,0.36,0.35,0.34,0.34,0.33,0.32,0.32,0.31,0.3,0.29,0.27,0.26,0.25,0.24,0.23,0.21,0.21,0.19,0.14,0.09,0.07,0.99,0.99,0.99,1,1,1,1,1,1,1,1,0.97,0.95,0.94,0.92,0.91,0.9,0.88,0.87,0.84,0.83,0.81,0.78,0.77,0.76,0.75,0.73,0.71,0.68,0.66,0.63,0.6,0.57,0.56,0.53,0.49,0.48,0.44,0.33,0.21,0.17,1810,1812,705,248,86,200,214,180,83,21,10,27,5347,5,5,19,2,9,5,1,,1,,,2,,3,1,,9,2,2,2,3,2,,2,2,,1,,,,,,,,3,,2,,,,,,1,1
1284609183757348,100066248360694,Kornvikkaclinic,"💎 เจาะลึกนวัตกรรมดูแลเม็ดสี ด้วย Program PicoLaser ที่ KVK Clinic เพราะปัญหาผิวของแต่ละคนมีเลเยอร์ที่ต่างกัน การใช้เครื่องมือที่หลากหลายจึงเป็นหัวใจสำคัญในการดูแลให้ตรงจุด

.
✨ จุดเด่นของเทคโนโลยีที่เราเลือกใช้

🔸ความหลากหลายของช่วงคลื่น: มีให้เลือกทั้ง 532nm, 1064nm และ 755nm เพื่อความเหมาะสมกับประเภทเม็ดสี (Pigment) ของแต่ละบุคคล

🔸ความแม่นยำสูง: ส่งพลังงานความเร็วสูงในระดับ Picosecond ช่วยจัดการเม็ดสีที่ผิดปกติได้อย่างเฉพาะเจาะจง

🔸ถนอมผิว: กระบวนการทำงานเน้นการดูแลผิวอย่างอ่อนโยน ลดการสะสมความร้อนส่วนเกินใต้ชั้นผิว

🔸ดูแลได้ครบวงจร: ครอบคลุมทั้งปัญหาฝ้า (Melasma) กระ จุดด่างดำ และรอยหมองคล้ำ

👩‍⚕️ มั่นใจกับการดูแลที่ออกแบบมาเพื่อคุณ
ที่ KVK Clinic เราให้ความสำคัญกับการวิเคราะห์สภาพผิวอย่างละเอียด เพื่อเลือกใช้เครื่องมือที่เหมาะสมกับปัญหาและไลฟ์สไตล์ของคุณที่สุด เพื่อผลลัพธ์ที่ดูเป็นธรรมชาติและยั่งยืน

.
📍 สอบถามรายละเอียดเพิ่มเติมหรือนัดหมายปรึกษาได้ที่ KVK Clinic
ผลลัพธ์ที่ได้ขึ้นอยู่กับสภาพผิวและการตอบสนองของแต่ละบุคคล
.
.
.
ช่องทางติดต่อสอบถาม แอดมิน+ ปรึกษาแพทย์
𝐋𝐢𝐧𝐞 𝐎𝐀 เป็นช่องทางหลัก
สาขา 𝗞𝗼𝗿𝗮𝘁 : @1stkvk 
.
🔹 สาขา 𝗞𝗼𝗿𝗮𝘁 : โคราช (Head Qaurters)
สาขา3 : ติดโรงเรียน ปลูกปัญญา เส้นสุระ 2 
สาขา1 : ในปั้มปตท. ข้างเดอะมอลล์โคราช
📞 06 1956 5444
.
🌐𝐖𝐞𝐛𝐬𝐢𝐭𝐞 : https://kvkclinic.com
📺𝐘𝐨𝐮𝐭𝐮𝐛𝐞 : https://youtube.com/@kornvikkaclinic1234?si=PwiLo4SaaXs9J2DS
............................................
#KVKClinic #DrKoong #หมอเจด
#ยกมาตรฐานจริงใจล้ำสมัย 
#ReviewPicoLaser #เลเซอร์หน้าใส",,0,"05/11/2026 20:00",N/A,https://www.facebook.com/KVKClinic/posts/pfbid0YWRUCeS2TwbaKYhkfQZz9tGtkzLWLcUWoR6AzreV1i1hA8Sn5r9qoWsq4SfgzUVJl,0,0,รูปภาพ,,,,,อายุการใช้งาน,0,1,1,0,0,9,8,1,,,0,0,0,0,0,0,0,0,0,0,0,0,0,0,0,0,0,0,0,,,,,,,,,,,,,,,,,,,,,,,,,,,,,,,,,,,,,,,,,,,,,,,,,,,,,,,,,,,,,,,,,,,,,,,,,,,,,,,,,,,,,,,,,,,,,,,,,,,,,,,,,,,,,,,,,,,,,,,,,,,,,,,,,,,,,,,,,,,,,,,,,,,,,,
1285405457011054,100066248360694,Kornvikkaclinic,"💙 KVK GOLDEN PASS
“New Journey” เปิดประสบการณ์ความงามบทใหม่ ที่ยิ่งดูแล…ยิ่งคุ้มกว่าเดิม ✈️
.
เพราะทุกการลงทุนเพื่อความสวย ควรได้รับมากกว่าความคุ้มค่า
KVK Clinic จัดเต็มสิทธิพิเศษสำหรับสมาชิก Golden Pass ทั้ง 4 ระดับ ให้คุณเลือกได้ตามไลฟ์สไตล์

🛫 KVK Economy Route
เติมบิล 10,000.- รับวงเงินเพิ่ม 1,000.-

🛫 KVK Premium Eco Route
เติมบิล 20,000.- รับวงเงินเพิ่ม 2,000.-

🛫 KVK Business Route
เติมบิล 40,000.- รับวงเงินเพิ่ม 4,000.-

🛫 KVK First Class Route
เติมบิล 50,000.- รับวงเงินเพิ่ม 5,000.-

🎁 พร้อมสิทธิพิเศษแบบจัดเต็ม
✨ ชวนเพื่อนเปิดบิล รับ X2 Point
✨ รับฟรีโปรแกรมดูแลผิว
✨ ส่วนลดสูงสุด 15%
✨ สิทธิ์แลกซื้อราคาพิเศษเฉพาะสมาชิก
.
ยกระดับความคุ้มค่า ให้ทุก Journey ของความสวย…พิเศษกว่าที่เคย 💫
🗓️ วันนี้ - 30 มิถุนายน 2569
----------
#KVKClinic #DrKoong #หมอเจด
#ยกมาตรฐานจริงใจล้ำสมัย 
#KVKGoldenPass
#GoldenPassNewJourney
#เติมความสวยแบบคุ้มกว่า",,0,"05/11/2026 23:28",N/A,https://www.facebook.com/KVKClinic/posts/pfbid03DLCXYGNta9otNjymZPTNK8V1zbh72ZxDrGV7hW5KuJDkqYe5aFJP34hoKg1rBnXl,0,0,รูปภาพ,,,,,อายุการใช้งาน,0,2,2,0,0,59,18,28,13,,0,0,0,0,0,0,0,0,0,0,0,0,0,0,0,0,0,0,0,4097,1297,0,,,,,,,,,,,,,,,,,,,,,,,,,,,,,,,,,,,,,,,,,,,,,,,,,,,,,,,,,,,,,,,,,,,,,,,,,,,,,,,,,,,,,,,,,,,,,,,,,,,,,,,,,,,,,,,,,,,,,,,,,,,,,,,,,,,,,,,,,,,,,,,,,,,
1285472940337639,100066248360694,Kornvikkaclinic,"ทำไมมาทำเอาตอนนี้ !!! #KVKClinic #KVKSurgery #DrJade #หมอเจด #drKoong #เสริมจมูก","ทำไมมาทำเอาตอนนี้ !!! #KVKClinic #KVKSurgery #DrJade #หมอเจด #drKoong #เสริมจมูก",22,"05/12/2026 01:23",N/A,https://www.facebook.com/reel/1462000115189911/,0,0,วิดีโอ,,,,,อายุการใช้งาน,2528,10,10,0,0,4,,,4,,635,0,612,0,0,635,0,0,0,0,3155.104,0,8848.618,0,4.482,0,4.616,0,0,0,2528,0,3001,3000,0,12003.722,4.579,0,0,0,1,1,1,1,0.9,0.75,0.68,0.61,0.57,0.54,0.53,0.51,0.47,0.46,0.45,0.43,0.41,0.39,0.37,0.36,0.33,0.31,0.3,0.28,0.26,,,,,,,,,,,,,,,,,1,1,1,1,1,1,1,1,1,1,1,1,1,1,1,1,1,0.98,0.94,0.9,0.83,0.78,0.74,0.69,0.65,,,,,,,,,,,,,,,,,232,170,106,39,11,18,18,20,7,3,3,5,585,1,5,7,4,6,4,,1,1,,1,,,4,,,4,1,2,1,2,3,1,,,,,,,,,,1,1,,,,,,,,,,
1285408743677392,100066248360694,Kornvikkaclinic,"Your Privilege Passport to Confidence✈️✨

เตรียมพบกับการเดินทางครั้งใหม่ที่จะเปลี่ยนให้คุณเป็นคนเดิมที่มั่นใจยิ่งขึ้น กับข้อเสนอสุดพิเศษ ""Golden Pass"" จาก KVK Clinic

🔜 ค้นพบเส้นทางสู่ความดูดีในแบบที่เป็นคุณ... เร็วๆ นี้
............................................
#KVKClinic #DrKoong #หมอเจด
#ยกมาตรฐานจริงใจล้ำสมัย 
#GoldenPass #PremiumExperience #ComingSoon","Your Privilege Passport to Confidence✈️✨

เตรียมพบกับการเดินทางครั้งใหม่ที่จะเปลี่ยนให้คุณเป็นคนเดิมที่มั่นใจยิ่งขึ้น กับข้อเสนอสุดพิเศษ ""Golden Pass"" จาก KVK Clinic

🔜 ค้นพบเส้นทางสู่ความดูดีในแบบที่เป็นคุณ... เร็วๆ นี้
............................................
#KVKClinic #DrKoong #หมอเจด
#ยกมาตรฐานจริงใจล้ำสมัย 
#GoldenPass #PremiumExperience #ComingSoon",8,"05/12/2026 01:30",N/A,https://www.facebook.com/reel/923746730624402/,0,0,วิดีโอ,,,,,อายุการใช้งาน,2598,11,10,0,1,15,,,15,,214,0,197,0,0,214,0,0,0,0,1253.462,9.441,3459.629,0,1.9,4.721,1.727,0,0,0,2598,0,3041,3039,0,4722.532,1.771,0,0,0,1,1,1,1,1,0.91,0.77,0.66,0.59,0.52,0.46,0.42,0.39,,,,,,,,,,,,,,,,,,,,,,,,,,,,,1,1,1,1,1,1,1,1,1,1,1,1,0.97,,,,,,,,,,,,,,,,,,,,,,,,,,,,,74,66,29,7,2,4,12,10,6,3,1,,208,,,2,1,,,,,,,,,,,,,,,1,,,,1,,,1,,,,,,,,,,,,,,,,,,
1285459093672357,100066248360694,Kornvikkaclinic,"เปลี่ยนจากตาหลบใน
เป็นดวงตาที่ดูสดใสขึ้นแบบเห็นได้ 👁️👁️✨
.
คนไข้มีปัญหาชั้นตาหลบในร่วมกับหนังตาตกเล็กน้อย 
ทำให้ดวงตาดูเล็ก ดูไม่สดใส และเวลาลืมตาจะเห็นชั้นตาไม่ชัด 
ส่งผลให้ใบหน้าโดยรวมดูเหนื่อยและมีอายุ
เคสนี้แก้ไขด้วยโปรแกรมผ่าตัดตาสองชั้น 
โดยทำร่วมกับการแก้ไข้กล้ามเนื้อตา
หลังทำครบ 1 เดือน จะเห็นว่าชั้นตาดูเปิดและชัดขึ้นอย่างเป็นธรรมชาติ 
ดวงตาดูโตขึ้นและช่วยให้ใบหน้าดูสดใสอย่างเห็นได้ชัด
.
ผ่าตัดตาสองชั้นที่ KVK Clinic
✅ ดูแลโดยแพทย์มากประสบการณ์
✅ ปรึกษากับคุณหมอก่อนเข้าห้องผ่าตัดทุกเคส
✅ ออกแบบชั้นตาให้เข้ากับแต่ละบุคคล แบบเคสต่อเคส
✅ ติดตามผลและดูแลหลังผ่าตัดอย่างต่อเนื่อง",,0,"05/12/2026 04:00",N/A,https://www.facebook.com/KVKClinic/posts/pfbid02fY6xBDbeUVbXXjzLzW8jpNBUdeTVEdtCZocwTCsabBkga5pRxk3yoMoarXvqSgvzl,0,0,รูปภาพ,,,,,อายุการใช้งาน,0,7,7,0,0,0,,,,,0,0,0,0,0,0,0,0,0,0,0,0,0,0,0,0,0,0,,0,1290,0,,,,,,,,,,,,,,,,,,,,,,,,,,,,,,,,,,,,,,,,,,,,,,,,,,,,,,,,,,,,,,,,,,,,,,,,,,,,,,,,,,,,,,,,,,,,,,,,,,,,,,,,,,,,,,,,,,,,,,,,,,,,,,,,,,,,,,,,,,,,,,,,,,,
1284642577087342,100066248360694,Kornvikkaclinic,"☀️ 𝐆𝐞𝐭 𝐘𝐨𝐮𝐫 𝐒𝐮𝐦𝐦𝐞𝐫 𝐆𝐥𝐨𝐰 | เผยผิวสวยสู้แสง มั่นใจทุกองศา

ดูแลผิวช่วงซัมเมอร์แบบตัวแม่! ด้วย 4 โปรแกรมดูแลผิวระดับ Gold Standard ที่ KVK Clinic คัดสรรมาเพื่อฟื้นฟูและยกระดับงานผิวให้ดูดีที่สุดในแบบที่เป็นคุณ ไม่ว่าจะเน้นความฉ่ำวาว หรือเน้นโครงสร้างผิวให้ดูเป๊ะ

.
💎𝐏𝐫𝐨𝐠𝐫𝐚𝐦 𝐇𝐀𝐫𝐦𝐨𝐧𝐲𝐂𝐚 (𝐇𝐲𝐛𝐫𝐢𝐝 𝐅𝐢𝐥𝐥𝐞𝐫)
▪️จุดเด่น: ดูแลแบบ 2 in 1 ทั้งเติมเต็มความอิ่มฟูและช่วยให้ผิวดูยกกระชับในหลอดเดียว
▪️ราคา: 19,000.- / Syringe (1 ml)

💧𝐏𝐫𝐨𝐠𝐫𝐚𝐦 𝐏𝐑𝐎𝐅𝐇𝐈𝐋𝐎 (𝐁𝐢𝐨-𝐑𝐞𝐦𝐨𝐝𝐞𝐥𝐥𝐢𝐧𝐠)
▪️จุดเด่น: นวัตกรรมเติมความชุ่มชื้นลึกถึงระดับโครงสร้างผิว ให้ผิวดูโกลว์ใส ฉ่ำวาวแบบสุขภาพดี
▪️ราคา: 19,000.- / Syringe (2 ml)

🧬𝐏𝐫𝐨𝐠𝐫𝐚𝐦 𝐒𝐂𝐔𝐋𝐏𝐓𝐑𝐀 (𝐓𝐡𝐞 𝐎𝐫𝐢𝐠𝐢𝐧𝐚𝐥 𝐂𝐨𝐥𝐥𝐚𝐠𝐞𝐧 𝐁𝐢𝐨𝐬𝐭𝐢𝐦𝐮𝐥𝐚𝐭𝐨𝐫)
▪️จุดเด่น: กระตุ้นการสร้างงานผิวจากภายใน ให้ผิวดูแน่น อิ่มฟู และแลดูอ่อนเยาว์อย่างเป็นธรรมชาติในระยะยาว
▪️สิทธิพิเศษ: รับฟรี! Cash Voucher มูลค่า 6,000.-

🛡️𝐏𝐫𝐨𝐠𝐫𝐚𝐦 𝐑𝐀𝐃𝐈𝐄𝐒𝐒𝐄 𝐏𝐋𝐔𝐒
▪️จุดเด่น: เน้นคุณภาพผิว (Skin Quality) เพิ่มความยืดหยุ่น และดูแลปัญหาริ้วรอยร่องลึกตามวัยให้ผิวดูเรียบเนียน
▪️สิทธิพิเศษ: รับฟรี! Cash Voucher มูลค่า 6,000.-

หมายเหตุ: ผลลัพธ์ขึ้นอยู่กับสภาพผิวของแต่ละบุคคลและเทคนิคการรักษาของแพทย์
.
.
.
ช่องทางติดต่อสอบถาม แอดมิน+ ปรึกษาแพทย์
𝐋𝐢𝐧𝐞 𝐎𝐀 เป็นช่องทางหลัก
สาขา 𝗞𝗼𝗿𝗮𝘁 : @1stkvk 
.
🔹 สาขา 𝗞𝗼𝗿𝗮𝘁 : โคราช (Head Qaurters)
สาขา3 : ติดโรงเรียน ปลูกปัญญา เส้นสุระ 2 
สาขา1 : ในปั้มปตท. ข้างเดอะมอลล์โคราช
📞 06 1956 5444
.
🌐𝐖𝐞𝐛𝐬𝐢𝐭𝐞 : https://kvkclinic.com
📺𝐘𝐨𝐮𝐭𝐮𝐛𝐞 : https://youtube.com/@kornvikkaclinic1234?si=PwiLo4SaaXs9J2DS
............................................
#KVKClinic #DrKoong #หมอเจด
#ยกมาตรฐานจริงใจล้ำสมัย 
#SummerGlow #งานผิว #Profhilo #Sculptra #HArmonyCa #RadiessePlus",,0,"05/12/2026 19:00",N/A,https://www.facebook.com/KVKClinic/posts/pfbid0gK6fvhorZAg1RN3EqxwfA2JQ6v8dWo4BPWb8kaGEiH5V4VSmTbn7wVQHFWX6J2E9l,0,0,รูปภาพ,,,,,อายุการใช้งาน,0,3,3,0,0,0,,,,,0,0,0,0,0,0,0,0,0,0,0,0,0,0,0,0,0,0,,,,0,,,,,,,,,,,,,,,,,,,,,,,,,,,,,,,,,,,,,,,,,,,,,,,,,,,,,,,,,,,,,,,,,,,,,,,,,,,,,,,,,,,,,,,,,,,,,,,,,,,,,,,,,,,,,,,,,,,,,,,,,,,,,,,,,,,,,,,,,,,,,,,,,,,
1286235190261414,100066248360694,Kornvikkaclinic,"จากจมูกที่ดูแบนและไม่มีมิติ
วันนี้มุมข้างดูละมุนขึ้นชัดเจน 👃✨
.
เคสนี้จะเห็นได้ว่าฐานจมูกค่อนข้างแบน สันจมูกไม่ชัด 
และเนื้อปลายจมูกมีค่อนข้างน้อย 
ทำให้มองในมุมด้านข้าง ใบหน้าดูขาดมิติ 
คุณหมอแก้ไขด้วยโปรแกรมเสริมจมูก
ร่วมกับการใช้กระดูกอ่อนหลังหูรองปลายจมูก
เพื่อช่วยเพิ่มความแข็งแรง 
หลังทำครบ 14 วันจะเห็นว่าสันจมูกดูชัดขึ้น
ปลายจมูกดูพุ่งละมุน และช่วยให้ใบหน้า
โดยรวมดูมีมิติมากขึ้นอย่างเป็นธรรมชาติ
.
ผ่าตัดเสริมจมูกที่ KVK Clinic
✅ ดูแลโดยแพทย์มากประสบการณ์
✅ ปรึกษากับคุณหมอก่อนเข้าห้องผ่าตัดทุกเคส
✅ ออกแบบทรงจมูกให้เข้ากับแต่ละบุคคล แบบเคสต่อเคส
✅ ติดตามผลและดูแลหลังผ่าตัดอย่างต่อเนื่อง",,0,"05/12/2026 22:04",N/A,https://www.facebook.com/KVKClinic/posts/pfbid02rk1fp4PMNBeHbDxrKrDuconS5DHEngwo4sdRKfLGgNxP9J9ZM9i14xBxJG9Xqv5Nl,0,0,รูปภาพ,,,,,อายุการใช้งาน,1247,3,2,1,0,1,1,,,,0,0,0,0,0,0,0,0,0,0,0,0,0,0,0,0,0,0,0,0,1247,,,,,,,,,,,,,,,,,,,,,,,,,,,,,,,,,,,,,,,,,,,,,,,,,,,,,,,,,,,,,,,,,,,,,,,,,,,,,,,,,,,,,,,,,,,,,,,,,,,,,,,,,,,,,,,,,,,,,,,,,,,,,,,,,,,,,,,,,,,,,,,,,,,,
1286406836910916,100066248360694,Kornvikkaclinic,"ใบหน้าที่เริ่มหย่อนคล้อยตามวัย
วันนี้กลับมาดูสดใสและกระชับขึ้นอีกครั้ง ✨
.
ก่อนทำเคสนี้มีปัญหาแก้มและกรอบหน้าหย่อนคล้อย
ร่วมกับชั้นตาตกและถุงใต้ตาที่เริ่มชัดขึ้น
ทำให้ใบหน้าโดยรวมดูเหนื่อยและมีอายุ
คุณหมอแก้ไขด้วยโปรแกรมดึงหน้า
ด้วยการตัดผิวหนังส่วนเกินที่หย่อนคล้อยออกแล้ว
เก็บยกผิวหนังทั้งสองชั้น ทำให้ผิวหน้าตึงกระชับมากขึ้น
หลังทำครบ 3 ปีจะเห็นว่าใบหน้ายังดูยกกระชับ
กรอบหน้าคม ร่องแก้มดูตื้นลง ดวงตาดูเปิดและสดใสมากขึ้น 
ทำให้ภาพรวมใบหน้าสดใสแลดูธรรมชาติ
.
ผ่าตัดดึงหน้าที่ KVK Clinic
✅ ดูแลโดยแพทย์มากประสบการณ์
✅ ปรึกษากับคุณหมอก่อนเข้าห้องผ่าตัดทุกเคส
✅ ออกแบบและแก้ปัญหาหน้าหย่อนคล้อยได้ตรงจุด
✅ ติดตามผลและดูแลหลังผ่าตัดอย่างต่อเนื่อง",,0,"05/13/2026 19:00",N/A,https://www.facebook.com/KVKClinic/posts/pfbid0LRBgeYvFF6o94yZ1oFMLihUhu2z7dYX2LD4EoCjmWPPrdSvea62L4oCW3BcT9Acxl,0,0,รูปภาพ,,,,,อายุการใช้งาน,1154,7,6,0,1,2,1,,1,,0,0,0,0,0,0,0,0,0,0,0,0,0,0,0,0,0,0,0,0,1154,0,,,,,,,,,,,,,,,,,,,,,,,,,,,,,,,,,,,,,,,,,,,,,,,,,,,,,,,,,,,,,,,,,,,,,,,,,,,,,,,,,,,,,,,,,,,,,,,,,,,,,,,,,,,,,,,,,,,,,,,,,,,,,,,,,,,,,,,,,,,,,,,,,,,
1287123970172536,100066248360694,Kornvikkaclinic,"#ใครอยากรู้จักRouteใหม่
#ใครอยากเป็นส่วนหนึ่งของKVK 

เริ่มต้นที่ Route นี้!!!!!! 

💛 KVK GOLDEN PASS – New Journey
KVK Clinic เปิดเส้นทางใหม่ของการดูแลตัวเอง ในแบบที่คุ้มขึ้นทุกครั้งที่กลับมา 💳✈️

🌟 เลือกเส้นทางความสวยได้ถึง 5 Route
ยิ่ง Journey สูง Privilege ยิ่งเหนือระดับ

✈️ KVK Economy Route
เปิดบิลครบ 10,000.- รับวงเงินเพิ่ม 1,000.-

✈️ KVK Premium Eco Route
เปิดบิลครบ 20,000.- รับวงเงินเพิ่ม 2,000.-

✈️ KVK Business Route
เปิดบิลครบ 40,000.- รับวงเงินเพิ่ม 4,000.-

✈️ KVK First Class Route
เปิดบิลครบ 50,000.- รับวงเงินเพิ่ม 5,000.-

✈️ KVK  Private Jet Route
เปิดบิลครบ 100,000.- รับวงเงินเพิ่ม 10,000.-

ทุก Route รับสิทธิพิเศษแบบจัดเต็ม
✨ ชวนเพื่อนใหม่เปิดบิล รับ Point X2
✨ รับฟรีโปรแกรมดูแลผิว
✨ ส่วนลดกลุ่มฉีด / ยกกระชับ / เลเซอร์
✨ พร้อมสิทธิแลกซื้อโปรแกรมราคาพิเศษเฉพาะสมาชิก

🗓️ วันนี้ - 30 มิถุนายน 2569

￼ช่องทางติดต่อสอบถาม แอดมิน+ ปรึกษาแพทย์
𝐋𝐢𝐧𝐞 𝐎𝐀 เป็นช่องทางหลัก
สาขา 𝗞𝗼𝗿𝗮𝘁 : @1stkvk 
.
 สาขา 𝗞𝗼𝗿𝗮𝘁 : โคราช (Head Qaurters)
สาขา3 : ติดโรงเรียน ปลูกปัญญา เส้นสุระ 2 
สาขา1 : ในปั้มปตท. ข้างเดอะมอลล์โคราช
 06 1956 5444
.
🌐 𝐖𝐞𝐛𝐬𝐢𝐭𝐞 : https://kvkclinic.com
📺 𝐘𝐨𝐮𝐭𝐮𝐛𝐞 : https://youtube.com/@kornvikkaclinic1234?si=PwiLo4SaaXs9J2DS
----------
#KVKClinic #DrKoong #หมอเจด
#ยกมาตรฐานจริงใจล้ำสมัย 
#KVKGoldenPass
#GoldenPassNewJourney
#เติมความสวยแบบคุ้มกว่า",,0,"05/13/2026 22:40",N/A,https://www.facebook.com/KVKClinic/posts/pfbid0381VFbHn2awadZJpqApkZEAseQi4wdBorcoRNbh5WZx9QimUMhdYtVZ8zD4x4jqYql,0,0,รูปภาพ,,,,,อายุการใช้งาน,1430,13,9,0,4,16,10,,6,,0,0,0,0,0,0,0,0,0,0,0,0,0,0,0,0,0,0,0,,,0,2341,2341,0,,,,,,,,,,,,,,,,,,,,,,,,,,,,,,,,,,,,,,,,,,,,,,,,,,,,,,,,,,,,,,,,,,,,,,,,,,,,,,,,,,,,,,,,,,,,,,,,,,,,,,,,,,,,,,,,,,,,,,,,,,,,,,,,,,,,,,,,,,,,,,,,
1287282880156645,100066248360694,Kornvikkaclinic,"💙 ชวนเพื่อนมา..สวยคุ้ม X2 ได้ทั้งเรา ได้ทั้งเพื่อน ✨
.
KVK Referral System
แค่ชวน “เพื่อนใหม่” ที่ยังไม่เคยเป็นลูกค้า KVK Clinic
มาซื้อคอร์สพร้อมกัน รับเลย Point X2 ทั้งผู้แนะนำ + เพื่อน 🎉

✨ รับวงเงินเพิ่ม 10%
✨ ได้ Point X2 ทั้งคู่
✨ ยิ่งชวน ยิ่งคุ้ม ยิ่งสวยไปด้วยกัน
.
✨ เพราะความสวย แชร์กันได้
ชวนเพื่อนมาอัปความมั่นใจไปพร้อมกันที่ KVK Clinic 💙
.
📍วันนี้ – 30 มิ.ย. 69 เท่านั้น
.............................................
#KVKClinic #DrKoong #หมอเจด
#ยกมาตรฐานจริงใจล้ำสมัย 
#KVKReferralSystem 
#เพื่อนชวนเพื่อน #สวยแพ็คคู่",,0,"05/14/2026 03:16",N/A,https://www.facebook.com/KVKClinic/posts/pfbid02UgqM2DB9NZir63VNDd89gmV7fXytPdA5pDv3c9gUxyGtsUnbe3tewPDXErFkVnfQl,0,0,รูปภาพ,,,,,อายุการใช้งาน,1154,3,3,0,0,2,1,,1,,0,0,0,0,0,0,0,0,0,0,0,0,0,0,0,0,0,0,0,0,1154,0,1806,1806,0,,,,,,,,,,,,,,,,,,,,,,,,,,,,,,,,,,,,,,,,,,,,,,,,,,,,,,,,,,,,,,,,,,,,,,,,,,,,,,,,,,,,,,,,,,,,,,,,,,,,,,,,,,,,,,,,,,,,,,,,,,,,,,,,,,,,,,,,,,,,,,,,
1287288436822756,100066248360694,Kornvikkaclinic,"#ยิ่งสะสมยิ่งคุ้ม #พร้อมสิทธิพิเศษเหนือระดับ
.
✈️ WELCOME TO KVK BEAUTY PASSPORT 🤍
เปิดประสบการณ์การดูแลความสวยในแบบที่ “ยิ่งทำ ยิ่งคุ้ม” 💙
.
ใช้จ่ายทุก 10,000.- รับ 1 POINT
สะสมครบ รับฟรีโปรแกรมยอดฮิตแบบไม่ต้องลุ้น 🎟️
.
🔸 สะสมครบ  10 Points
เลือกรับฟรีโปรแกรมดูแลผิว / โปรแกรมฉีด Botulinum Toxin
หรือ Skincare Set

🔸 สะสมครบ  30 Points
อัปเกรดสู่โปรแกรมยกกระชับ / โปรแกรมเลเซอร์ หรือ โปรแกรมฉีด Filler

🔸 สะสมครบ  50 Points
ปลดล็อกโปรแกรมตัวท็อปทั้ง โปรแกรมยกกระชับ / โปรแกรมเลเซอร์ / โปรแกรมงานผิว และอีกมากมาย
.
📍KVK Beauty Passport พร้อมพาคุณไปสู่เวอร์ชันที่ดีกว่าเดิม 🤍
เริ่ม Journey ของคุณได้แล้ววันนี้ที่ KVK Clinic
.
.
.
ช่องทางติดต่อสอบถาม แอดมิน+ ปรึกษาแพทย์
𝐋𝐢𝐧𝐞 𝐎𝐀 เป็นช่องทางหลัก
สาขา 𝗞𝗼𝗿𝗮𝘁 : @1stkvk 
.
สาขา 𝗞𝗼𝗿𝗮𝘁 : (Head Qaurters)
สาขา3 : ติดโรงเรียน ปลูกปัญญา เส้นสุระ 2 
📞 061 956 5444
สาขา1 : ในปั้มปตท. ข้างเดอะมอลล์โคราช
📞 087 870 5888
.
🌐 𝐖𝐞𝐛𝐬𝐢𝐭𝐞 : https://kvkclinic.com
📺 𝐘𝐨𝐮𝐭𝐮𝐛𝐞 : https://youtube.com/@kornvikkaclinic1234?si=PwiLo4SaaXs9J2DS
----------
#KVKClinic #DrKoong #หมอเจด
#ยกมาตรฐานจริงใจล้ำสมัย 
#KVKBeautyPassport 
#KVKNewJourney
#สะสมแต้มรับpoint",,0,"05/14/2026 03:25",N/A,https://www.facebook.com/KVKClinic/posts/pfbid0eoHz9m149ZpxpcZ7ovmuit5Zo8V3vswAZ5ZdvjbEhBUEXuiHEGWSyJ2enny7vPQ4l,0,0,รูปภาพ,,,,,อายุการใช้งาน,1347,3,3,0,0,21,7,1,13,,0,0,0,0,0,0,0,0,0,0,0,0,0,0,0,0,0,0,0,0,1347,,,,,,,,,,,,,,,,,,,,,,,,,,,,,,,,,,,,,,,,,,,,,,,,,,,,,,,,,,,,,,,,,,,,,,,,,,,,,,,,,,,,,,,,,,,,,,,,,,,,,,,,,,,,,,,,,,,,,,,,,,,,,,,,,,,,,,,,,,,,,,,,,,,,
1287310270153906,100066248360694,Kornvikkaclinic,"🚨 KVK Ultimate Lift Program
รวมที่สุดแห่งโปรแกรมยกกระชับจาก 17 แบรนด์ชั้นนำ
.
พร้อมตอบโจทย์ทุกความต้องการเรื่องหน้ายก ผิวแน่นเฟิร์ม รวบรวมมาไว้ให้คุณเลือกสรรที่นี่แล้ว แบบจัดเต็ม!! 
.
🔥 พิเศษ จ่าย 1 ได้ถึง 2 คุ้มกว่าที่เคย
✅ เลือกแบรนด์ชั้นนำได้ตามใจ จากทั้งหมด 17 แบรนด์มาตรฐาน
✅ โปรแกรมยกกระชับครบทุกเทคโนโลยี
✅ ดูแลโดยทีมแพทย์ KVK เพื่อผลลัพธ์ที่มั่นใจได้
.
💬 เพราะ “ความยกกระชับ” ที่ดี ต้องเหมาะกับผิวของคุณที่สุด
ให้ KVK ช่วยออกแบบโปรแกรมที่ใช่สำหรับคุณ ✨
.
📅 วันนี้ – 30 มิถุนายน 2569 เท่านั้น
.
.
.
ช่องทางติดต่อสอบถาม แอดมิน+ ปรึกษาแพทย์
𝐋𝐢𝐧𝐞 𝐎𝐀 เป็นช่องทางหลัก
สาขา 𝗞𝗼𝗿𝗮𝘁 : @1stkvk 
.
สาขา 𝗞𝗼𝗿𝗮𝘁 : (Head Qaurters)
สาขา3 : ติดโรงเรียน ปลูกปัญญา เส้นสุระ 2 
📞 061 956 5444
สาขา1 : ในปั้มปตท. ข้างเดอะมอลล์โคราช
📞 087 870 5888
.
🌐 𝐖𝐞𝐛𝐬𝐢𝐭𝐞 : https://kvkclinic.com
📺 𝐘𝐨𝐮𝐭𝐮𝐛𝐞 : https://youtube.com/@kornvikkaclinic1234?si=PwiLo4SaaXs9J2DS
-------------------
#KVKClinic #DrKoong #หมอเจด
#ยกมาตรฐานจริงใจล้ำสมัย 
#KVKFutureLifting
#Promotion #เครื่องยกกระชับ
#Ultherapy #XERF #OligioX",,0,"05/14/2026 04:01",N/A,https://www.facebook.com/KVKClinic/posts/pfbid055fiGaxoqPmoTGEjwLVNwHaa6kk9bXV5stNDy6CdCRJSfiMs4Pxiq8qm2bUgeaPFl,0,0,รูปภาพ,,,,,อายุการใช้งาน,1428,10,9,0,1,72,51,,21,,0,0,0,0,0,0,0,0,0,0,0,0,0,0,0,0,0,0,,0,1428,0,2992,2992,0,,,,,,,,,,,,,,,,,,,,,,,,,,,,,,,,,,,,,,,,,,,,,,,,,,,,,,,,,,,,,,,,,,,,,,,,,,,,,,,,,,,,,,,,,,,,,,,,,,,,,,,,,,,,,,,,,,,,,,,,,,,,,,,,,,,,,,,,,,,,,,,,
1287313993486867,100066248360694,Kornvikkaclinic,"✈️ KVK GOLDEN PASS “New Journey”
Beauty Passport ที่รวมทุกความคุ้มค่าไว้ครบในใบเดียว 💙
.
เลือก PASS ได้ตามไลฟ์สไตล์ ตั้งแต่ 10,000.- ถึง 100,000.-
พร้อมสิทธิพิเศษที่ยิ่งดูแล…ยิ่งได้มากกว่าเดิม ✨
.
.
🎁 GOLDEN PASS ROUTE
รับวงเงินเพิ่ม / รับโปรแกรมฟรี / คะแนนสะสม
ส่วนลดบิลถัดไปสูงสุด 15% / สิทธิ์แลกซื้อราคาพิเศษ

🎁 BEAUTY PASSPORT POINTS
สะสม POINT แลกรับโปรแกรมยอดฮิต
ทุกยอดใช้จ่าย 10,000.- รับทันที 1 POINT

🎁 KVK WISDOM PRIVILEGE
เปิดวงเงินสุดคุ้ม FREE หัตถการตัวท็อป
เลือกได้ 1 โปรแกรม*

🎁 REFERRAL SYSTEM
ชวนเพื่อนใหม่มาเป็นครอบครัว KVK Clinic
รับ POINT X2 ได้ทั้งผู้แนะนำและเพื่อน 💫
.
เพราะทุกการดูแลตัวเอง…ควรได้รับ Privilege ที่มากกว่า
เริ่มต้น Journey ใหม่ไปกับ KVK Clinic วันนี้ ✈️
.
📅 วันนี้ – 30 มิถุนายน 2569
.
.
.
ช่องทางติดต่อสอบถาม แอดมิน+ ปรึกษาแพทย์
𝐋𝐢𝐧𝐞 𝐎𝐀 เป็นช่องทางหลัก
สาขา 𝗞𝗼𝗿𝗮𝘁 (Head Qaurters) : @1stkvk 
.
สาขา3 : ติดโรงเรียน ปลูกปัญญา เส้นสุระ 2 
📞 061 956 5444
สาขา1 : ในปั้มปตท. ข้างเดอะมอลล์โคราช
📞 087 870 5888
.
🌐 𝐖𝐞𝐛𝐬𝐢𝐭𝐞 : https://kvkclinic.com
📺 𝐘𝐨𝐮𝐭𝐮𝐛𝐞 : https://youtube.com/@kornvikkaclinic1234?si=PwiLo4SaaXs9J2DS
----------
#KVKClinic #DrKoong #หมอเจด
#ยกมาตรฐานจริงใจล้ำสมัย 
#KVKGoldenPass
#KVKBeautyPassport 
#KVKNewJourney
#KVKWisdomPrivilege",,0,"05/14/2026 04:05",N/A,https://www.facebook.com/KVKClinic/posts/pfbid0HRYKzJtb8oqad6wN9Dfs3E6ueiwHZj5FNqG4gdF8Wno4x2idM9LjA3HxtohtbSqZl,0,0,รูปภาพ,,,,,อายุการใช้งาน,2652,6,4,0,2,80,78,,2,,0,0,0,0,0,0,0,0,0,0,0,0,0,0,0,0,0,0,0,0,2645,0,,,,,,,,,,,,,,,,,,,,,,,,,,,,,,,,,,,,,,,,,,,,,,,,,,,,,,,,,,,,,,,,,,,,,,,,,,,,,,,,,,,,,,,,,,,,,,,,,,,,,,,,,,,,,,,,,,,,,,,,,,,,,,,,,,,,,,,,,,,,,,,,,,,
1287928936758706,100066248360694,Kornvikkaclinic,"#หน้าดูเพลีย #แต่งหน้าไม่ติด... ให้โปรแกรม ""Baby Glow"" ช่วยดูแล 💖
สัมผัสประสบการณ์การดูแลผิวที่เน้นความชุ่มชื้นเป็นหลัก ด้วยส่วนผสมที่ออกแบบมาเพื่อฟื้นบำรุงผิวที่ดูอ่อนล้า

.
✨โปรแกรมนี้ผสานพลังระหว่าง RD1 และ VITARAN ที่มีคุณสมบัติ:

▪️เสริมปราการผิว: ช่วยดูแลผิวจากความแห้งกร้าน

▪️คืนความสดใส: เหมาะสำหรับผู้ที่มีปัญหาผิวดูไม่สดชื่นจากการพักผ่อนน้อย

▪️มิติของผิว: ช่วยให้ผิวแลดูเรียบเนียน และดูอิ่มน้ำอย่างเป็นธรรมชาติ

.
📍 รายละเอียดโปรแกรม:

▪️Basic Program : RD1 1CC + VITARAN 1 Syringe (15,900.-)

▪️Advance Program : RD1 2CC + VITARAN 1 Syringe (19,900.-)

(**ผลลัพธ์ขึ้นอยู่กับสภาพผิวเดิมของแต่ละบุคคล)
ทักแชทจองคิววันนี้ ผิวสวยก่อนใครไม่ต้องรอ! 📩
.
.
.
ช่องทางติดต่อสอบถาม แอดมิน+ ปรึกษาแพทย์
𝐋𝐢𝐧𝐞 𝐎𝐀 เป็นช่องทางหลัก
สาขา 𝗞𝗼𝗿𝗮𝘁 (Head Qaurters) : @1stkvk 
.
สาขา3 : ติดโรงเรียน ปลูกปัญญา เส้นสุระ 2 
📞 061 956 5444
สาขา1 : ในปั้มปตท. ข้างเดอะมอลล์โคราช
📞 087 870 5888
.
🌐 𝐖𝐞𝐛𝐬𝐢𝐭𝐞 : https://kvkclinic.com
📺 𝐘𝐨𝐮𝐭𝐮𝐛𝐞 : https://youtube.com/@kornvikkaclinic1234?si=PwiLo4SaaXs9J2DS
----------
#KVKClinic #DrKoong #หมอเจด
#ยกมาตรฐานจริงใจล้ำสมัย 
#BabyGlowProgram #GlassSkin #SkinBooster",,0,"05/14/2026 23:00",N/A,https://www.facebook.com/KVKClinic/posts/pfbid037wEF6cyvDhZ4X8TYPvj5FWUg4p4UfeoPiGLp8RJfJ7hoXF1mS7SPpuxbEEWAHahnl,0,0,รูปภาพ,,,,,อายุการใช้งาน,0,4,4,0,0,0,,,,,0,0,0,0,0,0,0,0,0,0,0,0,0,0,0,0,0,0,0,0,1345,0,2347,2347,0,,,,,,,,,,,,,,,,,,,,,,,,,,,,,,,,,,,,,,,,,,,,,,,,,,,,,,,,,,,,,,,,,,,,,,,,,,,,,,,,,,,,,,,,,,,,,,,,,,,,,,,,,,,,,,,,,,,,,,,,,,,,,,,,,,,,,,,,,,,,,,,,
1287993466752253,100066248360694,Kornvikkaclinic,"Ready for a New Journey? ปลายทางความสวยรอคุณอยู่ที่ KVK Clinic 🎫✨
ไม่ว่าคุณจะมีเป้าหมายผิวแบบไหน KVK Clinic จัดเส้นทางที่ดีที่สุดมาให้เลือกถึง 5 ระดับ! อัปเกรดความคุ้มค่าแบบจัดเต็ม ยิ่งบินสูง ยิ่งได้สิทธิ์พิเศษเพิ่มขึ้น

🎁 ทุก Route รับสิทธิ์ชวนเพื่อนมาเปิดบิล รับคะแนน X2 ทันที!
เช็กอินความสวยได้แล้ววันนี้ที่ KVK Clinic ทุกสาขา
----------
#KVKClinic #DrKoong #หมอเจด
#ยกมาตรฐานจริงใจล้ำสมัย 
#KVKGoldenPass
#KVKBeautyPassport 
#KVKNewJourney","Ready for a New Journey? ปลายทางความสวยรอคุณอยู่ที่ KVK Clinic 🎫✨
ไม่ว่าคุณจะมีเป้าหมายผิวแบบไหน KVK Clinic จัดเส้นทางที่ดีที่สุดมาให้เลือกถึง 5 ระดับ! อัปเกรดความคุ้มค่าแบบจัดเต็ม ยิ่งบินสูง ยิ่งได้สิทธิ์พิเศษเพิ่มขึ้น

🎁 ทุก Route รับสิทธิ์ชวนเพื่อนมาเปิดบิล รับคะแนน X2 ทันที!
เช็กอินความสวยได้แล้ววันนี้ที่ KVK Clinic ทุกสาขา
----------
#KVKClinic #DrKoong #หมอเจด
#ยกมาตรฐานจริงใจล้ำสมัย 
#KVKGoldenPass
#KVKBeautyPassport 
#KVKNewJourney",61,"05/15/2026 00:30",N/A,https://www.facebook.com/reel/1528437088874705/,0,0,วิดีโอ,,,,,อายุการใช้งาน,3309,28,21,0,7,60,,15,43,2,849,34,749,31,199,650,0,0,0,0,3279.961,143.928,9444.7,3793.491,4.889,3.89,4.662,3.224,0,873,2525,0,4432,3074,1303,16662.08,4.26,0,0,0,0.99,0.99,0.97,0.66,0.53,0.44,0.35,0.31,0.29,0.25,0.23,0.22,0.2,0.19,0.18,0.17,0.17,0.16,0.15,0.15,0.14,0.12,0.12,0.11,0.1,0.1,0.1,0.1,0.09,0.1,0.09,0.09,0.09,0.09,0.08,0.08,0.07,0.06,0.05,0.04,0.03,0.99,0.99,0.99,1,1,1,1,1,1,1,1,0.95,0.9,0.83,0.82,0.77,0.73,0.7,0.66,0.65,0.59,0.54,0.52,0.47,0.46,0.44,0.43,0.42,0.41,0.42,0.4,0.38,0.39,0.39,0.36,0.33,0.32,0.25,0.2,0.17,0.15,288,264,125,31,9,21,47,23,19,5,10,5,819,4,,4,,2,1,,,,1,,,,4,,,5,3,2,1,1,1,1,,,,,,,,,,,,,,,,,,,,,
1288082416743358,100066248360694,Kornvikkaclinic,"กรอบหน้ากลับมาอีกครั้ง! ✨✨
แค่เอาเหนียงออกก็เหมือนได้หน้าใหม่
.
คนไข้มีไขมันสะสมบริเวณใต้คางและลำคอ
ทำให้มุมหน้าดูตัน กรอบหน้าไม่ชัด 
และผิวใต้คางมีความหย่อนคล้อย
คุณหมอแก้ไขด้วยโปรแกรมผ่าตัดดูดเหนียง 
เพื่อนำไขมันบางส่วนออก
และเย็บกระชับกล้ามเนื้อ ช่วยลดปัญหาเหนียง
และความหย่อนคล้อยผิวหนัง
หลังทำทันทีเห็นการเปลี่ยนแปลงได้ชัดเหนียงลดลง
กรอบหน้าคมขึ้นอย่างเป็นธรรมชาติ
.
ผ่าตัดดูดเหนียงที่ KVK Clinic
✅ ดูแลโดยแพทย์มากประสบการณ์
✅ ปรึกษากับคุณหมอก่อนเข้าห้องผ่าตัดทุกเคส
✅ ติดตามผลและดูแลหลังผ่าตัดอย่างต่อเนื่อง",,0,"05/15/2026 19:00",N/A,https://www.facebook.com/KVKClinic/posts/pfbid037w7uiRE9Hr7EP76sPjVHpbBYYok8rmwivSvd6kj2djqNJqvEGczMxrBQtSQjVapyl,0,0,รูปภาพ,,,,,อายุการใช้งาน,1180,7,5,2,0,0,,,,,0,0,0,0,0,0,0,0,0,0,0,0,0,0,0,0,0,0,0,0,1180,0,,,,,,,,,,,,,,,,,,,,,,,,,,,,,,,,,,,,,,,,,,,,,,,,,,,,,,,,,,,,,,,,,,,,,,,,,,,,,,,,,,,,,,,,,,,,,,,,,,,,,,,,,,,,,,,,,,,,,,,,,,,,,,,,,,,,,,,,,,,,,,,,,,,
1288710163347250,100066248360694,Kornvikkaclinic,"💡ก่อนตัดสินใจทำ Microneedling RF... ต้องดูคลิปนี้!

😥 ใครที่มีความกังวลเรื่องปัญหารูขุมขนกว้างหรือรอยหลุมสิว วันนี้หมอกุ้ง ( พญ.กรวิกกา พัฒนะปราน ว38020 ) 

จะมาไขข้อสงสัยกับเทคโนโลยี Microneedling RF ที่กำลังเป็นที่นิยม

• ช่วยเรื่องอะไรบ้าง?
• หลังทำต้องดูแลตัวเองอย่างไร?
• ต้องทำบ่อยแค่ไหนถึงจะเหมาะสม?

ปรึกษาปัญหาผิวและประเมินสภาพผิวเบื้องต้นกับคุณหมอได้ที่ KVK Clinic ทุกสาขา🫶

............................................
#KVKClinic #DrKoong #หมอเจด
#ยกมาตรฐานจริงใจล้ำสมัย
#MicroneedlingRF #BeautyTips","💡ก่อนตัดสินใจทำ Microneedling RF... ต้องดูคลิปนี้!

😥 ใครที่มีความกังวลเรื่องปัญหารูขุมขนกว้างหรือรอยหลุมสิว วันนี้หมอกุ้ง ( พญ.กรวิกกา พัฒนะปราน ว38020 ) 

จะมาไขข้อสงสัยกับเทคโนโลยี Microneedling RF ที่กำลังเป็นที่นิยม

• ช่วยเรื่องอะไรบ้าง?
• หลังทำต้องดูแลตัวเองอย่างไร?
• ต้องทำบ่อยแค่ไหนถึงจะเหมาะสม?

ปรึกษาปัญหาผิวและประเมินสภาพผิวเบื้องต้นกับคุณหมอได้ที่ KVK Clinic ทุกสาขา🫶

............................................
#KVKClinic #DrKoong #หมอเจด
#ยกมาตรฐานจริงใจล้ำสมัย
#MicroneedlingRF #BeautyTips",285,"05/15/2026 20:01",N/A,https://www.facebook.com/reel/884776540755707/,0,0,วิดีโอ,,,,,อายุการใช้งาน,5512,47,43,0,4,240,,98,137,5,1767,250,1470,238,1035,732,0,0,0,0,7703.207,78.999,15915.464,41938.617,11.312,3.95,7.671,6.423,0,3058,2497,0,10566,3169,7133,65636.287,7.053,0,0,0,0.99,0.47,0.31,0.23,0.19,0.17,0.16,0.15,0.14,0.13,0.11,0.11,0.1,0.1,0.09,0.09,0.09,0.08,0.08,0.08,0.07,0.07,0.07,0.07,0.07,0.06,0.06,0.06,0.05,0.05,0.05,0.05,0.05,0.05,0.04,0.04,0.04,0.04,0.04,0.02,0.01,1,1,1,0.81,0.67,0.59,0.55,0.51,0.5,0.43,0.39,0.37,0.35,0.34,0.32,0.3,0.31,0.29,0.27,0.26,0.26,0.26,0.24,0.23,0.24,0.22,0.22,0.2,0.19,0.18,0.18,0.18,0.17,0.16,0.15,0.15,0.15,0.13,0.13,0.08,0.04,568,565,202,47,12,57,121,105,29,20,15,10,1719,3,,7,1,4,3,,1,1,,,1,,4,,1,7,5,1,1,2,2,1,,,,1,,,1,,1,,,,,,,,,,,,
1288720566679543,100066248360694,Kornvikkaclinic,"💋 เปลี่ยนลุคใหม่ให้มั่นใจยิ่งขึ้น… ออกแบบมิติริมฝีปากในสไตล์ที่เป็นคุณ
เพราะ “ริมฝีปาก” คือหนึ่งในจุดโฟกัสสำคัญบนใบหน้าที่ช่วยเสริมสร้างบุคลิกและความมั่นใจได้อย่างน่าดึงดูด 

.
✨ ทำไมต้องโปรแกรมดูแลริมฝีปากที่ KVKClinic?

✅ดีไซน์เฉพาะบุคคล (Customized Design): 
ปรับแต่งรูปปากให้เข้ากับโครงหน้าและบุคลิกของคุณ ไม่ว่าจะเป็นสไตล์สายเกาหลีดูอวบอิ่ม สไตล์สายฝอมีมิติคมชัด หรือทรงปากเรียบเนียนดูเป็นธรรมชาติ

✅สัมผัสเรียบเนียน:
ด้วยคุณสมบัติของเนื้อเจลที่มีความยืดหยุ่นสูง จึงช่วยให้ผลลัพธ์ดูสมดุล ไม่รู้สึกเป็นก้อน ยามขยับริมฝีปากหรืออมยิ้ม

✅เติมเต็มความชุ่มชื้น:
ช่วยดูแลปัญหาปากแห้ง แตกเป็นร่อง ให้กลับมาดูฉ่ำวาวและมีสุขภาพดีขึ้นอย่างเห็นได้ชัด

.
""เพราะความมั่นใจเริ่มต้นที่ความลงตัว""
มาร่วมออกแบบรอยยิ้มใหม่ที่สะท้อนความเป็นคุณได้อย่างเต็มที่ ที่ KVKClinic 🫶
.
.
.
ช่องทางติดต่อสอบถาม แอดมิน+ ปรึกษาแพทย์
𝐋𝐢𝐧𝐞 𝐎𝐀 เป็นช่องทางหลัก
สาขา 𝗞𝗼𝗿𝗮𝘁 (Head Qaurters) : @1stkvk 
.
สาขา3 : ติดโรงเรียน ปลูกปัญญา เส้นสุระ 2 
📞 061 956 5444
สาขา1 : ในปั้มปตท. ข้างเดอะมอลล์โคราช
📞 087 870 5888
.
🌐 𝐖𝐞𝐛𝐬𝐢𝐭𝐞 : https://kvkclinic.com
📺 𝐘𝐨𝐮𝐭𝐮𝐛𝐞 : https://youtube.com/@kornvikkaclinic1234?si=PwiLo4SaaXs9J2DS
----------
#KVKClinic #DrKoong #หมอเจด
#ยกมาตรฐานจริงใจล้ำสมัย 
#โปรแกรมฟิลเลอร์ปาก",,0,"05/15/2026 22:00",N/A,https://www.facebook.com/KVKClinic/posts/pfbid02ZyPQZ6iXJZLo6WKJS4aGKriVDWAuxw3K6Y2PgZaTnec1i6q9dr9zM3dpgn39oEnvl,0,0,รูปภาพ,,,,,อายุการใช้งาน,1238,4,4,0,0,12,10,,2,,0,0,0,0,0,0,0,0,0,0,0,0,0,0,0,0,0,0,0,0,1238,,,,,,,,,,,,,,,,,,,,,,,,,,,,,,,,,,,,,,,,,,,,,,,,,,,,,,,,,,,,,,,,,,,,,,,,,,,,,,,,,,,,,,,,,,,,,,,,,,,,,,,,,,,,,,,,,,,,,,,,,,,,,,,,,,,,,,,,,,,,,,,,,,,,
1289553309929602,100066248360694,Kornvikkaclinic,"ความลับผิวสวยที่ได้จากงาน Haus of Allure... รู้แล้วต้องบอกต่อ! 🔑✨
คุณหมอกุ้ง (พญ.กรวิกกา พัฒนะปราน ว38020)ไปร่วมงาน Jeban X Haus of Allure ครั้งนี้

👩‍⚕️งานนี้คุณหมอกุ้งได้ส่งต่อเทคนิคการดูแลผิวหน้าให้ผู้เข้าร่วมกิจกรรม รวมถึงผู้ใช้บริการที่ KVKClinic  โดยเฉพาะเรื่อง After Care ที่หลายคนอาจมองข้าม แต่จริงๆ แล้วมันคือ Secret สำคัญที่ช่วยให้ผลลัพธ์การดูแลผิวชัดเจนและอยู่กับเราได้นานขึ้น

ขอบคุณกิจกรรมดีๆ ที่ทำให้รู้ว่าความสวยที่ยั่งยืนเริ่มต้นจากการใส่ใจค่ะ🫶💕
............................................
#KVKClinic #DrKoong #หมอเจด
#ยกมาตรฐานจริงใจล้ำสมัย 
#JebanTeatime #HausOfAllure #สวยบอกต่อ","ความลับผิวสวยที่ได้จากงาน Haus of Allure... รู้แล้วต้องบอกต่อ! 🔑✨
คุณหมอกุ้ง (พญ.กรวิกกา พัฒนะปราน ว38020)ไปร่วมงาน Jeban X Haus of Allure ครั้งนี้

👩‍⚕️งานนี้คุณหมอกุ้งได้ส่งต่อเทคนิคการดูแลผิวหน้าให้ผู้เข้าร่วมกิจกรรม รวมถึงผู้ใช้บริการที่ KVKClinic  โดยเฉพาะเรื่อง After Care ที่หลายคนอาจมองข้าม แต่จริงๆ แล้วมันคือ Secret สำคัญที่ช่วยให้ผลลัพธ์การดูแลผิวชัดเจนและอยู่กับเราได้นานขึ้น

ขอบคุณกิจกรรมดีๆ ที่ทำให้รู้ว่าความสวยที่ยั่งยืนเริ่มต้นจากการใส่ใจค่ะ🫶💕
............................................
#KVKClinic #DrKoong #หมอเจด
#ยกมาตรฐานจริงใจล้ำสมัย 
#JebanTeatime #HausOfAllure #สวยบอกต่อ",79,"05/16/2026 20:31",auto,https://www.facebook.com/reel/1187463780089157/,0,0,วิดีโอ,,,,,อายุการใช้งาน,2338,13,13,0,0,5,,,5,,578,31,556,31,0,578,0,0,0,0,2554.157,0,8968.705,0,5.15,0,4.843,0,0,0,2338,0,2590,2587,0,11522.862,4.907,0,0,0,1,1,0.76,0.53,0.4,0.31,0.27,0.26,0.24,0.22,0.2,0.17,0.16,0.15,0.14,0.14,0.13,0.13,0.12,0.12,0.11,0.1,0.1,0.1,0.09,0.07,0.07,0.07,0.06,0.06,0.06,0.05,0.05,0.05,0.05,0.05,0.04,0.04,0.02,0.01,0.01,0.99,0.99,1,1,1,1,1,1,0.99,0.9,0.84,0.7,0.65,0.61,0.59,0.57,0.55,0.55,0.5,0.48,0.45,0.42,0.4,0.39,0.36,0.3,0.27,0.27,0.26,0.24,0.23,0.22,0.21,0.2,0.2,0.19,0.17,0.16,0.06,0.06,0.05,202,199,79,17,8,16,24,18,4,5,2,,562,,,2,,3,1,,,1,,,,,3,,,,1,,,1,,,,,1,,,1,,,1,,,,1,,,,,,,,
1289648429920090,100066248360694,Kornvikkaclinic,"🚀KVK WISDOM | มอบสิทธิพิเศษให้คุณดูแลตัวเองได้มากกว่าที่เคย
สิทธิประโยชน์เหนือระดับสำหรับสมาชิก KVK WISDOM เท่านั้น กับแคมเปญ ""คุ้ม 3 ต่อ"" ที่ให้คุณเลือกดูแลตัวเองได้หลากหลายโปรแกรมชั้นนำ ไม่ว่าจะเป็นงานยกกระชับหรืองานผิว

.
✨ สัมผัสความคุ้มค่า 3 ต่อ ที่คุณออกแบบเองได้:

1️⃣ รับ Credit เพิ่มทันที: เมื่อเปิดวงเงินสมาชิก รับส่วนต่างเพิ่มสูงสุดถึง 80,000.- สำหรับใช้บริการโปรแกรมต่างๆ ในคลินิก

2️⃣ Expert Care: ร่วมดูแลและวางแผนความงามโดยทีมงานดูแลครอบคลุมทุกความต้องการภายใต้มาตรฐาน KVK Clinic 

3️⃣ Bonus Privilege: เลือกรับบริการ ""โปรแกรมตัวท็อป"" เพิ่มฟรี 1 รายการ 

💎 เลือกเอกสิทธิ์ WISDOM ที่เหมาะกับคุณ:  

▪️VIP 200,000.- | รับเพิ่ม 25,000.- + เลือกบริการท็อปได้ 1 รายการ

▪️VVIP 300,000.- | รับเพิ่ม 40,000.- + เลือกบริการท็อปได้ 1 รายการ

▪️ELITE VVIP 400,000.- | รับเพิ่ม 60,000.- + เลือกบริการท็อปได้ 1 รายการ

▪️ROYAL VVIP 500,000.- | รับเพิ่ม 80,000.- + เลือกบริการท็อปได้ 1 รายการ

🎁 ความพิเศษที่มากกว่า:
นอกจากวงเงินที่ได้รับเพิ่มแล้ว คุณยังได้รับสิทธิ์เข้าร่วมโปรแกรมพิเศษกับ Dr.Koong ที่จะช่วยออกแบบความสวยให้เป็นเอกลักษณ์ในแบบของคุณเอง

📍 สนใจสอบถามรายละเอียดเพิ่มเติม หรือนัดหมายล่วงหน้าได้ที่ Inbox
.
.
.
ช่องทางติดต่อสอบถาม แอดมิน+ ปรึกษาแพทย์
𝐋𝐢𝐧𝐞 𝐎𝐀 เป็นช่องทางหลัก
สาขา 𝗞𝗼𝗿𝗮𝘁 (Head Qaurters) : @1stkvk 
.
สาขา3 : ติดโรงเรียน ปลูกปัญญา เส้นสุระ 2 
📞 061 956 5444
สาขา1 : ในปั้มปตท. ข้างเดอะมอลล์โคราช
📞 087 870 5888
.
🌐 𝐖𝐞𝐛𝐬𝐢𝐭𝐞 : https://kvkclinic.com
📺 𝐘𝐨𝐮𝐭𝐮𝐛𝐞 : https://youtube.com/@kornvikkaclinic1234?si=PwiLo4SaaXs9J2DS
----------
#KVKClinic #DrKoong #หมอเจด
#ยกมาตรฐานจริงใจล้ำสมัย 
#KVKWisdom #ExclusivePrivilege",,0,"05/17/2026 00:05",N/A,https://www.facebook.com/KVKClinic/posts/pfbid043Gw1kEYHTk7r5AkEsB44yFByGnEFwZtQFvkN4wCa5wtGi22b8iVueBzQ1m9UW9nl,0,0,รูปภาพ,,,,,อายุการใช้งาน,0,6,6,0,0,39,33,,6,,0,0,0,0,0,0,0,0,0,0,0,0,0,0,0,0,0,0,,0,1096,0,,,,,,,,,,,,,,,,,,,,,,,,,,,,,,,,,,,,,,,,,,,,,,,,,,,,,,,,,,,,,,,,,,,,,,,,,,,,,,,,,,,,,,,,,,,,,,,,,,,,,,,,,,,,,,,,,,,,,,,,,,,,,,,,,,,,,,,,,,,,,,,,,,,
1289663853251881,100066248360694,Kornvikkaclinic,"💫มิติใหม่ของความละมุน... Design Your Own Beauty ที่ KVK Clinic 
เหนื่อยจากงานแต่ไม่อยากให้หน้าดูเหนื่อยตาม... มาปรับลุคให้ดูละมุน สดใสขึ้น ด้วยเทคนิคการเติมเต็มอย่างตรงจุดที่ KVK Clinic

.
เราเน้นการแก้ปัญหาที่ต้นเหตุ ไม่ว่าจะเป็นเงาใต้ตาที่ทำให้ดูโทรม หรือโครงหน้าที่ดูไม่อ่อนหวาน เพื่อผลลัพธ์ที่กลมกลืน ดูไม่ออกว่าทำอะไรมา แต่ดูดีขึ้นจนคนทัก

✅ ลดเงาคล้ำใต้ตา ให้หน้าดูไบร์ท
✅ เติมขมับให้รับกับรูปหน้า
✅ ปรับสมดุลใบหน้าให้ดูซอฟต์ อ่อนโยน

👀ดีไซน์ความสวยแบบ Personalize เพื่อลุคที่ดูเป็นธรรมชาติที่สุดสำหรับคุณ
มาดีไซน์ความละมุนไปด้วยกันที่ KVK Clinic... เราพร้อมดูแลทุกรายละเอียดเพื่อคุณ🫶
.
.
.
ช่องทางติดต่อสอบถาม แอดมิน+ ปรึกษาแพทย์
𝐋𝐢𝐧𝐞 𝐎𝐀 เป็นช่องทางหลัก
สาขา 𝗞𝗼𝗿𝗮𝘁 (Head Qaurters) : @1stkvk 
.
สาขา3 : ติดโรงเรียน ปลูกปัญญา เส้นสุระ 2 
📞 061 956 5444
สาขา1 : ในปั้มปตท. ข้างเดอะมอลล์โคราช
📞 087 870 5888
.
🌐 𝐖𝐞𝐛𝐬𝐢𝐭𝐞 : https://kvkclinic.com
📺 𝐘𝐨𝐮𝐭𝐮𝐛𝐞 : https://youtube.com/@kornvikkaclinic1234?si=PwiLo4SaaXs9J2DS
----------
#KVKClinic #DrKoong #หมอเจด
#ยกมาตรฐานจริงใจล้ำสมัย 
#ProgramFiller #โปรแกรมปรับรูปหน้า",,0,"05/17/2026 01:00",N/A,https://www.facebook.com/KVKClinic/posts/pfbid02gPgfyEFKxNRG5AEnk5VjXT2Cbb5NGEegBjdkLJ7eLfsn7mMByAWMFJgPZa8RwMx3l,0,0,รูปภาพ,,,,,อายุการใช้งาน,0,3,2,0,1,0,,,,,0,0,0,0,0,0,0,0,0,0,0,0,0,0,0,0,0,0,,0,1031,0,,,,,,,,,,,,,,,,,,,,,,,,,,,,,,,,,,,,,,,,,,,,,,,,,,,,,,,,,,,,,,,,,,,,,,,,,,,,,,,,,,,,,,,,,,,,,,,,,,,,,,,,,,,,,,,,,,,,,,,,,,,,,,,,,,,,,,,,,,,,,,,,,,,
1289794406572159,100066248360694,Kornvikkaclinic,"เมื่อ ""ความรู้"" มาเจอกับ ""น้ำชายามบ่าย"" บรรยากาศก็จะละมุนประมาณนี้ค่ะ! 🍰✨

เก็บภาพบรรยากาศความประทับใจจากงาน Haus of Allure Teatime มาฝากค่ะ งานนี้ คุณหมอกุ้ง (พญ.กรวิกกา พัฒนะปราน ว38020) ได้รับเกียรติรับเชิญเป็น Doctor Speaker 👩‍⚕️

📚 ร่วมแบ่งปันข้อมูลความรู้และเจาะลึกรายละเอียดเกี่ยวกับผลิตภัณฑ์ (Product Information) ในกลุ่ม Mask เพื่อการดูแลผิวอย่างตรงจุด ภายในบรรยากาศที่อบอุ่นและเป็นกันเอง ณ ABBA BKK เมื่อวันที่ 8 พฤษภาคมที่ผ่านมา

บรรยากาศงานน่ารักใจฟูมาก คุณหมอแฮปปี้สุดๆ ที่ได้แชร์ข้อมูลเจาะลึกเรื่อง Mask ให้ทุกคนได้ฟังกันแบบใกล้ชิดท่ามกลางกลิ่นหอมของน้ำชา ขอบคุณทุกคนที่มาร่วมจิบชาและเก็บเกี่ยวสาระความสวยไปด้วยกันนะคะ!
🫶🩵
............................................
#KVKClinic #DrKoong #หมอเจด
#ยกมาตรฐานจริงใจล้ำสมัย 
#JebanTeatime #HausOfAllure #สวยบอกต่อ",,0,"05/17/2026 04:30",N/A,https://www.facebook.com/KVKClinic/posts/pfbid0NRPEWxKMByYT5dwLowxXtWqwhL7bwng5eLTwsGzuLQja7jrr2sKiA4LPBfQMG4Zbl,0,0,รูปภาพ,,,,,อายุการใช้งาน,0,12,8,0,4,0,,,,,0,0,0,0,0,0,0,0,0,0,0,0,0,0,0,0,0,0,,0,1355,,,,,,,,,,,,,,,,,,,,,,,,,,,,,,,,,,,,,,,,,,,,,,,,,,,,,,,,,,,,,,,,,,,,,,,,,,,,,,,,,,,,,,,,,,,,,,,,,,,,,,,,,,,,,,,,,,,,,,,,,,,,,,,,,,,,,,,,,,,,,,,,,,,,
1289810593237207,100066248360694,Kornvikkaclinic,"โปรแกรม Morphues 8 Prime 
#ดีกว่าเดิมยังไง!!!! ต้องลอง

 💥 ดีลใหญ่ที่ทุกคนรอคอย! กู้ผิวพังให้กลับมาสตรองด้วยเทคโนโลยีล่าสุด
โปรแกรม 𝐌𝐨𝐫𝐩𝐡𝐞𝐮𝐬 𝟖 𝐏𝐫𝐢𝐦𝐞 (𝐍𝐞𝐰 𝐆𝐞𝐧𝐞𝐫𝐚𝐭𝐢𝐨𝐧) เจ็บน้อยลง...แต่ผลลัพธ์ทรงพลังกว่าเดิม!

.
✨ 𝐏𝐫𝐨𝐠𝐫𝐚𝐦 𝐌𝐨𝐫𝐩𝐡𝐞𝐮𝐬 𝟖 𝐏𝐫𝐢𝐦𝐞 ดีกว่ารุ่นเดิมยังไง?

Scale Mode นวัตกรรมล่าสุด : ปรับระดับการส่งพลังงานได้แม่นยำและสมดุลขึ้น พร้อมทั้งช่วยลด Pain Score (ความเจ็บ) ลงอย่างเห็นได้ชัด สบายผิวขึ้นระหว่างทำ

ผลลัพธ์คูณสอง : ถึงจะเจ็บน้อยลง แต่ส่งพลังงานลงลึกกระตุ้นการเรียงตัวใหม่ของชั้นผิวได้ดีกว่าเดิม แก้ปัญหาผิวหย่อนคล้อย รูขุมขน และรอยสิวได้อย่างตรงจุด

.
💎 𝐓𝐡𝐞 𝐔𝐥𝐭𝐢𝐦𝐚𝐭𝐞 𝐆𝐥𝐨𝐰 𝐂𝐨𝐦𝐛𝐨 | เพียง 𝟐𝟗,𝟗𝟎𝟎.-

คุ้มที่สุดเพราะเราให้ครบ ไม่ต้องเลือก! สิ่งที่คุณจะได้รับในแพ็กเกจนี้:
▪️ 𝐏𝐫𝐨𝐠𝐫𝐚𝐦 𝐌𝐨𝐫𝐩𝐡𝐞𝐮𝐬 𝟖 𝐏𝐫𝐢𝐦𝐞 : 𝐅𝐚𝐜𝐞 & 𝐍𝐞𝐜𝐤 
▪️ 𝐏𝐫𝐨𝐠𝐫𝐚𝐦 𝐈𝐧𝐦𝐨𝐝𝐞 𝐋𝐢𝐟𝐭𝐢𝐧𝐠 
▪️ 𝐏𝐫𝐨𝐠𝐫𝐚𝐦 𝐕𝐢𝐭𝐚𝐫𝐚𝐧 (1 syr.)
▪️ 𝐏𝐫𝐨𝐠𝐫𝐚𝐦 𝐆 𝐅𝐚𝐜𝐭𝐨𝐫 
▪️ 𝐏𝐫𝐨𝐠𝐫𝐚𝐦 𝐒𝐤𝐢𝐧 𝐎𝐜𝐥𝐨𝐜𝐤 & 𝐒𝐤𝐢𝐧 𝐂𝐚𝐫𝐞 

.
🤔 ทำไมต้องเลือกทำ 𝐏𝐫𝐨𝐠𝐫𝐚𝐦  𝐌𝐨𝐫𝐩𝐡𝐞𝐮𝐬 𝟖 𝐏𝐫𝐢𝐦𝐞 ที่ 𝐊𝐕𝐊 𝐂𝐥𝐢𝐧𝐢𝐜?

เพราะเราไม่เพียงแค่ทำเสร็จแล้วจบไป แต่เราออกแบบระบบ Pre-care & Post-care มาให้ครบในแพ็กเกจเดียว เพื่อช่วยซัพพอร์ตการฟื้นตัวของผิว (Downtime สั้นลง) และเสริมประสิทธิภาพการทำงานของตัวเครื่องให้ได้ผลลัพธ์สูงสุด

👩‍⚕️ ดูแลโดยทีมแพทย์ผู้เชี่ยวชาญ ใส่ใจและออกแบบการวางพลังงาน (Energy Design) ตามสภาพผิวและการตอบสนองของแต่ละบุคคลโดยเฉพาะ
(หมายเหตุ: การรักษาแต่ละครั้งขึ้นอยู่กับการวินิจฉัยของแพทย์และสภาพผิวรายบุคคล)

📩 ไม่อยากพลาดดีลสุดคุ้มนี้?
ทัก Inbox เพื่อจองคิว หรือส่งรูปมาให้คุณหมอช่วยประเมินผิวเบื้องต้นก่อนได้เลยค่ะ! 👉

.
.
.
ช่องทางติดต่อสอบถาม แอดมิน+ ปรึกษาแพทย์
𝐋𝐢𝐧𝐞 𝐎𝐀 เป็นช่องทางหลัก
สาขา 𝗞𝗼𝗿𝗮𝘁 : @1stkvk 
.
🔹 สาขา 𝗞𝗼𝗿𝗮𝘁 : โคราช (Head Qaurters)
สาขา3 : ติดโรงเรียน ปลูกปัญญา เส้นสุระ 2 
สาขา1 : ในปั้มปตท. ข้างเดอะมอลล์โคราช
📞 06 1956 5444
.
🌐𝐖𝐞𝐛𝐬𝐢𝐭𝐞 : https://kvkclinic.com
📺𝐘𝐨𝐮𝐭𝐮𝐛𝐞 : https://youtube.com/@kornvikkaclinic1234?si=PwiLo4SaaXs9J2DS
............................................
#KVKClinic #DrKoong #หมอเจด
#ยกมาตรฐานจริงใจล้ำสมัย 
#ProgramMorpheus8Prime",,0,"05/17/2026 05:00",N/A,https://www.facebook.com/KVKClinic/posts/pfbid02mGeXP78HXACKFmzn7KnykCoFtWTxXbiH2PoKP5w1Upzz9TQMqZKTDCDNFs8KBwPFl,0,0,รูปภาพ,,,,,อายุการใช้งาน,0,4,4,0,0,0,,,,,0,0,0,0,0,0,0,0,0,0,0,0,0,0,0,0,0,0,0,0,1119,,,,,,,,,,,,,,,,,,,,,,,,,,,,,,,,,,,,,,,,,,,,,,,,,,,,,,,,,,,,,,,,,,,,,,,,,,,,,,,,,,,,,,,,,,,,,,,,,,,,,,,,,,,,,,,,,,,,,,,,,,,,,,,,,,,,,,,,,,,,,,,,,,,,
1290431036508496,100066248360694,Kornvikkaclinic,"🌟 𝐑𝐞𝐯𝐞𝐚𝐥 𝐘𝐨𝐮𝐫 𝐁𝐞𝐬𝐭 𝐒𝐤𝐢𝐧: 𝟑 ทางเลือกอัปเกรดผิวสวยที่ 𝐊𝐕𝐊 𝐂𝐥𝐢𝐧𝐢𝐜 
เพราะผิวแต่ละแบบต้องการดูแลที่ไม่เหมือนกัน... พบกับ 𝐃𝐢𝐬𝐜𝐨𝐯𝐞𝐫𝐲 𝐏𝐫𝐨𝐠𝐫𝐚𝐦 เซตคู่หูสุดพิเศษที่รวม ""เทคโนโลยีมาตรฐาน"" มาดูแลผิวคุณให้กลับมาดูสดใส มั่นใจอีกครั้ง ในราคาพิเศษที่สุด!

.
🔍 เลือกแมตช์โปรแกรมที่ตอบโจทย์คุณ:

🔴𝐓𝐡𝐞 𝐒𝐩𝐨𝐭 𝐄𝐫𝐚𝐬𝐞𝐫 | 𝐏𝐫𝐨𝐠𝐫𝐚𝐦 𝐏𝐢𝐜𝐨𝐬𝐮𝐫𝐞 𝐏𝐫𝐨 + 𝐏𝐫𝐨𝐠𝐫𝐚𝐦 𝐕𝐢𝐭𝐚𝐫𝐚𝐧
จัดการปัญหาจุดด่างดำ รอยจากสิว และความหมองคล้ำ ให้ผิวดูสว่างกระจ่างใสขึ้น พร้อมฟื้นฟูผิวให้แข็งแรงไปพร้อมๆ กัน

🟠𝐓𝐡𝐞 𝐆𝐥𝐨𝐰 𝐁𝐨𝐨𝐬𝐭𝐞𝐫 | 𝐏𝐫𝐨𝐠𝐫𝐚𝐦 𝐑𝐞𝐝𝐓𝐨𝐮𝐜𝐡 𝐏𝐫𝐨 + 𝐏𝐫𝐨𝐠𝐫𝐚𝐦 𝐕𝐢𝐭𝐚𝐫𝐚𝐧
เน้นงานผิวละเอียด กระชับรูขุมขน พร้อมเติมสารอาหารให้ผิวดูอิ่มน้ำ สุขภาพดีจากภายใน เหมาะมากสำหรับใครที่อยากได้ผิวฟูดูโกลว์

🟡𝐓𝐡𝐞 𝐒𝐤𝐢𝐧 𝐑𝐞𝐟𝐢𝐧𝐞𝐫 | 𝐏𝐫𝐨𝐠𝐫𝐚𝐦 𝐃𝐞𝐫𝐦𝐚𝐕 + 𝐏𝐫𝐨𝐠𝐫𝐚𝐦 𝐕𝐢𝐭𝐚𝐫𝐚𝐧
เน้นการปรับสีผิวให้สม่ำเสมอ ลดรอยแดง และปลอบประโลมผิวให้เรียบเนียน เหมาะสำหรับผิวที่ต้องการการดูแลอย่างอ่อนโยนแต่ล้ำลึก

.
💳 𝐒𝐩𝐞𝐜𝐢𝐚𝐥 𝐎𝐟𝐟𝐞𝐫: เพียง 𝟏𝟎,𝟗𝟎𝟎.- เท่านั้น!
📍 สิทธิ์พิเศษ: จำกัด 𝟏 ท่าน / 𝟏 สิทธิ์ (จำนวนจำกัดในแต่ละสาขา)

⭐ 𝐄𝐱𝐜𝐥𝐮𝐬𝐢𝐯𝐞 𝐂𝐡𝐨𝐢𝐜𝐞: สำหรับท่านที่ต้องการปรึกษาและดูแลโดย ""คุณหมอกุ้ง""
(มีค่าดูแลเพิ่มเติม: สาขาสยาม +2,000.- / สาขาโคราช +1,000.-)

ให้เทคโนโลยีระดับพรีเมียมเป็นตัวช่วยดูแลผิวคุณวันนี้

💬 สอบถามคิวว่างหรือปรึกษาเพิ่มเติม ทักแชทได้เลยค่ะ
.
.
.
ช่องทางติดต่อสอบถาม แอดมิน+ ปรึกษาแพทย์
𝐋𝐢𝐧𝐞 𝐎𝐀 เป็นช่องทางหลัก
สาขา 𝗞𝗼𝗿𝗮𝘁 : @1stkvk 
.
🔹 สาขา 𝗞𝗼𝗿𝗮𝘁 : โคราช (Head Qaurters)
สาขา3 : ติดโรงเรียน ปลูกปัญญา เส้นสุระ 2 
สาขา1 : ในปั้มปตท. ข้างเดอะมอลล์โคราช
📞 06 1956 5444
.
🌐𝐖𝐞𝐛𝐬𝐢𝐭𝐞 : https://kvkclinic.com
📺𝐘𝐨𝐮𝐭𝐮𝐛𝐞 : https://youtube.com/@kornvikkaclinic1234?si=PwiLo4SaaXs9J2DS
............................................
#KVKClinic #DrKoong #หมอเจด
#ยกมาตรฐานจริงใจล้ำสมัย 
#DiscoveryProgram #SkinDesign",,0,"05/17/2026 22:29",N/A,https://www.facebook.com/KVKClinic/posts/pfbid02N1Meq9NmWxaKRPZ6q8hVqfhc4dgfEVB2hYTzdeHXHQ1WXepNRmdc12kGKheAf5wDl,0,0,รูปภาพ,,,,,อายุการใช้งาน,0,7,4,1,2,0,,,,,0,0,0,0,0,0,0,0,0,0,0,0,0,0,0,0,0,0,,3355,1046,0,6344,1746,4598,,,,,,,,,,,,,,,,,,,,,,,,,,,,,,,,,,,,,,,,,,,,,,,,,,,,,,,,,,,,,,,,,,,,,,,,,,,,,,,,,,,,,,,,,,,,,,,,,,,,,,,,,,,,,,,,,,,,,,,,,,,,,,,,,,,,,,,,,,,,,,,,
1290478063170460,100066248360694,Kornvikkaclinic,"⚡️ อัปเกรดงานผิวขั้นสุดกับโปรแกรม Morpheus8 PROMAX | นิยามใหม่ของผิวแลดูอ่อนเยาว์อย่างเป็นธรรมชาติ

นวัตกรรมระดับโกลด์สแตนดาร์ดที่ช่วยปลุกพลังคอลลาเจนและอีลาสตินจากภายใน ให้ผิวกลับมาแลดูมีชีวิตชีวาอีกครั้ง! 🚀

.
🔥 ทำไม Program Morpheus8 PROMAX ถึงเป็นทอล์กออฟเดอะทาวน์?

รอบนี้จัดเต็มกว่าเดิมด้วยไอเทมหัวทิปใหม่ถึง 2 สไตล์ ที่ออกแบบมาเพื่อดูแลสภาพผิวได้อย่างตรงจุด:

1️⃣ Program Morpheus 24pin (ทิปยอดฮิตเพื่อความเฟิร์ม)
• ส่งพลังงานคลื่นความถี่วิทยุ (RF) ลงลึกสู่ชั้นผิวอย่างแม่นยำ
• ปลุกการทำงานของคอลลาเจนและอีลาสตินให้ตื่นตัว
• เน้นงานผิวช้อนกระชับ ดูแลผิวที่หย่อนคล้อยให้กลับมาเรียบเนียน ได้รูป

2️⃣ Program Resurfacing (NEW TIP! ทิปใหม่เพื่องานผิวเนียนละเอียด)
• ปัดเป่าความหมองคล้ำ ฟื้นบำรุงผิวชั้นบนให้แลดูเรียบเนียน
• ปรับเลเยอร์ผิวให้ดูสม่ำเสมอ เผยสัมผัสที่นุ่มนวล น่าสัมผัส

.
💡 Tips: สัมผัสความเปลี่ยนแปลงของงานผิวที่ดูเล็กลง ละเอียดขึ้น และเปล่งประกายในแบบที่เป็นคุณ

💬 สอบถามคิวว่างหรือปรึกษาเพิ่มเติม ทักแชทได้เลยค่ะ
.
.
.
ช่องทางติดต่อสอบถาม แอดมิน+ ปรึกษาแพทย์
𝐋𝐢𝐧𝐞 𝐎𝐀 เป็นช่องทางหลัก
สาขา 𝗞𝗼𝗿𝗮𝘁 : @1stkvk 
.
🔹 สาขา 𝗞𝗼𝗿𝗮𝘁 : โคราช (Head Qaurters)
สาขา3 : ติดโรงเรียน ปลูกปัญญา เส้นสุระ 2 
สาขา1 : ในปั้มปตท. ข้างเดอะมอลล์โคราช
📞 06 1956 5444
.
🌐𝐖𝐞𝐛𝐬𝐢𝐭𝐞 : https://kvkclinic.com
📺𝐘𝐨𝐮𝐭𝐮𝐛𝐞 : https://youtube.com/@kornvikkaclinic1234?si=PwiLo4SaaXs9J2DS
............................................
#KVKClinic #DrKoong #หมอเจด
#ยกมาตรฐานจริงใจล้ำสมัย 
#ProgramMorpheus8PROMAX #คลื่นความถี่วิทยุRF",,0,"05/18/2026 00:30",N/A,https://www.facebook.com/KVKClinic/posts/pfbid0sYs6WE4q4sL1JMp7uMiDZzZeMR5GmMUr9HP5DBsMdn3RrTXjGXf31tK6CzFYi9kMl,0,0,รูปภาพ,,,,,อายุการใช้งาน,0,3,3,0,0,29,21,1,7,,0,0,0,0,0,0,0,0,0,0,0,0,0,0,0,0,0,0,,,,0,1650,1650,0,,,,,,,,,,,,,,,,,,,,,,,,,,,,,,,,,,,,,,,,,,,,,,,,,,,,,,,,,,,,,,,,,,,,,,,,,,,,,,,,,,,,,,,,,,,,,,,,,,,,,,,,,,,,,,,,,,,,,,,,,,,,,,,,,,,,,,,,,,,,,,,,
1290629196488680,100066248360694,Kornvikkaclinic,"โดนแอบถ่ายยังรอด เพราะดูแลตัวเองมาดี!

ใครอยากสวยแพ็คคู่ รีบทักมาถามด่วน โปรนี้แชร์กับเพื่อนคือคุ้มที่สุด! 📸✨

............................................
#KVKClinic #DrKoong #หมอเจด
#ยกมาตรฐานจริงใจล้ำสมัย
#เพื่อนชวนเพื่อน #โปรดีบอกต่อ","โดนแอบถ่ายยังรอด เพราะดูแลตัวเองมาดี!

ใครอยากสวยแพ็คคู่ รีบทักมาถามด่วน โปรนี้แชร์กับเพื่อนคือคุ้มที่สุด! 📸✨

............................................
#KVKClinic #DrKoong #หมอเจด
#ยกมาตรฐานจริงใจล้ำสมัย
#เพื่อนชวนเพื่อน #โปรดีบอกต่อ",41,"05/18/2026 04:24",N/A,https://www.facebook.com/reel/1232724032090879/,0,0,วิดีโอ,,,,,อายุการใช้งาน,2164,26,20,1,5,26,,3,23,,727,0,676,0,111,616,0,0,0,0,2437.352,117.988,9249.349,1691.792,4.846,3.933,6.388,4.107,0,369,1870,0,2675,2201,458,13496.481,5.639,0,0,0,0.99,0.99,0.99,0.98,0.87,0.79,0.7,0.64,0.59,0.55,0.53,0.49,0.46,0.35,0.29,0.25,0.24,0.23,0.22,0.19,0.18,0.17,0.16,0.15,0.15,0.14,0.14,0.14,0.14,0.13,0.13,0.13,0.12,0.12,0.12,0.11,0.09,0.08,0.07,0.06,0.06,0.99,0.99,0.99,0.99,0.99,0.99,0.99,0.99,0.99,1,1,1,1,0.99,0.99,0.94,0.9,0.85,0.83,0.72,0.67,0.63,0.6,0.55,0.54,0.53,0.52,0.5,0.5,0.48,0.48,0.46,0.45,0.44,0.43,0.39,0.32,0.3,0.25,0.23,0.19,279,248,107,18,6,17,23,9,4,3,3,6,702,,,3,2,4,2,1,,2,,1,,,1,,,1,2,,,,1,,,,2,,,1,,,1,,,,,,,,1,,,,
1291200779764855,100066248360694,Kornvikkaclinic,"#8PointFacelift ปรับมิติหน้าให้เป๊ะกว่าเดิม!
บางครั้งการแก้ปัญหาร่องแก้มหรือความหย่อนคล้อย ไม่ใช่แค่การเติมให้เต็ม... แต่คือการคืนสมดุลให้กับโครงสร้างผิวด้วยเทคนิค 8-Point Facelift

👩‍⚕️คุณหมอกุ้ง (พญ.กรวิกกา พัฒนปราน ว38020) ที่ KVK Clinic ประเมินโครงสร้างใบหน้า เพื่อช่วยพยุงและปรับมิติให้หน้าดูสดใสขึ้นแบบมีชั้นเชิง

เพราะใบหน้าแต่ละคนมีเอกลักษณ์ที่ไม่เหมือนกัน... ให้คุณหมอกุ้งช่วยค้นหา 'จุดเปลี่ยน' ที่ดีที่สุดสำหรับคุณนะคะ

💬 ทักแชทเพื่อจองคิวประเมินรูปหน้าเบื้องต้น (ไม่มีค่าใช้จ่าย) ได้เลยค่ะ
............................................
#KVKClinic #DrKoong #หมอเจด
#ยกมาตรฐานจริงใจล้ำสมัย
#เทคนิคปรับรูปหน้า #FacialDesign","#8PointFacelift ปรับมิติหน้าให้เป๊ะกว่าเดิม!
บางครั้งการแก้ปัญหาร่องแก้มหรือความหย่อนคล้อย ไม่ใช่แค่การเติมให้เต็ม... แต่คือการคืนสมดุลให้กับโครงสร้างผิวด้วยเทคนิค 8-Point Facelift

👩‍⚕️คุณหมอกุ้ง (พญ.กรวิกกา พัฒนปราน ว38020) ที่ KVK Clinic ประเมินโครงสร้างใบหน้า เพื่อช่วยพยุงและปรับมิติให้หน้าดูสดใสขึ้นแบบมีชั้นเชิง

เพราะใบหน้าแต่ละคนมีเอกลักษณ์ที่ไม่เหมือนกัน... ให้คุณหมอกุ้งช่วยค้นหา 'จุดเปลี่ยน' ที่ดีที่สุดสำหรับคุณนะคะ

💬 ทักแชทเพื่อจองคิวประเมินรูปหน้าเบื้องต้น (ไม่มีค่าใช้จ่าย) ได้เลยค่ะ
............................................
#KVKClinic #DrKoong #หมอเจด
#ยกมาตรฐานจริงใจล้ำสมัย
#เทคนิคปรับรูปหน้า #FacialDesign",325,"05/18/2026 21:17",N/A,https://www.facebook.com/reel/2037180210551316/,0,0,วิดีโอ,,,,,อายุการใช้งาน,2414,34,29,2,3,42,,4,38,,640,120,601,113,34,606,0,0,0,0,8483.408,1185.63,25107.101,1058.378,14.703,22.371,14.09,9.124,0,79,2357,0,2838,2696,124,35834.517,14.175,0,0,0,0.99,0.57,0.38,0.3,0.27,0.24,0.21,0.19,0.18,0.16,0.15,0.14,0.13,0.13,0.14,0.13,0.12,0.12,0.11,0.11,0.11,0.1,0.11,0.09,0.1,0.1,0.09,0.09,0.09,0.09,0.09,0.09,0.08,0.08,0.08,0.09,0.1,0.1,0.09,0.08,0.04,1,1,0.96,0.77,0.69,0.61,0.53,0.47,0.44,0.42,0.38,0.34,0.34,0.34,0.35,0.32,0.3,0.29,0.29,0.28,0.28,0.26,0.27,0.24,0.25,0.25,0.22,0.23,0.23,0.22,0.22,0.22,0.21,0.21,0.21,0.23,0.25,0.25,0.22,0.2,0.09,228,215,97,24,9,12,28,16,,3,1,3,601,4,2,8,2,3,3,,,,,,,1,3,,,2,2,,1,,2,,1,,1,1,,,1,1,1,,,,,,,,,,,,
1291201573098109,100066248360694,Kornvikkaclinic,"จากไม่มีทรง ใส่อะไรก็ดูไม่เต็ม
สู่ลุคที่แต่งตัวได้สนุกขึ้น ✨
.
จะเห็นว่าคนไข้มีลักษณะหน้าอกค่อนข้างเล็ก
ทำให้เวลาสวมใส่เสื้อผ้าจะดูไม่เต็มทรง
โดยเฉพาะเสื้อสายเดี่ยวหรือเสื้อเข้ารูป
เคสนี้แก้ไข้ด้วยโปรแกรมเสริมหน้าอก
หลังทำไป 3 ปี จะเห็นได้ว่าทรงหน้าอกยังคงสวยชัด
ดูเป็นธรรมชาติและเข้ากับสรีระ หน้าอกดูมีมิติขึ้นอย่างชัดเจน
เวลาใส่เสื้อผ้าจะเห็นทรงที่ชัดขึ้น
.
ผ่าตัดเสริมหน้าอกที่ KVK Clinic
✅ ดูแลโดยแพทย์มากประสบการณ์
✅ ปรึกษากับคุณหมอก่อนเข้าห้องผ่าตัดทุกเคส
✅ ออกแบบข้างต่อข้างให้เข้ากับแต่ละบุคคล แบบเคสต่อเคส
✅ ติดตามผลและดูแลหลังผ่าตัดอย่างต่อเนื่อง",,0,"05/18/2026 22:00",N/A,https://www.facebook.com/KVKClinic/posts/pfbid0nk3vCpECwQYZP4rQo3n1jAt4XPVBVYnuFUkCxyh43oRZn9oaNcgMS9Qom94y5XDxl,0,0,รูปภาพ,,,,,อายุการใช้งาน,0,5,4,0,1,0,,,,,0,0,0,0,0,0,0,0,0,0,0,0,0,0,0,0,0,0,,,,,,,,,,,,,,,,,,,,,,,,,,,,,,,,,,,,,,,,,,,,,,,,,,,,,,,,,,,,,,,,,,,,,,,,,,,,,,,,,,,,,,,,,,,,,,,,,,,,,,,,,,,,,,,,,,,,,,,,,,,,,,,,,,,,,,,,,,,,,,,,,,,,,,,
1291424886409111,100066248360694,Kornvikkaclinic,"🛑 หยุดสาดโปรแกรมฟิลเลอร์ใส่ร่องแก้ม!
เจาะลึกโครงสร้างร่องแก้ม กับ #เทคนิคการดีไซน์ของหมอกุ้ง
(พญ.กรวิกกา พัฒนะปราน ว38020) ที่ KVKClinic 

🧐เคยสังเกตไหมคะ? บางคนเติมร่องแก้มมาแล้วหน้าเปลี่ยนไปเลย ดูละมุน อ่อนเยาว์ แต่บางคนเติมแล้วกลับรู้สึกว่าหน้าดูอูม ยิ้มแล้วดูไม่เป็นธรรมชาติ
นั่นเป็นเพราะ “ร่องแก้มลึก” เป็นเพียงปลายเหตุค่ะ แต่ต้นเหตุใต้ชั้นผิวของแต่ละคนนั้น... แตกต่างกันอย่างสิ้นเชิง

.
1️⃣ ฐานทรุด (กระดูกส่วนกลางใบหน้ายุบตัว)

🔸อาการ: เป็นแอ่งลึกก้นกระทะตรงข้างปีกจมูกชัดเจน

🔸วิธีแก้: คุณหมอจะใช้ฟิลเลอร์เนื้อพุ่ง คงตัวสูง เติมเสริมแทนที่ฐานกระดูกที่ทรุดตัวโดยตรง ปรับมิติใบหน้าส่วนกลางให้อิ่มฟู ดูอ่อนเยาว์อย่างเป็นธรรมชาติ

🔸ปริมาณประมาณ: 1 - 2 cc (รวม 2 ข้าง)

2️⃣ บนคล้อย (โครงสร้างใต้ตาและหน้าแก้มฝ่อตัว)

🔸อาการ: หน้าแก้มแบน ผิวหย่อนคล้อยลงมากองทับจนเกิดเป็นเส้นร่องแก้ม

🔸วิธีแก้: เติมตรงๆ หน้าจะล้น เทคนิคคือ ""ต้องพยุงข้างบน ก่อนเก็บข้างล่าง"" คุณหมอจะใช้ฟิลเลอร์เนื้อแน่น แรงยกสูง พยุงหน้าแก้มให้ยกกระชับขึ้นก่อน แล้วค่อยเก็บรายละเอียดร่องแก้มอย่างเบามือ

🔸ปริมาณประมาณ: 1 - 3 cc (รวม 2 ข้าง)

3️⃣ เอ็นหย่อน (เส้นเอ็นยึดผิว ZCL เสื่อมสภาพตามวัย)

🔸อาการ: อายุเริ่มเยอะ ผิวขาดความยืดหยุ่น เนื้อแก้มห้อยพับเป็นชั้น

🔸วิธีแก้: ต้องดูแลแบบองค์รวม โดยใช้เทคนิค Filler Lifting ควบคู่กับกลุ่มเครื่องยกกระชับ หรือไหมละลาย เพื่อช่วยกระตุ้นคอลลาเจนตามธรรมชาติ คืนความแน่นเฟิร์มให้ชั้นผิวในระยะยาว

🔸ปริมาณประมาณ: 2 - 3 cc (รวม 2 ข้าง)

.
👩‍⚕️ทริคเล็กๆจากหมอกุ้ง : ปัญหาร่องแก้มของบางท่านอาจเกิดจากหลายสาเขตร่วมกัน การเข้ามาตรวจเช็กโครงสร้างใบหน้าโดยละเอียด จะช่วยให้เราออกแบบการรักษาได้แม่นยำและได้ผลลัพธ์ที่ละมุนที่สุดค่ะ🫶
*ผลลัพธ์ที่ได้ขึ้นอยู่กับแต่ละบุคคล
............................................
#KVKClinic #DrKoong #หมอเจด
#ยกมาตรฐานจริงใจล้ำสมัย
#เทคนิคปรับรูปหน้า #FacialDesign #โปรแกรมฟิลเลอร์",,0,"05/19/2026 04:11",N/A,https://www.facebook.com/KVKClinic/posts/pfbid0xSbLTzWQovCLZvh2To2ixVEqe9V2tXztUE2WecXvLqMPX3zuek3hV2b19Anip7WBl,0,0,รูปภาพ,,,,,อายุการใช้งาน,2929,75,72,0,3,0,,,,,0,0,0,0,0,0,0,0,0,0,0,0,0,0,0,0,0,0,0,,,0,,,,,,,,,,,,,,,,,,,,,,,,,,,,,,,,,,,,,,,,,,,,,,,,,,,,,,,,,,,,,,,,,,,,,,,,,,,,,,,,,,,,,,,,,,,,,,,,,,,,,,,,,,,,,,,,,,,,,,,,,,,,,,,,,,,,,,,,,,,,,,,,,,,
1291437353074531,100066248360694,Kornvikkaclinic,"ทำไม…โปรแกรมฟิลเลอร์ปรับรูปหน้า” ที่ KVK Clinic ถึงครองใจทุกคน?

🥰ไม่ต้องพึ่งกระแสโฆษณา แต่ยืนหนึ่งด้วยผลลัพธ์และความประทับใจจริง เพราะใครที่ได้เข้ามาสัมผัสประสบการณ์ดีไซน์ใบหน้าและการดูแลอย่างใส่ใจที่นี่ ต่างบอกเป็นเสียงเดียวกันว่า  ""ประทับใจจนต้องกลับมาดูแลอย่างต่อเนื่อง""

.
ทำไม “โปรแกรมฟิลเลอร์ปรับรูปหน้า” ที่ KVK Clinic ถึงครองใจทุกคน?

✅ Customized Design (การออกแบบเฉพาะบุคคล)
: เพราะโครงสร้างใบหน้าของแต่ละคนมีมิติและเนื้อผิวที่ต่างกัน คุณหมอจะตรวจประเมินอย่างละเอียดแบบ Case by Case ไม่ใช่การเติมตามบล็อก แต่เป็นการดีไซน์เพื่อดึงเอกลักษณ์ความสวยในแบบที่เป็นคุณออกมาให้ดีที่สุด

✅ Anatomical Precision (ความแม่นยำชั้นสูง)
: มั่นใจในทุกมิติด้วยเทคนิคการวางตำแหน่งผลิตภัณฑ์ที่ถูกต้อง แม่นยำตรงชั้นผิว เพื่อผลลัพธ์ที่เรียบเนียน ดูละมุน พลิกฟื้นความอ่อนเยาว์อย่างเป็นธรรมชาติ ไม่แข็ง ไม่ดูล้น

✅ Premium Selection (คัดสรรสิ่งที่ดีที่สุด)
: เราเลือกใช้เฉพาะผลิตภัณฑ์ฟิลเลอร์พรีเมียมระดับโลก (World-class Brand) ผ่านการรับรองมาตรฐานสากล โดยคุณหมอจะเลือกเนื้อเจลที่มีโมเลกุลเหมาะสมกับแต่ละชั้นผิวและแต่ละปัญหาอย่างตรงจุดที่สุด

.
ไม่ว่าจะเป็นการปรับมิติส่วนกลางใบหน้า, การเติมเต็มฐานโครงสร้างที่ยุบตัว, หรือการพยุงชั้นผิวเพื่อความยกกระชับ... ให้ความเชี่ยวชาญและการออกแบบอย่างประณีตจากทีมแพทย์ KVK Clinic ดูแลคุณนะคะ🫶🩵

💬 สอบถามคิวว่างหรือปรึกษาเพิ่มเติม ทักแชทได้เลยค่ะ
.
.
.
ช่องทางติดต่อสอบถาม แอดมิน+ ปรึกษาแพทย์
𝐋𝐢𝐧𝐞 𝐎𝐀 เป็นช่องทางหลัก
สาขา 𝗞𝗼𝗿𝗮𝘁 : @1stkvk 
.
🔹 สาขา 𝗞𝗼𝗿𝗮𝘁 : โคราช (Head Qaurters)
สาขา3 : ติดโรงเรียน ปลูกปัญญา เส้นสุระ 2 
สาขา1 : ในปั้มปตท. ข้างเดอะมอลล์โคราช
📞 06 1956 5444
.
🌐𝐖𝐞𝐛𝐬𝐢𝐭𝐞 : https://kvkclinic.com
📺𝐘𝐨𝐮𝐭𝐮𝐛𝐞 : https://youtube.com/@kornvikkaclinic1234?si=PwiLo4SaaXs9J2DS
............................................
#KVKClinic #DrKoong #หมอเจด
#ยกมาตรฐานจริงใจล้ำสมัย 
#เทคนิคปรับรูปหน้า #FacialDesign #โปรแกรมฟิลเลอร์",,0,"05/19/2026 05:05",N/A,https://www.facebook.com/KVKClinic/posts/pfbid0BK9sMR8pjkpiUM9UydBQmJvCznBAcMr9R41hq3HiNwzqxB547NGH7uRgf6GHh7s5l,0,0,รูปภาพ,,,,,อายุการใช้งาน,0,2,2,0,0,0,,,,,0,0,0,0,0,0,0,0,0,0,0,0,0,0,0,0,0,0,,0,849,0,,,,,,,,,,,,,,,,,,,,,,,,,,,,,,,,,,,,,,,,,,,,,,,,,,,,,,,,,,,,,,,,,,,,,,,,,,,,,,,,,,,,,,,,,,,,,,,,,,,,,,,,,,,,,,,,,,,,,,,,,,,,,,,,,,,,,,,,,,,,,,,,,,,
1291332966418303,100066248360694,Kornvikkaclinic,"เปลี่ยนมุมข้างให้ดูละมุนขึ้น 👃✨
จมูกมีมิติขึ้น ลุคก็เปลี่ยนทันที
.
ก่อนทำเคสนี้สันจมูกค่อนข้างต่ำ
ปลายจมูกมีความมนและสั้นเล็กน้อย
ทำให้เวลามองด้านข้าง ใบหน้าดูเรียบและขาดมิติ
คุณหมอแก้ไขด้วยโปรแกรมเสริมจมูก
พร้อมออกแบบทรงจมูกให้เหมาะกับรูปหน้า
หลังทำจะเห้นได้ชัดว่าจมูกดูเรียวขึ้น มุมข้างดูมีมิติขึ้น
ปรับปลายจมูกให้ดูพุ่งขึ้นอย่างพอดีแลดูธรรมชาติ
ช่วยให้ลุคโดยรวมดูหวานเข้ากับใบหน้า
.
ผ่าตัดเสริมจมูกที่ KVK Clinic
✅ ดูแลโดยแพทย์มากประสบการณ์
✅ ปรึกษากับคุณหมอก่อนเข้าห้องผ่าตัดทุกเคส
✅ ออกแบบทรงจมูกให้เข้ากับแต่ละบุคคล แบบเคสต่อเคส
✅ ติดตามผลและดูแลหลังผ่าตัดอย่างต่อเนื่อง",,0,"05/19/2026 19:00",N/A,https://www.facebook.com/KVKClinic/posts/pfbid0BgfjCaTXTtRCSSU4dFqiy1t6T68CTWFGVFvDWMmR4XebB2S7f6ht3DJm8DgY12xel,0,0,รูปภาพ,,,,,อายุการใช้งาน,0,2,2,0,0,2,2,,,,0,0,0,0,0,0,0,0,0,0,0,0,0,0,0,0,0,0,,0,713,0,,,,,,,,,,,,,,,,,,,,,,,,,,,,,,,,,,,,,,,,,,,,,,,,,,,,,,,,,,,,,,,,,,,,,,,,,,,,,,,,,,,,,,,,,,,,,,,,,,,,,,,,,,,,,,,,,,,,,,,,,,,,,,,,,,,,,,,,,,,,,,,,,,,
1292017439683189,100066248360694,Kornvikkaclinic,"แท็กเพื่อนซี้ด่วน! 👇
มิตรภาพที่แท้จริงคือการพากันไปดูดีและมั่นใจขึ้นค่ะ 😉 

ชวนกันมาดูแลผิวพรรณและตัวเองที่ KVK CLINIC มีสิทธิพิเศษดีๆ สำหรับคู่หูรออยู่ด้วยนะ ปักหมุดแล้วมาเจอกัน! 📍✨
............................................
#KVKClinic #DrKoong #หมอเจด
#ยกมาตรฐานจริงใจล้ำสมัย
#เพื่อนชวนเพื่อน #ละครคุณธรรม #ดูแลตัวเอง #ชวนเพื่อนมาดูดี","แท็กเพื่อนซี้ด่วน! 👇
มิตรภาพที่แท้จริงคือการพากันไปดูดีและมั่นใจขึ้นค่ะ 😉 

ชวนกันมาดูแลผิวพรรณและตัวเองที่ KVK CLINIC มีสิทธิพิเศษดีๆ สำหรับคู่หูรออยู่ด้วยนะ ปักหมุดแล้วมาเจอกัน! 📍✨
............................................
#KVKClinic #DrKoong #หมอเจด
#ยกมาตรฐานจริงใจล้ำสมัย
#เพื่อนชวนเพื่อน #ละครคุณธรรม #ดูแลตัวเอง #ชวนเพื่อนมาดูดี",87,"05/19/2026 20:30",N/A,https://www.facebook.com/reel/2014113415858114/,0,0,วิดีโอ,,,,,อายุการใช้งาน,3900,28,22,1,5,123,,42,76,5,1685,184,1491,172,915,770,0,0,0,0,4203.246,666.328,12060.353,18163.282,8.275,14.808,7.761,5.049,0,2158,1993,0,6413,2317,3886,35093.209,6.151,0,0,0,0.99,0.99,0.73,0.52,0.38,0.31,0.26,0.23,0.2,0.19,0.18,0.17,0.16,0.16,0.15,0.15,0.15,0.14,0.14,0.13,0.13,0.13,0.13,0.12,0.12,0.12,0.12,0.12,0.11,0.11,0.1,0.1,0.09,0.09,0.08,0.07,0.07,0.07,0.07,0.05,0.04,1,1,1,1,1,0.99,0.99,0.98,0.87,0.8,0.76,0.73,0.71,0.68,0.67,0.66,0.65,0.63,0.59,0.58,0.57,0.55,0.55,0.53,0.51,0.5,0.5,0.5,0.48,0.46,0.43,0.42,0.4,0.38,0.35,0.32,0.32,0.31,0.3,0.22,0.17,625,483,280,82,37,31,50,49,22,9,4,4,1640,3,2,7,1,2,4,1,,,,,,,3,,,7,2,,,,4,1,2,2,1,1,1,1,,,,,,,,,,,,,,,
1292158979669035,100066248360694,Kornvikkaclinic,"ล็อคความมั่นใจแบบคูณสอง! ทั้งเติมมิติผิวและเก็บริ้วรอยในครั้งเดียว 💖
กับโปรแกรม Filler Lifting ที่ KVK CLINIC 

.
📌 เลือกโปรแกรมที่ใช่สำหรับคุณ:

🔹 PROGRAM ฟิลเลอร์ TEOXANE 1 CC ➡️ 15,900.-

🔹 PROGRAM LIFTING FULL FACE 3 CC ➡️ 44,500.-

🎁 สิทธิพิเศษสุดคุ้ม (เมื่อซื้อ 3 CC ขึ้นไป):
1️⃣ FREE! โปรแกรมดูแลริ้วรอยช่วงบน ( Bo Upper Face 1 ครั้ง)
2️⃣ FREE! สิทธิ์เข้ารับบริการร่วมรายการกับ Dr. Koong (โดยไม่มีค่าใช้จ่ายเพิ่มเติม)

(หมายเหตุ:  หากเลือกรับบริการกับ Dr. Koong มีค่าบริการเพิ่มเติม +1,500.- / CC )
 *** ผลลัพธ์ขึ้นอยู่กับสภาพผิวและการประเมินของแพทย์เฉพาะบุคคล

📍 ร่วมออกแบบมิติใบหน้าเฉพาะบุคคลได้แล้ววันนี้ที่ KVK CLINIC และ ทัก Inbox เพื่อสำรองคิวล่วงหน้าได้เลยค่ะ 📩
.
.
.
ช่องทางติดต่อสอบถาม แอดมิน+ ปรึกษาแพทย์
𝐋𝐢𝐧𝐞 𝐎𝐀 เป็นช่องทางหลัก
สาขา 𝗞𝗼𝗿𝗮𝘁 : @1stkvk 
.
🔹 สาขา 𝗞𝗼𝗿𝗮𝘁 : โคราช (Head Qaurters)
สาขา3 : ติดโรงเรียน ปลูกปัญญา เส้นสุระ 2 
สาขา1 : ในปั้มปตท. ข้างเดอะมอลล์โคราช
📞 06 1956 5444
.
🌐𝐖𝐞𝐛𝐬𝐢𝐭𝐞 : https://kvkclinic.com
📺𝐘𝐨𝐮𝐭𝐮𝐛𝐞 : https://youtube.com/@kornvikkaclinic1234?si=PwiLo4SaaXs9J2DS
............................................
#KVKClinic #DrKoong #หมอเจด
#ยกมาตรฐานจริงใจล้ำสมัย 
#ProgramFillerLifting #ปรับมิติใบหน้า #ฟิลเลอร์ยกกระชับ",,0,"05/20/2026 00:37",N/A,https://www.facebook.com/KVKClinic/posts/pfbid02waTrrWYbR5ZH6EEs34KJ3b3ganx6ewCxascei6Fusn9YR3Tzb2Es4ABtQXReMP7sl,0,0,รูปภาพ,,,,,อายุการใช้งาน,0,2,2,0,0,1,1,,,,0,0,0,0,0,0,0,0,0,0,0,0,0,0,0,0,0,0,,0,733,,1158,1158,0,,,,,,,,,,,,,,,,,,,,,,,,,,,,,,,,,,,,,,,,,,,,,,,,,,,,,,,,,,,,,,,,,,,,,,,,,,,,,,,,,,,,,,,,,,,,,,,,,,,,,,,,,,,,,,,,,,,,,,,,,,,,,,,,,,,,,,,,,,,,,,,,
1292180133000253,100066248360694,Kornvikkaclinic,"ล็อคความมั่นใจแบบคูณสอง! ทั้งเติมมิติผิวและเก็บริ้วรอยในครั้งเดียว 💖
กับโปรแกรม Filler Lifting ที่ KVK CLINIC 
.
📌 เลือกโปรแกรมที่ใช่สำหรับคุณ:
🔹 PROGRAM ฟิลเลอร์เกาหลี 1 CC ➡️ 8,500.-
🔹 PROGRAM LIFTING FULL FACE 3 CC ➡️ 22,500.-

.
🎁 สิทธิพิเศษสุดคุ้ม (เมื่อซื้อ 3 CC ขึ้นไป):
1️⃣ FREE! โปรแกรมดูแลริ้วรอยช่วงบน ( Bo Upper Face 1 ครั้ง)
2️⃣ FREE! สิทธิ์เข้ารับบริการร่วมรายการกับ Dr. Koong (โดยไม่มีค่าใช้จ่ายเพิ่มเติม)
(หมายเหตุ:  หากเลือกรับบริการกับ Dr. Koong มีค่าบริการเพิ่มเติม +1,500.- / CC )
 *** ผลลัพธ์ขึ้นอยู่กับสภาพผิวและการประเมินของแพทย์เฉพาะบุคคล

📍 ร่วมออกแบบมิติใบหน้าเฉพาะบุคคลได้แล้ววันนี้ที่ KVK CLINIC และ ทัก Inbox เพื่อสำรองคิวล่วงหน้าได้เลยค่ะ 📩
.
.
.
ช่องทางติดต่อสอบถาม แอดมิน+ ปรึกษาแพทย์
𝐋𝐢𝐧𝐞 𝐎𝐀 เป็นช่องทางหลัก
สาขา 𝗞𝗼𝗿𝗮𝘁 : @1stkvk 
.
🔹 สาขา 𝗞𝗼𝗿𝗮𝘁 : โคราช (Head Qaurters)
สาขา3 : ติดโรงเรียน ปลูกปัญญา เส้นสุระ 2 
สาขา1 : ในปั้มปตท. ข้างเดอะมอลล์โคราช
📞 06 1956 5444
.
🌐𝐖𝐞𝐛𝐬𝐢𝐭𝐞 : https://kvkclinic.com
📺𝐘𝐨𝐮𝐭𝐮𝐛𝐞 : https://youtube.com/@kornvikkaclinic1234?si=PwiLo4SaaXs9J2DS
............................................
#KVKClinic #DrKoong #หมอเจด
#ยกมาตรฐานจริงใจล้ำสมัย 
#ProgramFillerLifting #ปรับมิติใบหน้า #ฟิลเลอร์ยกกระชับ",,0,"05/20/2026 01:12",N/A,https://www.facebook.com/KVKClinic/posts/pfbid036ReCer3ZpyMaszCU9yAm6VcW3FmRqH17aS6vttQEqQtkDLJhKVNHkvSJMcBK4ShLl,0,0,รูปภาพ,,,,,อายุการใช้งาน,0,4,4,0,0,1,1,,,,0,0,0,0,0,0,0,0,0,0,0,0,0,0,0,0,0,0,0,0,747,0,,,,,,,,,,,,,,,,,,,,,,,,,,,,,,,,,,,,,,,,,,,,,,,,,,,,,,,,,,,,,,,,,,,,,,,,,,,,,,,,,,,,,,,,,,,,,,,,,,,,,,,,,,,,,,,,,,,,,,,,,,,,,,,,,,,,,,,,,,,,,,,,,,,
1292164999668433,100066248360694,Kornvikkaclinic,"🔐ปลดล็อกความลับผิวดูอ่อนเยาว์และมีมิติ ด้วยนวัตกรรมระดับ 𝐄𝐱𝐜𝐥𝐮𝐬𝐢𝐯𝐞

.
ครบจบเรื่องการดูแลผิว ให้ผิวแลดูแน่น เฟิร์ม กระชับ พร้อมความฉ่ำโกลว์ที่ทุกคนต้องทัก! 😱

🔥 𝐃𝐨𝐮𝐛𝐥𝐞 𝐋𝐢𝐟𝐭𝐢𝐧𝐠 𝐄𝐟𝐟𝐞𝐜𝐭: ( Program OligioX 600 Shots + Program Ultraformer MPT 300 Shots) 

🔥 พิเศษ! สิทธิ์แลกซื้อ𝐏𝐫𝐨𝐠𝐫𝐚𝐦 𝐁𝐚𝐛𝐲 𝐆𝐥𝐨𝐰 โปรแกรมงานผิวพรีเมียม

✨ ทั้งหมดนี้ในราคาเพียง 𝟑𝟑,𝟗𝟎𝟎.-

👩🏻‍⚕️ดูแลโดยทีมแพทย์ผู้เชี่ยวชาญ วิเคราะห์ปัญหาผิวแบบเคสต่อเคส

สัมผัสความเปลี่ยนแปลงด้วยตัวคุณเอง ที่ KVK Clinic ได้แล้ววันนี้ 📍
.
.
.
ช่องทางติดต่อสอบถาม แอดมิน+ ปรึกษาแพทย์
𝐋𝐢𝐧𝐞 𝐎𝐀 เป็นช่องทางหลัก
สาขา 𝗞𝗼𝗿𝗮𝘁 : @1stkvk 
.
🔹 สาขา 𝗞𝗼𝗿𝗮𝘁 : โคราช (Head Qaurters)
สาขา3 : ติดโรงเรียน ปลูกปัญญา เส้นสุระ 2 
สาขา1 : ในปั้มปตท. ข้างเดอะมอลล์โคราช
📞 06 1956 5444
.
🌐𝐖𝐞𝐛𝐬𝐢𝐭𝐞 : https://kvkclinic.com
📺𝐘𝐨𝐮𝐭𝐮𝐛𝐞 : https://youtube.com/@kornvikkaclinic1234?si=PwiLo4SaaXs9J2DS
............................................
#KVKClinic #DrKoong #หมอเจด
#ยกมาตรฐานจริงใจล้ำสมัย 
#ExclusiveProgram #ProgramOligioX #ProgramUltraformerMPT",,0,"05/20/2026 01:20",N/A,https://www.facebook.com/KVKClinic/posts/pfbid0ZBdSdQP7kXYvJQLPyPvY6LHZ6tyJb9E5Az1VqbddH76TmxwQd9GFzZQt3JxWuGPhl,0,0,รูปภาพ,,,,,อายุการใช้งาน,0,4,4,0,0,4,3,1,,,0,0,0,0,0,0,0,0,0,0,0,0,0,0,0,0,0,0,,0,776,0,1265,1265,0,,,,,,,,,,,,,,,,,,,,,,,,,,,,,,,,,,,,,,,,,,,,,,,,,,,,,,,,,,,,,,,,,,,,,,,,,,,,,,,,,,,,,,,,,,,,,,,,,,,,,,,,,,,,,,,,,,,,,,,,,,,,,,,,,,,,,,,,,,,,,,,,
1292219279663005,100066248360694,Kornvikkaclinic,"#ทำไมต้องโปรแกรมOligioXโปรแกรมที่KVK 🧐

ตัวนี้ไม่ใช่แค่การยกกระชับทั่วไป แต่ใช้เทคโนโลยี GXG (Gas-Liquid Cooling & High-Frequency) ที่ส่งพลังงานความร้อนลงลึกถึงชั้นผิวเพื่อกระตุ้นการสร้างคอลลาเจนใหม่ พร้อมกับระบบทำความเย็นอัจฉริยะที่ช่วยปกป้องผิวชั้นบน

.
ผลลัพธ์ที่พิสูจน์ได้:
✅ Skin Tightening: ผิวแน่น อิ่มฟู รูขุมขนกระชับ
✅ Face Contouring: สลายไขมันส่วนเกินบริเวณแก้มและเหนียง
✅ No Downtime: หลังทำผิวอาจมีรอยชมพูระเรื่อเล็กน้อย และหายไปเองในเวลาสั้นๆ แต่งหน้าต่อได้เลย!

เปลี่ยนหน้าบานให้เป็นหน้าวี ด้วยความละมุนที่เหนือกว่าเดิม 💎
.
.
.
ช่องทางติดต่อสอบถาม แอดมิน+ ปรึกษาแพทย์
𝐋𝐢𝐧𝐞 𝐎𝐀 เป็นช่องทางหลัก
สาขา 𝗞𝗼𝗿𝗮𝘁 : @1stkvk 
.
🔹 สาขา 𝗞𝗼𝗿𝗮𝘁 : โคราช (Head Qaurters)
สาขา3 : ติดโรงเรียน ปลูกปัญญา เส้นสุระ 2 
สาขา1 : ในปั้มปตท. ข้างเดอะมอลล์โคราช
📞 06 1956 5444
.
🌐𝐖𝐞𝐛𝐬𝐢𝐭𝐞 : https://kvkclinic.com
📺𝐘𝐨𝐮𝐭𝐮𝐛𝐞 : https://youtube.com/@kornvikkaclinic1234?si=PwiLo4SaaXs9J2DS
............................................
#KVKClinic #DrKoong #หมอเจด
#ยกมาตรฐานจริงใจล้ำสมัย 
#ProgramOligioX #โปรแกรมยกกระชับ",,0,"05/20/2026 03:00",N/A,https://www.facebook.com/KVKClinic/posts/pfbid0R95piqo1bSAyazgLQXCokowEXsZtNhq7kUXD6HdRrxa3FpUZmfGXZyCSUXmkwu15l,0,0,รูปภาพ,,,,,อายุการใช้งาน,0,3,3,0,0,11,7,1,3,,0,0,0,0,0,0,0,0,0,0,0,0,0,0,0,0,0,0,,0,782,0,1280,1280,0,,,,,,,,,,,,,,,,,,,,,,,,,,,,,,,,,,,,,,,,,,,,,,,,,,,,,,,,,,,,,,,,,,,,,,,,,,,,,,,,,,,,,,,,,,,,,,,,,,,,,,,,,,,,,,,,,,,,,,,,,,,,,,,,,,,,,,,,,,,,,,,,
1291336689751264,100066248360694,Kornvikkaclinic,"จากตาชั้นเดียวที่ดูเรียบ 👁️👁️
วันนี้กลายเป็นลุคหมวยอินเตอร์ที่ดูละมุนขึ้น
.
ก่อนทำคนไข้มีลักษณะตาชั้นเดียว
ทำให้ดวงตาดูไม่ค่อยเปิดและแต่งตาค่อนข้างยาก
เวลาถ่ายรูปหรือแต่งหน้าจะรู้สึกว่าตาดูไม่มีมิติ
คุณหมอจึงออกแบบชั้นตาใหม่ให้เข้ากับรูปตาเดิม
เน้นให้ชั้นตาดูชัดขึ้นแบบพอดี
อัปเดตครบ 2 เดือน ชั้นตาเริ่มเข้าที่มากขึ้น
ดวงตาดูเปิดและมีมิติมากขึ้น
ช่วยให้แต่งหน้าง่ายขึ้นและลุคโดยรวมดูสดใสขึ้นแบบเห็นได้ชัด
.
ผ่าตัดตาสองชั้นที่ KVK Clinic
✅ ดูแลโดยแพทย์มากประสบการณ์
✅ ปรึกษากับคุณหมอก่อนเข้าห้องผ่าตัดทุกเคส
✅ ออกแบบชั้นตาให้เข้ากับแต่ละบุคคล แบบเคสต่อเคส
✅ ติดตามผลและดูแลหลังผ่าตัดอย่างต่อเนื่อง",,0,"05/20/2026 05:00",N/A,https://www.facebook.com/KVKClinic/posts/pfbid02QPqQE8Nzgqv6LPdhdARjYuzGU82PJociEZdsc6YZSMvTeNvwygNLtHEJjTg8DcgDl,0,0,รูปภาพ,,,,,อายุการใช้งาน,982,6,4,1,1,5,4,,1,,0,0,0,0,0,0,0,0,0,0,0,0,0,0,0,0,0,0,0,0,982,0,1507,1507,0,,,,,,,,,,,,,,,,,,,,,,,,,,,,,,,,,,,,,,,,,,,,,,,,,,,,,,,,,,,,,,,,,,,,,,,,,,,,,,,,,,,,,,,,,,,,,,,,,,,,,,,,,,,,,,,,,,,,,,,,,,,,,,,,,,,,,,,,,,,,,,,,
1291337586417841,100066248360694,Kornvikkaclinic,"ทรงสวยกำลังดี ดูละมุนแบบธรรมชาติ
ช่วยเพิ่มความมั่นใจในทุกลุค 
.
เคสนี้คนไข้หน้าอกค่อนข้างเล็ก ฐานอกแคบ
เวลาใส่เสื้อผ้าดูไม่ค่อยมีสัดส่วน
คนไข้เลือกแก้ไขด้วยโปรแกรมเสริมหน้าอกไซซ์ 300 cc 
หลังทำทรงหน้าอกดูชัดขึ้น ไซซ์ขนาดพอดีกับลำตัว 
ร่องอกดูเป็นธรรมชาติ ไม่แข็งหรือล้นเกินไป 
สามารถใส่เสื้อผ้าได้หลากหลายลุคอย่างมั่นใจ
.
ผ่าตัดเสริมหน้าอกที่ KVK Clinic
✅ ดูแลโดยแพทย์มากประสบการณ์
✅ ปรึกษากับคุณหมอก่อนเข้าห้องผ่าตัดทุกเคส
✅ ออกแบบข้างต่อข้างให้เข้ากับแต่ละบุคคล แบบเคสต่อเคส
✅ ติดตามผลและดูแลหลังผ่าตัดอย่างต่อเนื่อง",,0,"05/20/2026 19:00",N/A,https://www.facebook.com/KVKClinic/posts/pfbid023C28TtJvKTgrSDZGmmHkFHxzxhahA8cygdKwF9McXzyehrNHFSFCZQL4i3WCLUgal,0,0,รูปภาพ,,,,,อายุการใช้งาน,751,9,7,0,2,0,,,,,0,0,0,0,0,0,0,0,0,0,0,0,0,0,0,0,0,0,0,0,751,,,,,,,,,,,,,,,,,,,,,,,,,,,,,,,,,,,,,,,,,,,,,,,,,,,,,,,,,,,,,,,,,,,,,,,,,,,,,,,,,,,,,,,,,,,,,,,,,,,,,,,,,,,,,,,,,,,,,,,,,,,,,,,,,,,,,,,,,,,,,,,,,,,,
1292828479602085,100066248360694,Kornvikkaclinic,"หยุดความกังวลเรื่องผิว แล้วปล่อยให้โปรแกรม Red Touch Pro ดูแล🔴

.

ไม่ว่าคุณจะมีสภาพผิวหรือสีผิวโทนไหน ก็สามารถมีผิวที่แลดูเนียนนุ่ม สุขภาพดีด้วย นวัตกรรมพลังงานแสงสีแดงความยาวคลื่น 675 nm ที่ออกแบบมาเพื่อดูแลผิวอย่างอ่อนโยน

🧬 มาพร้อม 2 รูปแบบการดูแลที่ตอบโจทย์อย่างครอบคลุม:

🔸 Moveo Mode: สัมผัสความเรียบเนียนอย่างทั่วถึง สม่ำเสมอทั่วใบหน้า

🔸 Stamp Mode: ดูแลเฉพาะจุดอย่างแม่นยำ ตรงจุดที่มีความกังวล

มั่นใจในมาตรฐานความปลอดภัย ดูแลโดยผู้เชี่ยวชาญเพื่อผลลัพธ์ผิวแลดูโกลว์ใสในระยะยาว

.
💬 ทักแชทสอบถามรายละเอียดเพิ่มเติมหรือนัดหมายคิวได้เลยค่ะ
***ผลลัพธ์ที่ได้ขึ้นอยู่กับสภาพผิวของแต่ละบุคคล

.
.
.
ช่องทางติดต่อสอบถาม แอดมิน+ ปรึกษาแพทย์
𝐋𝐢𝐧𝐞 𝐎𝐀 เป็นช่องทางหลัก
สาขา 𝗞𝗼𝗿𝗮𝘁 : @1stkvk 
.
🔹 สาขา 𝗞𝗼𝗿𝗮𝘁 : โคราช (Head Qaurters)
สาขา3 : ติดโรงเรียน ปลูกปัญญา เส้นสุระ 2 
สาขา1 : ในปั้มปตท. ข้างเดอะมอลล์โคราช
📞 06 1956 5444 
.
🌐𝐖𝐞𝐛𝐬𝐢𝐭𝐞 : https://kvkclinic.com
📺𝐘𝐨𝐮𝐭𝐮𝐛𝐞 : https://youtube.com/@kornvikkaclinic1234?si=PwiLo4SaaXs9J2DS
............................................
#KVKClinic #DrKoong #หมอเจด
#ยกมาตรฐานจริงใจล้ำสมัย 
#ProgramRedTouchPro #เลเซอร์แสงสีแดง",,0,"05/20/2026 20:30",N/A,https://www.facebook.com/KVKClinic/posts/pfbid0HSxeXi4ZN6snYR8UWDAD8kJc7Pp5H8rwiJNw6YrCZjgzjPb7yfAa7vzRGdioNzcJl,0,0,รูปภาพ,,,,,อายุการใช้งาน,0,5,5,0,0,10,5,1,4,,0,0,0,0,0,0,0,0,0,0,0,0,0,0,0,0,0,0,,0,866,,1397,1397,0,,,,,,,,,,,,,,,,,,,,,,,,,,,,,,,,,,,,,,,,,,,,,,,,,,,,,,,,,,,,,,,,,,,,,,,,,,,,,,,,,,,,,,,,,,,,,,,,,,,,,,,,,,,,,,,,,,,,,,,,,,,,,,,,,,,,,,,,,,,,,,,,
1292923739592559,100066248360694,Kornvikkaclinic,"บูสต์ผิวแน่น...แบบไม่ต้องพักหน้า ด้วยนวัตกรรมพลังงานแสง 675 nm ✨

อยากดูแลผิวให้กระชับ เรียบเนียน แต่กลัวผิวลอก กลัวต้องหลบแดด... ปัญหานี้จะหมดไปด้วย โปรแกรม RedtouchPro

นวัตกรรมคลื่นแสงความยาวคลื่นเฉพาะ 675 nm ที่ส่งตรงลงลึกถึงชั้นผิว (Dermis) เพื่อดูแลเรื่องคอลลาเจนโดยตรง โดยไม่ทำร้ายผิวชั้นบน ไม่ลอก ไม่ตกสะเก็ด🧬

.
🔴 ทำไมต้องเลือกโปรแกรม RedtouchPro ?

▪️ดูแลลึกถึงต้นเหตุ: ช่วยดูแลกระบวนการสร้างคอลลาเจนตามธรรมชาติ

▪️ผิวแลดูเนียนกระชับ: ช่วยให้ผิวดูยืดหยุ่น ริ้วรอยเล็กๆ แลดูจางลง

▪️ปรับมิติผิว: ช่วยดูแลปัญหารูขุมขนกว้าง และสีผิวที่ดูไม่สม่ำเสมอ

▪️ถนอมผิวขั้นสุด: ไม่ทำให้ผิวบางลง คืนความชุ่มชื้นและฟื้นบำรุงผิวหมองคล้ำจากแสงแดดและอายุที่มากขึ้น

.
📌จุดเด่นที่ใครก็หลงรัก (No Downtime)
▪️หลังทำเสร็จ สามารถแต่งหน้าและใช้ชีวิตประจำวันได้ทันที
▪️หน้าไม่แดง ไม่ทิ้งสะเก็ด
▪️อ่อนโยนและตอบโจทย์กับทุกเฉดผิว

💡Tips การดูแลหลังทำ:
ทากันแดด SPF 50+ สม่ำเสมอ / เน้นทามอยซ์เจอไรเซอร์ให้ผิวฉ่ำ / เลี่ยงแดดจัดและงดสครับผิว 3-5 วัน เพื่อผลลัพธ์การฟื้นบำรุงที่เต็มประสิทธิภาพ

💬 สอบถามคิวว่างหรือปรึกษาเพิ่มเติม ทักแชทได้เลยค่ะ
.
.
.
ช่องทางติดต่อสอบถาม แอดมิน+ ปรึกษาแพทย์
𝐋𝐢𝐧𝐞 𝐎𝐀 เป็นช่องทางหลัก
สาขา 𝗞𝗼𝗿𝗮𝘁 : @1stkvk 
.
🔹 สาขา 𝗞𝗼𝗿𝗮𝘁 : โคราช (Head Qaurters)
สาขา3 : ติดโรงเรียน ปลูกปัญญา เส้นสุระ 2 
สาขา1 : ในปั้มปตท. ข้างเดอะมอลล์โคราช
📞 06 1956 5444
.
🌐𝐖𝐞𝐛𝐬𝐢𝐭𝐞 : https://kvkclinic.com
📺𝐘𝐨𝐮𝐭𝐮𝐛𝐞 : https://youtube.com/@kornvikkaclinic1234?si=PwiLo4SaaXs9J2DS
............................................
#KVKClinic #DrKoong #หมอเจด
#ยกมาตรฐานจริงใจล้ำสมัย 
#ProgramRedtouchpro #เลเซอร์แสงสีแดง",,0,"05/21/2026 00:01",N/A,https://www.facebook.com/KVKClinic/posts/pfbid029mbmz1MU3VXff3BhLmCfZXo2eHP2UJLEzzN5ohT11cRxNLa7D14L1HjsssXhpdvrl,0,0,รูปภาพ,,,,,อายุการใช้งาน,0,8,8,0,0,2,1,,1,,0,0,0,0,0,0,0,0,0,0,0,0,0,0,0,0,0,0,,0,756,,,,,,,,,,,,,,,,,,,,,,,,,,,,,,,,,,,,,,,,,,,,,,,,,,,,,,,,,,,,,,,,,,,,,,,,,,,,,,,,,,,,,,,,,,,,,,,,,,,,,,,,,,,,,,,,,,,,,,,,,,,,,,,,,,,,,,,,,,,,,,,,,,,,
1293137896237810,100066248360694,Kornvikkaclinic,"บอกลาปากแห้งกร้าน หมองคล้ำ! คืนความชุ่มชื้นให้ริมฝีปากดูอวบอิ่มอมชมพูเป็นธรรมชาติทันทีด้วยโปรแกรม Redtouchpro (Pink Plump) 👄✨

.
จากภาพรีวิวจะเห็นเลยว่า หลังทำทันทีริมฝีปากดูเรียบเนียน ร่องปากลึก ๆ ดูตื้นขึ้น และได้สีปากที่ดูสดใสสุขภาพดีขึ้นอย่างเห็นได้ชัด!

ทำไมต้องโปรแกรม Redtouchpro (Pink Plump)ที่ KVKClinic 🧐

🔹 ฟื้นฟูลึกถึงระดับคอลลาเจน:
ตัวเครื่องจะส่งพลังงานลงไปกระตุ้นการสร้างคอลลาเจนและอีลาสตินใต้ผิวริมฝีปากโดยเฉพาะ

🔹 กระตุ้นการไหลเวียน:
ช่วยปรับสภาพผิวริมฝีปากที่เคยหมองคล้ำให้กลับมาดูอมชมพู ระเรื่อ ดูมีเลือดฝาด

🔹 เติมความชุ่มชื้น ลดร่องลึก:
เปลี่ยนปากที่แห้งแตก ให้กลับมาดูนุ่มฟู เรียบเนียน ทาลิปสติกแบบไหนก็สวย ไม่ตกร่อง

.
เพราะที่นี่เราให้ความสำคัญกับ Personalized Analysis ทุกเคสจะได้รับการดูแลอย่างละเอียดเพื่อออกแบบการปรับสภาพผิวริมฝีปากให้เข้ากับคุณที่สุด มั่นใจได้ในผลลัพธ์ที่ดูเป็นธรรมชาติ และดูแลโดยผู้เชี่ยวชาญที่มีประสบการณ์ สะอาด ปลอดภัย ได้มาตรฐาน

👄 อยากเปลี่ยนปากซีด ปากแห้ง ให้เป็นปากนุ่มฟูดูสุขภาพดี?
💬ทักแชทสอบถามข้อมูลเพิ่มเติมได้เลยวันนี้!

.
.
.
ช่องทางติดต่อสอบถาม แอดมิน+ ปรึกษาแพทย์
𝐋𝐢𝐧𝐞 𝐎𝐀 เป็นช่องทางหลัก
สาขา 𝗞𝗼𝗿𝗮𝘁 : @1stkvk 
.
🔹 สาขา 𝗞𝗼𝗿𝗮𝘁 : โคราช (Head Qaurters)
สาขา3 : ติดโรงเรียน ปลูกปัญญา เส้นสุระ 2 
สาขา1 : ในปั้มปตท. ข้างเดอะมอลล์โคราช
📞 06 1956 5444
.
🌐𝐖𝐞𝐛𝐬𝐢𝐭𝐞 : https://kvkclinic.com
📺𝐘𝐨𝐮𝐭𝐮𝐛𝐞 : https://youtube.com/@kornvikkaclinic1234?si=PwiLo4SaaXs9J2DS
............................................
#KVKClinic #DrKoong #หมอเจด
#ยกมาตรฐานจริงใจล้ำสมัย 
#ProgramRedtouchpro #PinkPlump #รีวิวโปรแกรมRedtouchpro #ริมฝีปากอมชมพู",,0,"05/21/2026 05:00",N/A,https://www.facebook.com/KVKClinic/posts/pfbid086jQuToY1VS8pAzhehkMbTTsgWQb1Ct5a3ysKYLY2k9CmHUbXJL2eom5Ykkjwg6Dl,0,0,รูปภาพ,,,,,อายุการใช้งาน,0,7,5,2,0,3,2,1,,,0,0,0,0,0,0,0,0,0,0,0,0,0,0,0,0,0,0,,0,704,,,,,,,,,,,,,,,,,,,,,,,,,,,,,,,,,,,,,,,,,,,,,,,,,,,,,,,,,,,,,,,,,,,,,,,,,,,,,,,,,,,,,,,,,,,,,,,,,,,,,,,,,,,,,,,,,,,,,,,,,,,,,,,,,,,,,,,,,,,,,,,,,,,,
1291340896417510,100066248360694,Kornvikkaclinic,"จากรูปร่างที่ดูอวบและเหนื่อยง่าย
วันนี้กลับมามั่นใจขึ้นในเวลา 2 เดือน ✨
.
ก่อนเข้าคอร์สคนไข้มีปัญหาน้ำหนักสะสม
โดยเฉพาะช่วงหน้าท้อง ต้นแขน
ทำให้เวลาถ่ายรูปหรือใส่เสื้อผ้าหลายแบบ
จะรู้สึกว่ารูปร่างดูตันและไม่ค่อยมั่นใจ
คุณหมอจึงวางแผนดูแลน้ำหนักแบบเป็นระบบ
ทั้งเรื่องโภชนาการ และการติดตามผลอย่างต่อเนื่อง
เพื่อให้เหมาะกับร่างกายของคนไข้แต่ละคน
อัปเดตครบ 2 เดือน น้ำหนักลดลง 10 กิโลกรัม
รูปร่างดูเล็กลงอย่างชัดเจน ใบหน้าดูสดใสขึ้น
ช่วยให้ลุคโดยรวมดูคล่องตัวและมั่นใจมากขึ้น
.
คอร์ส Metabolic Program ที่ KVK Clinic
✅ วางแผนดูแลโดยแพทย์แบบเคสต่อเคส
✅ ประเมินปัญหาและพฤติกรรมการใช้ชีวิตก่อนเริ่มโปรแกรม
✅ ออกแบบแนวทางดูแลให้เหมาะกับร่างกายของแต่ละบุคคล
✅ ติดตามผลและปรับแผนอย่างต่อเนื่อง
✅ เน้นดูแลสุขภาพและรูปร่างแบบยั่งยืน",,0,"05/21/2026 05:00",N/A,https://www.facebook.com/KVKClinic/posts/pfbid02iTvb18a6FerPantyd2n4SD4r8RfVL8VfB7KDaguhJcRpmWkVMUhZr1xHovGrR3Rnl,0,0,รูปภาพ,,,,,อายุการใช้งาน,766,4,3,0,1,2,,,2,,0,0,0,0,0,0,0,0,0,0,0,0,0,0,0,0,0,0,0,0,766,,,,,,,,,,,,,,,,,,,,,,,,,,,,,,,,,,,,,,,,,,,,,,,,,,,,,,,,,,,,,,,,,,,,,,,,,,,,,,,,,,,,,,,,,,,,,,,,,,,,,,,,,,,,,,,,,,,,,,,,,,,,,,,,,,,,,,,,,,,,,,,,,,,,
1293165906235009,100066248360694,Kornvikkaclinic,"#ทำไมต้องให้โปรแกรมนี้เป็นFavorite…เบื้องหลังผิวหน้าแน่น ฟู รูขุมขนกระชับ แบบไม่ต้องพักฟื้น
คืนความอ่อนเยาว์ให้ผิวด้วยโปรแกรม RedTouch Pro นวัตกรรมฟื้นฟูผิวลึกถึงระดับคอลลาเจนใต้ผิวหน้า 💖

เหมาะมากสำหรับผู้ที่มีปัญหาผิวเริ่มหย่อนคล้อย ผิวโทรม หรือรูขุมขนกว้าง

ทุกเคสที่นี่จึงได้รับการออกแบบการส่งพลังงานอย่างละเอียด เพื่อความปลอดภัยอย่างมาตรฐานและผลลัพธ์ที่ตรงจุด สวยขึ้นอย่างเป็นธรรมชาติในแบบที่เป็นคุณ🫶
............................................
#KVKClinic #DrKoong #หมอเจด
#ยกมาตรฐานจริงใจล้ำสมัย
#ProgramRedTouchPro #รีวิวโปรแกรมRedTouchPro","#ทำไมต้องให้โปรแกรมนี้เป็นFavorite…เบื้องหลังผิวหน้าแน่น ฟู รูขุมขนกระชับ แบบไม่ต้องพักฟื้น
คืนความอ่อนเยาว์ให้ผิวด้วยโปรแกรม RedTouch Pro นวัตกรรมฟื้นฟูผิวลึกถึงระดับคอลลาเจนใต้ผิวหน้า 💖

เหมาะมากสำหรับผู้ที่มีปัญหาผิวเริ่มหย่อนคล้อย ผิวโทรม หรือรูขุมขนกว้าง

ทุกเคสที่นี่จึงได้รับการออกแบบการส่งพลังงานอย่างละเอียด เพื่อความปลอดภัยอย่างมาตรฐานและผลลัพธ์ที่ตรงจุด สวยขึ้นอย่างเป็นธรรมชาติในแบบที่เป็นคุณ🫶
............................................
#KVKClinic #DrKoong #หมอเจด
#ยกมาตรฐานจริงใจล้ำสมัย
#ProgramRedTouchPro #รีวิวโปรแกรมRedTouchPro",20,"05/21/2026 05:41",N/A,https://www.facebook.com/reel/844532008204773/,0,0,วิดีโอ,,,,,อายุการใช้งาน,2014,4,4,0,0,6,,,6,,420,0,396,0,0,420,0,0,0,0,1774.056,0,11559.973,0,4.706,0,6.804,0,0,0,2014,0,2402,2394,0,13334.029,6.422,0,0,0,1,1,1,1,0.68,0.55,0.49,0.45,0.42,0.38,0.35,0.32,0.3,0.29,0.26,0.25,0.23,0.22,0.2,0.2,0.19,,,,,,,,,,,,,,,,,,,,,1,1,1,1,1,1,1,1,1,1,1,1,1,1,1,1,0.94,0.89,0.82,0.8,0.78,,,,,,,,,,,,,,,,,,,,,144,137,56,21,4,8,23,13,5,2,2,2,399,1,,4,,1,5,,,,,1,,,2,,,3,,,1,,1,,1,,,,,,,,,,,,,,,,,,1,,
1291342383084028,100066248360694,Kornvikkaclinic,"ครบ 3 เดือนแล้วกับชั้นตาใหม่ ✨
แต่งหน้าง่ายขึ้น มั่นใจขึ้นทุกวัน
.
ก่อนทำตาเคสนี้ชั้นตาเล็กและชั้นตาไม่ชัด
ทำให้เวลาแต่งหน้าต้องกรีดอายไลน์เนอร์
เพื่อให้ตาดูโตขึ้นและชั้นตาชัดขึ้น
เคสนี้แก้ไขด้วยการผ่าตัดตาสองชั้น เพื่อปรับชั้นตาให้ชัดขึ้น
หลังทำครบ 3 เดือนเห็นชั้นตาชัด ปรับดวงตาดูกลมโต
และช่วยให้แต่งหน้าได้ง่ายขึ้นกว่าเดิมเยอะ
.
ผ่าตัดตาสองชั้นที่ KVK Clinic
✅ ดูแลโดยแพทย์มากประสบการณ์
✅ ปรึกษากับคุณหมอก่อนเข้าห้องผ่าตัดทุกเคส
✅ ออกแบบชั้นตาให้เข้ากับแต่ละบุคคล แบบเคสต่อเคส
✅ ติดตามผลและดูแลหลังผ่าตัดอย่างต่อเนื่อง",,0,"05/21/2026 19:00",N/A,https://www.facebook.com/KVKClinic/posts/pfbid0iLHFgAe2hMUcBMnECLhwzmcD1Ne72S74UZJ59wYSHNJLveUo1MT1hePqwoicQjRdl,0,0,รูปภาพ,,,,,อายุการใช้งาน,734,3,3,0,0,0,,,,,0,0,0,0,0,0,0,0,0,0,0,0,0,0,0,0,0,0,,0,734,,,,,,,,,,,,,,,,,,,,,,,,,,,,,,,,,,,,,,,,,,,,,,,,,,,,,,,,,,,,,,,,,,,,,,,,,,,,,,,,,,,,,,,,,,,,,,,,,,,,,,,,,,,,,,,,,,,,,,,,,,,,,,,,,,,,,,,,,,,,,,,,,,,,
1293794999505433,100066248360694,Kornvikkaclinic,"เทรนด์ใหม่มาแรงจนฉุดไม่อยู่!  #ลงลิฟท์ คืออะไร? 
ทำไมช่วงนี้มีแต่คนพูดถึง พลาดไม่ได้เลยคลิปนี้! 💖

🤔อยากรู้ว่าเทรนด์นี้คืออะไร? ทำไมถึงฮิตติดลมบน? 
ตามหมอกุ้ง (พญ.กรวิกกา พัฒนะปราน ว38020) มาหาคำตอบและไขข้อข้องใจไปด้วยกันในคลิปนี้เลยค่ะ! 🎬✨

............................................
#KVKClinic #DrKoong #หมอเจด
#ยกมาตรฐานจริงใจล้ำสมัย
#ลงลิฟท์ #เทรนด์มาแรง","เทรนด์ใหม่มาแรงจนฉุดไม่อยู่!  #ลงลิฟท์ คืออะไร? 
ทำไมช่วงนี้มีแต่คนพูดถึง พลาดไม่ได้เลยคลิปนี้! 💖

🤔อยากรู้ว่าเทรนด์นี้คืออะไร? ทำไมถึงฮิตติดลมบน? 
ตามหมอกุ้ง (พญ.กรวิกกา พัฒนะปราน ว38020) มาหาคำตอบและไขข้อข้องใจไปด้วยกันในคลิปนี้เลยค่ะ! 🎬✨

............................................
#KVKClinic #DrKoong #หมอเจด
#ยกมาตรฐานจริงใจล้ำสมัย
#ลงลิฟท์ #เทรนด์มาแรง",157,"05/22/2026 00:32",N/A,https://www.facebook.com/reel/1615209306237901/,0,0,วิดีโอ,,,,,อายุการใช้งาน,1784,17,17,0,0,7,,,7,,442,73,434,73,0,442,0,0,0,0,5372.198,0,11355.155,0,14.679,0,7.837,0,0,0,1784,0,2030,2023,0,16727.353,9.216,0,0,0,1,0.84,0.57,0.43,0.38,0.36,0.29,0.27,0.24,0.22,0.22,0.2,0.19,0.19,0.18,0.19,0.18,0.17,0.17,0.16,0.16,0.16,0.16,0.15,0.15,0.14,0.12,0.12,0.12,0.11,0.11,0.11,0.11,0.1,0.1,0.11,0.1,0.11,0.1,0.09,0.05,1,0.99,0.99,0.98,0.97,0.9,0.74,0.68,0.62,0.56,0.56,0.53,0.5,0.49,0.47,0.47,0.46,0.45,0.42,0.41,0.41,0.39,0.39,0.39,0.38,0.37,0.31,0.29,0.3,0.28,0.27,0.29,0.27,0.27,0.27,0.28,0.27,0.27,0.25,0.24,0.12,151,152,67,15,5,13,14,14,6,,1,2,419,2,,2,3,2,,2,1,,,,,,2,,,5,2,,1,,,,,1,,,,,,,,,,,,,,,,,,,
1293909592827307,100066248360694,Kornvikkaclinic,"#รีวิวประสบการณ์ดูแลผิวด้วยโปรแกรม 𝐇𝐚𝐂𝐚 𝐋𝐢𝐟𝐭𝐢𝐧𝐠 ✨

.
ทางเลือกใหม่ของการดูแลผิวแบบ Double Action ที่ช่วยเติมเต็มมิติให้โครงสร้างผิว พร้อมกระตุ้นการทำงานของคอลลาเจนไปพร้อมกัน จุดเด่นของโปรแกรมนี้คือการออกแบบมาเพื่อมอบผลลัพธ์ที่แลดูเป็นธรรมชาติ ผิวดูเรียบเนียน มีมิติ และสมดุล โดยไม่เน้นการเปลี่ยนรูปหน้าเดิมของคุณ

🎯 โปรแกรม 𝐇𝐚𝐂𝐚 𝐋𝐢𝐟𝐭𝐢𝐧𝐠 เหมาะสำหรับผู้ที่ต้องการ:

▪️ดูแลโครงสร้างผิวที่เริ่มหย่อนคล้อยให้กลับดูอิ่มเต็ม

▪️เสริมความสมดุลให้ใบหน้าแลดูเป็นธรรมชาติ มั่นใจในทุกมุมกล้อง

▪️ฟื้นบำรุงและกระตุ้นคอลลาเจน เพื่อผิวที่ดูละเอียดและเรียบเนียนขึ้น

.
👑 ทำไมต้องเลือกดูแลผิวด้วยโปรแกรม 𝐇𝐚𝐂𝐚 𝐋𝐢𝐟𝐭𝐢𝐧𝐠 ที่ KVKClinic ?
เพราะผลลัพธ์ที่งดงามและเป็นธรรมชาติ ไม่ได้ขึ้นอยู่กับตัวผลิตภัณฑ์เพียงอย่างเดียว แต่ต้องอาศัยองค์ประกอบสำคัญที่ KVKClinic  ตั้งใจมอบให้คุณ:

✅ การดีไซน์เฉพาะบุคคล (Customizedคู่สายตา):
ทีมแพทย์ที่ KVKClinic  มีความชำนาญในการวิเคราะห์โครงสร้างชั้นผิวอย่างละเอียด เพราะใบหน้าของแต่ละท่านมีความต้องการที่ต่างกัน เราจึงออกแบบการดูแลแบบ Case by Case เพื่อผลลัพธ์ที่รับกับสรีระใบหน้าของคุณอย่างลงตัว

✅ เทคนิคประณีตเพื่อความผ่อนคลาย:
เราใส่ใจในทุกขั้นตอน ตั้งแต่การเตรียมผิวจนถึงเทคนิคการส่งผ่านตัวยาอย่างเบามือ เพื่อให้คุณรู้สึกสบายและผ่อนคลายตลอดการรับบริการ

✅ มาตรฐานและผลิตภัณฑ์แท้ตรวจสอบได้:
มั่นใจได้ในความปลอดภัย KVKClinic เลือกใช้เฉพาะผลิตภัณฑ์ของแท้ที่ผ่านการรับรองมาตรฐาน นำเข้าอย่างถูกต้อง สามารถตรวจสอบได้ทุกขวด

✅ การดูแลอย่างต่อเนื่องหลังรับบริการ:
เรามีระบบติดตามผลและให้คำแนะนำในการดูแลตัวเองอย่างใกล้ชิด เพื่อให้ผลลัพธ์การกระตุ้นคอลลาเจนและการปรับโครงสร้างผิวอยู่กับคุณได้ยาวนานที่สุด

.
💬 สัมผัสประสบการณ์ผิวดูอิ่มฟูและมีมิติอย่างเป็นธรรมชาติได้แล้ววันนี้
สอบถามข้อมูลเพิ่มเติม หรือนัดหมายปรึกษาคุณหมอเพื่อประเมินสภาพผิวล่วงหน้าได้ที่กล่องข้อความเลยค่ะ 🤍
.
.
.
ช่องทางติดต่อสอบถาม แอดมิน+ ปรึกษาแพทย์
𝐋𝐢𝐧𝐞 𝐎𝐀 เป็นช่องทางหลัก
สาขา 𝗞𝗼𝗿𝗮𝘁 : @1stkvk 
.
🔹 สาขา 𝗞𝗼𝗿𝗮𝘁 : โคราช (Head Qaurters)
สาขา3 : ติดโรงเรียน ปลูกปัญญา เส้นสุระ 2 
สาขา1 : ในปั้มปตท. ข้างเดอะมอลล์โคราช
📞 06 1956 5444
.
🌐𝐖𝐞𝐛𝐬𝐢𝐭𝐞 : https://kvkclinic.com
📺𝐘𝐨𝐮𝐭𝐮𝐛𝐞 : https://youtube.com/@kornvikkaclinic1234?si=PwiLo4SaaXs9J2DS
............................................
#KVKClinic #DrKoong #หมอเจด
#ยกมาตรฐานจริงใจล้ำสมัย 
#ProgramHarmonyCa #รีวิวความงาม #ดูแลผิวพรรณ #กระตุ้นคอลลาเจน",,0,"05/22/2026 04:01",N/A,https://www.facebook.com/KVKClinic/posts/pfbid0EWbLnnKEwyZpiWDWJuDwbbZvYBGiaUiaJ9gdtxe2uhKbwTk7kw32TNc82n9LuxS5l,0,0,รูปภาพ,,,,,อายุการใช้งาน,0,4,4,0,0,16,14,,2,,0,0,0,0,0,0,0,0,0,0,0,0,0,0,0,0,0,0,,0,671,0,1147,1147,0,,,,,,,,,,,,,,,,,,,,,,,,,,,,,,,,,,,,,,,,,,,,,,,,,,,,,,,,,,,,,,,,,,,,,,,,,,,,,,,,,,,,,,,,,,,,,,,,,,,,,,,,,,,,,,,,,,,,,,,,,,,,,,,,,,,,,,,,,,,,,,,,
1292176756333924,100066248360694,Kornvikkaclinic,"ปัญหาจมูกแหงน มุมข้างไม่มีมิติ
วันนี้ละมุนขึ้นจนหน้าดูเปลี่ยน 👃✨
.
เคสนี้ก่อนทำปลายจมูกมีความแหงน
ทำให้เห็นรูจมูกค่อนข้างชัดเวลามองด้านข้าง
รวมถึงสันจมูกเดิม ส่งผลให้ใบหน้าโดยรวมดูขาดมิติ
คุณหมอจึงแก้ไขด้วยโปรแกรมเสริมจมูก
พร้อมออกแบบปลายจมูกใหม่ให้รับกับใบหน้า
เน้นทรงที่ดูพุ่งขึ้นอย่างพอดีและยังคงความธรรมชาติ
หลังทำปลายจมูกดูละมุนขึ้นและช่วยปรับฐานจมูกให้ดูเรียว
มุมด้านข้างดูมีมิติและใบหน้าโดยรวมดูหวานขึ้น
.
ผ่าตัดเสริมจมูกที่ KVK Clinic
✅ ดูแลโดยแพทย์มากประสบการณ์
✅ ปรึกษากับคุณหมอก่อนเข้าห้องผ่าตัดทุกเคส
✅ ออกแบบทรงจมูกให้เข้ากับแต่ละบุคคล แบบเคสต่อเคส
✅ ติดตามผลและดูแลหลังผ่าตัดอย่างต่อเนื่อง",,0,"05/22/2026 04:30",N/A,https://www.facebook.com/KVKClinic/posts/pfbid0eKzST6KQ48ZwTh2JZqpftYge6BReLsDGhQGEmkdUCDRjMrJ9JiwR3zzTsrLXujLNl,0,0,รูปภาพ,,,,,อายุการใช้งาน,0,6,5,0,1,6,2,,4,,0,0,0,0,0,0,0,0,0,0,0,0,0,0,0,0,0,0,0,0,837,,,,,,,,,,,,,,,,,,,,,,,,,,,,,,,,,,,,,,,,,,,,,,,,,,,,,,,,,,,,,,,,,,,,,,,,,,,,,,,,,,,,,,,,,,,,,,,,,,,,,,,,,,,,,,,,,,,,,,,,,,,,,,,,,,,,,,,,,,,,,,,,,,,,
1293936169491316,100066248360694,Kornvikkaclinic,"เบื้องหลังการดูแลที่ตอบโจทย์ คือการเรียนรู้อย่างต่อเนื่อง 📚✨

พาชมภาพบรรยากาศการทำ Workshop ภายในของทีมแพทย์ KVK Clinic ที่เต็มไปด้วยความมุ่งมั่น ตั้งใจ และการแลกเปลี่ยนมุมมองทางวิชาการอย่างเข้มข้น เพื่อเป้าหมายเดียวคือ ""การยกระดับมาตรฐานการดูแลในทุกขั้นตอน""

.
การเติบโตร่วมกัน (Growing Together) ของทีมแพทย์เราในครั้งนี้ แบ่งออกเป็นขั้นตอนที่ละเอียดถี่ถ้วน:

🔸 The Classroom & Discussion: ร่วมศึกษาเคสและอัปเดตองค์ความรู้ใหม่ ๆ ในห้องประชุม เพื่อวิเคราะห์ความต้องการและโครงสร้างใบหน้าที่หลากหลาย

🔸 Facial Mapping & Analysis: ลงมือประเมินโครงสร้างใบหน้าจริงร่วมกันอย่างละเอียด โดยมีการใช้เทคนิคการประเมินสัดส่วน เพื่อความแม่นยำก่อนการวางแผน

🔸 Technique Sharing: การแชร์เทคนิคเฉพาะของแพทย์แต่ละท่าน เพื่อประสานร่วมเป็นมาตรฐานการดูแลที่มีประสิทธิภาพสูงสุดของคลินิก

.
นี่คือเหตุผลที่ทีมแพทย์ KVK Clinic นำโดย

👩‍⚕️คุณหมอกุ้ง (พญ.กรวิกกา พัฒนะปราน ว38020)
👩‍⚕️คุณหมอป๊อบ (พญ.ศวิตา ทองขุนวงศ์ ว59456)
👩‍⚕️คุณหมอเกด (พญ.วิภาวรรณ พนมชัย ว48034)
🧑‍⚕️คุณหมอโตโต้ (นพ.ธันยาวุฒิ  เรืองธนานุรักษ์ ว63955)

ร่วมกันจัดเซสชันพิเศษ ""Program Facial Structure Workshop"" ขึ้นมา เพื่อร่วมกันอัปเดตและวิเคราะห์เจาะลึกในทุกตารางมิลลิเมตรบนใบหน้า
🌱 มุ่งมั่น พัฒนา และเติบโตไปด้วยกัน เพื่อความมั่นใจในแบบที่เป็นคุณ
............................................
#KVKClinic #DrKoong #หมอเจด
#ยกมาตรฐานจริงใจล้ำสมัย
#FacialStructureWorkshop #วิเคราะห์โครงสร้างใบหน้า",,0,"05/22/2026 05:30",N/A,https://www.facebook.com/KVKClinic/posts/pfbid0tCeixMCrHQxZ7mVF5kChDgqxrcWzUtpZkUwYaVfNj4oe9vdfvzBdCeJTZCNxV1onl,0,0,รูปภาพ,,,,,อายุการใช้งาน,1177,17,11,0,6,99,78,,21,,0,0,0,0,0,0,0,0,0,0,0,0,0,0,0,0,0,0,0,0,1177,,2131,2131,0,,,,,,,,,,,,,,,,,,,,,,,,,,,,,,,,,,,,,,,,,,,,,,,,,,,,,,,,,,,,,,,,,,,,,,,,,,,,,,,,,,,,,,,,,,,,,,,,,,,,,,,,,,,,,,,,,,,,,,,,,,,,,,,,,,,,,,,,,,,,,,,,
1294590679425865,100066248360694,Kornvikkaclinic,"เบื้องหลังผลลัพธ์ที่ตอบโจทย์ คือการไม่หยุดเรียนรู้ของทีมแพทย์ KVK Clinic 📚🩺

""เพราะทุก Detail สำคัญ"" ทีมแพทย์ของเราจึงใส่ใจตั้งแต่การคัดสรรเทคโนโลยีที่ทันสมัย ไปจนถึงการอัปเดตเทคนิคการแพทย์ใหม่ๆ อยู่เสมอ เพื่อนำมาปรับใช้ให้เหมาะกับโครงสร้างใบหน้าของแต่ละบุคคลอย่างประณีต

มั่นใจในทุกขั้นตอนการดูแล ด้วยความรู้ที่ทันสมัยและดีไซน์ที่ออกแบบมาเพื่อคุณโดยเฉพาะ 🌟

อยากปรับตรงไหนให้ตอบโจทย์ สามารถเข้ามาปรึกษากับทีมแพทย์ของเราได้เลยค่ะ 🗓️ 
............................................
#KVKClinic #DrKoong #หมอเจด
#ยกมาตรฐานจริงใจล้ำสมัย
#ทีมแพทย์KVK #อัปเดตความรู้ #นวัตกรรมผิวพรรณ","เบื้องหลังผลลัพธ์ที่ตอบโจทย์ คือการไม่หยุดเรียนรู้ของทีมแพทย์ KVK Clinic 📚🩺

""เพราะทุก Detail สำคัญ"" ทีมแพทย์ของเราจึงใส่ใจตั้งแต่การคัดสรรเทคโนโลยีที่ทันสมัย ไปจนถึงการอัปเดตเทคนิคการแพทย์ใหม่ๆ อยู่เสมอ เพื่อนำมาปรับใช้ให้เหมาะกับโครงสร้างใบหน้าของแต่ละบุคคลอย่างประณีต

มั่นใจในทุกขั้นตอนการดูแล ด้วยความรู้ที่ทันสมัยและดีไซน์ที่ออกแบบมาเพื่อคุณโดยเฉพาะ 🌟

อยากปรับตรงไหนให้ตอบโจทย์ สามารถเข้ามาปรึกษากับทีมแพทย์ของเราได้เลยค่ะ 🗓️ 
............................................
#KVKClinic #DrKoong #หมอเจด
#ยกมาตรฐานจริงใจล้ำสมัย
#ทีมแพทย์KVK #อัปเดตความรู้ #นวัตกรรมผิวพรรณ",80,"05/22/2026 23:39",N/A,https://www.facebook.com/reel/1538344087961780/,0,0,วิดีโอ,,,,,อายุการใช้งาน,1516,13,11,0,2,13,,,13,,329,31,307,31,0,329,0,0,0,0,1377.584,45.575,7304.239,0,4.333,2.849,5.963,0,0,0,1516,0,1734,1727,0,8727.398,5.598,0,0,0,0.99,0.99,0.79,0.59,0.5,0.45,0.41,0.37,0.35,0.32,0.29,0.26,0.24,0.21,0.19,0.18,0.18,0.17,0.16,0.15,0.15,0.14,0.14,0.13,0.13,0.13,0.12,0.11,0.11,0.1,0.1,0.1,0.1,0.09,0.09,0.1,0.1,0.09,0.09,0.08,0.06,1,1,1,1,1,0.98,0.98,0.98,0.93,0.87,0.79,0.71,0.65,0.57,0.5,0.5,0.5,0.47,0.42,0.41,0.41,0.39,0.38,0.36,0.36,0.35,0.32,0.31,0.29,0.28,0.28,0.26,0.27,0.25,0.25,0.26,0.26,0.26,0.25,0.21,0.17,121,113,39,14,2,6,20,8,2,2,,,314,1,1,3,,2,1,,,,,,,,2,,,1,2,,,1,,,,,1,,,,,,,,,,,,,,,,,,
1294651619419771,100066248360694,Kornvikkaclinic,"✨คืนความกระจ่างใส สลายจุดด่างดำตรงจุดกับโปรแกรม Pico Laser ที่ KVKClinic 

หมดกังวลเรื่องรอยดำและผิวหมองคล้ำ ด้วยเทคโนโลยีดูแลผิวที่ตอบโจทย์ไลฟ์สไตล์ยุคใหม่ ช่วยดูแลปัญหาผิวได้อย่างตรงจุดและอ่อนโยน

.
ทำไมต้องเลือกโปรแกรม Pico Laser ที่ KVK Clinic 🧐

🔸จัดการเม็ดสีอย่างละเอียด:
ด้วยความเร็วระดับ Picosecond ที่ส่งพลังงานไปที่เม็ดสี (Melanin) โดยตรง ทำให้เม็ดสีที่ผิดปกติแตกตัวเป็นอนุภาคเล็กๆ ซึ่งช่วยให้ร่างกายขับออกตามธรรมชาติได้ง่ายขึ้น

🔸ดูแลปัญหาผิวได้หลากหลาย (Multitasking):
ครอบคลุมทั้งปัญหารอยดำ รอยแดงจากสิว ฝ้า กระ ปรับสีผิวให้แลดูสม่ำเสมอ รวมถึงช่วยดูแลเรื่องการลบรอยสัก

🔸ฟื้นบำรุงและกระตุ้นผิวจากภายใน:
มีโหมดพิเศษที่ช่วยกระตุ้นการสร้าง Collagen และ Elastin ใหม่ใต้ผิว ช่วยให้รูขุมขนแลดูกระชับและผิวเรียบเนียนขึ้นอย่างเป็นธรรมชาติ

🔸อ่อนโยนต่อผิว ลดความเสี่ยงผลข้างเคียง:
ใช้หลักการ Photoacoustic (ส่งพลังงานแสงเปลี่ยนเป็นแรงดัน) แทนการใช้ความร้อนสูง ผิวจึงไม่สะสมความร้อน ช่วยลดโอกาสเกิดรอยดำหลังทำ (PIH)

🔸ไม่ต้องพักฟื้นนาน:
หลังทำอาจมีเพียงรอยแดงจางๆ ซึ่งจะค่อยๆ หายไปเอง สามารถใช้ชีวิตประจำวันหรือแต่งหน้าต่อได้ตามปกติ

.
ร่วมออกแบบโปรแกรมดูแลผิวที่เหมาะกับคุณได้แล้ววันนี้
📥 สนใจสอบถามรายละเอียดเพิ่มเติมหรือนัดหมายคิวล่วงหน้า ทักแชทหาแอดมินได้เลยค่ะ
.
.
.
ช่องทางติดต่อสอบถาม แอดมิน+ ปรึกษาแพทย์
𝐋𝐢𝐧𝐞 𝐎𝐀 เป็นช่องทางหลัก
สาขา 𝗞𝗼𝗿𝗮𝘁 : @1stkvk 
.
🔹 สาขา 𝗞𝗼𝗿𝗮𝘁 : โคราช (Head Qaurters)
สาขา3 : ติดโรงเรียน ปลูกปัญญา เส้นสุระ 2 
สาขา1 : ในปั้มปตท. ข้างเดอะมอลล์โคราช
📞 06 1956 5444
.
🌐𝐖𝐞𝐛𝐬𝐢𝐭𝐞 : https://kvkclinic.com
📺𝐘𝐨𝐮𝐭𝐮𝐛𝐞 : https://youtube.com/@kornvikkaclinic1234?si=PwiLo4SaaXs9J2DS
............................................
#KVKClinic #DrKoong #หมอเจด
#ยกมาตรฐานจริงใจล้ำสมัย 
#ProgramPicoLaser #เคล็ดลับผิวใส",,0,"05/23/2026 02:05",N/A,https://www.facebook.com/KVKClinic/posts/pfbid02hfBZAPYYuczcq5KadhYxG6BHLB92nkPGbEgS3uZqMwatJSn9PjkaC8kZmu197rhTl,0,0,รูปภาพ,,,,,อายุการใช้งาน,0,1,1,0,0,0,,,,,0,0,0,0,0,0,0,0,0,0,0,0,0,0,0,0,0,0,0,,,0,,,,,,,,,,,,,,,,,,,,,,,,,,,,,,,,,,,,,,,,,,,,,,,,,,,,,,,,,,,,,,,,,,,,,,,,,,,,,,,,,,,,,,,,,,,,,,,,,,,,,,,,,,,,,,,,,,,,,,,,,,,,,,,,,,,,,,,,,,,,,,,,,,,
1294657606085839,100066248360694,Kornvikkaclinic,"เครื่องดีแค่ไหนก็เอาไม่อยู่... ถ้าขาดสิ่งนี้! เพราะ #AfterCare สำคัญไม่แพ้ตัวโปรแกรม 💥

รู้ไหมคะว่า การดูแลตัวเองหลังจากทำโปรแกรมเลเซอร์ มีส่วนช่วยส่งเสริมผลลัพธ์โดยรวมมากถึง 70% เลยนะ! ยิ่งดูแลถูกวิธี ผิวยิ่งฟื้นฟูได้เต็มประสิทธิภาพ คุ้มค่ากับที่เราตั้งใจมาดูแลผิวแน่นอนค่ะ 💸✨

▶️มาฟังทริคการดูแลผิวหลังทำโปรแกรมเลเซอร์แบบเข้าใจง่ายจาก หมอกุ้ง (พญ.กรวิกา พัฒนะปราน ว38020) ในคลิปนี้กันเลย!
............................................
#KVKClinic #DrKoong #หมอเจด
#ยกมาตรฐานจริงใจล้ำสมัย
#AfterCare #ดูแลผิวหลังเลเซอร์ #เคล็ดลับผิวดี","เครื่องดีแค่ไหนก็เอาไม่อยู่... ถ้าขาดสิ่งนี้! เพราะ #AfterCare สำคัญไม่แพ้ตัวโปรแกรม 💥

รู้ไหมคะว่า การดูแลตัวเองหลังจากทำโปรแกรมเลเซอร์ มีส่วนช่วยส่งเสริมผลลัพธ์โดยรวมมากถึง 70% เลยนะ! ยิ่งดูแลถูกวิธี ผิวยิ่งฟื้นฟูได้เต็มประสิทธิภาพ คุ้มค่ากับที่เราตั้งใจมาดูแลผิวแน่นอนค่ะ 💸✨

▶️มาฟังทริคการดูแลผิวหลังทำโปรแกรมเลเซอร์แบบเข้าใจง่ายจาก หมอกุ้ง (พญ.กรวิกา พัฒนะปราน ว38020) ในคลิปนี้กันเลย!
............................................
#KVKClinic #DrKoong #หมอเจด
#ยกมาตรฐานจริงใจล้ำสมัย
#AfterCare #ดูแลผิวหลังเลเซอร์ #เคล็ดลับผิวดี",133,"05/23/2026 04:00",N/A,https://www.facebook.com/reel/1481779730113107/,0,0,วิดีโอ,,,,,อายุการใช้งาน,1784,16,13,0,3,10,,,10,,385,49,356,48,0,385,0,0,0,0,3645.97,148.236,9370.66,0,10.128,3.616,6.371,0,0,0,1784,0,2079,2068,0,13164.866,7.032,0,0,0,0.99,0.91,0.56,0.44,0.36,0.31,0.28,0.24,0.22,0.21,0.21,0.19,0.18,0.16,0.15,0.14,0.14,0.14,0.13,0.13,0.13,0.13,0.12,0.12,0.11,0.11,0.11,0.11,0.11,0.11,0.11,0.1,0.09,0.09,0.08,0.06,0.06,0.06,0.05,0.04,0.03,1,0.99,0.99,0.98,0.98,0.93,0.8,0.71,0.65,0.63,0.62,0.55,0.52,0.49,0.45,0.42,0.41,0.41,0.39,0.39,0.38,0.38,0.38,0.36,0.34,0.33,0.33,0.32,0.32,0.32,0.33,0.3,0.28,0.27,0.25,0.2,0.18,0.17,0.15,0.12,0.09,126,132,52,21,1,7,20,17,4,2,,1,357,1,,6,2,1,1,2,,,,1,,,4,,,1,3,,,2,1,,1,,1,,,,,,,,,1,,,,,,,,,
1292233619661571,100066248360694,Kornvikkaclinic,"จากน้ำหนัก 155 กิโล
สู่เวอร์ชันที่มั่นใจขึ้นในทุกวัน
.
ก่อนเข้าคอร์สคนไข้มีปัญหาน้ำหนักสะสมค่อนข้างมาก 
ทำให้เวลาขยับตัวหรือทำกิจกรรมต่าง ๆ รู้สึกเหนื่อยง่าย 
มีปัญหานอนกรนและมีภาวะเกือบหยุดหายใจขณะนอนหลับ
คุณหมอจึงวางแผนดูแลรูปร่างแบบเป็นระบบ
ทั้งเรื่องโภชนาการ การใช้ชีวิต และติดตามผลอย่างต่อเนื่อง 
หลังดูแลต่อเนื่อง น้ำหนักลดลงเหลือ 127 กิโลกรัม 
รูปร่างดูเล็กลงอย่างชัดเจน สุขภาพโดยรวมดีขึ้น
ขยับตัวได้คล่องตัวและกลับมามั่นใจในตัวเองมากขึ้น
.
คอร์ส Metabolic Program ที่ KVK Clinic
✅ วางแผนดูแลโดยแพทย์แบบเคสต่อเคส
✅ ประเมินปัญหาและพฤติกรรมการใช้ชีวิตก่อนเริ่มโปรแกรม
✅ ออกแบบแนวทางดูแลให้เหมาะกับร่างกายของแต่ละบุคคล
✅ ติดตามผลและปรับแผนอย่างต่อเนื่อง
✅ เน้นดูแลสุขภาพและรูปร่างแบบยั่งยืน",,0,"05/23/2026 04:30",N/A,https://www.facebook.com/KVKClinic/posts/pfbid02111VhRC8TufgZUXxMsxKT9wgkXbE4yMyR5uLkUabbpJ3N71e44yGoWGLMuWGV2mbl,0,0,รูปภาพ,,,,,อายุการใช้งาน,857,4,4,0,0,0,,,,,0,0,0,0,0,0,0,0,0,0,0,0,0,0,0,0,0,0,,0,857,0,1356,1356,0,,,,,,,,,,,,,,,,,,,,,,,,,,,,,,,,,,,,,,,,,,,,,,,,,,,,,,,,,,,,,,,,,,,,,,,,,,,,,,,,,,,,,,,,,,,,,,,,,,,,,,,,,,,,,,,,,,,,,,,,,,,,,,,,,,,,,,,,,,,,,,,,
1293063026245297,100066248360694,Kornvikkaclinic,"หน้าดูง่วง ไม่ใช่เพราะนอนน้อย
แต่อาจเป็นเพราะ “กล้ามเนื้อตาอ่อนแรง”
.
ก่อนทำเคสนี้มีภาวะกล้ามเนื้อตาอ่อนแรง
ทำให้ตาข้างซ้ายดูตกและลืมตาได้ไม่เต็มที่
ส่งผลให้ตาทั้งสองข้างดูไม่เท่ากัน
เวลามองหน้าตรงตาดูง่วงและไม่สดใส
คุณหมอจึงแก้ไขด้วยการปรับกล้ามเนื้อตา
โดยทำร่วมกับการผ่าตัดตาสองชั้น
และออกแบบชั้นตาใหม่ให้เหมาะกับรูปตาเดิม 
หลังทำครบ 1 เดือนดวงตาดูเปิดขึ้นและชั้นตาชัดแลดูธรรมชาติ
.
ผ่าตัดตาสองชั้นที่ KVK Clinic
✅ ดูแลโดยแพทย์มากประสบการณ์
✅ ปรึกษากับคุณหมอก่อนเข้าห้องผ่าตัดทุกเคส
✅ ออกแบบชั้นตาให้เข้ากับแต่ละบุคคล แบบเคสต่อเคส
✅ ติดตามผลและดูแลหลังผ่าตัดอย่างต่อเนื่อง",,0,"05/23/2026 18:00",N/A,https://www.facebook.com/KVKClinic/posts/pfbid0UXfMmeKLfKrE9E2N3Z5CxAy4YRb977LYR76gm85LZCrxhE1LQDx8WrTi5zpFTZmDl,0,0,รูปภาพ,,,,,อายุการใช้งาน,0,1,1,0,0,0,,,,,0,0,0,0,0,0,0,0,0,0,0,0,0,0,0,0,0,0,,,,0,820,820,0,,,,,,,,,,,,,,,,,,,,,,,,,,,,,,,,,,,,,,,,,,,,,,,,,,,,,,,,,,,,,,,,,,,,,,,,,,,,,,,,,,,,,,,,,,,,,,,,,,,,,,,,,,,,,,,,,,,,,,,,,,,,,,,,,,,,,,,,,,,,,,,,
1295307286020871,100066248360694,Kornvikkaclinic,https://www.facebook.com/share/1H8xUd3BQD/?mibextid=wwXIfr,,0,"05/23/2026 21:26",N/A,https://www.facebook.com/KVKClinic/posts/pfbid0jWRnYdbPzujMyG5cyxCGZ7n665PsvKuDtmjC8D8k9FMRPNvGF3CKz8LqGNwTgS89l,0,1,รูปภาพ,,,,,อายุการใช้งาน,0,4,4,0,0,50,24,,26,,0,0,0,0,0,0,0,0,0,0,0,0,0,0,0,0,0,0,0,0,636,0,,,,,,,,,,,,,,,,,,,,,,,,,,,,,,,,,,,,,,,,,,,,,,,,,,,,,,,,,,,,,,,,,,,,,,,,,,,,,,,,,,,,,,,,,,,,,,,,,,,,,,,,,,,,,,,,,,,,,,,,,,,,,,,,,,,,,,,,,,,,,,,,,,,
1295320616019538,100066248360694,Kornvikkaclinic,https://www.facebook.com/share/1H8xUd3BQD/?mibextid=wwXIfr,,0,"05/23/2026 21:51",N/A,https://www.facebook.com/KVKClinic/posts/pfbid02hDjgyAh4bkUQhTTE6n1wJdCpQxqvVV4oQGqFoNwmKeXPbhaNwMPjYNPLG8yBpgQbl,0,1,รูปภาพ,,,,,อายุการใช้งาน,0,5,5,0,0,23,17,,6,,0,0,0,0,0,0,0,0,0,0,0,0,0,0,0,0,0,0,,0,604,0,,,,,,,,,,,,,,,,,,,,,,,,,,,,,,,,,,,,,,,,,,,,,,,,,,,,,,,,,,,,,,,,,,,,,,,,,,,,,,,,,,,,,,,,,,,,,,,,,,,,,,,,,,,,,,,,,,,,,,,,,,,,,,,,,,,,,,,,,,,,,,,,,,,
1295360002682266,100066248360694,Kornvikkaclinic,"#หลุมสิว แต่ละประเภท ดูแลเหมือนหรือต่างกันอย่างไร❓ 
🧐 ปัญหาหลุมสิว... เรื่องผิวที่ต้องวิเคราะห์ให้ตรงจุด 

เพราะโครงสร้างผังผืดและลักษณะของหลุมสิวแต่ละคนไม่เหมือนกัน การดูแลจึงต้องออกแบบให้เหมาะสมกับสภาพผิวเฉพาะบุคคล

วันนี้มาฟังคุณหมอกุ้ง (พญ.กรวิกกา พัฒนะปราน ว38020) แชร์ความรู้เกี่ยวกับการแยกประเภทหลุมสิว และแนวทางการดูแลอย่างถูกวิธีกันค่ะ นำไปปรับใช้กับผิวตัวเองได้เลย 🤍

*ผลลัพธ์ขึ้นอยู่กับแต่ละบุคคล
............................................
#KVKClinic #DrKoong #หมอเจด
#ยกมาตรฐานจริงใจล้ำสมัย
#ความรู้คู่ผิวดี #ปรึกษาเรื่องผิว #หลุมสิว","#หลุมสิว แต่ละประเภท ดูแลเหมือนหรือต่างกันอย่างไร❓ 
🧐 ปัญหาหลุมสิว... เรื่องผิวที่ต้องวิเคราะห์ให้ตรงจุด 

เพราะโครงสร้างผังผืดและลักษณะของหลุมสิวแต่ละคนไม่เหมือนกัน การดูแลจึงต้องออกแบบให้เหมาะสมกับสภาพผิวเฉพาะบุคคล

วันนี้มาฟังคุณหมอกุ้ง (พญ.กรวิกกา พัฒนะปราน ว38020) แชร์ความรู้เกี่ยวกับการแยกประเภทหลุมสิว และแนวทางการดูแลอย่างถูกวิธีกันค่ะ นำไปปรับใช้กับผิวตัวเองได้เลย 🤍

*ผลลัพธ์ขึ้นอยู่กับแต่ละบุคคล
............................................
#KVKClinic #DrKoong #หมอเจด
#ยกมาตรฐานจริงใจล้ำสมัย
#ความรู้คู่ผิวดี #ปรึกษาเรื่องผิว #หลุมสิว",190,"05/23/2026 23:05",N/A,https://www.facebook.com/reel/1679478016421311/,0,0,วิดีโอ,,,,,อายุการใช้งาน,1547,10,8,0,2,4,,,4,,402,42,391,40,0,402,0,0,0,0,2999.029,0,15968.996,0,12.241,0,12.467,0,0,0,1547,0,1674,1661,0,18968.025,12.429,0,0,0,0.99,0.7,0.34,0.25,0.2,0.18,0.16,0.14,0.13,0.13,0.12,0.11,0.11,0.1,0.1,0.1,0.1,0.09,0.09,0.08,0.08,0.08,0.08,0.08,0.08,0.08,0.07,0.07,0.06,0.06,0.06,0.06,0.06,0.06,0.06,0.06,0.05,0.05,0.05,0.04,0.02,0.99,1,0.99,0.98,0.81,0.73,0.64,0.59,0.53,0.52,0.48,0.45,0.44,0.43,0.42,0.42,0.4,0.39,0.38,0.35,0.35,0.35,0.34,0.34,0.34,0.33,0.3,0.3,0.27,0.26,0.24,0.26,0.24,0.26,0.24,0.23,0.21,0.21,0.21,0.18,0.07,140,125,53,18,6,11,21,14,6,3,2,1,382,1,,4,1,1,1,1,,,,,,,3,1,,2,1,,1,1,2,,,,,,,,,,,,,,,,,,,,,,
1295502399334693,100066248360694,Kornvikkaclinic,"บอกลาวงจรสิวซ้ำซาก.. กลับมายิ้มได้อย่างมั่นใจอีกครั้ง 🥹✨
เข้าใจเลยว่ามันท้อแค่ไหน เวลาที่สิวเก่าเพิ่งยุบ สิวใหม่ก็ขึ้นซ้ำที่เดิม แถมทิ้งรอยแดง (PIE) ไว้เต็มแก้มจนไม่กล้าเปิดหน้าสด... แต่รีวิวพลีชีพจากคนไข้จริงเคสนี้คือข้อพิสูจน์ค่ะว่า “ผิวพังแค่ไหน ก็กลับมา Happy Skin ได้” ด้วย Acne Clear Program ที่ KVK Clinic 

.
📌 3 เหตุผลที่ต้องเลือกโปรแกรมนี้ที่ KVK Clinic :

1️⃣ คุณหมอดีไซน์เคสต่อเคส ไม่ใช่การรักษาแบบเหมาเข่ง ตรงจุดไหนวิกฤต คุณหมอเน้นย้ำให้เป็นพิเศษ

2️⃣ จัดการสิว + เคลียร์รอยแดง (PIE) ไปพร้อมกัน ไม่ต้องรอนาน

3️⃣ ผิวแข็งแรงขึ้นจริง ไม่บาง ไม่เลี้ยงไข้

.
เลิกกังวลแล้วส่งต่อหน้าที่นี้ให้คุณหมอที่ KVK Clinic ดูแลนะคะ เดินเข้ามาพร้อมความกังวล แล้วเตรียมเดินออกไปพร้อมรอยยิ้มและความมั่นใจกันค่ะ 💖

💬 สนใจกู้ผิวใส ทักแชทปรึกษาคุณหมอหรือจองคิวล่วงหน้าได้เลยน้า
(ภาพรีวิวได้รับอนุญาตจากคนไข้จริงเรียบร้อยแล้ว *ผลลัพธ์ขึ้นอยู่กับสภาพผิวของแต่ละบุคคล)
.
.
.
ช่องทางติดต่อสอบถาม แอดมิน+ ปรึกษาแพทย์
𝐋𝐢𝐧𝐞 𝐎𝐀 เป็นช่องทางหลัก
สาขา 𝗞𝗼𝗿𝗮𝘁 : @1stkvk 
.
🔹 สาขา 𝗞𝗼𝗿𝗮𝘁 : โคราช (Head Qaurters)
สาขา3 : ติดโรงเรียน ปลูกปัญญา เส้นสุระ 2 
สาขา1 : ในปั้มปตท. ข้างเดอะมอลล์โคราช
📞 06 1956 5444
.
🌐𝐖𝐞𝐛𝐬𝐢𝐭𝐞 : https://kvkclinic.com
📺𝐘𝐨𝐮𝐭𝐮𝐛𝐞 : https://youtube.com/@kornvikkaclinic1234?si=PwiLo4SaaXs9J2DS
............................................
#KVKClinic #DrKoong #หมอเจด
#ยกมาตรฐานจริงใจล้ำสมัย 
#AcneClearProgram #รักษาสิวแบบเฉพาะบุคคล #ผิวดีที่KVK",,0,"05/24/2026 03:14",N/A,https://www.facebook.com/KVKClinic/posts/pfbid0jmwEuQmPq6PsqbSu8RQ91gs9y983cvjwyFcvEhqBuAPh5826nN3SG5V2YLs5XJGSl,0,0,รูปภาพ,,,,,อายุการใช้งาน,0,2,2,0,0,16,9,1,6,,0,0,0,0,0,0,0,0,0,0,0,0,0,0,0,0,0,0,0,0,503,0,842,842,0,,,,,,,,,,,,,,,,,,,,,,,,,,,,,,,,,,,,,,,,,,,,,,,,,,,,,,,,,,,,,,,,,,,,,,,,,,,,,,,,,,,,,,,,,,,,,,,,,,,,,,,,,,,,,,,,,,,,,,,,,,,,,,,,,,,,,,,,,,,,,,,,
1293860852832181,100066248360694,Kornvikkaclinic,"แค่ปรับทรงใหม่ให้พอดีกับตัว
ช่วยให้ทุกลุคดูดีขึ้นแบบธรรมชาติ 🍼✨
.
เคสนี้เดิมคนไข้มีหน้าอกค่อนข้างน้อย
ทำให้เวลาใส่เสื้อผ้าหลายแบบดูไม่เต็มทรง
โดยเฉพาะคนที่ชอบแต่งตัวและถ่ายรูป
เคสนี้แก้ไข้ด้วยโปรแกรมเสริมหน้าอก
อัปเดตครบ 4 ปี ทรงหน้าอกยังดูสวยละมุน
เข้ากับรูปร่าง และช่วยเพิ่มความมั่นใจได้อย่างเป็นธรรมชาติ
.
ผ่าตัดเสริมหน้าอกที่ KVK Clinic
✅ ดูแลโดยแพทย์มากประสบการณ์
✅ ปรึกษากับคุณหมอก่อนเข้าห้องผ่าตัดทุกเคส
✅ ออกแบบข้างต่อข้างให้เข้ากับแต่ละบุคคล แบบเคสต่อเคส
✅ ติดตามผลและดูแลหลังผ่าตัดอย่างต่อเนื่อง",,0,"05/24/2026 04:00",N/A,https://www.facebook.com/KVKClinic/posts/pfbid0sDyHHAVpTd5yqVWoT1Z8fHjtV2XHkfCsGuzo6H4eMrs2cXiqXHHDvScGLUTy4k6ml,0,0,รูปภาพ,,,,,อายุการใช้งาน,413,1,1,0,0,0,,,,,0,0,0,0,0,0,0,0,0,0,0,0,0,0,0,0,0,0,0,0,413,,707,707,0,,,,,,,,,,,,,,,,,,,,,,,,,,,,,,,,,,,,,,,,,,,,,,,,,,,,,,,,,,,,,,,,,,,,,,,,,,,,,,,,,,,,,,,,,,,,,,,,,,,,,,,,,,,,,,,,,,,,,,,,,,,,,,,,,,,,,,,,,,,,,,,,
1295521639332769,100066248360694,Kornvikkaclinic,"📢 𝐏𝐀𝐘𝐃𝐀𝐘 𝐃𝐄𝐀𝐋𝐒! สวยคุ้มส่งท้ายเดือนที่ 𝐊𝐕𝐊𝐂𝐥𝐢𝐧𝐢𝐜 
รอบนี้เราจัดแพ็กเกจตั๋วเดินทางความสวยมาให้เลือกถึง 5 เส้นทางบิน สะดวกแบบไหน เลือกเช็กอินเส้นทางนั้นได้เลยค่ะ! พร้อมข้อเสนอพิเศษ ผ่อนสบายๆ 𝟎% นานสูงสุด 6 เดือน 💳✨

.
🛫 เลือกคลาสที่ใช่ แล้วก้าวขาขึ้นเครื่องมาเลย:

🤎 KVK Economy Route | เปิดบิล 10,000.- รับวงเงินเพิ่ม 1,000.-

💚 KVK Premium Eco Route | เปิดบิล 20,000.- รับวงเงินเพิ่ม 2,000.-

❤️ KVK Business Route | เปิดบิล 40,000.- รับวงเงินเพิ่ม 4,000.-

💙 KVK First Class Route | เปิดบิล 50,000.- รับวงเงินเพิ่ม 5,000.-

💜 KVK Private Jet Route | เปิดบิล 100,000.- รับวงเงินเพิ่ม 10,000.-

.
ใครกำลังมองหาคลินิกที่เข้าใจทุก Lifestyle ต้องที่ KVKClinic  ตอบโจทย์ทุกปัญหากังวลใจ  เลือกได้ตามใจชอบ เข้ามาลองแล้วจะเลิฟ! 🫶

🗓️วันนี้ 25- 31 พฤษภาคม 2569

.
.
.
ช่องทางติดต่อสอบถาม แอดมิน+ ปรึกษาแพทย์
𝐋𝐢𝐧𝐞 𝐎𝐀 เป็นช่องทางหลัก
สาขา 𝗞𝗼𝗿𝗮𝘁 : @1stkvk 
.
🔹 สาขา 𝗞𝗼𝗿𝗮𝘁 : โคราช (Head Qaurters)
สาขา3 : ติดโรงเรียน ปลูกปัญญา เส้นสุระ 2 
สาขา1 : ในปั้มปตท. ข้างเดอะมอลล์โคราช
📞 06 1956 5444
.
🌐𝐖𝐞𝐛𝐬𝐢𝐭𝐞 : https://kvkclinic.com
📺𝐘𝐨𝐮𝐭𝐮𝐛𝐞 : https://youtube.com/@kornvikkaclinic1234?si=PwiLo4SaaXs9J2DS
............................................
#KVKClinic #DrKoong #หมอเจด
#ยกมาตรฐานจริงใจล้ำสมัย 
#KVKPaydayDeals #สวยคุ้มส่งท้ายเดือน #ทุกไลฟ์สไตล์ที่KVK",,0,"05/24/2026 05:30",N/A,https://www.facebook.com/KVKClinic/posts/pfbid02dmt8SHXVgcYDd9mcKvU7n5X4N6swH8AUmNKx14hzb7mAANAKLx4w4RCjd19yeq6Fl,0,0,รูปภาพ,,,,,อายุการใช้งาน,475,2,1,0,1,18,16,,2,,0,0,0,0,0,0,0,0,0,0,0,0,0,0,0,0,0,0,0,0,475,,831,831,0,,,,,,,,,,,,,,,,,,,,,,,,,,,,,,,,,,,,,,,,,,,,,,,,,,,,,,,,,,,,,,,,,,,,,,,,,,,,,,,,,,,,,,,,,,,,,,,,,,,,,,,,,,,,,,,,,,,,,,,,,,,,,,,,,,,,,,,,,,,,,,,,
1293862079498725,100066248360694,Kornvikkaclinic,"ตาที่เคยปรือ ดูไม่เท่ากัน
แค่แก้ไขถูกจุด ลุคก็เปลี่ยนทั้งหน้า 👁👁✨
.
เคสนี้มีปัญหาตาไม่เท่ากัน ตาข้างที่มีปัญหาคือตาข้างซ้าย 
ชั้นตาไม่ชัด ส่วนตาข้างขวากล้ามเนื้อตาตก ตาปรือ 
คุณหมอแก้ไขปรับกล้ามเนื้อตา โดยทำร่วมกับทำตาสองชั้น
ออกแบบชั้นตาใหม่ เพื่อให้ชั้นตาดูชัดขึ้น
หลังทำครบ 1 เดือนตาดูใกล้เคียงกับตาข้างขวา
ชั้นตาเริ่มเข้าที่ ลุคโดยรวมดูสดใสและมั่นใจขึ้น
.
ผ่าตัดตาสองชั้นที่ KVK Clinic
✅ ดูแลโดยแพทย์มากประสบการณ์
✅ ปรึกษากับคุณหมอก่อนเข้าห้องผ่าตัดทุกเคส
✅ ออกแบบชั้นตาให้เข้ากับแต่ละบุคคล แบบเคสต่อเคส
✅ ติดตามผลและดูแลหลังผ่าตัดอย่างต่อเนื่อง",,0,"05/24/2026 19:00",N/A,https://www.facebook.com/KVKClinic/posts/pfbid033864ebsyJmYcbumkqfRGPoSm6Jb2DJY4AtJeomufiTAZnvqC7gK5sj7xK9QQLMs8l,0,0,รูปภาพ,,,,,อายุการใช้งาน,0,2,2,0,0,1,1,,,,0,0,0,0,0,0,0,0,0,0,0,0,0,0,0,0,0,0,0,,,,,,,,,,,,,,,,,,,,,,,,,,,,,,,,,,,,,,,,,,,,,,,,,,,,,,,,,,,,,,,,,,,,,,,,,,,,,,,,,,,,,,,,,,,,,,,,,,,,,,,,,,,,,,,,,,,,,,,,,,,,,,,,,,,,,,,,,,,,,,,,,,,,,,
1296080812610185,100066248360694,Kornvikkaclinic,"เจาะลึกเทรนด์และเทคโนโลยีความงามยุคใหม่ ไปกับคุณหมอกุ้ง 💡✨
ได้รับเกียรติเข้าร่วมงานประชุมวิชาการครั้งสำคัญ ""THE CONVERGENCE OF AESTHETIC SCIENCE TRENDS, TECHNOLOGY, AND TRANSFORMATION""

🌟จบลงไปอย่างงดงาม สำหรับงานสัมมนาวิชาการระดับแนวหน้า ที่รวบรวมวิทยาศาสตร์แห่งความงามและเทคโนโลยีล้ำสมัยเข้าไว้ด้วยกัน โดยคุณหมอกุ้ง (พญ.กรวิกกา พัฒนะะปราน ว38020) ได้ร่วมแชร์ประสบการณ์ร่วมกับอาจารย์แพทย์และผู้เชี่ยวชาญระดับแนวหน้าของเมืองไทย ณ อาคารภูมิสิริมังคลานุสรณ์ โรงพยาบาลจุฬาลงกรณ์ 

🧪ภายในงานนี้ คุณหมอกุ้งได้รับหน้าที่สำคัญในฐานะ Hands-on Instructor ขึ้นถ่ายทอดเทคนิคและสาธิตการทำ Live Demonstration ในหัวข้อ ""XERF Face Tightening and Lifting"" ร่วมกับเทรนด์การดูแลผิวด้วยสารสกัดโพลีนิวคลีโอไทด์ (Polynucleotide) ซึ่งเป็นนวัตกรรมการฟื้นฟูผิวที่กำลังมาแรงที่สุดในขณะนี้ 

🔬งานนี้เป็นการผสานพลังระหว่างศาสตร์แห่งความงามและเทคโนโลยีระดับมาตรฐานสากล เพื่ออัปเดตเทคนิคการดูแลผิวที่ล้ำสมัยและตอบโจทย์ปัญหาผิวได้อย่างครอบคลุมที่สุด

มาร่วมเปิดประสบการณ์การดูแลผิวพรรณด้วยมาตรฐานระดับสากลและเทคนิคเฉพาะตัวของคุณหมอกุ้งได้แล้ววันนี้ที่ KVK Clinic นะคะ 🤍

............................................
#KVKClinic #DrKoong #หมอเจด
#ยกมาตรฐานจริงใจล้ำสมัย
#AESLA #TheConvergenceofAestheticScienceTrendsTechnologyandTransformation #AestheticTransformation #XERFInstructor
#RegenerativeMedicine",,0,"05/24/2026 21:30",N/A,https://www.facebook.com/KVKClinic/posts/pfbid02AHPYFNMw333iTZnm8sydYonwXKN151PRqHg1dihXBjUP31kHsEyb4eh66tDHc2vl,0,0,รูปภาพ,,,,,อายุการใช้งาน,0,10,8,0,2,0,,,,,0,0,0,0,0,0,0,0,0,0,0,0,0,0,0,0,0,0,,0,547,,,,,,,,,,,,,,,,,,,,,,,,,,,,,,,,,,,,,,,,,,,,,,,,,,,,,,,,,,,,,,,,,,,,,,,,,,,,,,,,,,,,,,,,,,,,,,,,,,,,,,,,,,,,,,,,,,,,,,,,,,,,,,,,,,,,,,,,,,,,,,,,,,,,
1296270899257843,100066248360694,Kornvikkaclinic,"ล็อกกรอบหน้าให้เป๊ะ ทุกองศาไม่มีสะดุด ✨
ด้วยโปรแกรม FACE CONTOURING BY KVK ดูแลผิวหน้าอย่างล้ำลึกด้วยเทคนิคโปรแกรม XERF 600 SHOT

.
🎯 อย่างเคสนี้ในโปรแกรม XERF 600 SHOT คุณหมอจะประเมินและแบ่งพลังงานลงลึกถึง 3 ชั้นผิว:

• ชั้นลึก (Deep) 300 Shot เพื่อความกระชับจากฐานผิว
• ชั้นกลาง (Middle) 200 Shot จัดระเบียบมิติชั้นไขมัน
• ชั้นตื้น (Shallow) 100 Shot รีเฟรชผิวชั้นบนให้เรียบเนียน

.
หลายคนถามว่าเครื่องก็เครื่องเดียวกัน ทำไมต้องมาทำโปรแกรม XERF ที่ KVK Clinic?
🗣️คำตอบอยู่ที่ ""เทคนิคเฉพาะและความใส่ใจ"" ของทีมแพทย์ KVK ค่ะ คุณหมอของเรามีความเข้าใจในอนาโตมี (Anatomy) ของใบหน้าเป็นอย่างดี รู้จุดที่ต้องยก รู้จุดที่ต้องเลี่ยง และมีการปรับค่าพลังงานให้เหมาะสมกับชั้นผิวของคนไข้ในแต่ละจุดอย่างลงตัว

🍃เปลี่ยนผิวหย่อนคล้อยให้กลับมาดูเฟิร์มกระชับ ในแบบที่เป็นคุณอย่างเป็นธรรมชาติ
สอบถามโปรแกรมและจองคิวปรึกษาแพทย์ฟรี ทัก Inbox เลยค่ะ 📩
............................................
#KVKClinic #DrKoong #หมอเจด
#ยกมาตรฐานจริงใจล้ำสมัย
#FaceContouringProgram #ProgramXERF #ปรับรูปหน้าเฉพาะบุคคล",,0,"05/25/2026 02:32",N/A,https://www.facebook.com/KVKClinic/posts/pfbid0Lf46q48XJh2qpvit47TKzHoDcU8cx6SxKYzPQ6Bh6CzEUMhU2iQapjVQg27jL6Xil,0,0,รูปภาพ,,,,,อายุการใช้งาน,453,2,2,0,0,4,4,,,,0,0,0,0,0,0,0,0,0,0,0,0,0,0,0,0,0,0,0,,,,,,,,,,,,,,,,,,,,,,,,,,,,,,,,,,,,,,,,,,,,,,,,,,,,,,,,,,,,,,,,,,,,,,,,,,,,,,,,,,,,,,,,,,,,,,,,,,,,,,,,,,,,,,,,,,,,,,,,,,,,,,,,,,,,,,,,,,,,,,,,,,,,,,
1293866776164922,100066248360694,Kornvikkaclinic,"เก็บเหนียง เปลี่ยนกรอบหน้า ✨
หน้าดูเรียวขึ้นแบบเห็นได้ชัด
.
เคสนี้มีไขมันสะสมบริเวณใต้คางค่อนข้างเยอะ
ทำให้เวลามองด้านข้างจะเห็นเหนียงชัด
กรอบหน้าไม่ค่อยคม และลำคอดูไม่กระชับ
คุณหมอแก้ไขด้วยการผ่าดูดเหนียง
โดยทำร่วมกับเย็บกระชับ เพื่อช่วยเก็บกรอบหน้าชัด
หลังทำจะเห็นว่าเหนียงลดลงอย่างชัดเจน
กรอบหน้าดูคมขึ้น หน้าดูเรียวและกระชับขึ้น
.
ผ่าตัดดูดเหนียงที่ KVK Clinic
✅ ดูแลโดยแพทย์มากประสบการณ์
✅ ปรึกษากับคุณหมอก่อนเข้าห้องผ่าตัดทุกเคส
✅ ติดตามผลและดูแลหลังผ่าตัดอย่างต่อเนื่อง",,0,"05/25/2026 04:00",N/A,https://www.facebook.com/KVKClinic/posts/pfbid0daCRwpfmnDWwsEGQC44q2gBzMVJzgWuJFN9xtyCrCN3p3WhZ72f4RNyXUXGY2PYwl,0,0,รูปภาพ,,,,,อายุการใช้งาน,0,2,2,0,0,5,4,,1,,0,0,0,0,0,0,0,0,0,0,0,0,0,0,0,0,0,0,0,0,400,,,,,,,,,,,,,,,,,,,,,,,,,,,,,,,,,,,,,,,,,,,,,,,,,,,,,,,,,,,,,,,,,,,,,,,,,,,,,,,,,,,,,,,,,,,,,,,,,,,,,,,,,,,,,,,,,,,,,,,,,,,,,,,,,,,,,,,,,,,,,,,,,,,,
1296292889255644,100066248360694,Kornvikkaclinic,"เทรนด์ผิวโลกเปลี่ยนไป และ KVK Clinic ไม่เคยหยุดนิ่งที่จะนำสิ่งที่ดีที่สุดมาสู่คุณ ✨

ภาพบรรยากาศ คุณหมอกุ้ง (พญ.กรวิกกา พัฒนะปราน ว38020) และ คุณหมอโบว์ (พญ.เสาวภาคย์ ตรีสุธรรมมาศ ว65557) ทีมแพทย์ประจำ KVK Clinic เข้าร่วมงานสัมมนาครั้งสำคัญ ""THE CONVERGENCE OF AESTHETIC SCIENCE TRENDS, TECHNOLOGY, AND TRANSFORMATION"" เพื่อเจาะลึกแนวทางการดูแลผิวในยุค Regenerative Skin นวัตกรรมการฟื้นฟูผิวแห่งอนาคต

งานนี้บอกเลยว่าเทรนด์ ""Regenerative Skin"" มาแรงมากกก! เป็นแนวทางการดูแลผิวที่เน้นความอ่อนเยาว์แบบเป็นธรรมชาติ ฟื้นฟูให้ผิวกลับมาดูแข็งแรงและเปล่งประกายชุ่มชื้นจากฐานผิวชั้นใน

คุณหมอทั้งสองท่านเก็บเกี่ยวเทคนิคและแนวคิดใหม่ๆ มาแบบจัดเต็ม พร้อมส่งต่อการดูแลผิวระดับพรีเมียมให้คนไข้ที่น่ารักของ KVK Clinic ทุกสาขาแล้วค่ะ 🥰

............................................
#KVKClinic #DrKoong #หมอเจด
#ยกมาตรฐานจริงใจล้ำสมัย
#AESLA #TheConvergenceofAestheticScienceTrendsTechnologyandTransformation #AestheticTransformation #XERFInstructor
#RegenerativeMedicine","เทรนด์ผิวโลกเปลี่ยนไป และ KVK Clinic ไม่เคยหยุดนิ่งที่จะนำสิ่งที่ดีที่สุดมาสู่คุณ ✨

ภาพบรรยากาศ คุณหมอกุ้ง (พญ.กรวิกกา พัฒนะปราน ว38020) และ คุณหมอโบว์ (พญ.เสาวภาคย์ ตรีสุธรรมมาศ ว65557) ทีมแพทย์ประจำ KVK Clinic เข้าร่วมงานสัมมนาครั้งสำคัญ ""THE CONVERGENCE OF AESTHETIC SCIENCE TRENDS, TECHNOLOGY, AND TRANSFORMATION"" เพื่อเจาะลึกแนวทางการดูแลผิวในยุค Regenerative Skin นวัตกรรมการฟื้นฟูผิวแห่งอนาคต

งานนี้บอกเลยว่าเทรนด์ ""Regenerative Skin"" มาแรงมากกก! เป็นแนวทางการดูแลผิวที่เน้นความอ่อนเยาว์แบบเป็นธรรมชาติ ฟื้นฟูให้ผิวกลับมาดูแข็งแรงและเปล่งประกายชุ่มชื้นจากฐานผิวชั้นใน

คุณหมอทั้งสองท่านเก็บเกี่ยวเทคนิคและแนวคิดใหม่ๆ มาแบบจัดเต็ม พร้อมส่งต่อการดูแลผิวระดับพรีเมียมให้คนไข้ที่น่ารักของ KVK Clinic ทุกสาขาแล้วค่ะ 🥰

............................................
#KVKClinic #DrKoong #หมอเจด
#ยกมาตรฐานจริงใจล้ำสมัย
#AESLA #TheConvergenceofAestheticScienceTrendsTechnologyandTransformation #AestheticTransformation #XERFInstructor
#RegenerativeMedicine",130,"05/25/2026 05:00",N/A,https://www.facebook.com/reel/1558027382453080/,0,0,วิดีโอ,,,,,อายุการใช้งาน,1076,9,8,0,1,5,,,5,,195,12,188,12,0,195,0,0,0,0,731.322,38.653,4092.058,0,4.975,3.514,4.377,0,0,0,1076,0,1199,1194,0,4862.033,4.448,0,0,0,0.99,0.93,0.49,0.38,0.31,0.23,0.22,0.15,0.12,0.11,0.11,0.1,0.09,0.09,0.09,0.08,0.08,0.08,0.07,0.06,0.06,0.06,0.06,0.05,0.05,0.05,0.04,0.04,0.04,0.04,0.04,0.04,0.03,0.03,0.03,0.03,0.03,0.03,0.03,0.02,0.02,1,1,1,1,1,0.88,0.8,0.56,0.46,0.44,0.42,0.4,0.36,0.36,0.36,0.32,0.3,0.3,0.26,0.24,0.24,0.24,0.22,0.2,0.2,0.18,0.16,0.16,0.14,0.14,0.14,0.14,0.12,0.12,0.12,0.12,0.12,0.12,0.1,0.08,0.06,85,49,32,9,,7,5,5,2,,,1,185,,,5,,,1,1,,,,,,,3,,,,,,,,,,,,,,,,,,,,,,,,,,,,,,
1296300939254839,100066248360694,Kornvikkaclinic,"โปรแกรม Morphues 8 Prime
#ดีกว่าเดิมยังไง!!!! ต้องลอง

💥 ดีลใหญ่ที่ทุกคนรอคอย! กู้ผิวพังให้กลับมาสตรองด้วยเทคโนโลยีล่าสุด
โปรแกรม 𝐌𝐨𝐫𝐩𝐡𝐞𝐮𝐬 𝟖 𝐏𝐫𝐢𝐦𝐞 (𝐍𝐞𝐰 𝐆𝐞𝐧𝐞𝐫𝐚𝐭𝐢𝐨𝐧) เจ็บน้อยลง...แต่ผลลัพธ์ทรงพลังกว่าเดิม!

.
✨ 𝐏𝐫𝐨𝐠𝐫𝐚𝐦 𝐌𝐨𝐫𝐩𝐡𝐞𝐮𝐬 𝟖 𝐏𝐫𝐢𝐦𝐞 ดีกว่ารุ่นเดิมยังไง?

Scale Mode นวัตกรรมล่าสุด : ปรับระดับการส่งพลังงานได้แม่นยำและสมดุลขึ้น พร้อมทั้งช่วยลด Pain Score (ความเจ็บ) ลงอย่างเห็นได้ชัด สบายผิวขึ้นระหว่างทำ

ผลลัพธ์คูณสอง : ถึงจะเจ็บน้อยลง แต่ส่งพลังงานลงลึกกระตุ้นการเรียงตัวใหม่ของชั้นผิวได้ดีกว่าเดิม แก้ปัญหาผิวหย่อนคล้อย รูขุมขน และรอยสิวได้อย่างตรงจุด

.
💎 𝐓𝐡𝐞 𝐔𝐥𝐭𝐢𝐦𝐚𝐭𝐞 𝐆𝐥𝐨𝐰 𝐂𝐨𝐦𝐛𝐨 | เพียง 𝟐𝟗,𝟗𝟎𝟎.-

คุ้มที่สุดเพราะเราให้ครบ ไม่ต้องเลือก! สิ่งที่คุณจะได้รับในแพ็กเกจนี้:
▪️ 𝐏𝐫𝐨𝐠𝐫𝐚𝐦 𝐌𝐨𝐫𝐩𝐡𝐞𝐮𝐬 𝟖 𝐏𝐫𝐢𝐦𝐞 : 𝐅𝐚𝐜𝐞 & 𝐍𝐞𝐜𝐤
▪️ 𝐏𝐫𝐨𝐠𝐫𝐚𝐦 𝐈𝐧𝐦𝐨𝐝𝐞 𝐋𝐢𝐟𝐭𝐢𝐧𝐠
▪️ 𝐏𝐫𝐨𝐠𝐫𝐚𝐦 𝐕𝐢𝐭𝐚𝐫𝐚𝐧 (1 syr.)
▪️ 𝐏𝐫𝐨𝐠𝐫𝐚𝐦 𝐆 𝐅𝐚𝐜𝐭𝐨𝐫
▪️ 𝐏𝐫𝐨𝐠𝐫𝐚𝐦 𝐒𝐤𝐢𝐧 𝐎𝐜𝐥𝐨𝐜𝐤 & 𝐒𝐤𝐢𝐧 𝐂𝐚𝐫𝐞

.
🤔 ทำไมต้องเลือกทำ 𝐏𝐫𝐨𝐠𝐫𝐚𝐦 𝐌𝐨𝐫𝐩𝐡𝐞𝐮𝐬 𝟖 𝐏𝐫𝐢𝐦𝐞 ที่ 𝐊𝐕𝐊 𝐂𝐥𝐢𝐧𝐢𝐜?

เพราะเราไม่เพียงแค่ทำเสร็จแล้วจบไป แต่เราออกแบบระบบ Pre-care & Post-care มาให้ครบในแพ็กเกจเดียว เพื่อช่วยซัพพอร์ตการฟื้นตัวของผิว (Downtime สั้นลง) และเสริมประสิทธิภาพการทำงานของตัวเครื่องให้ได้ผลลัพธ์สูงสุด

👩‍⚕️ ดูแลโดยทีมแพทย์ผู้เชี่ยวชาญ ใส่ใจและออกแบบการวางพลังงาน (Energy Design) ตามสภาพผิวและการตอบสนองของแต่ละบุคคลโดยเฉพาะ
(หมายเหตุ: การรักษาแต่ละครั้งขึ้นอยู่กับการวินิจฉัยของแพทย์และสภาพผิวรายบุคคล)

📩 ไม่อยากพลาดดีลสุดคุ้มนี้?
ทัก Inbox เพื่อจองคิว หรือส่งรูปมาให้คุณหมอช่วยประเมินผิวเบื้องต้นก่อนได้เลยค่ะ! 👉

.
.
.
ช่องทางติดต่อสอบถาม แอดมิน+ ปรึกษาแพทย์
𝐋𝐢𝐧𝐞 𝐎𝐀 เป็นช่องทางหลัก
สาขา 𝗞𝗼𝗿𝗮𝘁 : @1stkvk
.
🔹 สาขา 𝗞𝗼𝗿𝗮𝘁 : โคราช (Head Qaurters)
สาขา3 : ติดโรงเรียน ปลูกปัญญา เส้นสุระ 2
สาขา1 : ในปั้มปตท. ข้างเดอะมอลล์โคราช
📞 06 1956 5444
.
🌐𝐖𝐞𝐛𝐬𝐢𝐭𝐞 : https://kvkclinic.com
📺𝐘𝐨𝐮𝐭𝐮𝐛𝐞 : https://youtube.com/@kornvikkaclinic1234?si=PwiLo4SaaXs9J2DS
............................................
#KVKClinic #DrKoong #หมอเจด
#ยกมาตรฐานจริงใจล้ำสมัย
#ProgramMorpheus8Prime",,0,"05/25/2026 20:00",N/A,https://www.facebook.com/KVKClinic/posts/pfbid02hrkyjsYfKDvLngGeJ3tbdZDmeUbqW62kUB4WejVuvDzVtwDtUgDejfnzKWBP9PbGl,0,0,รูปภาพ,,,,,อายุการใช้งาน,204,2,2,0,0,9,1,,8,,0,0,0,0,0,0,0,0,0,0,0,0,0,0,0,0,0,0,,0,204,0,,,,,,,,,,,,,,,,,,,,,,,,,,,,,,,,,,,,,,,,,,,,,,,,,,,,,,,,,,,,,,,,,,,,,,,,,,,,,,,,,,,,,,,,,,,,,,,,,,,,,,,,,,,,,,,,,,,,,,,,,,,,,,,,,,,,,,,,,,,,,,,,,,,
1274326724785594,100066248360694,Kornvikkaclinic,"เก็บตกบรรยากาศ WonGalaAwards 2026 : The Phantom of Precision 🎭

ขอบคุณโอกาสที่ได้ร่วมถ่ายทอดประสบการณ์ในฐานะ ในฐานะ Thailand Speaker บนเวทีระดับประเทศ งาน WON GALA ที่ผ่านมากับบทบาทการเป็นตัวแทนถ่ายทอดเทคนิคและความรู้ เพื่อส่งต่อมาตรฐานความดูดีที่ตอบโจทย์ทุกมิติ 

อีกทั้งยังคว้ารางวัล 
🏆Oligio X Kols Thailand Speaker

ขอบคุณทุกคนที่เชื่อมั่นในความตั้งใจของ KVK เสมอมาค่ะ🫶
............................................
#KVKClinic #DrKoong #DrJade 
#ยกมาตรฐานจริงใจล้ำสมัย 
#WontechAsia #WonGalaAwards2026
#oligio #OligioX","เก็บตกบรรยากาศ WonGalaAwards 2026 : The Phantom of Precision 🎭

ขอบคุณโอกาสที่ได้ร่วมถ่ายทอดประสบการณ์ในฐานะ ในฐานะ Thailand Speaker บนเวทีระดับประเทศ งาน WON GALA ที่ผ่านมากับบทบาทการเป็นตัวแทนถ่ายทอดเทคนิคและความรู้ เพื่อส่งต่อมาตรฐานความดูดีที่ตอบโจทย์ทุกมิติ 

อีกทั้งยังคว้ารางวัล 
🏆Oligio X Kols Thailand Speaker

ขอบคุณทุกคนที่เชื่อมั่นในความตั้งใจของ KVK เสมอมาค่ะ🫶
............................................
#KVKClinic #DrKoong #DrJade 
#ยกมาตรฐานจริงใจล้ำสมัย 
#WontechAsia #WonGalaAwards2026
#oligio #OligioX",172,"04/28/2026 01:00",N/A,https://www.facebook.com/reel/1452800319317130/,0,0,วิดีโอ,,,,,อายุการใช้งาน,2594,16,15,0,1,6,,,6,,726,45,676,45,0,726,0,0,0,0,4719.6,61.297,10137.839,0,5.425,3.832,5.498,0,0,0,2594,0,2934,3029,0,14918.736,5.464,0,0,0,0.99,0.65,0.35,0.26,0.2,0.16,0.12,0.1,0.1,0.09,0.08,0.08,0.07,0.07,0.06,0.06,0.06,0.05,0.05,0.04,0.04,0.04,0.03,0.03,0.03,0.03,0.02,0.03,0.02,0.02,0.02,0.02,0.02,0.02,0.02,0.02,0.02,0.01,0.01,0.01,0.01,0.99,1,1,0.99,0.87,0.7,0.53,0.45,0.42,0.4,0.37,0.35,0.33,0.31,0.28,0.25,0.25,0.23,0.21,0.19,0.19,0.17,0.15,0.15,0.13,0.13,0.11,0.12,0.11,0.1,0.09,0.1,0.08,0.1,0.08,0.07,0.07,0.05,0.04,0.04,0.03,274,218,128,30,15,8,16,17,8,4,2,1,692,3,4,2,1,1,4,2,1,2,,,,,1,1,,3,,1,,,3,,,1,2,,,,,,,,,,,1,1,,,,,,
1274422348109365,100066248360694,Kornvikkaclinic,"แค่เปลี่ยนชั้นตา ลุคก็ดูละมุนขึ้นทันที ✨
.
ก่อนทำมีปัญหาชั้นตาไม่ชัด ชั้นตาซ้อนกันหลายชั้น 
และชั้นตาหลบในข้างซ้าย ทำให้รู้สึกตาดูง่วง
เคสนี้เลือกแก้ไขด้วยการผ่าตัดตาสองชั้น
หลังทำทันทีจะเห็นว่าชั้นตาชั้นขึ้น 
รูปตาดูเปิดและดวงตาดูโตสดใสขึ้น
แลดูเป็นธรรมชาติ
.
ผ่าตัดตาสองชั้นที่ KVK Clinic
✅ ดูแลโดยแพทย์มากประสบการณ์
✅ ปรึกษากับคุณหมอก่อนเข้าห้องผ่าตัดทุกเคส
✅ ออกแบบชั้นตาให้เข้ากับแต่ละบุคคล แบบเคสต่อเคส
✅ ติดตามผลและดูแลหลังผ่าตัดอย่างต่อเนื่อง",,0,"04/28/2026 20:00",N/A,https://www.facebook.com/KVKClinic/posts/pfbid02dqGVJZvWTnXbDujdxQ53JVomB6hcoEkn559iYSxGTUJjLzSFDjHzbPm3WhXKeMtMl,0,0,รูปภาพ,,,,,อายุการใช้งาน,1818,12,11,1,0,0,,,,,0,0,0,0,0,0,0,0,0,0,0,0,0,0,0,0,0,0,0,0,1818,0,3036,3036,0,,,,,,,,,,,,,,,,,,,,,,,,,,,,,,,,,,,,,,,,,,,,,,,,,,,,,,,,,,,,,,,,,,,,,,,,,,,,,,,,,,,,,,,,,,,,,,,,,,,,,,,,,,,,,,,,,,,,,,,,,,,,,,,,,,,,,,,,,,,,,,,,
