"ID โพสต์","ID เพจ",ชื่อเพจ,ชื่อ,คำอธิบาย,"ระยะเวลา (วินาที)",เวลาที่เผยแพร่,ประเภทคำบรรยาย,ลิงก์ถาวร,เป็นโพสต์ข้าม,เป็นโพสต์ที่แชร์หรือไม่,ประเภทโพสต์,ภาษา,ป้ายกำกับแบบกำหนดเอง,สถานะเนื้อหาที่ได้รับการสนับสนุน,ความคิดเห็นเกี่ยวกับข้อมูล,วันที่,ยอดดู,การเข้าถึง,"ความรู้สึก ความคิดเห็น และการแชร์",ความรู้สึก,ความคิดเห็น,การแชร์,การคลิกทั้งหมด,"การใช้การกำหนดกลุ่มเป้าหมายที่ตรงกัน (Photo Click)",การคลิกอื่นๆ,การคลิกลิงก์,"การใช้การกำหนดกลุ่มเป้าหมายที่ตรงกัน (Video Click)",จำนวนวินาทีที่รับชม,จำนวนวินาทีที่รับชมโดยเฉลี่ย,"รายได้โดยประมาณ (ดอลลาร์สหรัฐ)","CPM โฆษณา (ดอลลาร์สหรัฐ)",อิมเพรสชั่นโฆษณา
1269422825275984,100066248360694,Kornvikkaclinic,"แฉแรงมาก… แต่หน้าสวยจริง 😭✨ 

📍 2 โปรแกรมคอมโบเปลี่ยนผิวแบบต้องซูมดูแล้วอึ้ง โปรแกรม DermaV และโปรแกรม Pico Second Laser จัดการตรงจุดทั้งปัญหารอยดำ รอยแดง ช่วยปรับสีผิวให้สม่ำเสมอขึ้น

เลือกโปรแกรมที่ใช่กับผิว ที่ KVK Clinic ✨

#KVKClinic #DrKoong #หมอเจด
#ยกระดับมาตรฐานจริงใจล้ำสมัย 
#โปรแกรมเลเซอร์ #ProgramDermaV #ProgramPicoSecondLaser
#เลเซอร์ลดรอยสิว",,0,"04/21/2026 23:03",N/A,https://www.facebook.com/KVKClinic/posts/pfbid0Sxad5PECZPKfg8jR9VqWTtb5Sc9PJS794w2pKZa3CQumo7iq8eB9UNSgyUFHDbNHl,0,1,วิดีโอ,,,,,อายุการใช้งาน,309,1990,7,7,0,0,23,,23,,,,,,,
1269498821935051,100066248360694,Kornvikkaclinic,"📣เอาใจ BANGKOK CITY
.
🎉 เซอร์ไพรส์ดีลแรง! “สาขาสยาม” เท่านั้น 🎉
จองออนไลน์วันนี้ คุ้มสุดแบบที่คุณห้ามพลาด!
.
✨ ดีลพิเศษ เลือกได้ตามงบ
▪️ ยอดซื้อ < 20,000    
จองมัดจำ50%  ลดเพิ่ม  500.-
จองเต็มจำนวน  ลดเพิ่ม  1,000.-

▪️ ยอดซื้อ > 35,000.-
จองมัดจำ50%  ลดเพิ่ม  1,000.-
จองเต็มจำนวน  ลดเพิ่ม  2,000.-

▪️ ยอดซื้อ > 50,000.-
จองมัดจำ50%  ลดเพิ่ม  1,500.-
จองเต็มจำนวน  ลดเพิ่ม  3,000.-
.
💬 จองง่าย จ่ายน้อย สวยคุ้มกว่า
📍 เฉพาะสาขาสยาม เท่านั้น 
.
.
.
ช่องทางติดต่อสอบถาม แอดมิน+ ปรึกษาแพทย์
𝐋𝐢𝐧𝐞 𝐎𝐀 เป็นช่องทางหลัก
สาขา 𝗞𝗼𝗿𝗮𝘁 : @1stkvk
สาขา 𝗦𝗶𝗮𝗺  : @kvksiam
.
🔹 สาขา 𝗞𝗼𝗿𝗮𝘁 : โคราช (Head Qaurters)
สาขา3 : ติดโรงเรียน ปลูกปัญญา เส้นสุระ 2 
สาขา1 : ในปั้มปตท. ข้างเดอะมอลล์โคราช
📞 06 1956 5444
.
🔹 สาขา 𝗦𝗶𝗮𝗺 : KVK Siam Clinic
Centerpoint Siam Square ชั้น 2
📞 09 5791 5444
.
🌐𝐖𝐞𝐛𝐬𝐢𝐭𝐞 : https://kvkclinic.com
📺𝐘𝐨𝐮𝐭𝐮𝐛𝐞 : https://youtube.com/@kornvikkaclinic1234?si=PwiLo4SaaXs9J2DS
……………………………………………
#KVKClinic #DrKoong #หมอเจด
#ยกมาตรฐานจริงใจล้ำสมัย
#จองโปรออนไลน์",,0,"04/22/2026 01:29",N/A,https://www.facebook.com/KVKClinic/posts/pfbid02DyghzCprncnPjjPpMw9vqmfUkLeAvCHXbX1pa5iTi9dS6BgFis7quTBkhHujiZJfl,0,0,รูปภาพ,,,,,อายุการใช้งาน,2931,1723,6,6,0,0,5,1,3,1,,,,,,
1269577451927188,100066248360694,Kornvikkaclinic,"🔥 ดีลแรง! ตัวท็อปยกกระชับ + ผิวโกลว์ ครบในโปรเดียว 🔥
.
ใครอยาก “หน้าตึง ผิวแน่น กรอบหน้าชัด ” ต้องจัดด่วน!
🔥𝗣𝗿𝗼𝗺𝗼𝘁𝗶𝗼𝗻 เพียง 𝟯𝟯,𝟵𝟬𝟬.-

✅ 𝗣𝗥𝗢𝗚𝗥𝗔𝗠 𝗢𝗟𝗜𝗚𝗜𝗢 𝗫 𝟲𝟬𝟬 𝗦𝗛𝗢𝗧 : เย็น ยก ยุบ นาน + เทคโนโลยี𝗚𝗫𝗚 ลงทุกชั้นผิว
✅ 𝗣𝗥𝗢𝗚𝗥𝗔𝗠 𝗨𝗟𝗧𝗥𝗔𝗙𝗢𝗥𝗠𝗘𝗥 𝗠𝗣𝗧 𝟯𝟬𝟬 𝗦𝗛𝗢𝗧𝗦 : เพิ่มพลังยกกระชับ 𝘅𝟮 เห็นผลลัพธ์ชัดขึ้น
.
.
✨ ไม่พอ! ยังได้อีก
แลกซื้อ 𝗣𝗥𝗢𝗚𝗥𝗔𝗠 𝗣𝗥𝗘𝗠𝗜𝗨𝗠 𝗕𝗔𝗕𝗬 𝗚𝗟𝗢𝗪 
ผิวใส ฉ่ำ โกลว์ แบบผิวลูกคุณ
🔥 ราคาเพียง 𝟭𝟱,𝟵𝟬𝟬.- (จากปกติ 25,000.-)
.
✨โปรนี้คือคำตอบ ทำครั้งเดียว ได้ทั้ง
• ยกกระชับ+หน้าเรียว+ผิวแน่น
• ผิวฟู อิ่มน้ำ ดูสุขภาพดี
• ผิวเนียนละเอียด แต่งหน้าง่ายขึ้น
.
.
.
ช่องทางติดต่อสอบถาม แอดมิน+ ปรึกษาแพทย์
𝐋𝐢𝐧𝐞 𝐎𝐀 เป็นช่องทางหลัก
สาขา 𝗞𝗼𝗿𝗮𝘁 : @1stkvk
สาขา 𝗦𝗶𝗮𝗺  : @kvksiam
.
🔹 สาขา 𝗞𝗼𝗿𝗮𝘁 : โคราช (Head Qaurters)
สาขา3 : ติดโรงเรียน ปลูกปัญญา เส้นสุระ 2 
สาขา1 : ในปั้มปตท. ข้างเดอะมอลล์โคราช
📞 06 1956 5444
.
🔹 สาขา 𝗦𝗶𝗮𝗺 : KVK Siam Clinic
Centerpoint Siam Square ชั้น 2
📞 09 5791 5444
.
🌐𝐖𝐞𝐛𝐬𝐢𝐭𝐞 : https://kvkclinic.com
📺𝐘𝐨𝐮𝐭𝐮𝐛𝐞 : https://youtube.com/@kornvikkaclinic1234?si=PwiLo4SaaXs9J2DS
……………………………………………
#KVKClinic #DrKoong #หมอเจด
#ยกมาตรฐานจริงใจล้ำสมัย
#OligioX #UltraformerMPT
#MPT #OGX #ยกกระชับ
#BabyGlowProgram",,0,"04/22/2026 04:00",N/A,https://www.facebook.com/KVKClinic/posts/pfbid0MaZrQMx6D5VsyZbSNU79Di5Z2ckC7SetoFXmdohP9D8WEJTnW1XCMWtCvny4mUKml,0,0,รูปภาพ,,,,,อายุการใช้งาน,3280,2025,10,9,0,1,12,4,8,,,,,,,
1270091375209129,100066248360694,Kornvikkaclinic,"จากจมูกแบน มุมข้างที่เคยเรียบ 
วันนี้ดูมีมิติขึ้นแล้ว ✨
.
เคสนี้คนไข้มีลักษณะสันจมูกค่อนข้างแบน 
ปลายจมูกมีความสั้นและทู่เล็กน้อย ทำให้ทรงจมูกดูสั้น
เคสนี้แก้ไขด้วยโปรแกรมเสริมจมูก
พร้อมออกแบบทรงใหม่ให้รับกับใบหน้า 
และปรับปลายให้ดูยาวขึ้น
หลังทำจะเห็นว่าสันจมูกดูยกและชัดขึ้น
ปลายจมูกถูกปรับให้ยาว ทำให้ทรงจมูกดูเรียวขึ้น
มุมด้านข้างดูมีมิติแลดูเป็นธรรมชาติ
.
ผ่าตัดเสริมจมูกที่ KVK Clinic
✅ ดูแลโดยแพทย์มากประสบการณ์
✅ ปรึกษากับคุณหมอก่อนเข้าห้องผ่าตัดทุกเคส
✅ ออกแบบทรงจมูกให้เข้ากับแต่ละบุคคล แบบเคสต่อเคส
✅ ติดตามผลและดูแลหลังผ่าตัดอย่างต่อเนื่อง",,0,"04/22/2026 20:15",N/A,https://www.facebook.com/KVKClinic/posts/pfbid0E2XTQhMAMinxDh41EzHjvsF23z6JVAJAojuuwqNeU7FUW3xNsc5JH7Q5AVTdixkol,0,0,รูปภาพ,,,,,อายุการใช้งาน,2630,1545,8,8,0,0,2,2,,,,,,,,
1270302175188049,100066248360694,Kornvikkaclinic,"🤔ทำไมต้อง 𝟐𝟒𝐊 𝐆𝐨𝐥𝐝 𝐓𝐡𝐞𝐫𝐚𝐩𝐲 ที่ 𝐊𝐕𝐊𝐂𝐥𝐢𝐧𝐢𝐜 ?

เริ่มต้นด้วยการนวดปรนนิบัติผิว และการผลักวิตามินด้วยความเย็นเพื่อปิดรูขุมขน ก่อนจะเข้าสู่ไฮไลท์สำคัญอย่างการพอก ""ทองคำบริสุทธิ์ 𝟐𝟒𝐊 𝐆𝐨𝐥𝐝 "" ทั่วใบหน้า กลิ่นหอมอ่อนๆ และสัมผัสที่เย็นสดชื่นจะช่วยให้คุณรู้สึกผ่อนคลายเหมือนได้ไปสปาหรู ผสานกับเทคนิคเฉพาะที่ 𝐊𝐕𝐊 𝐂𝐥𝐢𝐧𝐢𝐜 จะช่วยให้:

✅ผิวดูสว่างกระจ่างใสขึ้นอย่างเป็นธรรมชาติ

✅ช่วยกักเก็บความชุ่มชื้น ให้ผิวดูอิ่มฟู

✅ลดความหมองคล้ำสะสมจากการพักผ่อนน้อย

🧖‍♀️หลังทำสัมผัสได้ถึงผิวที่เนียนนุ่มและดูโกลว์สุขภาพดีทันที! ใครที่ผิวล้า ผิวแห้งกร้าน บอกเลยว่าโปรแกรมนี้คือคำตอบ✨

💌สอบถามรายละเอียดเพิ่มเติมหรือจองคิวทัก Inbox ได้เลย!

.............................................................
#KVKClinic #DrKoong #หมอเจด
#ยกมาตรฐานจริงใจล้ำสมัย 
#24KGoldTherapy #RecoverySkinProgram
#โปรแกรมทรีทเมนต์ทองคำ","🤔ทำไมต้อง 𝟐𝟒𝐊 𝐆𝐨𝐥𝐝 𝐓𝐡𝐞𝐫𝐚𝐩𝐲 ที่ 𝐊𝐕𝐊𝐂𝐥𝐢𝐧𝐢𝐜 ?

เริ่มต้นด้วยการนวดปรนนิบัติผิว และการผลักวิตามินด้วยความเย็นเพื่อปิดรูขุมขน ก่อนจะเข้าสู่ไฮไลท์สำคัญอย่างการพอก ""ทองคำบริสุทธิ์ 𝟐𝟒𝐊 𝐆𝐨𝐥𝐝 "" ทั่วใบหน้า กลิ่นหอมอ่อนๆ และสัมผัสที่เย็นสดชื่นจะช่วยให้คุณรู้สึกผ่อนคลายเหมือนได้ไปสปาหรู ผสานกับเทคนิคเฉพาะที่ 𝐊𝐕𝐊 𝐂𝐥𝐢𝐧𝐢𝐜 จะช่วยให้:

✅ผิวดูสว่างกระจ่างใสขึ้นอย่างเป็นธรรมชาติ

✅ช่วยกักเก็บความชุ่มชื้น ให้ผิวดูอิ่มฟู

✅ลดความหมองคล้ำสะสมจากการพักผ่อนน้อย

🧖‍♀️หลังทำสัมผัสได้ถึงผิวที่เนียนนุ่มและดูโกลว์สุขภาพดีทันที! ใครที่ผิวล้า ผิวแห้งกร้าน บอกเลยว่าโปรแกรมนี้คือคำตอบ✨

💌สอบถามรายละเอียดเพิ่มเติมหรือจองคิวทัก Inbox ได้เลย!

.............................................................
#KVKClinic #DrKoong #หมอเจด
#ยกมาตรฐานจริงใจล้ำสมัย 
#24KGoldTherapy #RecoverySkinProgram
#โปรแกรมทรีทเมนต์ทองคำ",42,"04/23/2026 02:26",N/A,https://www.facebook.com/reel/1721000489094953/,0,0,วิดีโอ,,,,,อายุการใช้งาน,2664,2152,19,18,0,1,11,,11,,,10368.991,4.309,0,0,0
1270945828457017,100066248360694,Kornvikkaclinic,"🔆คืนสมดุลให้ผิว จัดการเม็ดสีลึกถึงต้นตอกับโปรแกรม
𝐏𝐢𝐜𝐨 𝐋𝐚𝐬𝐞𝐫 ทางเลือกใหม่ของการดูแลผิวระดับพรีเมียม ที่ 𝐊𝐕𝐊𝐂𝐥𝐢𝐧𝐢𝐜 

.
จุดเด่นของโปรแกรม 𝐏𝐢𝐜𝐨𝐥𝐚𝐬𝐞𝐫 ที่ 𝐊𝐕𝐊 𝐂𝐥𝐢𝐧𝐢𝐜🧬

1️⃣ พลังงานสลายเม็ดสีได้ละเอียดกว่า (𝐔𝐥𝐭𝐫𝐚-𝐇𝐢𝐠𝐡 𝐑𝐞𝐬𝐨𝐥𝐮𝐭𝐢𝐨𝐧)
ด้วยความเร็วระดับ 𝐏𝐢𝐜𝐨𝐬𝐞𝐜𝐨𝐧𝐝 ทำให้พลังงานเลเซอร์เข้าไปกระแทกเม็ดสีที่ผิดปกติ (𝐌𝐞𝐥𝐚𝐧𝐢𝐧) ให้แตกละเอียด ซึ่งเล็กกว่าเลเซอร์รุ่นเก่าๆ มาก ทำให้ร่างกายกำจัดออกได้ง่ายและรวดเร็วขึ้น

2️⃣ ดูแลปัญหาผิวได้แบบ ""𝐌𝐮𝐥𝐭𝐢𝐭𝐚𝐬𝐤𝐢𝐧𝐠""
โปรแกรมเดียวแต่ครอบคลุมหลายปัญหาผิว ไม่ว่าจะเป็นการจัดการรอยดำ รอยแดงจากสิว ฝ้า กระ แดด รวมไปถึงการลบรอยสัก และยังช่วยปรับสีผิวที่ไม่สม่ำเสมอให้กลับมาดูดีขึ้นอย่างเป็นธรรมชาติ

3️⃣ กระตุ้นคอลลาเจน ฟื้นฟูผิวจากภายใน
ไม่ใช่แค่การลบจุดด่างดำ แต่ 𝐏𝐢𝐜𝐨 𝐋𝐚𝐬𝐞𝐫 ยังมีโหมดที่ช่วยสร้างช่องว่างเล็กๆ ใต้ผิว (𝐋𝐈𝐎𝐁) ซึ่งเป็นการส่งสัญญาณให้ร่างกายเร่งสร้าง 𝐂𝐨𝐥𝐥𝐚𝐠𝐞𝐧 และ 𝐄𝐥𝐚𝐬𝐭𝐢𝐧 ขึ้นมาใหม่ ช่วยให้รูขุมขนกระชับและผิวหน้าดูเรียบเนียน )𝐒𝐤𝐢𝐧 𝐑𝐞𝐣𝐮𝐯𝐞𝐧𝐚𝐭𝐢𝐨𝐧) ขึ้น

4️⃣ ไม่สะสมความร้อน ผิวไม่ไหม้ (𝐞𝐬𝐬 𝐓𝐡𝐞𝐫𝐦𝐚𝐥 𝐃𝐚𝐦𝐚𝐠𝐞)
ต่างจากเลเซอร์ยุคก่อนที่ใช้ความร้อนสูงในการสลายเม็ดสี 𝐏𝐢𝐜𝐨 𝐋𝐚𝐬𝐞𝐫 ใช้หลักการ 𝐏𝐡𝐨𝐭𝐨𝐚𝐜𝐨𝐮𝐬𝐭𝐢𝐜 (พลังงานแสงเปลี่ยนเป็นแรงดัน) จึงแทบไม่ทิ้งความร้อนสะสมบนผิว ช่วยลดความเสี่ยงผิวไหม้เบิร์น หรือปัญหาหน้าคล้ำหลังทำ (𝐏𝐈𝐇) ได้เป็นอย่างดี

5️⃣ พักฟื้นสั้น ใช้ชีวิตต่อได้ทันที
เนื่องจากเป็นการทำร้ายผิวชั้นบนน้อยมาก (𝐍𝐨𝐧-𝐚𝐛𝐥𝐚𝐭𝐢𝐯𝐞) หลังทำอาจมีอาการแดงเพียงเล็กน้อยและจางไปเองอย่างรวดเร็ว ทำให้ไม่ต้องหยุดงานหรือพักหน้าเป็นเวลานาน ตอบโจทย์ไลฟ์สไตล์ของคนยุคใหม่ที่ต้องการความรวดเร็วและเห็นผลลัพธ์ที่น่าพึงพอใจ

.
✨คืนความสดใสให้ผิวหน้าด้วยเทคโนโลยีมาตรฐานระดับโลกที่ 𝐊𝐕𝐊 𝐂𝐥𝐢𝐧𝐢𝐜

💌สอบถามรับสิทธิพิเศษของวันนี้ได้ที่นี่ 👇
.
.
.
ช่องทางติดต่อสอบถาม แอดมิน+ ปรึกษาแพทย์
𝐋𝐢𝐧𝐞 𝐎𝐀 เป็นช่องทางหลัก
สาขา 𝗞𝗼𝗿𝗮𝘁 : @1stkvk
สาขา 𝗦𝗶𝗮𝗺  : @kvksiam
.
🔹 สาขา 𝗞𝗼𝗿𝗮𝘁 : โคราช (Head Qaurters)
สาขา3 : ติดโรงเรียน ปลูกปัญญา เส้นสุระ 2 
สาขา1 : ในปั้มปตท. ข้างเดอะมอลล์โคราช
📞 06 1956 5444
.
🔹 สาขา 𝗦𝗶𝗮𝗺 : KVK Siam Clinic
Centerpoint Siam Square ชั้น 2
📞 09 5791 5444
.
🌐𝐖𝐞𝐛𝐬𝐢𝐭𝐞 : https://kvkclinic.com
📺𝐘𝐨𝐮𝐭𝐮𝐛𝐞 : https://youtube.com/@kornvikkaclinic1234?si=PwiLo4SaaXs9J2DS
……………………………………………
#KVKClinic #DrKoong #หมอเจด
#ยกมาตรฐานจริงใจล้ำสมัย
#ProgramPicoLaser #PicosecondLaser
#SkinRevitalization #เลเซอร์ผิว",,0,"04/23/2026 21:51",N/A,https://www.facebook.com/KVKClinic/posts/pfbid02a3D8PRmje1BmEAJdggm6L2Nr5ktyg9tJZxT3PuDwCgS5wyRH9GEzXrwMduXPGmyTl,0,0,รูปภาพ,,,,,อายุการใช้งาน,2867,1666,10,8,2,0,16,13,2,1,,,,,,
1270952585123008,100066248360694,Kornvikkaclinic,"ปัญหาตาชั้นเดียว ตาหลบใน #KVKClinic #KVKSurgery #DrJade #หมอเจด #drKoong #ตาสองชั้น","ปัญหาตาชั้นเดียว ตาหลบใน #KVKClinic #KVKSurgery #DrJade #หมอเจด #drKoong #ตาสองชั้น",84,"04/23/2026 22:02",N/A,https://www.facebook.com/reel/1671229027386301/,0,0,วิดีโอ,,,,,อายุการใช้งาน,13346,16179,91,86,2,3,240,,51,188,1,56490.944,4.681,0,0,0
1271274111757522,100066248360694,Kornvikkaclinic,"#หยุดฟังก่อนสายเกินแก้!!!👋

3 สัญญาณเตือน! อย่าปล่อยให้คอลลาเจนติดลบจนหน้าพัง 📉✨

ส่องกระจกเช็กด่วน! ใครเริ่มมีริ้วรอยเล็กๆ ผิวแห้งกร้าน หรือหน้าเริ่มหย่อนคล้อยไม่กระชับเหมือนก่อน นั่นคือสัญญาณว่าคอลลาเจนในผิวเริ่มลดลงแล้วนะคะ⛔️

คืนความอ่อนเยาว์ให้ผิวด้วยโปรแกรม RedTouch Pro นวัตกรรมใหม่ที่ช่วยกระตุ้นคอลลาเจนลึกถึงชั้นผิว ให้ผิวกลับมาเด้ง อิ่มฟู เหมือนย้อนเวลาได้อีกครั้ง

📅 จองคิวปรึกษาคุณหมอณิชา หรือสอบถามรายละเอียดเพิ่มเติมได้ที่ Inbox เลยค่ะ
*ผลลัพธ์ขึ้นอยู่กับสภาพผิวของแต่ละบุคคล
...............................................................
#KVKClinic #DrKoong #หมอเจด 
#ยกมาตรฐานจริงใจล้ำสมัย 
#ProgramRedTouchPro #ProgramRedLightLaser #เลเซอร์ผิวหน้า","#หยุดฟังก่อนสายเกินแก้!!!👋

3 สัญญาณเตือน! อย่าปล่อยให้คอลลาเจนติดลบจนหน้าพัง 📉✨

ส่องกระจกเช็กด่วน! ใครเริ่มมีริ้วรอยเล็กๆ ผิวแห้งกร้าน หรือหน้าเริ่มหย่อนคล้อยไม่กระชับเหมือนก่อน นั่นคือสัญญาณว่าคอลลาเจนในผิวเริ่มลดลงแล้วนะคะ⛔️

คืนความอ่อนเยาว์ให้ผิวด้วยโปรแกรม RedTouch Pro นวัตกรรมใหม่ที่ช่วยกระตุ้นคอลลาเจนลึกถึงชั้นผิว ให้ผิวกลับมาเด้ง อิ่มฟู เหมือนย้อนเวลาได้อีกครั้ง

📅 จองคิวปรึกษาคุณหมอณิชา หรือสอบถามรายละเอียดเพิ่มเติมได้ที่ Inbox เลยค่ะ
*ผลลัพธ์ขึ้นอยู่กับสภาพผิวของแต่ละบุคคล
...............................................................
#KVKClinic #DrKoong #หมอเจด 
#ยกมาตรฐานจริงใจล้ำสมัย 
#ProgramRedTouchPro #ProgramRedLightLaser #เลเซอร์ผิวหน้า",193,"04/24/2026 19:01",auto,https://www.facebook.com/reel/1490352355824807/,0,0,วิดีโอ,,,,,อายุการใช้งาน,2482,2055,15,13,0,2,14,,14,,,13536.078,6.169,0,0,0
1271683008383299,100066248360694,Kornvikkaclinic,"จากตาปรือ ดูง่วงตลอดเวลา
ปรับชั้นตาใหม่ให้ดูสดใสกว่าเดิม 👁️👁️
.
เคสนี้ตาข้างขวามีภาวะกล้ามเนื้อตาอ่อนแรง
และทำให้ตาดูปรือ ทำให้รู้สึกตาดูง่วงตลอดเวลา
เคสนี้เลือกแก้ไขด้วยการผ่าตัดตาสองชั้น
ร่วมกับการแก้ไขปรับกล้ามเนื้อตา 
ที่ช่วยให้เปลือกตาดูยกขึ้นและได้ชั้นตาที่ดูชัดขึ้น
หลังทำครบ 6 เดือน ดวงตาเปิดขึ้นอย่างเป็นธรรมชาติ
ช่วยให้ดวงตาดูสดใส ชั้นตาชัดขึ้น
.
ผ่าตัดตาสองชั้นที่ KVK Clinic
✅ ดูแลโดยแพทย์มากประสบการณ์
✅ ปรึกษากับคุณหมอก่อนเข้าห้องผ่าตัดทุกเคส
✅ ออกแบบชั้นตาให้เข้ากับแต่ละบุคคล แบบเคสต่อเคส
✅ ติดตามผลและดูแลหลังผ่าตัดอย่างต่อเนื่อง",,0,"04/24/2026 20:00",N/A,https://www.facebook.com/KVKClinic/posts/pfbid03VH1rN6aGhqWqNYjHRQjTPmULLzAUY7sUpCTHiLbiaeBRBmTRGBBYbjNTu8hoixEl,0,0,รูปภาพ,,,,,อายุการใช้งาน,2234,1410,7,6,1,0,2,2,,,,,,,,
1271732088378391,100066248360694,Kornvikkaclinic,"🤭สัมผัสประสบการณ์การดูแลผิวระดับพรีเมียมกับ 𝐏𝐫𝐨𝐠𝐫𝐚𝐦 𝐔𝐥𝐭𝐡𝐞𝐫𝐚 𝐏𝐫𝐢𝐦𝐞 ที่ออกแบบมาเพื่อตอบโจทย์ 𝟑 ผลลัพธ์ในหนึ่งเดียว 𝟑𝟎𝟎𝐋𝐢𝐧𝐞 เพียง 𝟑𝟗,𝟗𝟎𝟎.-‼️
.
🔸𝐏𝐫𝐞𝐜𝐢𝐬𝐢𝐨𝐧 𝐋𝐢𝐟𝐭𝐢𝐧𝐠: พลังงานอัลตราซาวด์ที่มีความแม่นยำสูง ลงลึกถึงจุดที่ต้องการ แก้ไขปัญหาความหย่อนคล้อยได้อย่างตรงจุด
🔸𝐂𝐨𝐥𝐥𝐚𝐠𝐞𝐧 𝐁𝐨𝐨𝐬𝐭: กระตุ้นการสร้างคอลลาเจนใหม่ ให้ผิวค่อยๆ ดูฟูและเรียบเนียนขึ้นอย่างเป็นธรรมชาติ
🔸𝐒𝐤𝐢𝐧 𝐐𝐮𝐚𝐥𝐢𝐭𝐲: ไม่ใช่แค่ยก แต่ยังช่วยให้ Texture ของผิวดูละเอียดและมีความยืดหยุ่น (Elasticity) มากยิ่งขึ้น

🎯 ทำไมต้อง 𝟑𝟎𝟎 Line?
จำนวน Line ที่พอเหมาะสำหรับเน้นเฉพาะจุด เช่น กรอบหน้า หรือ แก้ม เพื่อการเก็บรายละเอียดที่เห็นผลชัดเจน ภายใต้การดูแลของทีมแพทย์ 𝐊𝐕𝐊𝐂𝐥𝐢𝐧𝐢𝐜
.
📍 สนใจปรึกษาหรือจองสิทธิ์ ทักแชทพิมพ์ “𝐏𝐑𝐈𝐌𝐄𝟑𝟎𝟎” รับสิทธิพิเศษทีมแอดมินสแตนด์บายดูแลคุณอยู่
.
.
.
ช่องทางติดต่อสอบถาม แอดมิน+ ปรึกษาแพทย์
𝐋𝐢𝐧𝐞 𝐎𝐀 เป็นช่องทางหลัก
สาขา 𝗞𝗼𝗿𝗮𝘁 : @1stkvk
สาขา 𝗦𝗶𝗮𝗺  : @kvksiam
.
🔹 สาขา 𝗞𝗼𝗿𝗮𝘁 : โคราช (Head Qaurters)
สาขา3 : ติดโรงเรียน ปลูกปัญญา เส้นสุระ 2 
สาขา1 : ในปั้มปตท. ข้างเดอะมอลล์โคราช
📞 06 1956 5444
.
🔹 สาขา 𝗦𝗶𝗮𝗺 : KVK Siam Clinic
Centerpoint Siam Square ชั้น 2
📞 09 5791 5444
.
🌐𝐖𝐞𝐛𝐬𝐢𝐭𝐞 : https://kvkclinic.com
📺𝐘𝐨𝐮𝐭𝐮𝐛𝐞 : https://youtube.com/@kornvikkaclinic1234?si=PwiLo4SaaXs9J2DS
……………………………………………
#KVKClinic #DrKoong #หมอเจด
#ยกมาตรฐานจริงใจล้ำสมัย
#ProgramUltherapyPrime #โปรโมชั่นสุดพรีเมียม",,0,"04/24/2026 20:38",N/A,https://www.facebook.com/KVKClinic/posts/pfbid02herZ1nHE854knPFkAnuii9dAWsmYExfaRMLwmCQTTJcAhtBcerpD7FprpZF4QLngl,0,0,รูปภาพ,,,,,อายุการใช้งาน,2572,1573,8,7,0,1,8,2,6,,,,,,,
1271721775046089,100066248360694,Kornvikkaclinic,"🧐เจาะลึกความต่าง! โปรแกรม 𝐔𝐥𝐭𝐡𝐞𝐫𝐚𝐩𝐲 𝐏𝐫𝐢𝐦𝐞 𝐕𝐒 𝐒𝐏𝐓 โปรแกรม 
ต่างกันจริงไหม? หมอกุ้งมีคำตอบ 📣

วันนี้หมอกุ้งจะมาเจาะลึกความแตกต่างของทั้ง 𝟐 โปรแกรม เพื่อให้ทุกคนเข้าใจกลไกการยกกระชับที่ลงลึกถึงชั้น 𝐒𝐌𝐀𝐒 รวมถึงเทคโนโลยีหน้าจอแสดงผลแบบ 𝐑𝐞𝐚𝐥-𝐭𝐢𝐦𝐞 𝐕𝐢𝐬𝐮𝐚𝐥𝐢𝐳𝐚𝐭𝐢𝐨𝐧 ที่ช่วยให้การส่งพลังงานแม่นยำและตรงจุด🧬

• 𝐏𝐫𝐨𝐠𝐫𝐚𝐦 𝐔𝐥𝐭𝐡𝐞𝐫𝐚𝐩𝐲 𝐏𝐫𝐢𝐦𝐞: นวัตกรรมใหม่ที่อัปเกรดประสิทธิภาพและการประมวลผล

•𝐏𝐫𝐨𝐠𝐫𝐚𝐦 𝐔𝐥𝐭𝐡𝐞𝐫𝐚𝐩𝐲 𝐒𝐏𝐓: มาตรฐานการยกกระชับที่เน้นความสบาย (See, Plan, Treat)

📚มาหาคำตอบในคลิปนี้ เพื่อการวางแผนดูแลผิวที่แม่นยำโดยแพทย์ผู้เชี่ยวชาญค่ะ

หมายเหตุ: ผลลัพธ์ที่ได้ขึ้นอยู่กับสภาพผิวเฉพาะบุคคล
...............................................................
#KVKClinic #DrKoong #หมอเจด 
#ยกมาตรฐานจริงใจล้ำสมัย 
#ProgramUltherapyPrime #ProgramUltherapySPT
#ความรู้คู่ความสวย","🧐เจาะลึกความต่าง! โปรแกรม 𝐔𝐥𝐭𝐡𝐞𝐫𝐚𝐩𝐲 𝐏𝐫𝐢𝐦𝐞 𝐕𝐒 𝐒𝐏𝐓 โปรแกรม 
ต่างกันจริงไหม? หมอกุ้งมีคำตอบ 📣

วันนี้หมอกุ้งจะมาเจาะลึกความแตกต่างของทั้ง 𝟐 โปรแกรม เพื่อให้ทุกคนเข้าใจกลไกการยกกระชับที่ลงลึกถึงชั้น 𝐒𝐌𝐀𝐒 รวมถึงเทคโนโลยีหน้าจอแสดงผลแบบ 𝐑𝐞𝐚𝐥-𝐭𝐢𝐦𝐞 𝐕𝐢𝐬𝐮𝐚𝐥𝐢𝐳𝐚𝐭𝐢𝐨𝐧 ที่ช่วยให้การส่งพลังงานแม่นยำและตรงจุด🧬

• 𝐏𝐫𝐨𝐠𝐫𝐚𝐦 𝐔𝐥𝐭𝐡𝐞𝐫𝐚𝐩𝐲 𝐏𝐫𝐢𝐦𝐞: นวัตกรรมใหม่ที่อัปเกรดประสิทธิภาพและการประมวลผล

•𝐏𝐫𝐨𝐠𝐫𝐚𝐦 𝐔𝐥𝐭𝐡𝐞𝐫𝐚𝐩𝐲 𝐒𝐏𝐓: มาตรฐานการยกกระชับที่เน้นความสบาย (See, Plan, Treat)

📚มาหาคำตอบในคลิปนี้ เพื่อการวางแผนดูแลผิวที่แม่นยำโดยแพทย์ผู้เชี่ยวชาญค่ะ

หมายเหตุ: ผลลัพธ์ที่ได้ขึ้นอยู่กับสภาพผิวเฉพาะบุคคล
...............................................................
#KVKClinic #DrKoong #หมอเจด 
#ยกมาตรฐานจริงใจล้ำสมัย 
#ProgramUltherapyPrime #ProgramUltherapySPT
#ความรู้คู่ความสวย",1073,"04/24/2026 21:30",auto,https://www.facebook.com/reel/1476240500791428/,0,0,วิดีโอ,,,,,อายุการใช้งาน,2024,1641,7,7,0,0,7,,4,2,1,19833.108,11.424,0,0,0
1271795168372083,100066248360694,Kornvikkaclinic,"เติมความมั่นใจให้กรอบหน้า... อีกหนึ่งความประทับใจจากผู้ใช้จริงที่อยากส่งต่อกับโปรแกรม 𝐔𝐥𝐭𝐡𝐞𝐫𝐚𝐩𝐲𝐏𝐫𝐢𝐦𝐞 💛

.
🧬ด้วยเทคโนโลยี 𝐌𝐢𝐜𝐫𝐨-𝐅𝐨𝐜𝐮𝐬𝐞𝐝 𝐔𝐥𝐭𝐫𝐚𝐬𝐨𝐮𝐧𝐝 𝐰𝐢𝐭𝐡 𝐕𝐢𝐬𝐮𝐚𝐥𝐢𝐳𝐚𝐭𝐢𝐨𝐧 ที่ทำให้เราสามารถมองเห็นชั้นผิวผ่านหน้าจอขณะทำได้อย่างเรียลไทม์ ช่วยให้การส่งพลังงานลงไปมีความแม่นยำสูง กระตุ้นการสร้างคอลลาเจนใหม่จากภายในสู่ภายนอก

สิ่งที่คุณจะสัมผัสได้: 👋

✅ กรอบหน้า (Jawline) ที่แลดูคมชัดขึ้น

✅ ผิวบริเวณพวงแก้มดูยกกระชับ ไม่หย่อนคล้อยตามแรงโน้มถ่วง

✅ หางตาและคิ้วดูยกขึ้น ช่วยให้ดวงตาดูสดใส

*ผลลัพธ์ที่ได้ขึ้นอยู่กับสภาพผิวและการตอบสนองของแต่ละบุคคล แนะนำให้เข้ามาปรึกษาเพื่อประเมินจำนวนไลน์ที่เหมาะสมก่อนรับบริการนะคะ 🫶👩🏻‍⚕
.
.
.
ช่องทางติดต่อสอบถาม แอดมิน+ ปรึกษาแพทย์
𝐋𝐢𝐧𝐞 𝐎𝐀 เป็นช่องทางหลัก
สาขา 𝗞𝗼𝗿𝗮𝘁 : @1stkvk
สาขา 𝗦𝗶𝗮𝗺  : @kvksiam
.
🔹 สาขา 𝗞𝗼𝗿𝗮𝘁 : โคราช (Head Qaurters)
สาขา3 : ติดโรงเรียน ปลูกปัญญา เส้นสุระ 2 
สาขา1 : ในปั้มปตท. ข้างเดอะมอลล์โคราช
📞 06 1956 5444
.
🔹 สาขา 𝗦𝗶𝗮𝗺 : KVK Siam Clinic
Centerpoint Siam Square ชั้น 2
📞 09 5791 5444
.
🌐𝐖𝐞𝐛𝐬𝐢𝐭𝐞 : https://kvkclinic.com
📺𝐘𝐨𝐮𝐭𝐮𝐛𝐞 : https://youtube.com/@kornvikkaclinic1234?si=PwiLo4SaaXs9J2DS
……………………………………………
#KVKClinic #DrKoong #หมอเจด
#ยกมาตรฐานจริงใจล้ำสมัย
#ProgramUltherapyPrime",,0,"04/25/2026 00:00",N/A,https://www.facebook.com/KVKClinic/posts/pfbid01NCPRxWa11V2jWFAB1g5hYJbdsshV3cGyceubP4oHXU8cZcWGe4m3ivYkRWphkMMl,0,0,รูปภาพ,,,,,อายุการใช้งาน,2860,1698,5,4,0,1,22,20,2,,,,,,,
1271896235028643,100066248360694,Kornvikkaclinic,"รีวิวพลีชีพ! มาดูแลหน้าด้วยโปรแกรม 𝐔𝐥𝐭𝐡𝐞𝐫𝐚𝐩𝐲 𝐏𝐫𝐢𝐦𝐞 𝐱 โปรแกรม 𝐃𝐞𝐧𝐬𝐢𝐭𝐲 ครั้งแรก เป็นยังไง…?
ทำไมใครๆ ก็มาที่ 𝐊𝐕𝐊 𝐂𝐥𝐢𝐧𝐢𝐜 ตามมาดูรีวิวนี้เลย🧐

✨มาสัมผัสประสบการณ์การดูแลผิวยก กรอบหน้าชัด กับทั้งสองโปรแกรมนี้ แบบคุณบี ได้ที่ KVKClinic  ดูแลโดยผู้ชำนาญการ👩🏻‍⚕️

💌สอบถามรายละเอียดเพิ่มเติมที่คลินิกได้เลยนะคะ
* ผลลัพธ์ขึ้นอยู่กับแต่ละบุคคล

...............................................................
#KVKClinic #DrKoong #หมอเจด 
#ยกมาตรฐานจริงใจล้ำสมัย 
#ProgramUltherapyPrime #ProgramDensity
#โปรแกรมยกกระชับ","รีวิวพลีชีพ! มาดูแลหน้าด้วยโปรแกรม 𝐔𝐥𝐭𝐡𝐞𝐫𝐚𝐩𝐲 𝐏𝐫𝐢𝐦𝐞 𝐱 โปรแกรม 𝐃𝐞𝐧𝐬𝐢𝐭𝐲 ครั้งแรก เป็นยังไง…?
ทำไมใครๆ ก็มาที่ 𝐊𝐕𝐊 𝐂𝐥𝐢𝐧𝐢𝐜 ตามมาดูรีวิวนี้เลย🧐

✨มาสัมผัสประสบการณ์การดูแลผิวยก กรอบหน้าชัด กับทั้งสองโปรแกรมนี้ แบบคุณบี ได้ที่ KVKClinic  ดูแลโดยผู้ชำนาญการ👩🏻‍⚕️

💌สอบถามรายละเอียดเพิ่มเติมที่คลินิกได้เลยนะคะ
* ผลลัพธ์ขึ้นอยู่กับแต่ละบุคคล

...............................................................
#KVKClinic #DrKoong #หมอเจด 
#ยกมาตรฐานจริงใจล้ำสมัย 
#ProgramUltherapyPrime #ProgramDensity
#โปรแกรมยกกระชับ",130,"04/25/2026 04:00",N/A,https://www.facebook.com/reel/1967811083861575/,0,0,วิดีโอ,,,,,อายุการใช้งาน,2034,1652,5,5,0,0,3,,3,,,12190.765,6.91,0,0,0
1271692521715681,100066248360694,Kornvikkaclinic,"ตาง่วง ตาปรือ ปัญหาที่มากกว่าหนังตาตก #KVKClinic #KVKSurgery #DrJade #หมอเจด #drKoong #ตาสองชั้น","ตาง่วง ตาปรือ ปัญหาที่มากกว่าหนังตาตก #KVKClinic #KVKSurgery #DrJade #หมอเจด #drKoong #ตาสองชั้น",81,"04/25/2026 04:00",N/A,https://www.facebook.com/reel/1253356870113764/,0,0,วิดีโอ,,,,,อายุการใช้งาน,33290,23850,168,165,1,2,517,,175,339,3,128854.565,4.238,0,0,0
1271925485025718,100066248360694,Kornvikkaclinic,"จมูกแบน ปลายทู่ ปีกกว้าง
ปรับทรงใหม่ให้เรียวชัดขึ้น ✨
.
เคสนี้สันจมูกค่อนข้างต่ำ ทำให้มุมข้างดูเรียบ
ปลายจมูกมีเนื้อเยอะ ทำให้ทรงดูทู่ 
และปีกจมูกค่อนข้างกว้าง
คุณหมอจึงแก้ไขด้วยโปรแกรมเสริมจมูก
โดยทำร่วมกับการตัดปีก เพื่อปรับสันให้ดูชัดขึ้น 
และลดความกว้างของฐานจมูก
หลังทำทันทีจะเห็นได้ชัดว่าทรงจมูกดูเรียวขึ้น
ปลายจมูกถูกปรับให้ดูเล็กและได้รูปมากขึ้น
.
ผ่าตัดเสริมจมูกที่ KVK Clinic
✅ ดูแลโดยแพทย์มากประสบการณ์
✅ ปรึกษากับคุณหมอก่อนเข้าห้องผ่าตัดทุกเคส
✅ ออกแบบทรงจมูกให้เข้ากับแต่ละบุคคล แบบเคสต่อเคส
✅ ติดตามผลและดูแลหลังผ่าตัดอย่างต่อเนื่อง",,0,"04/25/2026 20:00",N/A,https://www.facebook.com/KVKClinic/posts/pfbid0fFwYzSoAWcnF7C67FDuib1reLgG51DBmboS6m516geWDRQ5r247braqJk9WQKZLel,0,0,รูปภาพ,,,,,อายุการใช้งาน,2825,1650,13,10,1,2,17,7,10,,,,,,,
1272636521621281,100066248360694,Kornvikkaclinic,"#สัญญาณเตือน อย่าปล่อยให้ใบหน้า ""ดูแปลก"" เพราะความไม่พอดี ⚠️

📝ทำความรู้จักกับ Overfilled Syndrome ภาวะที่เกิดจากการเติมเต็มที่มากเกินไปจนเสียสมดุล

🧐ลองเช็กอาการเบื้องต้นในคลิปนี้ ว่าสิ่งที่เราเติมเข้าไปยังพอดีอยู่ไหม? 
เพราะงานผิวที่ดูดี คือผิวที่ยังคงความเป็นธรรมชาติและรับกับโครงหน้าเดิมของเราที่สุด🫶

✨ ปรึกษาเทคนิคการดูแลรูปหน้าให้ละมุน ไม่ดูหลอกตา ได้ที่คอมเมนต์ด้านล่างเลยค่ะ

...............................................................
#KVKClinic #DrKoong #หมอเจด 
#ยกมาตรฐานจริงใจล้ำสมัย 
#โปรแกรมฟิลเลอร์
#OverfilledSyndrome
#ปรับสมดุลใบหน้า","#สัญญาณเตือน อย่าปล่อยให้ใบหน้า ""ดูแปลก"" เพราะความไม่พอดี ⚠️

📝ทำความรู้จักกับ Overfilled Syndrome ภาวะที่เกิดจากการเติมเต็มที่มากเกินไปจนเสียสมดุล

🧐ลองเช็กอาการเบื้องต้นในคลิปนี้ ว่าสิ่งที่เราเติมเข้าไปยังพอดีอยู่ไหม? 
เพราะงานผิวที่ดูดี คือผิวที่ยังคงความเป็นธรรมชาติและรับกับโครงหน้าเดิมของเราที่สุด🫶

✨ ปรึกษาเทคนิคการดูแลรูปหน้าให้ละมุน ไม่ดูหลอกตา ได้ที่คอมเมนต์ด้านล่างเลยค่ะ

...............................................................
#KVKClinic #DrKoong #หมอเจด 
#ยกมาตรฐานจริงใจล้ำสมัย 
#โปรแกรมฟิลเลอร์
#OverfilledSyndrome
#ปรับสมดุลใบหน้า",418,"04/25/2026 22:45",auto,https://www.facebook.com/reel/1381490220680615/,0,0,วิดีโอ,,,,,อายุการใช้งาน,8150,4785,19,15,0,4,172,,89,70,13,60107.5,8.411,0,0,0
1272660514952215,100066248360694,Kornvikkaclinic,"พาชมเบื้องหลังนวัตกรรมความงาม... เพื่อความเหมาะสมในทุกมุมมอง ✨
เคยสงสัยไหมคะว่า ทำไมผลิตภัณฑ์แต่ละรุ่นถึงมีเนื้อสัมผัสที่ไม่เหมือนกัน? 🤔

จากการที่ทีมงานได้เข้าศึกษาดูงานที่ Lab วิจัยระดับโลก ทำให้เราเห็นความสำคัญของการควบคุมกระบวนการ Crosslink เพื่อสร้างเนื้อเจลที่มีคุณสมบัติเฉพาะตัว:

✅ความยืดหยุ่น: เพื่อการขยับเขยื้อนที่เป็นธรรมชาติ

✅ความคงตัว: เพื่อความเหมาะสมในจุดที่ต้องการความชัดเจน

✅ความละเอียด: เพื่อความเรียบเนียนกลืนไปกับผิว

.
เราให้ความสำคัญกับการคัดสรรเนื้อสัมผัส (Rheology) ที่มีความหลากหลาย เพื่อให้เหมาะสมกับความต้องการที่แตกต่างกันในแต่ละบุคคล ตั้งแต่ความละเอียดของเส้นใย HA Fibers ไปจนถึงความยืดหยุ่นของเนื้อเจลมาตรฐานสากล

การเลือกสิ่งที่เหมาะสม คือพื้นฐานของความมั่นใจที่คุณวางใจได้🫶

...................................................
#KVKClinic #DrKoong #หมอเจด
#ยกมาตรฐานจริงใจล้ำสมัย
#โปรแกรมฟิลเลอร์",,0,"04/26/2026 01:00",N/A,https://www.facebook.com/KVKClinic/posts/pfbid02ECgT75zwRViZkfKN9yk3drBX6z7YzN3x6NmHSUh1nU1rXA7aYAUorpxJMdnN3oDjl,0,0,รูปภาพ,,,,,อายุการใช้งาน,3083,1784,8,7,0,1,14,13,1,,,,,,,
1273423558209244,100066248360694,Kornvikkaclinic,"𝐃𝐨𝐮𝐛𝐥𝐞 𝐀𝐜𝐭𝐢𝐨𝐧! ทั้งงานผิว ทั้งงานรูปหน้า จบที่เครื่องเดียว 💎

✨เปิดตัวน้องใหม่สายเป๊ะโปรแกรม  𝐗𝐓𝐡𝐞𝐫𝐦𝐚 พลังงาน Monopolar RF โปรแกรมใหม่ที่ KVK Clinic ตอบโจทย์คนรักผิวแต่ไม่ชอบความทรมาน ช่วยให้คอลลาเจนทำงานได้ดีขึ้น พร้อมดูแลกรอบหน้าให้ชัดเป๊ะแบบไม่ต้องพักฟื้น

ใครที่มองหาความละมุนและงานผิวที่ดูอิ่มฟู ต้องลองตัวนี้เลยค่ะ🫶💕

🚘สามารถใช้บริการได้ที่ KVKCLINIC สาขา 1 เท่านั้น

...............................................................
#KVKClinic #DrKoong #หมอเจด 
#ยกมาตรฐานจริงใจล้ำสมัย 
#ProgramXTherma #NewProgramKVK
#MonopolarRF","𝐃𝐨𝐮𝐛𝐥𝐞 𝐀𝐜𝐭𝐢𝐨𝐧! ทั้งงานผิว ทั้งงานรูปหน้า จบที่เครื่องเดียว 💎

✨เปิดตัวน้องใหม่สายเป๊ะโปรแกรม  𝐗𝐓𝐡𝐞𝐫𝐦𝐚 พลังงาน Monopolar RF โปรแกรมใหม่ที่ KVK Clinic ตอบโจทย์คนรักผิวแต่ไม่ชอบความทรมาน ช่วยให้คอลลาเจนทำงานได้ดีขึ้น พร้อมดูแลกรอบหน้าให้ชัดเป๊ะแบบไม่ต้องพักฟื้น

ใครที่มองหาความละมุนและงานผิวที่ดูอิ่มฟู ต้องลองตัวนี้เลยค่ะ🫶💕

🚘สามารถใช้บริการได้ที่ KVKCLINIC สาขา 1 เท่านั้น

...............................................................
#KVKClinic #DrKoong #หมอเจด 
#ยกมาตรฐานจริงใจล้ำสมัย 
#ProgramXTherma #NewProgramKVK
#MonopolarRF",278,"04/26/2026 21:15",N/A,https://www.facebook.com/reel/1438856650887139/,0,0,วิดีโอ,,,,,อายุการใช้งาน,2904,2325,15,14,0,1,7,,6,1,,18056.412,7.069,0,0,0
1273584614859805,100066248360694,Kornvikkaclinic,"𝐏𝐫𝐨𝐠𝐫𝐚𝐦 𝐗𝐓𝐇𝐄𝐑𝐌𝐀 นวัตกรรมยกกระชับ ที่ออกแบบมาเพื่อผลลัพธ์ที่ “ดูดีแบบงานผิวระดับพรีเมียม“ ตอบโจทย์ชีวิตที่เร่งรีบ ⚡️

.
🧬 ดูแลผิวหน้าและผิวกายแบบเจาะลึกด้วยเทคโนโลยี 𝐌𝐨𝐧𝐨𝐩𝐨𝐥𝐚𝐫 𝐑𝐅 ความถี่ 𝟔.𝟕𝟖 𝐌𝐇𝐳 ที่ส่งพลังงานความร้อนลงสู่ชั้นผิวได้อย่างแม่นยำ พร้อมนวัตกรรม ”𝟕 𝐂𝐨𝐨𝐥𝐢𝐧𝐠 𝐏𝐮𝐥𝐬𝐞“ ปลอบประโลมผิวขณะทำ ให้ความรู้สึกสบาย ไม่เจ็บอย่างที่คิด

✅ ครอบคลุม 𝟑 บริเวณสำคัญ:
• 𝐄𝐲𝐞𝐬:  ดูแลผิวรอบดวงตาให้ดูสดใส
• 𝐅𝐚𝐜𝐞:  ปรับรูปหน้าให้ดูมีมิติ ลดปัญหาแก้มคล้อยและเหนียงใต้คาง
• 𝐁𝐨𝐝𝐲:  ดูแลผิวพรรณทั่วเรือนร่างให้เนียนกระชับ

.
✨ ทำไมต้อง 𝐏𝐫𝐨𝐠𝐫𝐚𝐦 𝐗𝐭𝐡𝐞𝐫𝐦𝐚 ที่ 𝐊𝐕𝐊 𝐂𝐥𝐢𝐧𝐢𝐜?

• 𝟕 𝐂𝐨𝐨𝐥𝐢𝐧𝐠 𝐏𝐮𝐥𝐬𝐞: นวัตกรรมปล่อยความเย็นสลับพลังงานความร้อน ปลอบประโลมผิวให้รู้สึกสบายตลอดการทำ

• 𝐃𝐞𝐞𝐩 𝐇𝐞𝐚𝐭𝐢𝐧𝐠: ส่งความร้อนลงลึกเพื่อช่วยให้ผิวดูอิ่มน้ำ ยืดหยุ่น และแลดูอ่อนเยาว์อย่างเป็นธรรมชาติ

• 𝟑 𝐒𝐩𝐞𝐜𝐢𝐟𝐢𝐜 𝐓𝐢𝐩𝐬: ดูแลได้ครอบคลุมทั้งรอบดวงตา (Eyes), ใบหน้า (Face) และลำตัว (Body) ด้วยหัวทิปเฉพาะจุด

⏱ เร็วกว่าเดิม ประสิทธิภาพมากขึ้น: ด้วยหัวทิปขนาดใหม่ 5 cm^2 (กว้างขึ้น 20%) ช่วยให้ใช้เวลาในการทำน้อยลง แต่ส่งพลังงานได้ครอบคลุมและแม่นยำยิ่งขึ้น
เหมาะสำหรับผู้ที่มีปัญหาแก้มห้อย มีเหนียง หรือต้องการฟื้นฟูผิวให้กลับมาแน่นฟูอีกครั้ง

*ผลลัพธ์ขึ้นอยู่กับสภาพผิวของแต่ละบุคคล
📍 สนใจปรึกษาประเมินรูปหน้าก่อนทำ ทักแชทหาแอดมินได้เลย
.
.
.
ช่องทางติดต่อสอบถาม แอดมิน+ ปรึกษาแพทย์
𝐋𝐢𝐧𝐞 𝐎𝐀 เป็นช่องทางหลัก
สาขา 𝗞𝗼𝗿𝗮𝘁 : @1stkvk 
.
🔹 สาขา 𝗞𝗼𝗿𝗮𝘁 : โคราช (Head Qaurters)
สาขา3 : ติดโรงเรียน ปลูกปัญญา เส้นสุระ 2 
สาขา1 : ในปั้มปตท. ข้างเดอะมอลล์โคราช
📞 06 1956 5444
.
🌐𝐖𝐞𝐛𝐬𝐢𝐭𝐞 : https://kvkclinic.com
📺𝐘𝐨𝐮𝐭𝐮𝐛𝐞 : https://youtube.com/@kornvikkaclinic1234?si=PwiLo4SaaXs9J2DS
............................................
#KVKClinic #DrKoong #DrJade 
#ยกมาตรฐานจริงใจล้ำสมัย 
#ProgramXTherma 
#โปรแกรมยกกระชับ",,0,"04/27/2026 01:28",N/A,https://www.facebook.com/KVKClinic/posts/pfbid0gL5homEvkVaTL2HhhMWQJsNBaoT9tCx6WVbCTYBbdPNZ3cyy6LVjG2QrCF81E38Xl,0,0,รูปภาพ,,,,,อายุการใช้งาน,3020,1794,9,6,0,3,17,14,2,1,,,,,,
1273506384867628,100066248360694,Kornvikkaclinic,"จากตาที่เคยปรือไม่เท่ากัน
ครบ 1 เดือน ชั้นชัดแลดูธรรมชาติ ✨
.
เคสนี้ก่อนทำมีภาวะกล้ามเนื้อตาอ่อนแรง
ทำให้ตาไม่เท่ากันและตาดูเล็ก
คุณหมอแก้ไขด้วยการผ่าตัดตาสองชั้น
ร่วมกับปรับกล้ามเนื้อตา พร้อมออกแบบชั้นตาใหม่
หลังทำครบ 1 เดือนชั้นตาเริ่มเข้าที่ 
ดูใกล้เคียงกันทั้งสองข้างมากขึ้น 
ดวงตาดูเปิดขึ้นแลดูเป็นธรรมชาติ
.
ผ่าตัดตาสองชั้นที่ KVK Clinic
✅ ดูแลโดยแพทย์มากประสบการณ์
✅ ปรึกษากับคุณหมอก่อนเข้าห้องผ่าตัดทุกเคส
✅ ออกแบบชั้นตาให้เข้ากับแต่ละบุคคล แบบเคสต่อเคส
✅ ติดตามผลและดูแลหลังผ่าตัดอย่างต่อเนื่อง",,0,"04/27/2026 20:00",N/A,https://www.facebook.com/KVKClinic/posts/pfbid02PHjFxPzPaM4NQLjEMpy8JWkWaxz2e9NajG8urqLwc4ZHedtxajZmnsrCC25FGBhAl,0,0,รูปภาพ,,,,,อายุการใช้งาน,2497,1597,9,7,1,1,5,1,4,,,,,,,
1274225164795750,100066248360694,Kornvikkaclinic,"ประกาศรายชื่อผู้โชคดี 𝑳𝒖𝒄𝒌𝒚 𝑭𝒂𝒏𝒔 เพื่อเข้าร่วมงาน 𝑬𝒙𝒄𝒍𝒖𝒔𝒊𝒗𝒆 𝑭𝒂𝒏 𝑩𝒆𝒏𝒆𝒇𝒊𝒕 ""𝑳𝒊𝒇𝒕 𝒀𝒐𝒖𝒓 𝑳𝒖𝒄𝒌 กับเก่ง-น้ำปิง"" วันที่ 13 พฤษภาคม 2569 ที่ centralwOrld✨
.
✨ ขอแสดงความยินดีด้วยนะคะ

รายชื่อผู้โชคดี 3 ท่าน 
คุณ จิญาXX  แก้วXXX
คุณ ธนรXX  โพธิ์ทองXXX
คุณ รัตนาXX ทองXXXX
. 
.
📍 เงื่อนไขเพิ่มเติม:

* ผู้โชคดีต้องแจ้ง ยืนยันสิทธิ์ภายใน 5 วัน นับจากวันประกาศผล หากไม่ยืนยันสิทธิ์ในระยะเวลาที่กำหนดไว้ จะถือว่าสละสิทธิ์ และทางบริษัทขอสงวนสิทธิ์ไว้ให้ผู้โชคดีลำดับถัดไป
*สิทธิ์เข้าร่วม 𝑳𝒖𝒄𝒌𝒚 𝑭𝒂𝒏𝒔 ไม่สามารถโอนให้ผู้อื่น แลกเปลี่ยน หรือทอนเป็นเงินสดได้
*บริษัทฯ ขอสงวนสิทธิ์เปลี่ยนแปลงเงื่อนไขโดยไม่แจ้งล่วงหน้า
*การตัดสินใจของบริษัทฯ ถือเป็นที่สิ้นสุด

--------------------
#KVKClinic #DrKoong #หมอเจด
#ยกมาตรฐานจริงใจล้ำสมัย
#KengNampingLuckyFan #KengNamping
#LinearZ #Density #เก่งน้ำปิง #ยกหน้าGenใหม่",,0,"04/27/2026 20:01",N/A,https://www.facebook.com/KVKClinic/posts/pfbid0oVWwziFcGhBA79bR1dMsFseeTwaghui2eGz3Heiy73sD5NjgoG2Dxag2kkzjS83wl,0,0,รูปภาพ,,,,,อายุการใช้งาน,2741,1777,6,6,0,0,4,,4,,,,,,,
1274245031460430,100066248360694,Kornvikkaclinic,"เก็บตก Moment บรรยากาศ KVKClinic ครบรอบ 14ปี ในช่วงต้นเดือนที่ผ่านมา 🥂✨

🧐ทำไมใครๆ ก็มาจบที่ KVK Clinic? คำตอบอยู่ในทุกรอยยิ้มและความมั่นใจที่ส่งต่อกันมาตลอด 14 ปี

เพราะเราเชื่อว่า 'ความสวยไม่มีสูตรสำเร็จ' ทุกสภาพผิวและรูปหน้าต้องการการดูแลที่แตกต่าง ทีมงานของเราจึงใส่ใจในทุกรายละเอียด ตั้งแต่การให้คำปรึกษาไปจนถึงการดูแลหลังรับบริการ เพื่อให้คุณได้รับประสบการณ์ที่ดีที่สุดในทุกครั้งที่ก้าวเข้ามาหาเรา โดยการคัดสรรนวัตกรรมที่เหมาะสมกับความต้องการเฉพาะบุคคล

ภาพรอยยิ้มของทุกท่านคือเครื่องยืนยันว่า ตลอด 14 ปีที่ผ่านมา เราเดินมาถูกทางแล้ว และจะพัฒนาต่อไปเรื่อยๆ ขอบพระคุณที่ให้เราเป็นส่วนหนึ่งในวันสำคัญและความสำเร็จของคุณเสมอมาค่ะ🫶💕
............................................
#KVKClinic #DrKoong #DrJade 
#ยกมาตรฐานจริงใจล้ำสมัย 
#KVKAnniversary14th
#ฉลองครบรอบ14ปีKVKClinic #ขอบคุณผู้ใช้บริการKVK","เก็บตก Moment บรรยากาศ KVKClinic ครบรอบ 14ปี ในช่วงต้นเดือนที่ผ่านมา 🥂✨

🧐ทำไมใครๆ ก็มาจบที่ KVK Clinic? คำตอบอยู่ในทุกรอยยิ้มและความมั่นใจที่ส่งต่อกันมาตลอด 14 ปี

เพราะเราเชื่อว่า 'ความสวยไม่มีสูตรสำเร็จ' ทุกสภาพผิวและรูปหน้าต้องการการดูแลที่แตกต่าง ทีมงานของเราจึงใส่ใจในทุกรายละเอียด ตั้งแต่การให้คำปรึกษาไปจนถึงการดูแลหลังรับบริการ เพื่อให้คุณได้รับประสบการณ์ที่ดีที่สุดในทุกครั้งที่ก้าวเข้ามาหาเรา โดยการคัดสรรนวัตกรรมที่เหมาะสมกับความต้องการเฉพาะบุคคล

ภาพรอยยิ้มของทุกท่านคือเครื่องยืนยันว่า ตลอด 14 ปีที่ผ่านมา เราเดินมาถูกทางแล้ว และจะพัฒนาต่อไปเรื่อยๆ ขอบพระคุณที่ให้เราเป็นส่วนหนึ่งในวันสำคัญและความสำเร็จของคุณเสมอมาค่ะ🫶💕
............................................
#KVKClinic #DrKoong #DrJade 
#ยกมาตรฐานจริงใจล้ำสมัย 
#KVKAnniversary14th
#ฉลองครบรอบ14ปีKVKClinic #ขอบคุณผู้ใช้บริการKVK",107,"04/27/2026 21:10",N/A,https://www.facebook.com/reel/796976609906609/,0,0,วิดีโอ,,,,,อายุการใช้งาน,3239,2689,31,22,1,8,36,,36,,,13999.486,4.735,0,0,0
1274326724785594,100066248360694,Kornvikkaclinic,"เก็บตกบรรยากาศ WonGalaAwards 2026 : The Phantom of Precision 🎭

ขอบคุณโอกาสที่ได้ร่วมถ่ายทอดประสบการณ์ในฐานะ ในฐานะ Thailand Speaker บนเวทีระดับประเทศ งาน WON GALA ที่ผ่านมากับบทบาทการเป็นตัวแทนถ่ายทอดเทคนิคและความรู้ เพื่อส่งต่อมาตรฐานความดูดีที่ตอบโจทย์ทุกมิติ 

อีกทั้งยังคว้ารางวัล 
🏆Oligio X Kols Thailand Speaker

ขอบคุณทุกคนที่เชื่อมั่นในความตั้งใจของ KVK เสมอมาค่ะ🫶
............................................
#KVKClinic #DrKoong #DrJade 
#ยกมาตรฐานจริงใจล้ำสมัย 
#WontechAsia #WonGalaAwards2026
#oligio #OligioX","เก็บตกบรรยากาศ WonGalaAwards 2026 : The Phantom of Precision 🎭

ขอบคุณโอกาสที่ได้ร่วมถ่ายทอดประสบการณ์ในฐานะ ในฐานะ Thailand Speaker บนเวทีระดับประเทศ งาน WON GALA ที่ผ่านมากับบทบาทการเป็นตัวแทนถ่ายทอดเทคนิคและความรู้ เพื่อส่งต่อมาตรฐานความดูดีที่ตอบโจทย์ทุกมิติ 

อีกทั้งยังคว้ารางวัล 
🏆Oligio X Kols Thailand Speaker

ขอบคุณทุกคนที่เชื่อมั่นในความตั้งใจของ KVK เสมอมาค่ะ🫶
............................................
#KVKClinic #DrKoong #DrJade 
#ยกมาตรฐานจริงใจล้ำสมัย 
#WontechAsia #WonGalaAwards2026
#oligio #OligioX",172,"04/28/2026 01:00",N/A,https://www.facebook.com/reel/1452800319317130/,0,0,วิดีโอ,,,,,อายุการใช้งาน,2937,2598,16,15,0,1,6,,6,,,14984.239,5.484,0,0,0
1274422348109365,100066248360694,Kornvikkaclinic,"แค่เปลี่ยนชั้นตา ลุคก็ดูละมุนขึ้นทันที ✨
.
ก่อนทำมีปัญหาชั้นตาไม่ชัด ชั้นตาซ้อนกันหลายชั้น 
และชั้นตาหลบในข้างซ้าย ทำให้รู้สึกตาดูง่วง
เคสนี้เลือกแก้ไขด้วยการผ่าตัดตาสองชั้น
หลังทำทันทีจะเห็นว่าชั้นตาชั้นขึ้น 
รูปตาดูเปิดและดวงตาดูโตสดใสขึ้น
แลดูเป็นธรรมชาติ
.
ผ่าตัดตาสองชั้นที่ KVK Clinic
✅ ดูแลโดยแพทย์มากประสบการณ์
✅ ปรึกษากับคุณหมอก่อนเข้าห้องผ่าตัดทุกเคส
✅ ออกแบบชั้นตาให้เข้ากับแต่ละบุคคล แบบเคสต่อเคส
✅ ติดตามผลและดูแลหลังผ่าตัดอย่างต่อเนื่อง",,0,"04/28/2026 20:00",N/A,https://www.facebook.com/KVKClinic/posts/pfbid02dqGVJZvWTnXbDujdxQ53JVomB6hcoEkn559iYSxGTUJjLzSFDjHzbPm3WhXKeMtMl,0,0,รูปภาพ,,,,,อายุการใช้งาน,3038,1820,12,11,1,0,13,4,7,2,,,,,,
1275071468044453,100066248360694,Kornvikkaclinic,"ผ่าตัดเสริมจมูกควรเลือกแบบไหนดี #KVKClinic #KVKSurgery #DrJade #หมอเจด #drKoong #เสริมจมูก","ผ่าตัดเสริมจมูกควรเลือกแบบไหนดี #KVKClinic #KVKSurgery #DrJade #หมอเจด #drKoong #เสริมจมูก",65,"04/29/2026 04:30",N/A,https://www.facebook.com/reel/3378135409020551/,0,0,วิดีโอ,,,,,อายุการใช้งาน,2101,1791,14,14,0,0,0,,,,,11571.818,6.188,0,0,0
1276147254603541,100066248360694,Kornvikkaclinic,"เลือกสิ่งที่ใช่ ให้เหมาะกับผิวคุณ 🤔

โปรแกรมอัลเทอร่า Prime หรือโปรแกรม SPT? 
สองโปรแกรมยอดฮิตที่หลายคนสงสัยว่าต่างกันยังไง และแบบไหนที่ตอบโจทย์ปัญหาผิวของเรามากที่สุด 🧬

👩🏻‍⚕️ เมื่อ คุณหมอกุ้ง (พญ กรวิกกา พัฒนะปราน ว 38020) และ คุณหมอโบว์ (พญ.เสาวภาคย์ ตรีสุธรรมมาศ ว
65557 ) มาแชร์ความแตกต่างของ 2 โปรแกรมยอดนิยมจาก KVK Clinic✨ ให้หายสงสัย 

ใครที่กำลังลังเลอยู่ สามารถปรึกษาคุณหมอที่ KVK Clinic ได้ทุกสาขาเลยนะคะ 💌
............................................
#KVKClinic #DrKoong #หมอเจด
#ยกมาตรฐานจริงใจล้ำสมัย 
#ถามไวตอบไวกับKVK  #โปรแกรมยกกระชับผิว #ProgramUltheraPrime #ProgramSPT","เลือกสิ่งที่ใช่ ให้เหมาะกับผิวคุณ 🤔

โปรแกรมอัลเทอร่า Prime หรือโปรแกรม SPT? 
สองโปรแกรมยอดฮิตที่หลายคนสงสัยว่าต่างกันยังไง และแบบไหนที่ตอบโจทย์ปัญหาผิวของเรามากที่สุด 🧬

👩🏻‍⚕️ เมื่อ คุณหมอกุ้ง (พญ กรวิกกา พัฒนะปราน ว 38020) และ คุณหมอโบว์ (พญ.เสาวภาคย์ ตรีสุธรรมมาศ ว
65557 ) มาแชร์ความแตกต่างของ 2 โปรแกรมยอดนิยมจาก KVK Clinic✨ ให้หายสงสัย 

ใครที่กำลังลังเลอยู่ สามารถปรึกษาคุณหมอที่ KVK Clinic ได้ทุกสาขาเลยนะคะ 💌
............................................
#KVKClinic #DrKoong #หมอเจด
#ยกมาตรฐานจริงใจล้ำสมัย 
#ถามไวตอบไวกับKVK  #โปรแกรมยกกระชับผิว #ProgramUltheraPrime #ProgramSPT",101,"04/30/2026 05:10",N/A,https://www.facebook.com/reel/2406020819871644/,0,0,วิดีโอ,,,,,อายุการใช้งาน,10055,4532,10,6,0,4,250,,118,103,29,45049.013,5.12,0,0,0
1276837887867811,100066248360694,Kornvikkaclinic,"จะรักษาก็ต้องรู้สาเหตุ! ใครมีรอยโรคที่ผิวแบบไหน มาเช็กกันได้เลยค่ะ ⁉️

👩‍⚕️ วันนี้คุณหมอกุ้ง (พญ กรวิกกา พัฒนะปราน ว 38020) KVK Clinic มาแชร์เรื่อง 'รอยโรคที่พบบ่อย' และมาดูกันว่าปัญหาผิวในรูปแบบต่างๆ การเลือกหัตถการให้ตรงจุดจึงเป็นเรื่องสำคัญ เพื่อผลลัพธ์ที่ตอบโจทย์และปลอดภัย และมีแนวทางในการดูแลอย่างไรบ้าง

สามารถทิ้งคำถามไว้ที่คอมเมนต์หรือส่งภาพเข้ามาปรึกษาพวกเราได้เลยนะคะ เราพร้อมให้คำแนะนำอย่างตรงไปตรงมาค่ะ📩

............................................
#KVKClinic #DrKoong #หมอเจด
#ยกมาตรฐานจริงใจล้ำสมัย 
#ถามไวตอบไวกับหมอกุ้ง  #ความรู้เรื่องผิว","จะรักษาก็ต้องรู้สาเหตุ! ใครมีรอยโรคที่ผิวแบบไหน มาเช็กกันได้เลยค่ะ ⁉️

👩‍⚕️ วันนี้คุณหมอกุ้ง (พญ กรวิกกา พัฒนะปราน ว 38020) KVK Clinic มาแชร์เรื่อง 'รอยโรคที่พบบ่อย' และมาดูกันว่าปัญหาผิวในรูปแบบต่างๆ การเลือกหัตถการให้ตรงจุดจึงเป็นเรื่องสำคัญ เพื่อผลลัพธ์ที่ตอบโจทย์และปลอดภัย และมีแนวทางในการดูแลอย่างไรบ้าง

สามารถทิ้งคำถามไว้ที่คอมเมนต์หรือส่งภาพเข้ามาปรึกษาพวกเราได้เลยนะคะ เราพร้อมให้คำแนะนำอย่างตรงไปตรงมาค่ะ📩

............................................
#KVKClinic #DrKoong #หมอเจด
#ยกมาตรฐานจริงใจล้ำสมัย 
#ถามไวตอบไวกับหมอกุ้ง  #ความรู้เรื่องผิว",157,"05/01/2026 02:00",N/A,https://www.facebook.com/reel/26186840750998124/,0,0,วิดีโอ,,,,,อายุการใช้งาน,13365,6407,9,8,0,1,136,,62,66,8,50814.95,4.288,0,0,0
1276884931196440,100066248360694,Kornvikkaclinic,"5.5 MASSIVE SALE จัดหนัก จัดเต็ม!
""ยิ่งซื้อ ยิ่งได้"" ยิ่งซื้อเยอะ ยิ่งคุ้มเว่อร์!
.
🎯 หมุนวงล้อ Digital ลุ้นรางวัล แบบจัดเต็ม
ซื้อครบ 25,000.-     หมุน 1 ครั้ง 
ซื้อครบ 50,000.-     หมุน 2 ครั้ง

🎯 ยิ่งซื้อ ยิ่งคุ้ม ลดเพิ่มสูงสุด 15%
1 คอร์ส ลดเพิ่ม 10% 
2 คอร์ส ลดเพิ่ม 15% 

🎯 Buy 1 Get 1 Free 
โปรแกรมยกกระชับ combine ผิวยก+หน้าแน่น เฟิร์ม
.
✨ รวมโปรตัวฮิต:
💉 Program Filler Lifting ฟรีโบเกาหลี Upper Face
💆‍♀️ โปรแกรมยกกระชับ 17 Brands ที่ควรทำยกมาที่นี่
💥 โปรแกรมPico Laser รับสิทธิ์แลกซื้อราคาพิเศษ
✨ BABY Glow Program ซื้อ 3 แถม 1 คุ้มมาก!!
.
💳 ผ่อน 0% นานสูงสุด 10 เดือน
📆 โปรถึง 31 พ.ค. นี้เท่านั้น!

🔥 ใครเล็งอะไรไว้ รีบทักเลย
เพราะโปรนี้…ไม่ได้มีบ่อย!
.
.
.
ช่องทางติดต่อสอบถาม แอดมิน+ ปรึกษาแพทย์
𝐋𝐢𝐧𝐞 𝐎𝐀 เป็นช่องทางหลัก
สาขา 𝗞𝗼𝗿𝗮𝘁 : @1stkvk 
.
🔹 สาขา 𝗞𝗼𝗿𝗮𝘁 : โคราช (Head Qaurters)
สาขา3 : ติดโรงเรียน ปลูกปัญญา เส้นสุระ 2 
สาขา1 : ในปั้มปตท. ข้างเดอะมอลล์โคราช
📞 06 1956 5444
.
🌐𝐖𝐞𝐛𝐬𝐢𝐭𝐞 : https://kvkclinic.com
📺𝐘𝐨𝐮𝐭𝐮𝐛𝐞 : https://youtube.com/@kornvikkaclinic1234?si=PwiLo4SaaXs9J2DS
............................................
#KVKClinic #DrKoong #หมอเจด
#ยกมาตรฐานจริงใจล้ำสมัย 
#KVKMASSIVESALE #โปรโมชั่นเดือนพฤษภาคมKVK #โปรนี้มีแต่คุ้ม",,0,"05/01/2026 02:44",N/A,https://www.facebook.com/KVKClinic/posts/pfbid02GVhWoAuY24uzwHPKTKGCFu7Jh6ahj2GbenC7UMXyzB4L3Ec7ynGn6HUzgpFKudehl,0,0,รูปภาพ,,,,,อายุการใช้งาน,5526,2285,14,12,0,2,171,144,26,1,,,,,,
1277437557807844,100066248360694,Kornvikkaclinic,"🩺 แจ้งตารางแพทย์ออกตรวจ KVK Clinic ทุกสาขา 
📆 ประจำเดือน พฤษภาคม 2569
.
🔹 สาขา 1 : Korat
KVK Soreal ในปั๊ม ปตท.ข้างเดอะมอลล์
🔹 สาขา 2 : Surgery Korat
หน้าโรงแรมร่มเย็น เส้นหนองบัวรอง
🔹 สาขา 3 : Korat (Head Qaurters)
ติดโรงเรียน ปลูกปัญญา เส้นสุระ 2
🔹 สาขา 4 : @Siam
Centerpoint Siam Square ชั้น 2
.
📣 เรามีคุณหมออยู่ประจำทุกวันนะคะ🩺
เลือกวันที่สะดวกได้เลย
.
📆 เติมความสวยได้ทุกวัน สะดวกวันไหนเลือกวันจองนัดหมายได้เลยค่ะ (แนะนำจองคิวดีที่สุดค่า) 
.
• มีแพทย์ตัวจริงดูแลทุกเคส
• ประเมินสัดส่วนใบหน้า วิเคราะห์ปัญหาโดยแพทย์ก่อนทำ
• ติดตามผลหลังทำ ใส่ใจในการดูแลทุกรายละเอียด
.
.
.
.
…………………………………….
📆 จองคิวนัดหมายและสอบถามโปรโมชั่นเพิ่มเติม
𝐋𝐢𝐧𝐞 𝐎𝐀 เป็นช่องทางหลักนะคะ 
สาขา 1&3 𝗞𝗼𝗿𝗮𝘁 Line : @1stkvk 
สาขา 4 𝗦𝗶𝗮𝗺 Line : @kvksiam
.
สาขา 1 : Korat
KVK Soreal ในปั๊มปตท.ข้างเดอะมอลล์
https://maps.app.goo.gl/qE9Hd2dCV9UPD3KT8?g_st=il
📞 08 7870 5888
.
สาขา 2 : Surgery 
หน้าโรงแรมร่มเย็น เส้นหนองบัวรอง
https://maps.app.goo.gl/dAijgTfBYhQZgykL7?g_st=il
📞 09 5614 1444
.
 สาขา 3 : Korat (Head Qaurters)
ติดโรงเรียน ปลูกปัญญา เส้นสุระ 2
https://maps.app.goo.gl/ehwGYHVNLqgww6CJ9?g_st=il
📞 06 1956 5444
.
 สาขา 4 : @Siam Clinic
Centerpoint Siam Square ชั้น 2
https://maps.app.goo.gl/QF8KbghbMDZ4idAF9?g_st=il
📞 09 5791 5444
----------------------
#KVKClinic #DrKoong #DrJade
#ยกมาตรฐานจริงใจล้ำสมัย
#KVKKorat #KVKSiam",,0,"05/01/2026 19:31",N/A,https://www.facebook.com/KVKClinic/posts/pfbid06k6oHYPoaqXG9gJTyRNAYJEdhq378Vj2zLPWozxc5Ku5LCLA5mNwfrBSXtCFqKB6l,0,0,รูปภาพ,,,,,อายุการใช้งาน,15252,5216,14,12,0,2,438,391,35,12,,,,,,
1278185151066418,100066248360694,Kornvikkaclinic,"โปรแกรมอัลเทอร่า PRIME 200 Line... ยกแค่ไหนมาดูกัน! 📈

สำหรับใครที่มีปัญหากรอบหน้าเริ่มไม่ชัด หรือต้องการยกกระชับช่วงแก้มล่าง
🔸Real-time Visualization: คุณหมอสามารถเห็นชั้นผิวขณะทำได้ตลอดเวลา ทำให้แม่นยำในทุก Line ที่ยิง

🔸200 Line Strategy: การวางแผนยิง 200 Line เพื่อเน้นกรอบหน้าให้ดู V-Shape และดูคมชัดขึ้น

🔸No Downtime: สวยแบบไม่ต้องพักฟื้น ใช้ชีวิตต่อได้ทันที

*ผลลัพธ์ที่ได้ขึ้นอยู่กับสภาพผิวและโครงสร้างหน้าของแต่ละบุคคล
📍 ปรึกษาคุณหมอเพื่อออกแบบจำนวน Line ที่เหมาะสมได้ที่ KVKClinic
............................................
#KVKClinic #DrKoong #หมอเจด
#ยกมาตรฐานจริงใจล้ำสมัย 
#ProgramUltherapyPRIME #ReviewKVK #ยกกระชับปรับรูปหน้า","โปรแกรมอัลเทอร่า PRIME 200 Line... ยกแค่ไหนมาดูกัน! 📈

สำหรับใครที่มีปัญหากรอบหน้าเริ่มไม่ชัด หรือต้องการยกกระชับช่วงแก้มล่าง
🔸Real-time Visualization: คุณหมอสามารถเห็นชั้นผิวขณะทำได้ตลอดเวลา ทำให้แม่นยำในทุก Line ที่ยิง

🔸200 Line Strategy: การวางแผนยิง 200 Line เพื่อเน้นกรอบหน้าให้ดู V-Shape และดูคมชัดขึ้น

🔸No Downtime: สวยแบบไม่ต้องพักฟื้น ใช้ชีวิตต่อได้ทันที

*ผลลัพธ์ที่ได้ขึ้นอยู่กับสภาพผิวและโครงสร้างหน้าของแต่ละบุคคล
📍 ปรึกษาคุณหมอเพื่อออกแบบจำนวน Line ที่เหมาะสมได้ที่ KVKClinic
............................................
#KVKClinic #DrKoong #หมอเจด
#ยกมาตรฐานจริงใจล้ำสมัย 
#ProgramUltherapyPRIME #ReviewKVK #ยกกระชับปรับรูปหน้า",26,"05/02/2026 20:30",N/A,https://www.facebook.com/reel/1063746426828887/,0,0,วิดีโอ,,,,,อายุการใช้งาน,8770,4010,8,7,0,1,236,,159,65,12,28572.79,3.801,0,0,0
1278441177707482,100066248360694,Kornvikkaclinic,"🚨 KVK Ultimate Lift Program เตือนแล้วนะ!
ใครยังไม่จองโปร 1 FREE  1 แบรนด์ชั้นนำ ระวังคิวเต็ม!

.
รวมพลความงามครั้งใหญ่กับ 17 แบรนด์ดังชั้นนำ พร้อมตอบโจทย์ทุกความต้องการเรื่องหน้ายก ผิวแน่นเฟิร์ม รวบรวมมาไว้ให้คุณเลือกสรรที่นี่แล้ว! 

✅ จ่าย 1 ได้ถึง 2 คุ้มกว่านี้ไม่มีอีกแล้ว
✅ เลือกแบรนด์ชั้นนำได้ตามใจชอบจากทั้งหมด 17 แบรนด์มาตรฐาน
✅ มั่นใจในคุณภาพและผลลัพธ์โดยทีมแพทย์ KVK
.
📲 สอบถามรายละเอียด/ส่งรูปประเมินผิวฟรีทาง Inbox
อย่าปล่อยให้ผิวต้องรอ... สวยก่อนใคร ทักแชทเลยค่ะ!

📅 วันนี้ – 31 พฤษภาคม 2569 เท่านั้น
📍 KVK Clinic ทุกสาขา
.
.
.
ช่องทางติดต่อสอบถาม แอดมิน+ ปรึกษาแพทย์
𝐋𝐢𝐧𝐞 𝐎𝐀 เป็นช่องทางหลัก
สาขา 𝗞𝗼𝗿𝗮𝘁 : @1stkvk 
สาขา 𝗦𝗶𝗮𝗺  : @kvksiam
.
🔹 สาขา 𝗞𝗼𝗿𝗮𝘁 : โคราช (Head Qaurters)
สาขา3 : ติดโรงเรียน ปลูกปัญญา เส้นสุระ 2 
สาขา1 : ในปั้มปตท. ข้างเดอะมอลล์โคราช
📞 06 1956 5444
.
🔹 สาขา 𝗦𝗶𝗮𝗺 : KVK Siam Clinic
Centerpoint Siam Square ชั้น 2
📞 09 5791 5444
-------------------
#KVKClinic #DrKoong #หมอเจด
#ยกมาตรฐานจริงใจล้ำสมัย 
#KVKFutureLifting
#Promotion #โปรโมชั่นสุดคุ้ม",,0,"05/03/2026 03:23",N/A,https://www.facebook.com/KVKClinic/posts/pfbid02jhg9WHS2C2jVdmdGS4qhKwqGehw5JBqwspbW5UujPi51WPJrZjiaJrgHr2eafsckl,0,0,รูปภาพ,,,,,อายุการใช้งาน,3661,1875,12,9,0,3,135,102,33,,,,,,,
1279106137640986,100066248360694,Kornvikkaclinic,"🩺𝐒𝐏𝐄𝐂𝐈𝐀𝐋 𝐓𝐇𝐀𝐍𝐊𝐒 𝐅𝐎𝐑 𝐇𝐄𝐀𝐋𝐓𝐇𝐂𝐀𝐑𝐄 𝐇𝐄𝐑𝐎𝐄𝐒! 👩‍⚕️👨‍⚕️

𝐊𝐕𝐊 𝐂𝐥𝐢𝐧𝐢𝐜 จัดให้! สิทธิพิเศษเพื่อเพื่อนร่วมวิชาชีพทางการแพทย์และสาธารณสุขโดยเฉพาะ ด้วยโปรโมชันสุดพิเศษที่จัดมาให้ ""คนสายกาวน์""

.
🎁 รายละเอียด 𝐏𝐫𝐢𝐯𝐢𝐥𝐞𝐠𝐞 สำหรับเพื่อนร่วมวิชาชีพ:

𝟏. กลุ่มคอร์สดูแลผิว: รับส่วนลดสูงสุด 15%
𝟐. กลุ่มงานยกกระชับ: รับส่วนลด 5-10%
𝟑. กลุ่มหัตถการงานฉีด: รับส่วนลดสูงสุด 10%

📝 กติกาการรับสิทธิ์ง่ายๆ:

• เพียงแสดงบัตรวิชาชีพ หรือหลักฐานการทำงานในสายการแพทย์ก่อนรับบริการ

• สิทธิ์นี้เฉพาะการเข้ารับบริการที่ 𝐊𝐕𝐊 𝐂𝐥𝐢𝐧𝐢𝐜 เท่านั้น
.
.
.
ช่องทางติดต่อสอบถาม แอดมิน+ ปรึกษาแพทย์
𝐋𝐢𝐧𝐞 𝐎𝐀 เป็นช่องทางหลัก
สาขา 𝗞𝗼𝗿𝗮𝘁 : @1stkvk 
สาขา 𝗦𝗶𝗮𝗺  : @kvksiam
.
🔹 สาขา 𝗞𝗼𝗿𝗮𝘁 : โคราช (Head Qaurters)
สาขา3 : ติดโรงเรียน ปลูกปัญญา เส้นสุระ 2 
สาขา1 : ในปั้มปตท. ข้างเดอะมอลล์โคราช
📞 06 1956 5444
.
🔹 สาขา 𝗦𝗶𝗮𝗺 : KVK Siam Clinic
Centerpoint Siam Square ชั้น 2
📞 09 5791 5444
-------------------
#KVKClinic #DrKoong #หมอเจด
#ยกมาตรฐานจริงใจล้ำสมัย 
#สิทธิพิเศษคนสวมกาวน์
#โปรโมชั่นKVK",,0,"05/03/2026 23:44",N/A,https://www.facebook.com/KVKClinic/posts/pfbid02LSby9xq9t2fEkiRJcBBL2aenvbEZM449S5papM3fEx3xxBm12Bybi9VRNrwfdUJTl,0,0,รูปภาพ,,,,,อายุการใช้งาน,134717,49215,134,115,8,11,1533,61,800,672,,,,,,
1279138660971067,100066248360694,Kornvikkaclinic,"🩺สายสุขภาพต้องจัด! 𝐊𝐕𝐊 𝐂𝐥𝐢𝐧𝐢𝐜 มอบเอกสิทธิ์เพื่อคนสวมกาวน์
ดูแลคนอื่นมาเยอะแล้ว ถึงเวลาดูแลตัวเองให้ดูดีบ้าง! 𝐊𝐕𝐊 𝐂𝐥𝐢𝐧𝐢𝐜 จัดแคมเปญ ""𝐒𝐩𝐞𝐜𝐢𝐚𝐥 𝐓𝐡𝐚𝐧𝐤𝐬 𝐟𝐨𝐫 𝐇𝐞𝐚𝐥𝐭𝐡𝐜𝐚𝐫𝐞 𝐇𝐞𝐫𝐨𝐞𝐬"" มอบส่วนลดพิเศษสูงสุดถึง 𝟏𝟓% เพื่อขอบคุณความทุ่มเทของเพื่อนร่วมวิชาชีพและสายงานสาธารณสุขทุกคนค่ะ 👩🏻‍⚕️🧑🏻‍⚕️

𝐏𝐫𝐢𝐯𝐢𝐥𝐞𝐠𝐞 สุดเอ็กซ์คลูซีฟ:

🔸กลุ่มคอร์ส: ลดสูงสุด 15%

🔸กลุ่มยกกระชับ: ลดสูงสุด 10%

🔸กลุ่มหัตถการฉีด: ลดสูงสุด 10%

🔻 กติการับสิทธิ์ง่ายๆ:

• เพียงแสดงบัตรวิชาชีพก่อนรับบริการ

• รับส่วนลด On-top เพิ่มอีก 10% (กรณีไม่รับของแถม)

📍 พบกันที่ KVKClinic 
-------------------
#KVKClinic #DrKoong #หมอเจด
#ยกมาตรฐานจริงใจล้ำสมัย 
#สิทธิพิเศษคนสวมกาวน์
#โปรโมชั่นKVK","🩺สายสุขภาพต้องจัด! 𝐊𝐕𝐊 𝐂𝐥𝐢𝐧𝐢𝐜 มอบเอกสิทธิ์เพื่อคนสวมกาวน์
ดูแลคนอื่นมาเยอะแล้ว ถึงเวลาดูแลตัวเองให้ดูดีบ้าง! 𝐊𝐕𝐊 𝐂𝐥𝐢𝐧𝐢𝐜 จัดแคมเปญ ""𝐒𝐩𝐞𝐜𝐢𝐚𝐥 𝐓𝐡𝐚𝐧𝐤𝐬 𝐟𝐨𝐫 𝐇𝐞𝐚𝐥𝐭𝐡𝐜𝐚𝐫𝐞 𝐇𝐞𝐫𝐨𝐞𝐬"" มอบส่วนลดพิเศษสูงสุดถึง 𝟏𝟓% เพื่อขอบคุณความทุ่มเทของเพื่อนร่วมวิชาชีพและสายงานสาธารณสุขทุกคนค่ะ 👩🏻‍⚕️🧑🏻‍⚕️

𝐏𝐫𝐢𝐯𝐢𝐥𝐞𝐠𝐞 สุดเอ็กซ์คลูซีฟ:

🔸กลุ่มคอร์ส: ลดสูงสุด 15%

🔸กลุ่มยกกระชับ: ลดสูงสุด 10%

🔸กลุ่มหัตถการฉีด: ลดสูงสุด 10%

🔻 กติการับสิทธิ์ง่ายๆ:

• เพียงแสดงบัตรวิชาชีพก่อนรับบริการ

• รับส่วนลด On-top เพิ่มอีก 10% (กรณีไม่รับของแถม)

📍 พบกันที่ KVKClinic 
-------------------
#KVKClinic #DrKoong #หมอเจด
#ยกมาตรฐานจริงใจล้ำสมัย 
#สิทธิพิเศษคนสวมกาวน์
#โปรโมชั่นKVK",34,"05/04/2026 02:00",N/A,https://www.facebook.com/reel/1686902312193713/,0,0,วิดีโอ,,,,,อายุการใช้งาน,2310,1799,5,5,0,0,15,,15,,,7915.219,3.969,0,0,0
1279156827635917,100066248360694,Kornvikkaclinic,"ตาที่เคยปรือไม่เท่ากัน
ปรับแล้วดูสดใสขึ้นชัดเจน 👁️👁️
.
คนไข้มีปัญหาหนังตาตก ร่วมกับกล้ามเนื้อตาอ่อนแรง 
ทำให้ตาทั้งสองข้างไม่เท่ากันและดูปรือ 
ส่งผลให้ดวงตาดูเล็กและไม่สดใส
คุณหมอแก้ไขด้วยโปรแกรมผ่าตัดตาสองชั้น
โดยทำร่วมกับการแก้ไข้กล้ามเนื้อตา 
หลังทำทันทีชั้นตาคมชัดและมีความเท่ากันมากขึ้น
เปลือกตาถูกยกให้ตากว้างขึ้นอย่างเป็นธรรมชาติ
.
ผ่าตัดตาสองชั้นที่ KVK Clinic
✅ ดูแลโดยแพทย์มากประสบการณ์
✅ ปรึกษากับคุณหมอก่อนเข้าห้องผ่าตัดทุกเคส
✅ ออกแบบชั้นตาให้เข้ากับแต่ละบุคคล แบบเคสต่อเคส
✅ ติดตามผลและดูแลหลังผ่าตัดอย่างต่อเนื่อง",,0,"05/04/2026 19:00",N/A,https://www.facebook.com/KVKClinic/posts/pfbid097pESLki6dhTwk3cASN4iM6R1FucmCQG3C2RwR2HtZLQZ1c9gWhNq4GgvFL3V8y2l,0,0,รูปภาพ,,,,,อายุการใช้งาน,2011,1214,6,6,0,0,2,1,1,,,,,,,
1279790640905869,100066248360694,Kornvikkaclinic,"The Secret Behind the Glow: Get Up & Glow Hydrogel Mask ✨🥂

📚งานนี้คุณหมอกุ้ง (พญ.กรวิกกา พัฒนะปราน ว38020) แพทย์ประจำ KVK Clinic สาขาโคราชและสาขาสยาม 
พามาชมเบื้องหลังงานผิวดูโกลว์สุขภาพดีที่หลายคนทัก คือนวัตกรรม Hydrogel Technology สุดล้ำที่ KVK Clinic คัดสรรมาเพื่อยกระดับการปรนนิบัติผิวให้เหนือระดับไปอีกขั้น ด้วยลิขสิทธิ์เฉพาะที่ช่วยกักเก็บสารอาหารผิวได้อย่างเต็มพิกัด และซึมซาบเข้าสู่ชั้นผิวได้อย่างมีประสิทธิภาพ

เพราะ KVKClinic เชื่อว่าผิวที่ดูดีเริ่มต้นจากการใส่ใจในทุกรายละเอียด... ให้คุณเปล่งประกายในเวอร์ชันที่มั่นใจที่สุด   ✨🫶
-------------------
#KVKClinic #DrKoong #หมอเจด
#ยกมาตรฐานจริงใจล้ำสมัย 
#AllureNight2026 #HausofAllure
#skinoclockmask #AestheticsAllureTH
#YouLookGetUpGlow","The Secret Behind the Glow: Get Up & Glow Hydrogel Mask ✨🥂

📚งานนี้คุณหมอกุ้ง (พญ.กรวิกกา พัฒนะปราน ว38020) แพทย์ประจำ KVK Clinic สาขาโคราชและสาขาสยาม 
พามาชมเบื้องหลังงานผิวดูโกลว์สุขภาพดีที่หลายคนทัก คือนวัตกรรม Hydrogel Technology สุดล้ำที่ KVK Clinic คัดสรรมาเพื่อยกระดับการปรนนิบัติผิวให้เหนือระดับไปอีกขั้น ด้วยลิขสิทธิ์เฉพาะที่ช่วยกักเก็บสารอาหารผิวได้อย่างเต็มพิกัด และซึมซาบเข้าสู่ชั้นผิวได้อย่างมีประสิทธิภาพ

เพราะ KVKClinic เชื่อว่าผิวที่ดูดีเริ่มต้นจากการใส่ใจในทุกรายละเอียด... ให้คุณเปล่งประกายในเวอร์ชันที่มั่นใจที่สุด   ✨🫶
-------------------
#KVKClinic #DrKoong #หมอเจด
#ยกมาตรฐานจริงใจล้ำสมัย 
#AllureNight2026 #HausofAllure
#skinoclockmask #AestheticsAllureTH
#YouLookGetUpGlow",62,"05/04/2026 20:52",auto,https://www.facebook.com/reel/1310051271061584/,0,0,วิดีโอ,,,,,อายุการใช้งาน,2712,2152,8,8,0,0,24,,15,8,1,8581.492,3.541,0,0,0
1279804280904505,100066248360694,Kornvikkaclinic,"𝐊𝐕𝐊 𝐂𝐥𝐢𝐧𝐢𝐜 𝐗 𝐀𝐥𝐦𝐚 𝐀𝐜𝐚𝐝𝐞𝐦𝐲 𝟐𝟎𝟐𝟔 | 𝟏 ในคลินิกจากประเทศไทย บินลัดฟ้าเปิดประสบการณ์ใหม่ระดับเวิลด์คลาส! ที่งาน 𝐀𝐥𝐦𝐚 𝐀𝐜𝐚𝐝𝐞𝐦𝐲 เมืองลิสบอน ประเทศโปรตุเกส บรรยากาศที่ลิสบอนเต็มไปด้วยพลังแห่งการเรียนรู้ เมื่อแพทย์และผู้เชี่ยวชาญ 𝟒𝟓𝟎 ท่าน จาก 𝟒𝟓 ประเทศทั่วโลกมารวมตัวกันเพื่อแลกเปลี่ยนเทคนิคที่ใช้งานได้ผลจริง 🌏✨

👩🏻‍⚕️ ทริปนี้คุณหมอกุ้ง (พญ.กรวิกกา พัฒนะปราน ว 𝟑𝟖𝟎𝟐𝟎) ตัวแทนทีมแพทย์ 𝐊𝐕𝐊𝐂𝐥𝐢𝐧𝐢𝐜 เดินทางมาไกลถึงเมืองลิสบอน เพื่อร่วมงาน 𝐀𝐥𝐦𝐚 𝐀𝐜𝐚𝐝𝐞𝐦𝐲 𝟐𝟎𝟐𝟔 ภายใต้คอนเซปต์ 𝐒𝐭𝐞𝐩 𝐁𝐞𝐲𝐨𝐧𝐝 𝐋𝐢𝐦𝐢𝐭𝐬, 𝐒𝐡𝐚𝐩𝐞 𝐭𝐡𝐞 𝐍𝐞𝐰 𝐒𝐭𝐚𝐧𝐝𝐚𝐫𝐝, บรรยากาศในงานเต็มไปด้วยพลังของคนรักความงามและการเรียนรู้เทคนิคใหม่ๆ ที่น่าทึ่งมาก🧬

ภายในงานมีการพูดคุยอย่างตรงไปตรงมาถึงผลลัพธ์ทางคลินิก (𝐂𝐥𝐢𝐧𝐢𝐜𝐚𝐥 𝐈𝐧𝐬𝐢𝐠𝐡𝐭𝐬) และการสาธิตเคสจริง (𝐋𝐢𝐯𝐞 𝐂𝐚𝐬𝐞𝐬) เพื่อให้มั่นใจว่าเทคโนโลยีอย่าง 𝐒𝐨𝐩𝐫𝐚𝐧𝐨 𝐓𝐢𝐭𝐚𝐧𝐢𝐮𝐦 หรือ 𝐀𝐥𝐦𝐚 𝐏𝐫𝐢𝐦𝐞𝐗 จะถูกนำมาใช้ดูแลผิวพรรณของคนไข้อย่างมีประสิทธิภาพสูงสุด📈

𝐀𝐥𝐦𝐚 𝐋𝐚𝐬𝐞𝐫𝐬 เป็นบริษัทผู้ผลิตและพัฒนานวัตกรรมเครื่องมือแพทย์ระดับโลกที่มีประสบการณ์มากกว่า 𝟐𝟓 ปี ความเชี่ยวชาญด้านเทคโนโลยีเลเซอร์ (𝐋𝐚𝐬𝐞𝐫), แสง (𝐋𝐢𝐠𝐡𝐭-𝐛𝐚𝐬𝐞𝐝), คลื่นวิทยุ (𝐑𝐚𝐝𝐢𝐨𝐟𝐫𝐞𝐪𝐮𝐞𝐧𝐜𝐲 - 𝐑𝐅), พลาสมา (𝐏𝐥𝐚𝐬𝐦𝐚) และอัลตราซาวด์ (𝐔𝐥𝐭𝐫𝐚𝐬𝐨𝐮𝐧𝐝) เพื่อใช้ในอุตสาหกรรมการแพทย์ความงามและการผ่าตัด 🩺💊

📚 ซึ่งไม่ใช่เพียงแค่งานอีเวนต์ แต่คือ ""𝐌𝐨𝐯𝐞𝐦𝐞𝐧𝐭"" หรือการสร้างชุมชนระดับโลกที่รวมแพทย์ผู้เชี่ยวชาญมาแชร์เทคนิคการใช้งานจริง การสาธิตเคส (𝐋𝐢𝐯𝐞 𝐂𝐚𝐬𝐞𝐬) และการอัปเดตงานวิจัยล่าสุด เพื่อยกระดับมาตรฐานการดูแลคนไข้ให้ดียิ่งขึ้น

และยังมีช่วงเวลาสุดประทับใจในงานเลี้ยง 𝐆𝐚𝐭𝐬𝐛𝐲 𝐆𝐚𝐥𝐚 ที่แสนหรูหรา และโลกแห่งจินตนาการใน 𝐀𝐥𝐦𝐚 𝐢𝐧 𝐖𝐨𝐧𝐝𝐞𝐫𝐥𝐚𝐧𝐝 นี่คือสังคมแห่งการแบ่งปันที่ไม่หยุดพัฒนาและพร้อมจะก้าวไปข้างหน้าด้วยกัน 🪩

การได้รับเชิญในครั้งนี้เป็นเครื่องยืนยันว่า 𝐊𝐕𝐊 𝐂𝐥𝐢𝐧𝐢𝐜 ไม่เคยหยุดก้าวเดินไปพร้อมกับนวัตกรรมระดับโลก เพื่อให้คนไข้ของเราได้รับสิ่งที่ดีที่สุดอยู่เสมอ🫶💕

............................................
#KVKClinic #DrKoong #หมอเจด
#ยกมาตรฐานจริงใจล้ำสมัย 
#AlmaAcademy2026 #AlmaPrimeX
#KVKJourneyToLisbon
#FutureOfLifting #SopranoTitanium
#TheNewAgeOfLongevity",,0,"05/04/2026 23:30",N/A,https://www.facebook.com/KVKClinic/posts/pfbid02XLiEq1EhHMQh4DaFU3uz6fJVPBdpnMcFxMRoVHWJj1kA9L3ZnkXS16qvqvpFH3HFl,0,0,รูปภาพ,,,,,อายุการใช้งาน,2288,1376,6,6,0,0,17,13,4,,,,,,,
1279899744228292,100066248360694,Kornvikkaclinic,"KVKClinic ส่งตรงความสวยจากลิสบอน ! ✈️ 
หมอกุ้ง (พญ.กรวิกกา พัฒนปราน ว38020) พาเช็กอินงาน Alma Academy 2026ก้าวทันทุกเทรนด์ผิวระดับโลกไปกับ KVK 

👩‍⚕️ หมอกุ้งตั้งใจเก็บเกี่ยวทุกรายละเอียดของเทคโนโลยีใหม่ล่าสุด เจาะลึกเบื้องหลังความสำเร็จจากเคสจริงกว่า 50 เคส และ Workshop สุดเข้มข้นที่ Alma Academy ลิสบอน  และยังลงสนาม Workshop จริงถึง 15 เซสชั่น เพื่อเก็บเทคนิคการใช้เครื่องมือใหม่ๆ มาปรับใช้ให้เป๊ะที่สุดกับผิวคนไทย ใครอยากอัปเดตเทรนด์ผิวระดับโลกแบบ Exclusive เตรียมตัวเลยค่ะ!

📌ปักหมุดรอเลยค่ะ! เทรนด์ผิว 2026 จากลิสบอน เตรียมส่งตรงถึงมือทุกคนที่ KVK แน่นอน
............................................
#KVKClinic #DrKoong #หมอเจด
#ยกมาตรฐานจริงใจล้ำสมัย 
#AlmaAcademy2026 #AlmaPrimeX
#KVKJourneyToLisbon
#FutureOfLifting #SopranoTitanium
#TheNewAgeOfLongevity","KVKClinic ส่งตรงความสวยจากลิสบอน ! ✈️ 
หมอกุ้ง (พญ.กรวิกกา พัฒนปราน ว38020) พาเช็กอินงาน Alma Academy 2026ก้าวทันทุกเทรนด์ผิวระดับโลกไปกับ KVK 

👩‍⚕️ หมอกุ้งตั้งใจเก็บเกี่ยวทุกรายละเอียดของเทคโนโลยีใหม่ล่าสุด เจาะลึกเบื้องหลังความสำเร็จจากเคสจริงกว่า 50 เคส และ Workshop สุดเข้มข้นที่ Alma Academy ลิสบอน  และยังลงสนาม Workshop จริงถึง 15 เซสชั่น เพื่อเก็บเทคนิคการใช้เครื่องมือใหม่ๆ มาปรับใช้ให้เป๊ะที่สุดกับผิวคนไทย ใครอยากอัปเดตเทรนด์ผิวระดับโลกแบบ Exclusive เตรียมตัวเลยค่ะ!

📌ปักหมุดรอเลยค่ะ! เทรนด์ผิว 2026 จากลิสบอน เตรียมส่งตรงถึงมือทุกคนที่ KVK แน่นอน
............................................
#KVKClinic #DrKoong #หมอเจด
#ยกมาตรฐานจริงใจล้ำสมัย 
#AlmaAcademy2026 #AlmaPrimeX
#KVKJourneyToLisbon
#FutureOfLifting #SopranoTitanium
#TheNewAgeOfLongevity",82,"05/05/2026 02:30",N/A,https://www.facebook.com/reel/2216787322191110/,0,0,วิดีโอ,,,,,อายุการใช้งาน,2551,2017,24,21,2,1,10,,10,,,13164.168,5.811,0,0,0
1279160050968928,100066248360694,Kornvikkaclinic,"หน้าดูมีอายุก่อนวัย เพราะสิ่งนี้ !!! #KVKClinic #KVKSurgery #DrJade #หมอเจด #drKoong #ตาสองชั้น","หน้าดูมีอายุก่อนวัย เพราะสิ่งนี้ !!! #KVKClinic #KVKSurgery #DrJade #หมอเจด #drKoong #ตาสองชั้น",87,"05/05/2026 04:00",N/A,https://www.facebook.com/reel/977509255215859/,0,0,วิดีโอ,,,,,อายุการใช้งาน,2481,2132,6,6,0,0,6,,6,,,12908.289,5.729,0,0,0
1280471210837812,100066248360694,Kornvikkaclinic,"✨ หยุดวงจรหน้าแน่นเกินเบอร์! 
ใครที่กำลังรู้สึกว่าหน้าตัวเอง ""ดูเยอะ"" หรือ ""แน่น"" เกินกว่าปกติ จนทำให้เสียความมั่นใจ นั่นอาจเป็นสัญญาณของ Overfilled Syndrome ⁉️

อย่าปล่อยให้ความกังวลใจอยู่กับคุณนาน มาปรึกษาหมอกุ้งที่ KVK Clinic เพื่อค้นหาแนวทางที่เหมาะสมกันค่ะ👩🏻‍⚕️🫶

-------------------
#KVKClinic #DrKoong #หมอเจด
#ยกมาตรฐานจริงใจล้ำสมัย 
#โปรแกรมฟิลเลอร์ #OverfilledSyndrome","✨ หยุดวงจรหน้าแน่นเกินเบอร์! 
ใครที่กำลังรู้สึกว่าหน้าตัวเอง ""ดูเยอะ"" หรือ ""แน่น"" เกินกว่าปกติ จนทำให้เสียความมั่นใจ นั่นอาจเป็นสัญญาณของ Overfilled Syndrome ⁉️

อย่าปล่อยให้ความกังวลใจอยู่กับคุณนาน มาปรึกษาหมอกุ้งที่ KVK Clinic เพื่อค้นหาแนวทางที่เหมาะสมกันค่ะ👩🏻‍⚕️🫶

-------------------
#KVKClinic #DrKoong #หมอเจด
#ยกมาตรฐานจริงใจล้ำสมัย 
#โปรแกรมฟิลเลอร์ #OverfilledSyndrome",231,"05/05/2026 19:30",N/A,https://www.facebook.com/reel/1734850137893760/,0,0,วิดีโอ,,,,,อายุการใช้งาน,2437,2003,6,6,0,0,5,,2,3,,12089.332,5.527,0,0,0
1280550100829923,100066248360694,Kornvikkaclinic,"5.5 MASSIVE SALE จัดหนัก จัดเต็ม!
""ยิ่งซื้อ ยิ่งได้"" ยิ่งซื้อเยอะ ยิ่งคุ้มเว่อร์!
.
🎯 หมุนวงล้อ Digital ลุ้นรางวัล แบบจัดเต็ม
ซื้อครบ 25,000.-     หมุน 1 ครั้ง 
ซื้อครบ 50,000.-     หมุน 2 ครั้ง

🎯 ยิ่งซื้อ ยิ่งคุ้ม ลดเพิ่มสูงสุด 15%
1 คอร์ส ลดเพิ่ม 10% 
2 คอร์ส ลดเพิ่ม 15% 

🎯 Buy 1 Get 1 Free 
โปรแกรมยกกระชับ combine ผิวยก+หน้าแน่น เฟิร์ม
.
✨ รวมโปรตัวฮิต:
💉 Program Filler Lifting ฟรีโบเกาหลี Upper Face
💆‍♀️ โปรแกรมยกกระชับ 17 Brands ที่ควรทำยกมาที่นี่
💥 โปรแกรมPico Laser รับสิทธิ์แลกซื้อราคาพิเศษ
✨ BABY Glow Program ซื้อ 3 แถม 1 คุ้มมาก!!
.
💳 ผ่อน 0% นานสูงสุด 10 เดือน
📆 โปรถึง 31 พ.ค. นี้เท่านั้น!

🔥 ใครเล็งอะไรไว้ รีบทักเลย
เพราะโปรนี้…ไม่ได้มีบ่อย!
.
.
.
ช่องทางติดต่อสอบถาม แอดมิน+ ปรึกษาแพทย์
𝐋𝐢𝐧𝐞 𝐎𝐀 เป็นช่องทางหลัก
สาขา 𝗞𝗼𝗿𝗮𝘁 : @1stkvk 
.
🔹 สาขา 𝗞𝗼𝗿𝗮𝘁 : โคราช (Head Qaurters)
สาขา3 : ติดโรงเรียน ปลูกปัญญา เส้นสุระ 2 
สาขา1 : ในปั้มปตท. ข้างเดอะมอลล์โคราช
📞 06 1956 5444
.
🌐𝐖𝐞𝐛𝐬𝐢𝐭𝐞 : https://kvkclinic.com
📺𝐘𝐨𝐮𝐭𝐮𝐛𝐞 : https://youtube.com/@kornvikkaclinic1234?si=PwiLo4SaaXs9J2DS
............................................
#KVKClinic #DrKoong #หมอเจด
#ยกมาตรฐานจริงใจล้ำสมัย 
#KVKMASSIVESALE #โปรโมชั่นเดือนพฤษภาคมKVK #โปรนี้มีแต่คุ้ม",,0,"05/05/2026 21:01",N/A,https://www.facebook.com/KVKClinic/posts/pfbid0hcTHVnDSyHVDXQ9LXiVFXTwWDDGkv9Skg6zRw4e7VmpFGQfu9ALZBRp3MDqB8Xuml,0,0,รูปภาพ,,,,,อายุการใช้งาน,5437,2141,8,7,0,1,104,81,23,,,,,,,
1280553077496292,100066248360694,Kornvikkaclinic,"จากหน้าอกที่ดูเรียบ เนินไม่ชัด
วันนี้มีทรงที่พอดีตัว แต่งอะไรก็มั่นใจ ✨✨
.
คนไข้มีลักษณะหน้าอกค่อนข้างเล็ก ฐานหน้าอกแคบ
เนินอกไม่ชัด ทำให้ทรงโดยรวมดูแบน
เวลาสวมเสื้อผ้าจะไม่ค่อยเห็นทรวดทรง
เคสนี้แก้ไขด้วยโปรแกรมเสริมหน้าขนาดไซซ์ 350 CC
อัปเดทหลังทำ 3 ปี มีทรงหน้าอกและมีเนินชัดขึ้น
สนุกกับการแต่งตัวและช่วยเพิ่มความมั่นใจ
.
ผ่าตัดเสริมหน้าอกที่ KVK Clinic
✅ ดูแลโดยแพทย์มากประสบการณ์
✅ ปรึกษากับคุณหมอก่อนเข้าห้องผ่าตัดทุกเคส
✅ ออกแบบข้างต่อข้างให้เข้ากับแต่ละบุคคล แบบเคสต่อเคส
✅ ติดตามผลและดูแลหลังผ่าตัดอย่างต่อเนื่อง",,0,"05/05/2026 22:00",N/A,https://www.facebook.com/KVKClinic/posts/pfbid02k2TenNtMi2swDtX2CfVeAYH45MZZD7qAupvT4dfhSGZ2aLNRqmY3LHVFbWcm8HjHl,0,0,รูปภาพ,,,,,อายุการใช้งาน,2819,1573,6,6,0,0,5,2,3,,,,,,,
1280700044148262,100066248360694,Kornvikkaclinic,"ทำไมหลายคนชอบทรงจมูกสโลปปลายพุ่ง #KVKClinic #KVKSurgery #DrJade #หมอเจด #drKoong #เสริมจมูก","ทำไมหลายคนชอบทรงจมูกสโลปปลายพุ่ง #KVKClinic #KVKSurgery #DrJade #หมอเจด #drKoong #เสริมจมูก",76,"05/06/2026 04:30",N/A,https://www.facebook.com/reel/1501511854669291/,0,0,วิดีโอ,,,,,อายุการใช้งาน,2687,2099,13,12,1,0,4,,4,,,20071.494,8.522,0,0,0
1280705487481051,100066248360694,Kornvikkaclinic,"ยกชั้นตาให้เปิดชัด
ดวงตาดูสดใสขึ้นทันที ✨
.
คนไข้มีปัญหาหนังตาหย่อนคล้อย
ทำให้หางตาตกและดูเศร้าเล็กน้อย
ส่งผลให้ดวงตาดูอ่อนล้า ดูมีอายุ และชั้นตาไม่ชัด
คุณหมอแก้ไขด้วยโปรแกรมผ่าตัดตาสองชั้น
หลังทำทันทีเห็นได้ว่าชั้นตาถูกยกขึ้นและเปิดชัดขึ้น 
หนังตาที่เคยตกถูกยกขึ้น ดวงตาดูสดใสมากขึ้น 
.
ผ่าตัดตาสองชั้นที่ KVK Clinic
✅ ดูแลโดยแพทย์มากประสบการณ์
✅ ปรึกษากับคุณหมอก่อนเข้าห้องผ่าตัดทุกเคส
✅ ออกแบบชั้นตาให้เข้ากับแต่ละบุคคล แบบเคสต่อเคส
✅ ติดตามผลและดูแลหลังผ่าตัดอย่างต่อเนื่อง",,0,"05/06/2026 20:00",N/A,https://www.facebook.com/KVKClinic/posts/pfbid0TaHvgtfbyhfmDuxawusuVED3DXF2DDvwbthfSRty1qFjRiHv3wH7Fn8XxoMWgb44l,0,0,รูปภาพ,,,,,อายุการใช้งาน,2646,1520,13,13,0,0,9,4,4,1,,,,,,
1282064340678499,100066248360694,Kornvikkaclinic,"#ทำไมต้องOligioXโปรแกรมที่KVK 🧐

ตัวนี้ไม่ใช่แค่การยกกระชับทั่วไป แต่ใช้เทคโนโลยี GXG (Gas-Liquid Cooling & High-Frequency) ที่ส่งพลังงานความร้อนลงลึกถึงชั้นผิวเพื่อกระตุ้นการสร้างคอลลาเจนใหม่ พร้อมกับระบบทำความเย็นอัจฉริยะที่ช่วยปกป้องผิวชั้นบน

ผลลัพธ์ที่พิสูจน์ได้:
✅ Skin Tightening: ผิวแน่น อิ่มฟู รูขุมขนกระชับ
✅ Face Contouring: สลายไขมันส่วนเกินบริเวณแก้มและเหนียง
✅ No Downtime: หลังทำผิวอาจมีรอยชมพูระเรื่อเล็กน้อย และหายไปเองในเวลาสั้นๆ แต่งหน้าต่อได้เลย!

เปลี่ยนหน้าบานให้เป็นหน้าวี ด้วยความละมุนที่เหนือกว่าเดิม 💎
.
.
.
ช่องทางติดต่อสอบถาม แอดมิน+ ปรึกษาแพทย์
𝐋𝐢𝐧𝐞 𝐎𝐀 เป็นช่องทางหลัก
สาขา 𝗞𝗼𝗿𝗮𝘁 : @1stkvk 
.
🔹 สาขา 𝗞𝗼𝗿𝗮𝘁 : โคราช (Head Qaurters)
สาขา3 : ติดโรงเรียน ปลูกปัญญา เส้นสุระ 2 
สาขา1 : ในปั้มปตท. ข้างเดอะมอลล์โคราช
📞 06 1956 5444
.
🌐𝐖𝐞𝐛𝐬𝐢𝐭𝐞 : https://kvkclinic.com
📺𝐘𝐨𝐮𝐭𝐮𝐛𝐞 : https://youtube.com/@kornvikkaclinic1234?si=PwiLo4SaaXs9J2DS
............................................
#KVKClinic #DrKoong #หมอเจด
#ยกมาตรฐานจริงใจล้ำสมัย 
#ProgramOligioX #โปรแกรมยกกระชับ",,0,"05/07/2026 21:07",N/A,https://www.facebook.com/KVKClinic/posts/pfbid02aUSJP1UaFaqXXV8CZw9DGbQ7qcZjoeTWy3C8oZB5roRKazwFLScK4jfPZQiLpiEHl,0,0,รูปภาพ,,,,,อายุการใช้งาน,2447,1430,6,5,0,1,35,28,6,1,,,,,,
1282087974009469,100066248360694,Kornvikkaclinic,"#เช็กด่วน! สัญญาณเตือนว่าคุณเริ่ม 'เยอะ' เกินไปแล้ว😱
ทำไมบางคนยิ่งเติม หน้ากลับยิ่งดูบวม ดูมีอายุ หรือยิ้มแล้วดูแข็งเป็นก้อน? 

สัญญาณเหล่านี้อาจบ่งบอกว่าคุณกำลังเจอกับภาวะ Overfilled Syndrome

✅ เติมเยอะเกินไป: จนผิวแบกน้ำหนักไม่ไหว หน้าเลยดูห้อยและบวมฉุ
✅ วางผิดชั้นผิว: ควรอยู่ชั้นลึกแต่กลับมาอยู่ชั้นตื้น จนเห็นเป็นก้อนเวลาขยับ
✅ เลือกใช้ไม่ถูกจุด: ใช้ตัวที่แข็งเกินไปในจุดที่ต้องขยับบ่อยๆ หน้าเลยดูฝืน

ความสวยที่ ""แพง"" คือความสวยที่พอดี ใครรู้สึกว่าหน้าเริ่มเปลี่ยนไปจนไม่ใช่ตัวเอง มาลองตรวจเช็กและปรับสมดุลหน้าใหม่กับหมอกุ้งกัน ที่ KVK นะคะ ✨
............................................
#KVKClinic #DrKoong #หมอเจด
#ยกมาตรฐานจริงใจล้ำสมัย 
#OverfilledSyndrome #ภาวะหน้าล้นฟิลเลอร์","#เช็กด่วน! สัญญาณเตือนว่าคุณเริ่ม 'เยอะ' เกินไปแล้ว😱
ทำไมบางคนยิ่งเติม หน้ากลับยิ่งดูบวม ดูมีอายุ หรือยิ้มแล้วดูแข็งเป็นก้อน? 

สัญญาณเหล่านี้อาจบ่งบอกว่าคุณกำลังเจอกับภาวะ Overfilled Syndrome

✅ เติมเยอะเกินไป: จนผิวแบกน้ำหนักไม่ไหว หน้าเลยดูห้อยและบวมฉุ
✅ วางผิดชั้นผิว: ควรอยู่ชั้นลึกแต่กลับมาอยู่ชั้นตื้น จนเห็นเป็นก้อนเวลาขยับ
✅ เลือกใช้ไม่ถูกจุด: ใช้ตัวที่แข็งเกินไปในจุดที่ต้องขยับบ่อยๆ หน้าเลยดูฝืน

ความสวยที่ ""แพง"" คือความสวยที่พอดี ใครรู้สึกว่าหน้าเริ่มเปลี่ยนไปจนไม่ใช่ตัวเอง มาลองตรวจเช็กและปรับสมดุลหน้าใหม่กับหมอกุ้งกัน ที่ KVK นะคะ ✨
............................................
#KVKClinic #DrKoong #หมอเจด
#ยกมาตรฐานจริงใจล้ำสมัย 
#OverfilledSyndrome #ภาวะหน้าล้นฟิลเลอร์",104,"05/07/2026 22:30",N/A,https://www.facebook.com/reel/942528548406497/,0,0,วิดีโอ,,,,,อายุการใช้งาน,2456,2074,10,9,0,1,5,,4,1,,17213.748,7.899,0,0,0
1282243690660564,100066248360694,Kornvikkaclinic,"สวยแบบพอดี... ไม่จำเป็นต้อง ""ล้น""
เบรกก่อนล้น! ใครที่รู้สึกว่าหน้าเริ่มตึงเกินไป หรือสัดส่วนดูไม่เป็นธรรมชาติ มาทำความรู้จักกับภาวะ Overfilled Syndrome กันค่ะ
.
📝เช็กตัวเองด่วน! ถ้ามีอาการเหล่านี้:
👁️Sunset Eye: ร่องใต้ตาที่เติมจนเต็มเกินไปจนเบียดลูกตาให้เล็กลง
🫡Flowerhorn Forehead: หน้าผากที่โหนกนูนออกมาคล้ายปลาหมอสี
👃Broad Nose: สันจมูกที่กว้างขึ้นเรื่อยๆ จากการเติมซ้ำๆ
.
📝 ทางเลือกในการแก้ไข:
ปัจจุบันเราสามารถปรับสมดุลใหม่ได้ด้วยการใช้เอนไซม์สลายสารเติมเต็มเดิม (สำหรับกลุ่ม HA) เพื่อเคลียร์พื้นที่ผิวให้กลับมาเรียบเนียน ก่อนจะออกแบบสัดส่วนใหม่ให้ดูละมุนและเป็นธรรมชาติกว่าที่เคย
.
เปลี่ยนงานยากให้เป็นงานละเอียด ปรับสมดุลใบหน้าให้ลงตัวในแบบที่เป็นคุณได้แล้ววันที่ KVK ดูแลคุณโดยแพทย์ผู้เชี่ยวชาญทุกเคส 👩‍⚕️
............................................
#KVKClinic #DrKoong #หมอเจด
#ยกมาตรฐานจริงใจล้ำสมัย 
#OverfilledSyndrome #ภาวะหน้าล้นฟิลเลอร์",,0,"05/08/2026 02:43",N/A,https://www.facebook.com/KVKClinic/posts/pfbid0f49TeZHWFJ2qeWKiKaaSZccmANt5e3acHRzcpzVE57E87V5YKPKqDvyFDp4GjVzxl,0,0,รูปภาพ,,,,,อายุการใช้งาน,2171,1392,5,5,0,0,12,10,2,,,,,,,
1282266600658273,100066248360694,Kornvikkaclinic,"📣ทำไมคนรักผิวต้องเลือก Program Ultheraprime ที่ KVKClinic 

.
Program Ultherapy PRIME คือการพัฒนาเทคโนโลยี Micro-Focused Ultrasound with Visualization (MFU-V) ซึ่งเป็นการส่งผ่านพลังงานคลื่นเสียงความถี่สูงที่มีความแม่นยำลงลึกถึงชั้น SMAS (ชั้นกล้ามเนื้อส่วนบนที่เป็นชั้นเดียวกับการผ่าตัดดึงหน้า) เพื่อกระตุ้นการสร้างคอลลาเจนและอีลาสตินใหม่จากภายใน ✨

.
💖 จุดเด่นที่ทำให้ Ultherapy PRIME เหนือกว่ารุ่นเดิม

✅Vivid Visualization (ชัดเจนกว่าเดิม 94%): หน้าจอใหม่ขนาด 19 นิ้ว ให้ภาพคมชัดระดับ Full HD ช่วยให้มองเห็นโครงสร้างผิวใต้หน้าจอได้ละเอียดที่สุด ทำให้ทุกช็อตที่ยิงมีความแม่นยำเพิ่มขึ้นอีก

✅Advanced Processing (เร็วขึ้น 20%): ระบบประมวลผลที่รวดเร็วทำให้ระยะเวลาในการรับบริการสั้นลง แต่ประสิทธิภาพการสะสมความร้อนในชั้นผิวเป้าหมายยังคงเดิม

✅Comfort Care Experience: ด้วยการปล่อยพลังงานที่เสถียรและสม่ำเสมอมากขึ้น ช่วยลดความรู้สึกไม่สบายผิวขณะทำ (Pain Score ต่ำ) ทำให้ผู้รับบริการรู้สึกผ่อนคลายกว่ารุ่นก่อนๆ

.
👑สัมผัสประสบการณ์ความงามระดับ Gold Standard ได้แล้ววันนี้ ที่ KVK Clinic เพื่อประเมินสภาพผิวของคุณเบื้องต้นฟรี‼️
.
.
.
ช่องทางติดต่อสอบถาม แอดมิน+ ปรึกษาแพทย์
𝐋𝐢𝐧𝐞 𝐎𝐀 เป็นช่องทางหลัก
สาขา 𝗞𝗼𝗿𝗮𝘁 : @1stkvk 
.
🔹 สาขา 𝗞𝗼𝗿𝗮𝘁 : โคราช (Head Qaurters)
สาขา3 : ติดโรงเรียน ปลูกปัญญา เส้นสุระ 2 
สาขา1 : ในปั้มปตท. ข้างเดอะมอลล์โคราช
📞 06 1956 5444
.
🌐𝐖𝐞𝐛𝐬𝐢𝐭𝐞 : https://kvkclinic.com
📺𝐘𝐨𝐮𝐭𝐮𝐛𝐞 : https://youtube.com/@kornvikkaclinic1234?si=PwiLo4SaaXs9J2DS
............................................
#KVKClinic #DrKoong #หมอเจด
#ยกมาตรฐานจริงใจล้ำสมัย 
#ProgramUltherapyPrime #โปรแกรมยกกระชับผิว",,0,"05/08/2026 03:20",N/A,https://www.facebook.com/KVKClinic/posts/pfbid0AWCAkGbjY6Krk5mraaFzxZ3tKGZSZWo5oZc9R1P1KeozMFzYLD9epNsQ5gpZ5Sanl,0,0,รูปภาพ,,,,,อายุการใช้งาน,2166,1358,3,3,0,0,4,3,1,,,,,,,
1282270847324515,100066248360694,Kornvikkaclinic,"Kornvikkaclinic ได้อัพเดตรูปภาพหน้าปก",,0,"05/08/2026 03:26",N/A,https://www.facebook.com/photo.php?fbid=1282270847324515&set=a.572624921622448&type=3,0,0,รูปภาพ,,,,,อายุการใช้งาน,0,0,3,3,0,0,0,,,,,,,,,
1282291730655760,100066248360694,Kornvikkaclinic,"🥤 Double Refreshment! สองเมนูใหม่ที่พร้อมเปลี่ยนวันของคุณให้สดใสกว่าเดิม By KVK 

ไม่ใช่แค่เครื่องดื่ม แต่คือความใส่ใจที่เราคัดสรรมาเพื่อ ""คนพิเศษ"" ของเราโดยเฉพาะ กับ 2 เมนู Signature ที่ออกแบบมาเพื่อสร้างความประทับใจตั้งแต่จิบแรก

.
☁️🍃 Matcha Caramel Cloud 
ละมุนเหมือนก้อนเมฆ หอมหวานเหมือนความฝัน
สัมผัสความเข้มข้นของมัทฉะเกรดพรีเมียมที่ค่อยๆ ละลายในปาก ผสานความหอมกรุ่นจากบราวน์ชูการ์ ท็อปด้วยวิปครีมนุ่มฟูและบัตเตอร์คุกกี้กรุบกรอบ... แก้วนี้คือคำนิยามของคำว่า ""ความสุขที่ลงตัว""

🍯🍋 Scarlet Honey Breeze
เติมพลังความเฟรช ด้วยรสชาติของซัมเมอร์
เปลี่ยนบ่ายที่ร้อนระอุให้กลายเป็นความจี๊ดจ๊าด! ด้วยความเปรี้ยวอมหวานของเลมอนสดและน้ำผึ้งแท้ ไล่เฉดสีสวยสะดุดตาเหมือนแสงสุดท้ายของวัน ยิ่งจิบยิ่งสดชื่น ปลุกความสดใสให้เต็มร้อย

รับเครื่องดื่มสุดพิเศษประจำเดือนนี้ได้แล้วที่ KVK เท่านั้น💓
.
✅เพียงมียอดซื้อ 15,000 บาท ขึ้นไป รับฟรี 1 แก้ว
.
👑 Exclusive พิเศษสำหรับลูกค้า VIP Privilege
🍹รับ Special Menu ฟรี! เพียงมีนัดเข้ารับบริการเท่านั้น
.
*เฉพาะ KVK Clinic สาขา 3

............................................
#KVKClinic #DrKoong #หมอเจด
#ยกมาตรฐานจริงใจล้ำสมัย 
#KVKSpecialMenu #KVKSignature",,0,"05/08/2026 04:00",N/A,https://www.facebook.com/KVKClinic/posts/pfbid02mTExwzyXR1TSfrD2DZrapxEHwSY1VuYXk2MW4z9ZumJTH6jS7XiDZ77iBq4xTAK2l,0,0,รูปภาพ,,,,,อายุการใช้งาน,2634,1584,3,3,0,0,11,5,6,,,,,,,
1282281537323446,100066248360694,Kornvikkaclinic,"V-Shape แบบตะโกน! รีวิวงานโปรแกรมฟิลเลอร์คางที่จริงใจจาก KVK 🫶
ใครว่าแค่เติมคางจะเปลี่ยนหน้าไม่ได้? บอกเลยว่าคิดผิด! เพราะการมีคางที่ได้รูป คือกุญแจสำคัญที่ทำให้หน้าดูมีมิติ และดูเรียวสวยแบบไม่ต้องพึ่งฟิลเตอร์เลยค่ะ

.
✨ ทำไมต้องโปรแกรมฟิลเลอร์คางที่ KVK Clinic?

✅ ทรงสวยรับรูปหน้า: คุณหมอปั้นทรงได้ละมุนมาก เชื่อมต่อกับแนวกรามแบบไร้รอยต่อ ดูไม่ออกเลยว่าเติมมา

✅ หน้าดูเรียวทันที: หลังทำเสร็จเห็นเลยว่ารูปหน้าเปลี่ยนไปในทางที่ดีขึ้น หน้าดู V-Shape ชัดขึ้น แต่ยังดูเป็นธรรมชาติ

✅ เทคนิคเฉพาะตัว: คุณหมอมือเบาสุดๆ และใช้ฟิลเลอร์รุ่นที่คงตัวสูง ทำให้ทรงคางอยู่หมัด ไม่บาน ไม่ย้อย

.
เราเน้นความประณีตและการออกแบบใบหน้าแบบเคสต่อเคส เพราะโครงหน้าของแต่ละคนไม่เหมือนกัน คุณหมอจะวิเคราะห์สัดส่วนอย่างละเอียด เพื่อให้มั่นใจว่าคางใหม่จะช่วยเสริมจุดเด่นและปิดจุดด้อยของคุณได้อย่างสมบูรณ์แบบ🧡

⚠️ หมายเหตุ: ผลลัพธ์ขึ้นอยู่กับแต่ละบุคคล (เคสรีวิว)
.
.
.
ช่องทางติดต่อสอบถาม แอดมิน+ ปรึกษาแพทย์
𝐋𝐢𝐧𝐞 𝐎𝐀 เป็นช่องทางหลัก
สาขา 𝗞𝗼𝗿𝗮𝘁 : @1stkvk 
.
🔹 สาขา 𝗞𝗼𝗿𝗮𝘁 : โคราช (Head Qaurters)
สาขา3 : ติดโรงเรียน ปลูกปัญญา เส้นสุระ 2 
สาขา1 : ในปั้มปตท. ข้างเดอะมอลล์โคราช
📞 06 1956 5444
.
🌐𝐖𝐞𝐛𝐬𝐢𝐭𝐞 : https://kvkclinic.com
📺𝐘𝐨𝐮𝐭𝐮𝐛𝐞 : https://youtube.com/@kornvikkaclinic1234?si=PwiLo4SaaXs9J2DS
............................................
#KVKClinic #DrKoong #หมอเจด
#ยกมาตรฐานจริงใจล้ำสมัย 
#โปรแกรมฟิลเลอร์คาง #ปรับรูปหน้าด้วยฟิลเลอร์",,0,"05/08/2026 20:00",N/A,https://www.facebook.com/KVKClinic/posts/pfbid0KGTUKV8rArH167mAtZjqBVemZDQ5Gbtpo3gVKEfU2irXtpLRX2U2FXvkVFDL2nzXl,0,0,รูปภาพ,,,,,อายุการใช้งาน,2503,1452,3,3,0,0,10,9,1,,,,,,,
1282840383934228,100066248360694,Kornvikkaclinic,"บอกลาวงจรรอยสิวซ้ำซาก! จบปัญหา PIH และ PIE ด้วยโปรแกรม PICOV x KVK 

.
ใครที่กำลังลังเลบอกเลยว่าหยุด! เพราะโปรนี้แรงจนคิวเต็มไวมาก 🔥 จัดการปัญหารอยดำ (PIH) และรอยแดง (PIE) ด้วยโปรแกรม PicoSure Pro และโปรแกรม  Derma V ที่รวมตัวกันมาเพื่อกู้หน้าคุณโดยเฉพาะ!

📣 1 ครั้ง: ราคาลองใจ 12,900.-

📣 3 ครั้ง: จ่ายเพียง 35,000.- (เฉลี่ยครั้งละ 11,666.-)

📣 5 ครั้ง: คุ้มสุดใจ 49,000.- (เฉลี่ยครั้งละ  9,800.-)

🎁 ทุกแพ็กเกจรับฟรีไอเทมเสริมทัพผิวใส ทั้ง PDRN MASK, GF KBOOSTER ให้ผิวฟื้นฟูไวแบบติดสปีด!

.
เริ่มต้นเพียง 12,900.- ก็เปลี่ยนคุณเป็นคนใหม่ที่มั่นใจกว่าเดิม!
👉 ทักถามแอดมิน: ""สนใจโปร PICOV"" รับสิทธิ์ทันที!
.
.
.
ช่องทางติดต่อสอบถาม แอดมิน+ ปรึกษาแพทย์
𝐋𝐢𝐧𝐞 𝐎𝐀 เป็นช่องทางหลัก
สาขา 𝗞𝗼𝗿𝗮𝘁 : @1stkvk 
.
🔹 สาขา 𝗞𝗼𝗿𝗮𝘁 : โคราช (Head Qaurters)
สาขา3 : ติดโรงเรียน ปลูกปัญญา เส้นสุระ 2 
สาขา1 : ในปั้มปตท. ข้างเดอะมอลล์โคราช
📞 06 1956 5444
.
🌐𝐖𝐞𝐛𝐬𝐢𝐭𝐞 : https://kvkclinic.com
📺𝐘𝐨𝐮𝐭𝐮𝐛𝐞 : https://youtube.com/@kornvikkaclinic1234?si=PwiLo4SaaXs9J2DS
............................................
#KVKClinic #DrKoong #หมอเจด
#ยกมาตรฐานจริงใจล้ำสมัย 
#ProgramPICOV #PIH #PIE",,0,"05/08/2026 21:00",N/A,https://www.facebook.com/KVKClinic/posts/pfbid0ks4QAZ18RdiXvPSdHzS4ykY3EZ3TrKCoHSLjkFPkA2EX8xBePzudohFowtiGrxi5l,0,0,รูปภาพ,,,,,อายุการใช้งาน,2744,1565,4,3,0,1,15,7,7,1,,,,,,
1283697507181849,100066248360694,Kornvikkaclinic,"ถามไว ตอบไว! กับ 10 คำถามเรื่องเม็ดสีผิวที่พบบ่อยที่สุด 💬

ฝ้าน่ากลัวสุด!!!! และไหนจะกระ จุดด่างดำ ไม่ใช่เรื่องเล่นๆ แต่ก็ไม่ยากเกินจะเข้าใจ วันนี้หมอกุ้ง (พญ.กรวิกกา พัฒนะปราน ว 38020) มาไขข้อข้องใจแบบเน้นๆ ครบทุกประเด็นที่ถามกันเข้ามาเยอะ

🤔ใครกำลังกังวลเรื่องไหนอยู่ ลองเช็กดูในลิสต์นี้ได้เลย!

............................................
#KVKClinic #DrKoong #หมอเจด
#ยกมาตรฐานจริงใจล้ำสมัย 
#ปัญหาเม็ดสีผิว #เคล็ดลับผิวใส","ถามไว ตอบไว! กับ 10 คำถามเรื่องเม็ดสีผิวที่พบบ่อยที่สุด 💬

ฝ้าน่ากลัวสุด!!!! และไหนจะกระ จุดด่างดำ ไม่ใช่เรื่องเล่นๆ แต่ก็ไม่ยากเกินจะเข้าใจ วันนี้หมอกุ้ง (พญ.กรวิกกา พัฒนะปราน ว 38020) มาไขข้อข้องใจแบบเน้นๆ ครบทุกประเด็นที่ถามกันเข้ามาเยอะ

🤔ใครกำลังกังวลเรื่องไหนอยู่ ลองเช็กดูในลิสต์นี้ได้เลย!

............................................
#KVKClinic #DrKoong #หมอเจด
#ยกมาตรฐานจริงใจล้ำสมัย 
#ปัญหาเม็ดสีผิว #เคล็ดลับผิวใส",207,"05/09/2026 22:24",N/A,https://www.facebook.com/reel/1960161914890183/,0,0,วิดีโอ,,,,,อายุการใช้งาน,3185,2545,12,10,2,0,13,,7,5,1,22447.15,7.745,0,0,0
1283968793821387,100066248360694,Kornvikkaclinic,"🔐ปลดล็อกความลับผิวดูอ่อนเยาว์และมีมิติ ด้วยนวัตกรรมระดับ 𝐄𝐱𝐜𝐥𝐮𝐬𝐢𝐯𝐞

.
ครบจบเรื่องการดูแลผิว ให้ผิวแลดูแน่น เฟิร์ม กระชับ พร้อมความฉ่ำโกลว์ที่ทุกคนต้องทัก! 😱

🔥 𝐃𝐨𝐮𝐛𝐥𝐞 𝐋𝐢𝐟𝐭𝐢𝐧𝐠 𝐄𝐟𝐟𝐞𝐜𝐭: ( Program OligioX 600 Shots + Program Ultraformer MPT 300 Shots) 

🔥 พิเศษ! สิทธิ์แลกซื้อ𝐏𝐫𝐨𝐠𝐫𝐚𝐦 𝐁𝐚𝐛𝐲 𝐆𝐥𝐨𝐰 โปรแกรมงานผิวพรีเมียม

✨ ทั้งหมดนี้ในราคาเพียง 𝟑𝟑,𝟗𝟎𝟎.-

👩🏻‍⚕️ดูแลโดยทีมแพทย์ผู้เชี่ยวชาญ วิเคราะห์ปัญหาผิวแบบเคสต่อเคส

สัมผัสความเปลี่ยนแปลงด้วยตัวคุณเอง ที่ KVK Clinic ได้แล้ววันนี้ 📍
.
.
.
ช่องทางติดต่อสอบถาม แอดมิน+ ปรึกษาแพทย์
𝐋𝐢𝐧𝐞 𝐎𝐀 เป็นช่องทางหลัก
สาขา 𝗞𝗼𝗿𝗮𝘁 : @1stkvk 
.
🔹 สาขา 𝗞𝗼𝗿𝗮𝘁 : โคราช (Head Qaurters)
สาขา3 : ติดโรงเรียน ปลูกปัญญา เส้นสุระ 2 
สาขา1 : ในปั้มปตท. ข้างเดอะมอลล์โคราช
📞 06 1956 5444
.
🌐𝐖𝐞𝐛𝐬𝐢𝐭𝐞 : https://kvkclinic.com
📺𝐘𝐨𝐮𝐭𝐮𝐛𝐞 : https://youtube.com/@kornvikkaclinic1234?si=PwiLo4SaaXs9J2DS
............................................
#KVKClinic #DrKoong #หมอเจด
#ยกมาตรฐานจริงใจล้ำสมัย 
#ExclusiveProgram #OligioX #UltraformerMPT",,0,"05/10/2026 05:45",N/A,https://www.facebook.com/KVKClinic/posts/pfbid02RiihA3MS6h7YPwJdvJJRm2hFp9k9azSHdTQFaiXL1mk41zLJCNU9Me4rSdpeHS1pl,0,0,รูปภาพ,,,,,อายุการใช้งาน,5068,3543,4,3,0,1,35,1,11,23,,,,,,
1283979300487003,100066248360694,Kornvikkaclinic,"📣✨ มั่นใจเรื่องปัญหาฝ้า กระ จุดด่างดำ ด้วยพลัง Program PICO LASER ที่ KVK Clinic ✨📣

🔬 ความแตกต่างเมื่อทำที่ KVK Clinic:

✅ เราใส่ใจในการดูแลโดยทีมแพทย์ที่มีประสบการณ์และเข้าใจสภาพผิวของแต่ละบุคคล

✅ ใช้เครื่องโปรแกรม PICO LASER แบรนด์มาตรฐานเพื่อผลลัพธ์ในการรักษาที่ดีที่สุดสำหรับคุณ

✅ เรามุ่งเน้นการรักษาที่ปลอดภัยและเห็นผลจริงจากผู้ใช้บริการของเรา

💡 เริ่มต้นการดูแลผิวให้กระจ่างใสอย่างเป็นธรรมชาติ ปรึกษาเราได้เลยวันนี้!

*หมายเหตุ: ผลลัพธ์ขึ้นอยู่กับแต่ละบุคคล และภาพรีวิวได้รับการอนุญาตจากคนไข้แล้ว
.
.
.
ช่องทางติดต่อสอบถาม แอดมิน+ ปรึกษาแพทย์
𝐋𝐢𝐧𝐞 𝐎𝐀 เป็นช่องทางหลัก
สาขา 𝗞𝗼𝗿𝗮𝘁 : @1stkvk 
.
🔹 สาขา 𝗞𝗼𝗿𝗮𝘁 : โคราช (Head Qaurters)
สาขา3 : ติดโรงเรียน ปลูกปัญญา เส้นสุระ 2 
สาขา1 : ในปั้มปตท. ข้างเดอะมอลล์โคราช
📞 06 1956 5444
.
🌐𝐖𝐞𝐛𝐬𝐢𝐭𝐞 : https://kvkclinic.com
📺𝐘𝐨𝐮𝐭𝐮𝐛𝐞 : https://youtube.com/@kornvikkaclinic1234?si=PwiLo4SaaXs9J2DS
............................................
#KVKClinic #DrKoong #หมอเจด
#ยกมาตรฐานจริงใจล้ำสมัย 
#PicosecondLaser #KVKReview",,0,"05/10/2026 05:59",N/A,https://www.facebook.com/KVKClinic/posts/pfbid02cdhdthoAvxNAn3MGb7HQ6mubhh2YfS5k7z1zSJUiUhzpUGwo8f7Z5q2WiBa1gEoXl,0,0,รูปภาพ,,,,,อายุการใช้งาน,2224,1297,3,3,0,0,15,13,1,1,,,,,,
1283924407159159,100066248360694,Kornvikkaclinic,"จบวงจรหน้ามัน สยบสิวซ้ำซากด้วยเทคโนโลยี 1450 nm 💡
เพราะเรื่องสิวรอไม่ได้! เลือกโปรแกรมที่ใช่ ในราคาที่คุ้มกว่าเดิม กับ 3 แพ็กเกจยอดฮิตที่ดูแลตั้งแต่การเคลียร์ผิวไปจนถึงการบำรุง

.
✨ Promotion พิเศษ! ✨

🔹 4 Steps (Program Acni Clear Laser): เน้นคุมมัน เคลียร์สิวอุดตัน | 3 ครั้ง 5,900.-

🔹 5 Steps (Program Acni Clear Laser + Program IPL): ลดสิว เพิ่มความกระจ่างใส ลดรอยแดง | 3 ครั้ง 7,500.-

🔹 7 Steps (Program Pico Red & Program Acne Bright): ขั้นสุดของการดูแลสิว รอยดำ+รอยแดง | 3 ครั้ง 15,500.-

💥ราคาเริ่มต้นเพียง 999.- เท่านั้น (จากปกติ 1,500.-)

อยากหน้าใสแบบไม่ต้องพึ่งแอปซับมัน ทักแชทสอบถามคิวได้เลยค่ะ📩
.
.
.
ช่องทางติดต่อสอบถาม แอดมิน+ ปรึกษาแพทย์
𝐋𝐢𝐧𝐞 𝐎𝐀 เป็นช่องทางหลัก
สาขา 𝗞𝗼𝗿𝗮𝘁 : @1stkvk 
.
🔹 สาขา 𝗞𝗼𝗿𝗮𝘁 : โคราช (Head Qaurters)
สาขา3 : ติดโรงเรียน ปลูกปัญญา เส้นสุระ 2 
สาขา1 : ในปั้มปตท. ข้างเดอะมอลล์โคราช
📞 06 1956 5444
.
🌐𝐖𝐞𝐛𝐬𝐢𝐭𝐞 : https://kvkclinic.com
📺𝐘𝐨𝐮𝐭𝐮𝐛𝐞 : https://youtube.com/@kornvikkaclinic1234?si=PwiLo4SaaXs9J2DS
............................................
#KVKClinic #DrKoong #หมอเจด
#ยกมาตรฐานจริงใจล้ำสมัย 
#โปรแกรมรักษาสิว #AcniClearLaserProgram",,0,"05/10/2026 06:00",N/A,https://www.facebook.com/KVKClinic/posts/pfbid0FMQiuNgVvtxwjBantVLea86ryiiHV9kV5fihxuFqpTpYAFESjyb3ufLgee9KPWKAl,0,0,รูปภาพ,,,,,อายุการใช้งาน,2563,1378,7,3,0,4,32,25,7,,,,,,,
1284500033768263,100066248360694,Kornvikkaclinic,"🌟 𝐏𝐑𝐈𝐌𝐄 𝐎𝐍𝐄 𝐏𝐑𝐈𝐂𝐄 ดีลสุดคุ้มที่ทุกคนรอคอย
จ่ายเพียง 𝟓𝟗,𝟎𝟎𝟎.- บาท ก็ได้จับคู่เครื่องนวัตกรรมระดับพรีเมียม!
ชอบแบบไหน เลือกได้เลย 💖
.
🔍 เลือกคู่ที่ใช่... ให้ผลลัพธ์ที่ชอบ
ชอบผลลัพธ์แบบไหน เลือกคู่ที่ตอบโจทย์ได้เลย:

🔹ยก+ผิวสวย+กระชับ : 𝐏𝐫𝐨𝐠𝐫𝐚𝐦 𝐔𝐥𝐭𝐡𝐞𝐫𝐚 𝐏𝐫𝐢𝐦𝐞 (𝟓𝟎𝟎 𝐥𝐢𝐧𝐞) + 𝐏𝐫𝐨𝐠𝐫𝐚𝐦 𝐕𝐨𝐥𝐧𝐞𝐰𝐦𝐞𝐫 (𝟑𝟎𝟎 𝐬𝐡𝐨𝐭)

🔹ยก+หด+ยุบ+นาน : 𝐏𝐫𝐨𝐠𝐫𝐚𝐦 𝐔𝐥𝐭𝐡𝐞𝐫𝐚 𝐏𝐫𝐢𝐦𝐞 (𝟓𝟎𝟎 𝐥𝐢𝐧𝐞) + 𝐏𝐫𝐨𝐠𝐫𝐚𝐦 𝐃𝐞𝐧𝐬𝐢𝐭𝐲 (𝟑𝟎𝟎 𝐬𝐡𝐨𝐭)

🔹ยก+กระชับแน่น+ฟู : 𝐏𝐫𝐨𝐠𝐫𝐚𝐦 𝐔𝐥𝐭𝐡𝐞𝐫𝐚 𝐏𝐫𝐢𝐦𝐞 (𝟓𝟎𝟎 𝐥𝐢𝐧𝐞) + 𝐏𝐫𝐨𝐠𝐫𝐚𝐦 𝐗𝐞𝐫𝐟 (𝟑𝟎𝟎 𝐬𝐡𝐨𝐭)

🔹ยก+ผิวสวย+กระชับ : 𝐏𝐫𝐨𝐠𝐫𝐚𝐦 𝐔𝐥𝐭𝐡𝐞𝐫𝐚 𝐏𝐫𝐢𝐦𝐞 (𝟓𝟎𝟎 𝐥𝐢𝐧𝐞) + 𝐏𝐫𝐨𝐠𝐫𝐚𝐦 𝐎𝐥𝐢𝐠𝐢𝐨𝐗 (𝟓𝟎𝟎 𝐬𝐡𝐨𝐭)

.
💬 สนใจจับคู่ไหน หรืออยากปรึกษาเพิ่มเติม
ทักแชทสอบถามรายละเอียดได้เลยค่ะ
.
.
.
ช่องทางติดต่อสอบถาม แอดมิน+ ปรึกษาแพทย์
𝐋𝐢𝐧𝐞 𝐎𝐀 เป็นช่องทางหลัก
สาขา 𝗞𝗼𝗿𝗮𝘁 : @1stkvk 
.
🔹 สาขา 𝗞𝗼𝗿𝗮𝘁 : โคราช (Head Qaurters)
สาขา3 : ติดโรงเรียน ปลูกปัญญา เส้นสุระ 2 
สาขา1 : ในปั้มปตท. ข้างเดอะมอลล์โคราช
📞 06 1956 5444
.
🌐𝐖𝐞𝐛𝐬𝐢𝐭𝐞 : https://kvkclinic.com
📺𝐘𝐨𝐮𝐭𝐮𝐛𝐞 : https://youtube.com/@kornvikkaclinic1234?si=PwiLo4SaaXs9J2DS
............................................
#KVKClinic #DrKoong #หมอเจด
#ยกมาตรฐานจริงใจล้ำสมัย 
#PrimeOnePriceKVK #โปรโมชั่นสุดคุ้ม #ยกกระชับหน้า",,0,"05/10/2026 20:12",N/A,https://www.facebook.com/KVKClinic/posts/pfbid02jN2233DgvbrPvHiPu9zUNmFcwnfdZ84RtQA386XT7X2B6vJJAM5LYb7q5n6xaAfxl,0,0,รูปภาพ,,,,,อายุการใช้งาน,3283,1735,13,9,0,4,143,35,42,66,,,,,,
1284592447092355,100066248360694,Kornvikkaclinic,"สเต็ปดูแลผิวหลังทำโปรแกรม Ultherapy Prime ให้ผลลัพธ์เป๊ะกว่าเดิม✨
ภาพนี้สรุปมาให้แล้วว่าในแต่ละเดือน ผิวเราจะ ""Upgrade"" ไปถึงจุดไหนบ้าง ใครที่เพิ่งทำมา หรือกำลังวางแผนจะทำ เซฟรูปนี้เก็บไว้เตือนตัวเองได้เลย!

.
👉Day 0-3: เน้นความอ่อนโยน เลี่ยงความร้อนจัด

👉Week 1-2: เติมความชุ่มชื้นให้ผิวฉ่ำวาว

👉Month 1-2: ช่วงเวลาทองของการปรนนิบัติผิวให้แลดูแน่นกระชับ

👉Month 2-3: ผิวแลดูอ่อนเยาว์อย่างเป็นธรรมชาติ พร้อมปกป้องผิวจากแสงแดดเสมอ

เพราะงานผิวต้องใช้เวลา ให้โปรแกรม Ultherapy Prime ที่ KVKClinic ช่วยดูแลความมั่นใจในระยะยาวนะคะ💛
............................................
#KVKClinic #DrKoong #หมอเจด
#ยกมาตรฐานจริงใจล้ำสมัย 
#ProgramUltherapyPrime #ดูแลผิวหลังทำ",,0,"05/10/2026 23:40",N/A,https://www.facebook.com/KVKClinic/posts/pfbid0zpXQwxjmLfxeJ3WBykJSRzRLSvqcfgQiXWzfKQRn2TwQvVqoALDHceVt2JtiRezKl,0,0,รูปภาพ,,,,,อายุการใช้งาน,2226,1282,6,6,0,0,2,2,,,,,,,,
1284595060425427,100066248360694,Kornvikkaclinic,"🧐เหตุผลที่หลายคนไม่กล้าเข้าคลินิก... ไม่ใช่กลัวเจ็บ แต่กลัวโดน 'ตื๊อ'!

หยุดวงจรการเข้าคลินิกแล้วต้องนั่งเกร็งเพราะกลัวโดนขายของ! ที่ KVK Clinic เราเน้นผลลัพธ์และความต้องการของลูกค้าเป็นหลัก ปรึกษาฟรีแบบไม่ต้องระแวงว่าจะโดนป้ายยา 🫶💕
............................................
#KVKClinic #DrKoong #หมอเจด
#ยกมาตรฐานจริงใจล้ำสมัย 
#จริงใจไม่จกตา #สวยแบบไม่ต้องระแวง","🧐เหตุผลที่หลายคนไม่กล้าเข้าคลินิก... ไม่ใช่กลัวเจ็บ แต่กลัวโดน 'ตื๊อ'!

หยุดวงจรการเข้าคลินิกแล้วต้องนั่งเกร็งเพราะกลัวโดนขายของ! ที่ KVK Clinic เราเน้นผลลัพธ์และความต้องการของลูกค้าเป็นหลัก ปรึกษาฟรีแบบไม่ต้องระแวงว่าจะโดนป้ายยา 🫶💕
............................................
#KVKClinic #DrKoong #หมอเจด
#ยกมาตรฐานจริงใจล้ำสมัย 
#จริงใจไม่จกตา #สวยแบบไม่ต้องระแวง",60,"05/11/2026 01:00",auto,https://www.facebook.com/reel/1262215322786891/,0,0,วิดีโอ,,,,,อายุการใช้งาน,28871,11863,118,84,21,13,754,,503,213,38,161341.994,6.357,0,0,0
1284609183757348,100066248360694,Kornvikkaclinic,"💎 เจาะลึกนวัตกรรมดูแลเม็ดสี ด้วย Program PicoLaser ที่ KVK Clinic เพราะปัญหาผิวของแต่ละคนมีเลเยอร์ที่ต่างกัน การใช้เครื่องมือที่หลากหลายจึงเป็นหัวใจสำคัญในการดูแลให้ตรงจุด

.
✨ จุดเด่นของเทคโนโลยีที่เราเลือกใช้

🔸ความหลากหลายของช่วงคลื่น: มีให้เลือกทั้ง 532nm, 1064nm และ 755nm เพื่อความเหมาะสมกับประเภทเม็ดสี (Pigment) ของแต่ละบุคคล

🔸ความแม่นยำสูง: ส่งพลังงานความเร็วสูงในระดับ Picosecond ช่วยจัดการเม็ดสีที่ผิดปกติได้อย่างเฉพาะเจาะจง

🔸ถนอมผิว: กระบวนการทำงานเน้นการดูแลผิวอย่างอ่อนโยน ลดการสะสมความร้อนส่วนเกินใต้ชั้นผิว

🔸ดูแลได้ครบวงจร: ครอบคลุมทั้งปัญหาฝ้า (Melasma) กระ จุดด่างดำ และรอยหมองคล้ำ

👩‍⚕️ มั่นใจกับการดูแลที่ออกแบบมาเพื่อคุณ
ที่ KVK Clinic เราให้ความสำคัญกับการวิเคราะห์สภาพผิวอย่างละเอียด เพื่อเลือกใช้เครื่องมือที่เหมาะสมกับปัญหาและไลฟ์สไตล์ของคุณที่สุด เพื่อผลลัพธ์ที่ดูเป็นธรรมชาติและยั่งยืน

.
📍 สอบถามรายละเอียดเพิ่มเติมหรือนัดหมายปรึกษาได้ที่ KVK Clinic
ผลลัพธ์ที่ได้ขึ้นอยู่กับสภาพผิวและการตอบสนองของแต่ละบุคคล
.
.
.
ช่องทางติดต่อสอบถาม แอดมิน+ ปรึกษาแพทย์
𝐋𝐢𝐧𝐞 𝐎𝐀 เป็นช่องทางหลัก
สาขา 𝗞𝗼𝗿𝗮𝘁 : @1stkvk 
.
🔹 สาขา 𝗞𝗼𝗿𝗮𝘁 : โคราช (Head Qaurters)
สาขา3 : ติดโรงเรียน ปลูกปัญญา เส้นสุระ 2 
สาขา1 : ในปั้มปตท. ข้างเดอะมอลล์โคราช
📞 06 1956 5444
.
🌐𝐖𝐞𝐛𝐬𝐢𝐭𝐞 : https://kvkclinic.com
📺𝐘𝐨𝐮𝐭𝐮𝐛𝐞 : https://youtube.com/@kornvikkaclinic1234?si=PwiLo4SaaXs9J2DS
............................................
#KVKClinic #DrKoong #หมอเจด
#ยกมาตรฐานจริงใจล้ำสมัย 
#ReviewPicoLaser #เลเซอร์หน้าใส",,0,"05/11/2026 20:00",N/A,https://www.facebook.com/KVKClinic/posts/pfbid02cMsBPKMrKQ75i2gjxr4rdhBvGTwFrpVRwVYesjniPWTJDkQbojkiZXM6qG2asVWGl,0,0,รูปภาพ,,,,,อายุการใช้งาน,1956,1171,1,1,0,0,9,8,,1,,,,,,
1285405457011054,100066248360694,Kornvikkaclinic,"💙 KVK GOLDEN PASS
“New Journey” เปิดประสบการณ์ความงามบทใหม่ ที่ยิ่งดูแล…ยิ่งคุ้มกว่าเดิม ✈️
.
เพราะทุกการลงทุนเพื่อความสวย ควรได้รับมากกว่าความคุ้มค่า
KVK Clinic จัดเต็มสิทธิพิเศษสำหรับสมาชิก Golden Pass ทั้ง 4 ระดับ ให้คุณเลือกได้ตามไลฟ์สไตล์

🛫 KVK Economy Route
เติมบิล 10,000.- รับวงเงินเพิ่ม 1,000.-

🛫 KVK Premium Eco Route
เติมบิล 20,000.- รับวงเงินเพิ่ม 2,000.-

🛫 KVK Business Route
เติมบิล 40,000.- รับวงเงินเพิ่ม 4,000.-

🛫 KVK First Class Route
เติมบิล 50,000.- รับวงเงินเพิ่ม 5,000.-

🎁 พร้อมสิทธิพิเศษแบบจัดเต็ม
✨ ชวนเพื่อนเปิดบิล รับ X2 Point
✨ รับฟรีโปรแกรมดูแลผิว
✨ ส่วนลดสูงสุด 15%
✨ สิทธิ์แลกซื้อราคาพิเศษเฉพาะสมาชิก
.
ยกระดับความคุ้มค่า ให้ทุก Journey ของความสวย…พิเศษกว่าที่เคย 💫
🗓️ วันนี้ - 30 มิถุนายน 2569
----------
#KVKClinic #DrKoong #หมอเจด
#ยกมาตรฐานจริงใจล้ำสมัย 
#KVKGoldenPass
#GoldenPassNewJourney
#เติมความสวยแบบคุ้มกว่า",,0,"05/11/2026 23:28",N/A,https://www.facebook.com/KVKClinic/posts/pfbid0274muiDCCkAfdmQeabgF6cTvTfaLtxW6CM859dPamybszph2VeSimvHXc8uSsXerPl,0,0,รูปภาพ,,,,,อายุการใช้งาน,7050,5608,2,2,0,0,59,18,13,28,,,,,,
1285472940337639,100066248360694,Kornvikkaclinic,"ทำไมมาทำเอาตอนนี้ !!! #KVKClinic #KVKSurgery #DrJade #หมอเจด #drKoong #เสริมจมูก","ทำไมมาทำเอาตอนนี้ !!! #KVKClinic #KVKSurgery #DrJade #หมอเจด #drKoong #เสริมจมูก",22,"05/12/2026 01:23",N/A,https://www.facebook.com/reel/1462000115189911/,0,0,วิดีโอ,,,,,อายุการใช้งาน,3017,2538,10,10,0,0,4,,4,,,12075.646,4.581,0,0,0
1285408743677392,100066248360694,Kornvikkaclinic,"Your Privilege Passport to Confidence✈️✨

เตรียมพบกับการเดินทางครั้งใหม่ที่จะเปลี่ยนให้คุณเป็นคนเดิมที่มั่นใจยิ่งขึ้น กับข้อเสนอสุดพิเศษ ""Golden Pass"" จาก KVK Clinic

🔜 ค้นพบเส้นทางสู่ความดูดีในแบบที่เป็นคุณ... เร็วๆ นี้
............................................
#KVKClinic #DrKoong #หมอเจด
#ยกมาตรฐานจริงใจล้ำสมัย 
#GoldenPass #PremiumExperience #ComingSoon","Your Privilege Passport to Confidence✈️✨

เตรียมพบกับการเดินทางครั้งใหม่ที่จะเปลี่ยนให้คุณเป็นคนเดิมที่มั่นใจยิ่งขึ้น กับข้อเสนอสุดพิเศษ ""Golden Pass"" จาก KVK Clinic

🔜 ค้นพบเส้นทางสู่ความดูดีในแบบที่เป็นคุณ... เร็วๆ นี้
............................................
#KVKClinic #DrKoong #หมอเจด
#ยกมาตรฐานจริงใจล้ำสมัย 
#GoldenPass #PremiumExperience #ComingSoon",8,"05/12/2026 01:30",N/A,https://www.facebook.com/reel/923746730624402/,0,0,วิดีโอ,,,,,อายุการใช้งาน,3058,2612,11,10,0,1,15,,15,,,4760.655,1.776,0,0,0
1285459093672357,100066248360694,Kornvikkaclinic,"เปลี่ยนจากตาหลบใน
เป็นดวงตาที่ดูสดใสขึ้นแบบเห็นได้ 👁️👁️✨
.
คนไข้มีปัญหาชั้นตาหลบในร่วมกับหนังตาตกเล็กน้อย 
ทำให้ดวงตาดูเล็ก ดูไม่สดใส และเวลาลืมตาจะเห็นชั้นตาไม่ชัด 
ส่งผลให้ใบหน้าโดยรวมดูเหนื่อยและมีอายุ
เคสนี้แก้ไขด้วยโปรแกรมผ่าตัดตาสองชั้น 
โดยทำร่วมกับการแก้ไข้กล้ามเนื้อตา
หลังทำครบ 1 เดือน จะเห็นว่าชั้นตาดูเปิดและชัดขึ้นอย่างเป็นธรรมชาติ 
ดวงตาดูโตขึ้นและช่วยให้ใบหน้าดูสดใสอย่างเห็นได้ชัด
.
ผ่าตัดตาสองชั้นที่ KVK Clinic
✅ ดูแลโดยแพทย์มากประสบการณ์
✅ ปรึกษากับคุณหมอก่อนเข้าห้องผ่าตัดทุกเคส
✅ ออกแบบชั้นตาให้เข้ากับแต่ละบุคคล แบบเคสต่อเคส
✅ ติดตามผลและดูแลหลังผ่าตัดอย่างต่อเนื่อง",,0,"05/12/2026 04:00",N/A,https://www.facebook.com/KVKClinic/posts/pfbid02fY6xBDbeUVbXXjzLzW8jpNBUdeTVEdtCZocwTCsabBkga5pRxk3yoMoarXvqSgvzl,0,0,รูปภาพ,,,,,อายุการใช้งาน,2104,1292,7,7,0,0,3,2,1,,,,,,,
1284642577087342,100066248360694,Kornvikkaclinic,"☀️ 𝐆𝐞𝐭 𝐘𝐨𝐮𝐫 𝐒𝐮𝐦𝐦𝐞𝐫 𝐆𝐥𝐨𝐰 | เผยผิวสวยสู้แสง มั่นใจทุกองศา

ดูแลผิวช่วงซัมเมอร์แบบตัวแม่! ด้วย 4 โปรแกรมดูแลผิวระดับ Gold Standard ที่ KVK Clinic คัดสรรมาเพื่อฟื้นฟูและยกระดับงานผิวให้ดูดีที่สุดในแบบที่เป็นคุณ ไม่ว่าจะเน้นความฉ่ำวาว หรือเน้นโครงสร้างผิวให้ดูเป๊ะ

.
💎𝐏𝐫𝐨𝐠𝐫𝐚𝐦 𝐇𝐀𝐫𝐦𝐨𝐧𝐲𝐂𝐚 (𝐇𝐲𝐛𝐫𝐢𝐝 𝐅𝐢𝐥𝐥𝐞𝐫)
▪️จุดเด่น: ดูแลแบบ 2 in 1 ทั้งเติมเต็มความอิ่มฟูและช่วยให้ผิวดูยกกระชับในหลอดเดียว
▪️ราคา: 19,000.- / Syringe (1 ml)

💧𝐏𝐫𝐨𝐠𝐫𝐚𝐦 𝐏𝐑𝐎𝐅𝐇𝐈𝐋𝐎 (𝐁𝐢𝐨-𝐑𝐞𝐦𝐨𝐝𝐞𝐥𝐥𝐢𝐧𝐠)
▪️จุดเด่น: นวัตกรรมเติมความชุ่มชื้นลึกถึงระดับโครงสร้างผิว ให้ผิวดูโกลว์ใส ฉ่ำวาวแบบสุขภาพดี
▪️ราคา: 19,000.- / Syringe (2 ml)

🧬𝐏𝐫𝐨𝐠𝐫𝐚𝐦 𝐒𝐂𝐔𝐋𝐏𝐓𝐑𝐀 (𝐓𝐡𝐞 𝐎𝐫𝐢𝐠𝐢𝐧𝐚𝐥 𝐂𝐨𝐥𝐥𝐚𝐠𝐞𝐧 𝐁𝐢𝐨𝐬𝐭𝐢𝐦𝐮𝐥𝐚𝐭𝐨𝐫)
▪️จุดเด่น: กระตุ้นการสร้างงานผิวจากภายใน ให้ผิวดูแน่น อิ่มฟู และแลดูอ่อนเยาว์อย่างเป็นธรรมชาติในระยะยาว
▪️สิทธิพิเศษ: รับฟรี! Cash Voucher มูลค่า 6,000.-

🛡️𝐏𝐫𝐨𝐠𝐫𝐚𝐦 𝐑𝐀𝐃𝐈𝐄𝐒𝐒𝐄 𝐏𝐋𝐔𝐒
▪️จุดเด่น: เน้นคุณภาพผิว (Skin Quality) เพิ่มความยืดหยุ่น และดูแลปัญหาริ้วรอยร่องลึกตามวัยให้ผิวดูเรียบเนียน
▪️สิทธิพิเศษ: รับฟรี! Cash Voucher มูลค่า 6,000.-

หมายเหตุ: ผลลัพธ์ขึ้นอยู่กับสภาพผิวของแต่ละบุคคลและเทคนิคการรักษาของแพทย์
.
.
.
ช่องทางติดต่อสอบถาม แอดมิน+ ปรึกษาแพทย์
𝐋𝐢𝐧𝐞 𝐎𝐀 เป็นช่องทางหลัก
สาขา 𝗞𝗼𝗿𝗮𝘁 : @1stkvk 
.
🔹 สาขา 𝗞𝗼𝗿𝗮𝘁 : โคราช (Head Qaurters)
สาขา3 : ติดโรงเรียน ปลูกปัญญา เส้นสุระ 2 
สาขา1 : ในปั้มปตท. ข้างเดอะมอลล์โคราช
📞 06 1956 5444
.
🌐𝐖𝐞𝐛𝐬𝐢𝐭𝐞 : https://kvkclinic.com
📺𝐘𝐨𝐮𝐭𝐮𝐛𝐞 : https://youtube.com/@kornvikkaclinic1234?si=PwiLo4SaaXs9J2DS
............................................
#KVKClinic #DrKoong #หมอเจด
#ยกมาตรฐานจริงใจล้ำสมัย 
#SummerGlow #งานผิว #Profhilo #Sculptra #HArmonyCa #RadiessePlus",,0,"05/12/2026 19:00",N/A,https://www.facebook.com/KVKClinic/posts/pfbid02kAYP7NjgQk9sBTeVKSatWHe8qphACvt4q7tUwDW5smGtDFaMyhfeW82x7EVFLWddl,0,0,รูปภาพ,,,,,อายุการใช้งาน,2031,1175,3,3,0,0,13,12,1,,,,,,,
1286235190261414,100066248360694,Kornvikkaclinic,"จากจมูกที่ดูแบนและไม่มีมิติ
วันนี้มุมข้างดูละมุนขึ้นชัดเจน 👃✨
.
เคสนี้จะเห็นได้ว่าฐานจมูกค่อนข้างแบน สันจมูกไม่ชัด 
และเนื้อปลายจมูกมีค่อนข้างน้อย 
ทำให้มองในมุมด้านข้าง ใบหน้าดูขาดมิติ 
คุณหมอแก้ไขด้วยโปรแกรมเสริมจมูก
ร่วมกับการใช้กระดูกอ่อนหลังหูรองปลายจมูก
เพื่อช่วยเพิ่มความแข็งแรง 
หลังทำครบ 14 วันจะเห็นว่าสันจมูกดูชัดขึ้น
ปลายจมูกดูพุ่งละมุน และช่วยให้ใบหน้า
โดยรวมดูมีมิติมากขึ้นอย่างเป็นธรรมชาติ
.
ผ่าตัดเสริมจมูกที่ KVK Clinic
✅ ดูแลโดยแพทย์มากประสบการณ์
✅ ปรึกษากับคุณหมอก่อนเข้าห้องผ่าตัดทุกเคส
✅ ออกแบบทรงจมูกให้เข้ากับแต่ละบุคคล แบบเคสต่อเคส
✅ ติดตามผลและดูแลหลังผ่าตัดอย่างต่อเนื่อง",,0,"05/12/2026 22:04",N/A,https://www.facebook.com/KVKClinic/posts/pfbid0oCNUttkzWtWzpHAXbHX7gM79RiN4K6EdbC8oM2BLBZtBGTV467xYvg31CcUX1ytwl,0,0,รูปภาพ,,,,,อายุการใช้งาน,2078,1249,3,2,1,0,1,1,,,,,,,,
1286406836910916,100066248360694,Kornvikkaclinic,"ใบหน้าที่เริ่มหย่อนคล้อยตามวัย
วันนี้กลับมาดูสดใสและกระชับขึ้นอีกครั้ง ✨
.
ก่อนทำเคสนี้มีปัญหาแก้มและกรอบหน้าหย่อนคล้อย
ร่วมกับชั้นตาตกและถุงใต้ตาที่เริ่มชัดขึ้น
ทำให้ใบหน้าโดยรวมดูเหนื่อยและมีอายุ
คุณหมอแก้ไขด้วยโปรแกรมดึงหน้า
ด้วยการตัดผิวหนังส่วนเกินที่หย่อนคล้อยออกแล้ว
เก็บยกผิวหนังทั้งสองชั้น ทำให้ผิวหน้าตึงกระชับมากขึ้น
หลังทำครบ 3 ปีจะเห็นว่าใบหน้ายังดูยกกระชับ
กรอบหน้าคม ร่องแก้มดูตื้นลง ดวงตาดูเปิดและสดใสมากขึ้น 
ทำให้ภาพรวมใบหน้าสดใสแลดูธรรมชาติ
.
ผ่าตัดดึงหน้าที่ KVK Clinic
✅ ดูแลโดยแพทย์มากประสบการณ์
✅ ปรึกษากับคุณหมอก่อนเข้าห้องผ่าตัดทุกเคส
✅ ออกแบบและแก้ปัญหาหน้าหย่อนคล้อยได้ตรงจุด
✅ ติดตามผลและดูแลหลังผ่าตัดอย่างต่อเนื่อง",,0,"05/13/2026 19:00",N/A,https://www.facebook.com/KVKClinic/posts/pfbid0LRBgeYvFF6o94yZ1oFMLihUhu2z7dYX2LD4EoCjmWPPrdSvea62L4oCW3BcT9Acxl,0,0,รูปภาพ,,,,,อายุการใช้งาน,1848,1155,7,6,0,1,2,1,1,,,,,,,
1287123970172536,100066248360694,Kornvikkaclinic,"#ใครอยากรู้จักRouteใหม่
#ใครอยากเป็นส่วนหนึ่งของKVK 

เริ่มต้นที่ Route นี้!!!!!! 

💛 KVK GOLDEN PASS – New Journey
KVK Clinic เปิดเส้นทางใหม่ของการดูแลตัวเอง ในแบบที่คุ้มขึ้นทุกครั้งที่กลับมา 💳✈️

🌟 เลือกเส้นทางความสวยได้ถึง 5 Route
ยิ่ง Journey สูง Privilege ยิ่งเหนือระดับ

✈️ KVK Economy Route
เปิดบิลครบ 10,000.- รับวงเงินเพิ่ม 1,000.-

✈️ KVK Premium Eco Route
เปิดบิลครบ 20,000.- รับวงเงินเพิ่ม 2,000.-

✈️ KVK Business Route
เปิดบิลครบ 40,000.- รับวงเงินเพิ่ม 4,000.-

✈️ KVK First Class Route
เปิดบิลครบ 50,000.- รับวงเงินเพิ่ม 5,000.-

✈️ KVK  Private Jet Route
เปิดบิลครบ 100,000.- รับวงเงินเพิ่ม 10,000.-

ทุก Route รับสิทธิพิเศษแบบจัดเต็ม
✨ ชวนเพื่อนใหม่เปิดบิล รับ Point X2
✨ รับฟรีโปรแกรมดูแลผิว
✨ ส่วนลดกลุ่มฉีด / ยกกระชับ / เลเซอร์
✨ พร้อมสิทธิแลกซื้อโปรแกรมราคาพิเศษเฉพาะสมาชิก

🗓️ วันนี้ - 30 มิถุนายน 2569

￼ช่องทางติดต่อสอบถาม แอดมิน+ ปรึกษาแพทย์
𝐋𝐢𝐧𝐞 𝐎𝐀 เป็นช่องทางหลัก
สาขา 𝗞𝗼𝗿𝗮𝘁 : @1stkvk 
.
 สาขา 𝗞𝗼𝗿𝗮𝘁 : โคราช (Head Qaurters)
สาขา3 : ติดโรงเรียน ปลูกปัญญา เส้นสุระ 2 
สาขา1 : ในปั้มปตท. ข้างเดอะมอลล์โคราช
 06 1956 5444
.
🌐 𝐖𝐞𝐛𝐬𝐢𝐭𝐞 : https://kvkclinic.com
📺 𝐘𝐨𝐮𝐭𝐮𝐛𝐞 : https://youtube.com/@kornvikkaclinic1234?si=PwiLo4SaaXs9J2DS
----------
#KVKClinic #DrKoong #หมอเจด
#ยกมาตรฐานจริงใจล้ำสมัย 
#KVKGoldenPass
#GoldenPassNewJourney
#เติมความสวยแบบคุ้มกว่า",,0,"05/13/2026 22:40",N/A,https://www.facebook.com/KVKClinic/posts/pfbid024Tr4g89fjhy9z7m5i5UzNubZ2Vkx4oGpGCxBYrgKYrQwdhBM2N59pUD3DRDfBU9tl,0,0,รูปภาพ,,,,,อายุการใช้งาน,2367,1436,13,9,0,4,18,10,8,,,,,,,
1287282880156645,100066248360694,Kornvikkaclinic,"💙 ชวนเพื่อนมา..สวยคุ้ม X2 ได้ทั้งเรา ได้ทั้งเพื่อน ✨
.
KVK Referral System
แค่ชวน “เพื่อนใหม่” ที่ยังไม่เคยเป็นลูกค้า KVK Clinic
มาซื้อคอร์สพร้อมกัน รับเลย Point X2 ทั้งผู้แนะนำ + เพื่อน 🎉

✨ รับวงเงินเพิ่ม 10%
✨ ได้ Point X2 ทั้งคู่
✨ ยิ่งชวน ยิ่งคุ้ม ยิ่งสวยไปด้วยกัน
.
✨ เพราะความสวย แชร์กันได้
ชวนเพื่อนมาอัปความมั่นใจไปพร้อมกันที่ KVK Clinic 💙
.
📍วันนี้ – 30 มิ.ย. 69 เท่านั้น
.............................................
#KVKClinic #DrKoong #หมอเจด
#ยกมาตรฐานจริงใจล้ำสมัย 
#KVKReferralSystem 
#เพื่อนชวนเพื่อน #สวยแพ็คคู่",,0,"05/14/2026 03:16",N/A,https://www.facebook.com/KVKClinic/posts/pfbid02UgqM2DB9NZir63VNDd89gmV7fXytPdA5pDv3c9gUxyGtsUnbe3tewPDXErFkVnfQl,0,0,รูปภาพ,,,,,อายุการใช้งาน,1821,1159,3,3,0,0,2,1,1,,,,,,,
1287288436822756,100066248360694,Kornvikkaclinic,"#ยิ่งสะสมยิ่งคุ้ม #พร้อมสิทธิพิเศษเหนือระดับ
.
✈️ WELCOME TO KVK BEAUTY PASSPORT 🤍
เปิดประสบการณ์การดูแลความสวยในแบบที่ “ยิ่งทำ ยิ่งคุ้ม” 💙
.
ใช้จ่ายทุก 10,000.- รับ 1 POINT
สะสมครบ รับฟรีโปรแกรมยอดฮิตแบบไม่ต้องลุ้น 🎟️
.
🔸 สะสมครบ  10 Points
เลือกรับฟรีโปรแกรมดูแลผิว / โปรแกรมฉีด Botulinum Toxin
หรือ Skincare Set

🔸 สะสมครบ  30 Points
อัปเกรดสู่โปรแกรมยกกระชับ / โปรแกรมเลเซอร์ หรือ โปรแกรมฉีด Filler

🔸 สะสมครบ  50 Points
ปลดล็อกโปรแกรมตัวท็อปทั้ง โปรแกรมยกกระชับ / โปรแกรมเลเซอร์ / โปรแกรมงานผิว และอีกมากมาย
.
📍KVK Beauty Passport พร้อมพาคุณไปสู่เวอร์ชันที่ดีกว่าเดิม 🤍
เริ่ม Journey ของคุณได้แล้ววันนี้ที่ KVK Clinic
.
.
.
ช่องทางติดต่อสอบถาม แอดมิน+ ปรึกษาแพทย์
𝐋𝐢𝐧𝐞 𝐎𝐀 เป็นช่องทางหลัก
สาขา 𝗞𝗼𝗿𝗮𝘁 : @1stkvk 
.
สาขา 𝗞𝗼𝗿𝗮𝘁 : (Head Qaurters)
สาขา3 : ติดโรงเรียน ปลูกปัญญา เส้นสุระ 2 
📞 061 956 5444
สาขา1 : ในปั้มปตท. ข้างเดอะมอลล์โคราช
📞 087 870 5888
.
🌐 𝐖𝐞𝐛𝐬𝐢𝐭𝐞 : https://kvkclinic.com
📺 𝐘𝐨𝐮𝐭𝐮𝐛𝐞 : https://youtube.com/@kornvikkaclinic1234?si=PwiLo4SaaXs9J2DS
----------
#KVKClinic #DrKoong #หมอเจด
#ยกมาตรฐานจริงใจล้ำสมัย 
#KVKBeautyPassport 
#KVKNewJourney
#สะสมแต้มรับpoint",,0,"05/14/2026 03:25",N/A,https://www.facebook.com/KVKClinic/posts/pfbid02iejhLRvt12Cy9diydKukQc8kWR8zzfJ9hTSmVeSXznLz5Bj9ksFcGYYYM7cu7Hecl,0,0,รูปภาพ,,,,,อายุการใช้งาน,2551,1349,3,3,0,0,21,7,13,1,,,,,,
1287310270153906,100066248360694,Kornvikkaclinic,"🚨 KVK Ultimate Lift Program
รวมที่สุดแห่งโปรแกรมยกกระชับจาก 17 แบรนด์ชั้นนำ
.
พร้อมตอบโจทย์ทุกความต้องการเรื่องหน้ายก ผิวแน่นเฟิร์ม รวบรวมมาไว้ให้คุณเลือกสรรที่นี่แล้ว แบบจัดเต็ม!! 
.
🔥 พิเศษ จ่าย 1 ได้ถึง 2 คุ้มกว่าที่เคย
✅ เลือกแบรนด์ชั้นนำได้ตามใจ จากทั้งหมด 17 แบรนด์มาตรฐาน
✅ โปรแกรมยกกระชับครบทุกเทคโนโลยี
✅ ดูแลโดยทีมแพทย์ KVK เพื่อผลลัพธ์ที่มั่นใจได้
.
💬 เพราะ “ความยกกระชับ” ที่ดี ต้องเหมาะกับผิวของคุณที่สุด
ให้ KVK ช่วยออกแบบโปรแกรมที่ใช่สำหรับคุณ ✨
.
📅 วันนี้ – 30 มิถุนายน 2569 เท่านั้น
.
.
.
ช่องทางติดต่อสอบถาม แอดมิน+ ปรึกษาแพทย์
𝐋𝐢𝐧𝐞 𝐎𝐀 เป็นช่องทางหลัก
สาขา 𝗞𝗼𝗿𝗮𝘁 : @1stkvk 
.
สาขา 𝗞𝗼𝗿𝗮𝘁 : (Head Qaurters)
สาขา3 : ติดโรงเรียน ปลูกปัญญา เส้นสุระ 2 
📞 061 956 5444
สาขา1 : ในปั้มปตท. ข้างเดอะมอลล์โคราช
📞 087 870 5888
.
🌐 𝐖𝐞𝐛𝐬𝐢𝐭𝐞 : https://kvkclinic.com
📺 𝐘𝐨𝐮𝐭𝐮𝐛𝐞 : https://youtube.com/@kornvikkaclinic1234?si=PwiLo4SaaXs9J2DS
-------------------
#KVKClinic #DrKoong #หมอเจด
#ยกมาตรฐานจริงใจล้ำสมัย 
#KVKFutureLifting
#Promotion #เครื่องยกกระชับ
#Ultherapy #XERF #OligioX",,0,"05/14/2026 04:01",N/A,https://www.facebook.com/KVKClinic/posts/pfbid028w7RTFtdghi5MgPoPjeqwZBY9DnLinuk1HFmxXAZWufzR3RxLCxrrsPT8LPJdrdVl,0,0,รูปภาพ,,,,,อายุการใช้งาน,3017,1438,10,9,0,1,73,52,21,,,,,,,
1287313993486867,100066248360694,Kornvikkaclinic,"✈️ KVK GOLDEN PASS “New Journey”
Beauty Passport ที่รวมทุกความคุ้มค่าไว้ครบในใบเดียว 💙
.
เลือก PASS ได้ตามไลฟ์สไตล์ ตั้งแต่ 10,000.- ถึง 100,000.-
พร้อมสิทธิพิเศษที่ยิ่งดูแล…ยิ่งได้มากกว่าเดิม ✨
.
.
🎁 GOLDEN PASS ROUTE
รับวงเงินเพิ่ม / รับโปรแกรมฟรี / คะแนนสะสม
ส่วนลดบิลถัดไปสูงสุด 15% / สิทธิ์แลกซื้อราคาพิเศษ

🎁 BEAUTY PASSPORT POINTS
สะสม POINT แลกรับโปรแกรมยอดฮิต
ทุกยอดใช้จ่าย 10,000.- รับทันที 1 POINT

🎁 KVK WISDOM PRIVILEGE
เปิดวงเงินสุดคุ้ม FREE หัตถการตัวท็อป
เลือกได้ 1 โปรแกรม*

🎁 REFERRAL SYSTEM
ชวนเพื่อนใหม่มาเป็นครอบครัว KVK Clinic
รับ POINT X2 ได้ทั้งผู้แนะนำและเพื่อน 💫
.
เพราะทุกการดูแลตัวเอง…ควรได้รับ Privilege ที่มากกว่า
เริ่มต้น Journey ใหม่ไปกับ KVK Clinic วันนี้ ✈️
.
📅 วันนี้ – 30 มิถุนายน 2569
.
.
.
ช่องทางติดต่อสอบถาม แอดมิน+ ปรึกษาแพทย์
𝐋𝐢𝐧𝐞 𝐎𝐀 เป็นช่องทางหลัก
สาขา 𝗞𝗼𝗿𝗮𝘁 (Head Qaurters) : @1stkvk 
.
สาขา3 : ติดโรงเรียน ปลูกปัญญา เส้นสุระ 2 
📞 061 956 5444
สาขา1 : ในปั้มปตท. ข้างเดอะมอลล์โคราช
📞 087 870 5888
.
🌐 𝐖𝐞𝐛𝐬𝐢𝐭𝐞 : https://kvkclinic.com
📺 𝐘𝐨𝐮𝐭𝐮𝐛𝐞 : https://youtube.com/@kornvikkaclinic1234?si=PwiLo4SaaXs9J2DS
----------
#KVKClinic #DrKoong #หมอเจด
#ยกมาตรฐานจริงใจล้ำสมัย 
#KVKGoldenPass
#KVKBeautyPassport 
#KVKNewJourney
#KVKWisdomPrivilege",,0,"05/14/2026 04:05",N/A,https://www.facebook.com/KVKClinic/posts/pfbid0HRYKzJtb8oqad6wN9Dfs3E6ueiwHZj5FNqG4gdF8Wno4x2idM9LjA3HxtohtbSqZl,0,0,รูปภาพ,,,,,อายุการใช้งาน,7327,2796,6,4,0,2,81,79,2,,,,,,,
1287928936758706,100066248360694,Kornvikkaclinic,"#หน้าดูเพลีย #แต่งหน้าไม่ติด... ให้โปรแกรม ""Baby Glow"" ช่วยดูแล 💖
สัมผัสประสบการณ์การดูแลผิวที่เน้นความชุ่มชื้นเป็นหลัก ด้วยส่วนผสมที่ออกแบบมาเพื่อฟื้นบำรุงผิวที่ดูอ่อนล้า

.
✨โปรแกรมนี้ผสานพลังระหว่าง RD1 และ VITARAN ที่มีคุณสมบัติ:

▪️เสริมปราการผิว: ช่วยดูแลผิวจากความแห้งกร้าน

▪️คืนความสดใส: เหมาะสำหรับผู้ที่มีปัญหาผิวดูไม่สดชื่นจากการพักผ่อนน้อย

▪️มิติของผิว: ช่วยให้ผิวแลดูเรียบเนียน และดูอิ่มน้ำอย่างเป็นธรรมชาติ

.
📍 รายละเอียดโปรแกรม:

▪️Basic Program : RD1 1CC + VITARAN 1 Syringe (15,900.-)

▪️Advance Program : RD1 2CC + VITARAN 1 Syringe (19,900.-)

(**ผลลัพธ์ขึ้นอยู่กับสภาพผิวเดิมของแต่ละบุคคล)
ทักแชทจองคิววันนี้ ผิวสวยก่อนใครไม่ต้องรอ! 📩
.
.
.
ช่องทางติดต่อสอบถาม แอดมิน+ ปรึกษาแพทย์
𝐋𝐢𝐧𝐞 𝐎𝐀 เป็นช่องทางหลัก
สาขา 𝗞𝗼𝗿𝗮𝘁 (Head Qaurters) : @1stkvk 
.
สาขา3 : ติดโรงเรียน ปลูกปัญญา เส้นสุระ 2 
📞 061 956 5444
สาขา1 : ในปั้มปตท. ข้างเดอะมอลล์โคราช
📞 087 870 5888
.
🌐 𝐖𝐞𝐛𝐬𝐢𝐭𝐞 : https://kvkclinic.com
📺 𝐘𝐨𝐮𝐭𝐮𝐛𝐞 : https://youtube.com/@kornvikkaclinic1234?si=PwiLo4SaaXs9J2DS
----------
#KVKClinic #DrKoong #หมอเจด
#ยกมาตรฐานจริงใจล้ำสมัย 
#BabyGlowProgram #GlassSkin #SkinBooster",,0,"05/14/2026 23:00",N/A,https://www.facebook.com/KVKClinic/posts/pfbid037wEF6cyvDhZ4X8TYPvj5FWUg4p4UfeoPiGLp8RJfJ7hoXF1mS7SPpuxbEEWAHahnl,0,0,รูปภาพ,,,,,อายุการใช้งาน,2366,1349,4,4,0,0,7,5,2,,,,,,,
1287993466752253,100066248360694,Kornvikkaclinic,"Ready for a New Journey? ปลายทางความสวยรอคุณอยู่ที่ KVK Clinic 🎫✨
ไม่ว่าคุณจะมีเป้าหมายผิวแบบไหน KVK Clinic จัดเส้นทางที่ดีที่สุดมาให้เลือกถึง 5 ระดับ! อัปเกรดความคุ้มค่าแบบจัดเต็ม ยิ่งบินสูง ยิ่งได้สิทธิ์พิเศษเพิ่มขึ้น

🎁 ทุก Route รับสิทธิ์ชวนเพื่อนมาเปิดบิล รับคะแนน X2 ทันที!
เช็กอินความสวยได้แล้ววันนี้ที่ KVK Clinic ทุกสาขา
----------
#KVKClinic #DrKoong #หมอเจด
#ยกมาตรฐานจริงใจล้ำสมัย 
#KVKGoldenPass
#KVKBeautyPassport 
#KVKNewJourney","Ready for a New Journey? ปลายทางความสวยรอคุณอยู่ที่ KVK Clinic 🎫✨
ไม่ว่าคุณจะมีเป้าหมายผิวแบบไหน KVK Clinic จัดเส้นทางที่ดีที่สุดมาให้เลือกถึง 5 ระดับ! อัปเกรดความคุ้มค่าแบบจัดเต็ม ยิ่งบินสูง ยิ่งได้สิทธิ์พิเศษเพิ่มขึ้น

🎁 ทุก Route รับสิทธิ์ชวนเพื่อนมาเปิดบิล รับคะแนน X2 ทันที!
เช็กอินความสวยได้แล้ววันนี้ที่ KVK Clinic ทุกสาขา
----------
#KVKClinic #DrKoong #หมอเจด
#ยกมาตรฐานจริงใจล้ำสมัย 
#KVKGoldenPass
#KVKBeautyPassport 
#KVKNewJourney",61,"05/15/2026 00:30",N/A,https://www.facebook.com/reel/1528437088874705/,0,0,วิดีโอ,,,,,อายุการใช้งาน,4553,3360,29,21,0,8,66,,47,17,2,17063.7,4.246,0,0,0
1288082416743358,100066248360694,Kornvikkaclinic,"กรอบหน้ากลับมาอีกครั้ง! ✨✨
แค่เอาเหนียงออกก็เหมือนได้หน้าใหม่
.
คนไข้มีไขมันสะสมบริเวณใต้คางและลำคอ
ทำให้มุมหน้าดูตัน กรอบหน้าไม่ชัด 
และผิวใต้คางมีความหย่อนคล้อย
คุณหมอแก้ไขด้วยโปรแกรมผ่าตัดดูดเหนียง 
เพื่อนำไขมันบางส่วนออก
และเย็บกระชับกล้ามเนื้อ ช่วยลดปัญหาเหนียง
และความหย่อนคล้อยผิวหนัง
หลังทำทันทีเห็นการเปลี่ยนแปลงได้ชัดเหนียงลดลง
กรอบหน้าคมขึ้นอย่างเป็นธรรมชาติ
.
ผ่าตัดดูดเหนียงที่ KVK Clinic
✅ ดูแลโดยแพทย์มากประสบการณ์
✅ ปรึกษากับคุณหมอก่อนเข้าห้องผ่าตัดทุกเคส
✅ ติดตามผลและดูแลหลังผ่าตัดอย่างต่อเนื่อง",,0,"05/15/2026 19:00",N/A,https://www.facebook.com/KVKClinic/posts/pfbid037w7uiRE9Hr7EP76sPjVHpbBYYok8rmwivSvd6kj2djqNJqvEGczMxrBQtSQjVapyl,0,0,รูปภาพ,,,,,อายุการใช้งาน,2080,1187,7,5,2,0,5,3,1,1,,,,,,
1288710163347250,100066248360694,Kornvikkaclinic,"💡ก่อนตัดสินใจทำ Microneedling RF... ต้องดูคลิปนี้!

😥 ใครที่มีความกังวลเรื่องปัญหารูขุมขนกว้างหรือรอยหลุมสิว วันนี้หมอกุ้ง ( พญ.กรวิกกา พัฒนะปราน ว38020 ) 

จะมาไขข้อสงสัยกับเทคโนโลยี Microneedling RF ที่กำลังเป็นที่นิยม

• ช่วยเรื่องอะไรบ้าง?
• หลังทำต้องดูแลตัวเองอย่างไร?
• ต้องทำบ่อยแค่ไหนถึงจะเหมาะสม?

ปรึกษาปัญหาผิวและประเมินสภาพผิวเบื้องต้นกับคุณหมอได้ที่ KVK Clinic ทุกสาขา🫶

............................................
#KVKClinic #DrKoong #หมอเจด
#ยกมาตรฐานจริงใจล้ำสมัย
#MicroneedlingRF #BeautyTips","💡ก่อนตัดสินใจทำ Microneedling RF... ต้องดูคลิปนี้!

😥 ใครที่มีความกังวลเรื่องปัญหารูขุมขนกว้างหรือรอยหลุมสิว วันนี้หมอกุ้ง ( พญ.กรวิกกา พัฒนะปราน ว38020 ) 

จะมาไขข้อสงสัยกับเทคโนโลยี Microneedling RF ที่กำลังเป็นที่นิยม

• ช่วยเรื่องอะไรบ้าง?
• หลังทำต้องดูแลตัวเองอย่างไร?
• ต้องทำบ่อยแค่ไหนถึงจะเหมาะสม?

ปรึกษาปัญหาผิวและประเมินสภาพผิวเบื้องต้นกับคุณหมอได้ที่ KVK Clinic ทุกสาขา🫶

............................................
#KVKClinic #DrKoong #หมอเจด
#ยกมาตรฐานจริงใจล้ำสมัย
#MicroneedlingRF #BeautyTips",285,"05/15/2026 20:01",N/A,https://www.facebook.com/reel/884776540755707/,0,0,วิดีโอ,,,,,อายุการใช้งาน,11071,5652,51,45,2,4,263,,155,103,5,68169.936,6.999,0,0,0
1288720566679543,100066248360694,Kornvikkaclinic,"💋 เปลี่ยนลุคใหม่ให้มั่นใจยิ่งขึ้น… ออกแบบมิติริมฝีปากในสไตล์ที่เป็นคุณ
เพราะ “ริมฝีปาก” คือหนึ่งในจุดโฟกัสสำคัญบนใบหน้าที่ช่วยเสริมสร้างบุคลิกและความมั่นใจได้อย่างน่าดึงดูด 

.
✨ ทำไมต้องโปรแกรมดูแลริมฝีปากที่ KVKClinic?

✅ดีไซน์เฉพาะบุคคล (Customized Design): 
ปรับแต่งรูปปากให้เข้ากับโครงหน้าและบุคลิกของคุณ ไม่ว่าจะเป็นสไตล์สายเกาหลีดูอวบอิ่ม สไตล์สายฝอมีมิติคมชัด หรือทรงปากเรียบเนียนดูเป็นธรรมชาติ

✅สัมผัสเรียบเนียน:
ด้วยคุณสมบัติของเนื้อเจลที่มีความยืดหยุ่นสูง จึงช่วยให้ผลลัพธ์ดูสมดุล ไม่รู้สึกเป็นก้อน ยามขยับริมฝีปากหรืออมยิ้ม

✅เติมเต็มความชุ่มชื้น:
ช่วยดูแลปัญหาปากแห้ง แตกเป็นร่อง ให้กลับมาดูฉ่ำวาวและมีสุขภาพดีขึ้นอย่างเห็นได้ชัด

.
""เพราะความมั่นใจเริ่มต้นที่ความลงตัว""
มาร่วมออกแบบรอยยิ้มใหม่ที่สะท้อนความเป็นคุณได้อย่างเต็มที่ ที่ KVKClinic 🫶
.
.
.
ช่องทางติดต่อสอบถาม แอดมิน+ ปรึกษาแพทย์
𝐋𝐢𝐧𝐞 𝐎𝐀 เป็นช่องทางหลัก
สาขา 𝗞𝗼𝗿𝗮𝘁 (Head Qaurters) : @1stkvk 
.
สาขา3 : ติดโรงเรียน ปลูกปัญญา เส้นสุระ 2 
📞 061 956 5444
สาขา1 : ในปั้มปตท. ข้างเดอะมอลล์โคราช
📞 087 870 5888
.
🌐 𝐖𝐞𝐛𝐬𝐢𝐭𝐞 : https://kvkclinic.com
📺 𝐘𝐨𝐮𝐭𝐮𝐛𝐞 : https://youtube.com/@kornvikkaclinic1234?si=PwiLo4SaaXs9J2DS
----------
#KVKClinic #DrKoong #หมอเจด
#ยกมาตรฐานจริงใจล้ำสมัย 
#โปรแกรมฟิลเลอร์ปาก",,0,"05/15/2026 22:00",N/A,https://www.facebook.com/KVKClinic/posts/pfbid02ZyPQZ6iXJZLo6WKJS4aGKriVDWAuxw3K6Y2PgZaTnec1i6q9dr9zM3dpgn39oEnvl,0,0,รูปภาพ,,,,,อายุการใช้งาน,2247,1242,5,5,0,0,12,10,2,,,,,,,
1289553309929602,100066248360694,Kornvikkaclinic,"ความลับผิวสวยที่ได้จากงาน Haus of Allure... รู้แล้วต้องบอกต่อ! 🔑✨
คุณหมอกุ้ง (พญ.กรวิกกา พัฒนะปราน ว38020)ไปร่วมงาน Jeban X Haus of Allure ครั้งนี้

👩‍⚕️งานนี้คุณหมอกุ้งได้ส่งต่อเทคนิคการดูแลผิวหน้าให้ผู้เข้าร่วมกิจกรรม รวมถึงผู้ใช้บริการที่ KVKClinic  โดยเฉพาะเรื่อง After Care ที่หลายคนอาจมองข้าม แต่จริงๆ แล้วมันคือ Secret สำคัญที่ช่วยให้ผลลัพธ์การดูแลผิวชัดเจนและอยู่กับเราได้นานขึ้น

ขอบคุณกิจกรรมดีๆ ที่ทำให้รู้ว่าความสวยที่ยั่งยืนเริ่มต้นจากการใส่ใจค่ะ🫶💕
............................................
#KVKClinic #DrKoong #หมอเจด
#ยกมาตรฐานจริงใจล้ำสมัย 
#JebanTeatime #HausOfAllure #สวยบอกต่อ","ความลับผิวสวยที่ได้จากงาน Haus of Allure... รู้แล้วต้องบอกต่อ! 🔑✨
คุณหมอกุ้ง (พญ.กรวิกกา พัฒนะปราน ว38020)ไปร่วมงาน Jeban X Haus of Allure ครั้งนี้

👩‍⚕️งานนี้คุณหมอกุ้งได้ส่งต่อเทคนิคการดูแลผิวหน้าให้ผู้เข้าร่วมกิจกรรม รวมถึงผู้ใช้บริการที่ KVKClinic  โดยเฉพาะเรื่อง After Care ที่หลายคนอาจมองข้าม แต่จริงๆ แล้วมันคือ Secret สำคัญที่ช่วยให้ผลลัพธ์การดูแลผิวชัดเจนและอยู่กับเราได้นานขึ้น

ขอบคุณกิจกรรมดีๆ ที่ทำให้รู้ว่าความสวยที่ยั่งยืนเริ่มต้นจากการใส่ใจค่ะ🫶💕
............................................
#KVKClinic #DrKoong #หมอเจด
#ยกมาตรฐานจริงใจล้ำสมัย 
#JebanTeatime #HausOfAllure #สวยบอกต่อ",79,"05/16/2026 20:31",auto,https://www.facebook.com/reel/1187463780089157/,0,0,วิดีโอ,,,,,อายุการใช้งาน,2610,2347,13,13,0,0,5,,5,,,11591.647,4.895,0,0,0
1289648429920090,100066248360694,Kornvikkaclinic,"🚀KVK WISDOM | มอบสิทธิพิเศษให้คุณดูแลตัวเองได้มากกว่าที่เคย
สิทธิประโยชน์เหนือระดับสำหรับสมาชิก KVK WISDOM เท่านั้น กับแคมเปญ ""คุ้ม 3 ต่อ"" ที่ให้คุณเลือกดูแลตัวเองได้หลากหลายโปรแกรมชั้นนำ ไม่ว่าจะเป็นงานยกกระชับหรืองานผิว

.
✨ สัมผัสความคุ้มค่า 3 ต่อ ที่คุณออกแบบเองได้:

1️⃣ รับ Credit เพิ่มทันที: เมื่อเปิดวงเงินสมาชิก รับส่วนต่างเพิ่มสูงสุดถึง 80,000.- สำหรับใช้บริการโปรแกรมต่างๆ ในคลินิก

2️⃣ Expert Care: ร่วมดูแลและวางแผนความงามโดยทีมงานดูแลครอบคลุมทุกความต้องการภายใต้มาตรฐาน KVK Clinic 

3️⃣ Bonus Privilege: เลือกรับบริการ ""โปรแกรมตัวท็อป"" เพิ่มฟรี 1 รายการ 

💎 เลือกเอกสิทธิ์ WISDOM ที่เหมาะกับคุณ:  

▪️VIP 200,000.- | รับเพิ่ม 25,000.- + เลือกบริการท็อปได้ 1 รายการ

▪️VVIP 300,000.- | รับเพิ่ม 40,000.- + เลือกบริการท็อปได้ 1 รายการ

▪️ELITE VVIP 400,000.- | รับเพิ่ม 60,000.- + เลือกบริการท็อปได้ 1 รายการ

▪️ROYAL VVIP 500,000.- | รับเพิ่ม 80,000.- + เลือกบริการท็อปได้ 1 รายการ

🎁 ความพิเศษที่มากกว่า:
นอกจากวงเงินที่ได้รับเพิ่มแล้ว คุณยังได้รับสิทธิ์เข้าร่วมโปรแกรมพิเศษกับ Dr.Koong ที่จะช่วยออกแบบความสวยให้เป็นเอกลักษณ์ในแบบของคุณเอง

📍 สนใจสอบถามรายละเอียดเพิ่มเติม หรือนัดหมายล่วงหน้าได้ที่ Inbox
.
.
.
ช่องทางติดต่อสอบถาม แอดมิน+ ปรึกษาแพทย์
𝐋𝐢𝐧𝐞 𝐎𝐀 เป็นช่องทางหลัก
สาขา 𝗞𝗼𝗿𝗮𝘁 (Head Qaurters) : @1stkvk 
.
สาขา3 : ติดโรงเรียน ปลูกปัญญา เส้นสุระ 2 
📞 061 956 5444
สาขา1 : ในปั้มปตท. ข้างเดอะมอลล์โคราช
📞 087 870 5888
.
🌐 𝐖𝐞𝐛𝐬𝐢𝐭𝐞 : https://kvkclinic.com
📺 𝐘𝐨𝐮𝐭𝐮𝐛𝐞 : https://youtube.com/@kornvikkaclinic1234?si=PwiLo4SaaXs9J2DS
----------
#KVKClinic #DrKoong #หมอเจด
#ยกมาตรฐานจริงใจล้ำสมัย 
#KVKWisdom #ExclusivePrivilege",,0,"05/17/2026 00:05",N/A,https://www.facebook.com/KVKClinic/posts/pfbid043Gw1kEYHTk7r5AkEsB44yFByGnEFwZtQFvkN4wCa5wtGi22b8iVueBzQ1m9UW9nl,0,0,รูปภาพ,,,,,อายุการใช้งาน,2019,1105,6,6,0,0,39,33,6,,,,,,,
1289663853251881,100066248360694,Kornvikkaclinic,"💫มิติใหม่ของความละมุน... Design Your Own Beauty ที่ KVK Clinic 
เหนื่อยจากงานแต่ไม่อยากให้หน้าดูเหนื่อยตาม... มาปรับลุคให้ดูละมุน สดใสขึ้น ด้วยเทคนิคการเติมเต็มอย่างตรงจุดที่ KVK Clinic

.
เราเน้นการแก้ปัญหาที่ต้นเหตุ ไม่ว่าจะเป็นเงาใต้ตาที่ทำให้ดูโทรม หรือโครงหน้าที่ดูไม่อ่อนหวาน เพื่อผลลัพธ์ที่กลมกลืน ดูไม่ออกว่าทำอะไรมา แต่ดูดีขึ้นจนคนทัก

✅ ลดเงาคล้ำใต้ตา ให้หน้าดูไบร์ท
✅ เติมขมับให้รับกับรูปหน้า
✅ ปรับสมดุลใบหน้าให้ดูซอฟต์ อ่อนโยน

👀ดีไซน์ความสวยแบบ Personalize เพื่อลุคที่ดูเป็นธรรมชาติที่สุดสำหรับคุณ
มาดีไซน์ความละมุนไปด้วยกันที่ KVK Clinic... เราพร้อมดูแลทุกรายละเอียดเพื่อคุณ🫶
.
.
.
ช่องทางติดต่อสอบถาม แอดมิน+ ปรึกษาแพทย์
𝐋𝐢𝐧𝐞 𝐎𝐀 เป็นช่องทางหลัก
สาขา 𝗞𝗼𝗿𝗮𝘁 (Head Qaurters) : @1stkvk 
.
สาขา3 : ติดโรงเรียน ปลูกปัญญา เส้นสุระ 2 
📞 061 956 5444
สาขา1 : ในปั้มปตท. ข้างเดอะมอลล์โคราช
📞 087 870 5888
.
🌐 𝐖𝐞𝐛𝐬𝐢𝐭𝐞 : https://kvkclinic.com
📺 𝐘𝐨𝐮𝐭𝐮𝐛𝐞 : https://youtube.com/@kornvikkaclinic1234?si=PwiLo4SaaXs9J2DS
----------
#KVKClinic #DrKoong #หมอเจด
#ยกมาตรฐานจริงใจล้ำสมัย 
#ProgramFiller #โปรแกรมปรับรูปหน้า",,0,"05/17/2026 01:00",N/A,https://www.facebook.com/KVKClinic/posts/pfbid02gPgfyEFKxNRG5AEnk5VjXT2Cbb5NGEegBjdkLJ7eLfsn7mMByAWMFJgPZa8RwMx3l,0,0,รูปภาพ,,,,,อายุการใช้งาน,1768,1039,3,2,0,1,15,12,1,2,,,,,,
1289794406572159,100066248360694,Kornvikkaclinic,"เมื่อ ""ความรู้"" มาเจอกับ ""น้ำชายามบ่าย"" บรรยากาศก็จะละมุนประมาณนี้ค่ะ! 🍰✨

เก็บภาพบรรยากาศความประทับใจจากงาน Haus of Allure Teatime มาฝากค่ะ งานนี้ คุณหมอกุ้ง (พญ.กรวิกกา พัฒนะปราน ว38020) ได้รับเกียรติรับเชิญเป็น Doctor Speaker 👩‍⚕️

📚 ร่วมแบ่งปันข้อมูลความรู้และเจาะลึกรายละเอียดเกี่ยวกับผลิตภัณฑ์ (Product Information) ในกลุ่ม Mask เพื่อการดูแลผิวอย่างตรงจุด ภายในบรรยากาศที่อบอุ่นและเป็นกันเอง ณ ABBA BKK เมื่อวันที่ 8 พฤษภาคมที่ผ่านมา

บรรยากาศงานน่ารักใจฟูมาก คุณหมอแฮปปี้สุดๆ ที่ได้แชร์ข้อมูลเจาะลึกเรื่อง Mask ให้ทุกคนได้ฟังกันแบบใกล้ชิดท่ามกลางกลิ่นหอมของน้ำชา ขอบคุณทุกคนที่มาร่วมจิบชาและเก็บเกี่ยวสาระความสวยไปด้วยกันนะคะ!
🫶🩵
............................................
#KVKClinic #DrKoong #หมอเจด
#ยกมาตรฐานจริงใจล้ำสมัย 
#JebanTeatime #HausOfAllure #สวยบอกต่อ",,0,"05/17/2026 04:30",N/A,https://www.facebook.com/KVKClinic/posts/pfbid02SGpwhdFB3Jb4R7wuwitgkca11jZgJPoMRj7MGR7YoJgKwBaPjxJqPSJprAZVwQLyl,0,0,รูปภาพ,,,,,อายุการใช้งาน,2374,1364,17,13,0,4,58,47,11,,,,,,,
1289810593237207,100066248360694,Kornvikkaclinic,"โปรแกรม Morphues 8 Prime 
#ดีกว่าเดิมยังไง!!!! ต้องลอง

 💥 ดีลใหญ่ที่ทุกคนรอคอย! กู้ผิวพังให้กลับมาสตรองด้วยเทคโนโลยีล่าสุด
โปรแกรม 𝐌𝐨𝐫𝐩𝐡𝐞𝐮𝐬 𝟖 𝐏𝐫𝐢𝐦𝐞 (𝐍𝐞𝐰 𝐆𝐞𝐧𝐞𝐫𝐚𝐭𝐢𝐨𝐧) เจ็บน้อยลง...แต่ผลลัพธ์ทรงพลังกว่าเดิม!

.
✨ 𝐏𝐫𝐨𝐠𝐫𝐚𝐦 𝐌𝐨𝐫𝐩𝐡𝐞𝐮𝐬 𝟖 𝐏𝐫𝐢𝐦𝐞 ดีกว่ารุ่นเดิมยังไง?

Scale Mode นวัตกรรมล่าสุด : ปรับระดับการส่งพลังงานได้แม่นยำและสมดุลขึ้น พร้อมทั้งช่วยลด Pain Score (ความเจ็บ) ลงอย่างเห็นได้ชัด สบายผิวขึ้นระหว่างทำ

ผลลัพธ์คูณสอง : ถึงจะเจ็บน้อยลง แต่ส่งพลังงานลงลึกกระตุ้นการเรียงตัวใหม่ของชั้นผิวได้ดีกว่าเดิม แก้ปัญหาผิวหย่อนคล้อย รูขุมขน และรอยสิวได้อย่างตรงจุด

.
💎 𝐓𝐡𝐞 𝐔𝐥𝐭𝐢𝐦𝐚𝐭𝐞 𝐆𝐥𝐨𝐰 𝐂𝐨𝐦𝐛𝐨 | เพียง 𝟐𝟗,𝟗𝟎𝟎.-

คุ้มที่สุดเพราะเราให้ครบ ไม่ต้องเลือก! สิ่งที่คุณจะได้รับในแพ็กเกจนี้:
▪️ 𝐏𝐫𝐨𝐠𝐫𝐚𝐦 𝐌𝐨𝐫𝐩𝐡𝐞𝐮𝐬 𝟖 𝐏𝐫𝐢𝐦𝐞 : 𝐅𝐚𝐜𝐞 & 𝐍𝐞𝐜𝐤 
▪️ 𝐏𝐫𝐨𝐠𝐫𝐚𝐦 𝐈𝐧𝐦𝐨𝐝𝐞 𝐋𝐢𝐟𝐭𝐢𝐧𝐠 
▪️ 𝐏𝐫𝐨𝐠𝐫𝐚𝐦 𝐕𝐢𝐭𝐚𝐫𝐚𝐧 (1 syr.)
▪️ 𝐏𝐫𝐨𝐠𝐫𝐚𝐦 𝐆 𝐅𝐚𝐜𝐭𝐨𝐫 
▪️ 𝐏𝐫𝐨𝐠𝐫𝐚𝐦 𝐒𝐤𝐢𝐧 𝐎𝐜𝐥𝐨𝐜𝐤 & 𝐒𝐤𝐢𝐧 𝐂𝐚𝐫𝐞 

.
🤔 ทำไมต้องเลือกทำ 𝐏𝐫𝐨𝐠𝐫𝐚𝐦  𝐌𝐨𝐫𝐩𝐡𝐞𝐮𝐬 𝟖 𝐏𝐫𝐢𝐦𝐞 ที่ 𝐊𝐕𝐊 𝐂𝐥𝐢𝐧𝐢𝐜?

เพราะเราไม่เพียงแค่ทำเสร็จแล้วจบไป แต่เราออกแบบระบบ Pre-care & Post-care มาให้ครบในแพ็กเกจเดียว เพื่อช่วยซัพพอร์ตการฟื้นตัวของผิว (Downtime สั้นลง) และเสริมประสิทธิภาพการทำงานของตัวเครื่องให้ได้ผลลัพธ์สูงสุด

👩‍⚕️ ดูแลโดยทีมแพทย์ผู้เชี่ยวชาญ ใส่ใจและออกแบบการวางพลังงาน (Energy Design) ตามสภาพผิวและการตอบสนองของแต่ละบุคคลโดยเฉพาะ
(หมายเหตุ: การรักษาแต่ละครั้งขึ้นอยู่กับการวินิจฉัยของแพทย์และสภาพผิวรายบุคคล)

📩 ไม่อยากพลาดดีลสุดคุ้มนี้?
ทัก Inbox เพื่อจองคิว หรือส่งรูปมาให้คุณหมอช่วยประเมินผิวเบื้องต้นก่อนได้เลยค่ะ! 👉

.
.
.
ช่องทางติดต่อสอบถาม แอดมิน+ ปรึกษาแพทย์
𝐋𝐢𝐧𝐞 𝐎𝐀 เป็นช่องทางหลัก
สาขา 𝗞𝗼𝗿𝗮𝘁 : @1stkvk 
.
🔹 สาขา 𝗞𝗼𝗿𝗮𝘁 : โคราช (Head Qaurters)
สาขา3 : ติดโรงเรียน ปลูกปัญญา เส้นสุระ 2 
สาขา1 : ในปั้มปตท. ข้างเดอะมอลล์โคราช
📞 06 1956 5444
.
🌐𝐖𝐞𝐛𝐬𝐢𝐭𝐞 : https://kvkclinic.com
📺𝐘𝐨𝐮𝐭𝐮𝐛𝐞 : https://youtube.com/@kornvikkaclinic1234?si=PwiLo4SaaXs9J2DS
............................................
#KVKClinic #DrKoong #หมอเจด
#ยกมาตรฐานจริงใจล้ำสมัย 
#ProgramMorpheus8Prime",,0,"05/17/2026 05:00",N/A,https://www.facebook.com/KVKClinic/posts/pfbid0hj1LTwVvg4r7NCaEYLDHFbq2RFzHGaGueWLwuvjZYEzhLe2PaPJ8oYv1rYsNSeMil,0,0,รูปภาพ,,,,,อายุการใช้งาน,1832,1129,4,4,0,0,5,5,,,,,,,,
1290431036508496,100066248360694,Kornvikkaclinic,"🌟 𝐑𝐞𝐯𝐞𝐚𝐥 𝐘𝐨𝐮𝐫 𝐁𝐞𝐬𝐭 𝐒𝐤𝐢𝐧: 𝟑 ทางเลือกอัปเกรดผิวสวยที่ 𝐊𝐕𝐊 𝐂𝐥𝐢𝐧𝐢𝐜 
เพราะผิวแต่ละแบบต้องการดูแลที่ไม่เหมือนกัน... พบกับ 𝐃𝐢𝐬𝐜𝐨𝐯𝐞𝐫𝐲 𝐏𝐫𝐨𝐠𝐫𝐚𝐦 เซตคู่หูสุดพิเศษที่รวม ""เทคโนโลยีมาตรฐาน"" มาดูแลผิวคุณให้กลับมาดูสดใส มั่นใจอีกครั้ง ในราคาพิเศษที่สุด!

.
🔍 เลือกแมตช์โปรแกรมที่ตอบโจทย์คุณ:

🔴𝐓𝐡𝐞 𝐒𝐩𝐨𝐭 𝐄𝐫𝐚𝐬𝐞𝐫 | 𝐏𝐫𝐨𝐠𝐫𝐚𝐦 𝐏𝐢𝐜𝐨𝐬𝐮𝐫𝐞 𝐏𝐫𝐨 + 𝐏𝐫𝐨𝐠𝐫𝐚𝐦 𝐕𝐢𝐭𝐚𝐫𝐚𝐧
จัดการปัญหาจุดด่างดำ รอยจากสิว และความหมองคล้ำ ให้ผิวดูสว่างกระจ่างใสขึ้น พร้อมฟื้นฟูผิวให้แข็งแรงไปพร้อมๆ กัน

🟠𝐓𝐡𝐞 𝐆𝐥𝐨𝐰 𝐁𝐨𝐨𝐬𝐭𝐞𝐫 | 𝐏𝐫𝐨𝐠𝐫𝐚𝐦 𝐑𝐞𝐝𝐓𝐨𝐮𝐜𝐡 𝐏𝐫𝐨 + 𝐏𝐫𝐨𝐠𝐫𝐚𝐦 𝐕𝐢𝐭𝐚𝐫𝐚𝐧
เน้นงานผิวละเอียด กระชับรูขุมขน พร้อมเติมสารอาหารให้ผิวดูอิ่มน้ำ สุขภาพดีจากภายใน เหมาะมากสำหรับใครที่อยากได้ผิวฟูดูโกลว์

🟡𝐓𝐡𝐞 𝐒𝐤𝐢𝐧 𝐑𝐞𝐟𝐢𝐧𝐞𝐫 | 𝐏𝐫𝐨𝐠𝐫𝐚𝐦 𝐃𝐞𝐫𝐦𝐚𝐕 + 𝐏𝐫𝐨𝐠𝐫𝐚𝐦 𝐕𝐢𝐭𝐚𝐫𝐚𝐧
เน้นการปรับสีผิวให้สม่ำเสมอ ลดรอยแดง และปลอบประโลมผิวให้เรียบเนียน เหมาะสำหรับผิวที่ต้องการการดูแลอย่างอ่อนโยนแต่ล้ำลึก

.
💳 𝐒𝐩𝐞𝐜𝐢𝐚𝐥 𝐎𝐟𝐟𝐞𝐫: เพียง 𝟏𝟎,𝟗𝟎𝟎.- เท่านั้น!
📍 สิทธิ์พิเศษ: จำกัด 𝟏 ท่าน / 𝟏 สิทธิ์ (จำนวนจำกัดในแต่ละสาขา)

⭐ 𝐄𝐱𝐜𝐥𝐮𝐬𝐢𝐯𝐞 𝐂𝐡𝐨𝐢𝐜𝐞: สำหรับท่านที่ต้องการปรึกษาและดูแลโดย ""คุณหมอกุ้ง""
(มีค่าดูแลเพิ่มเติม: สาขาสยาม +2,000.- / สาขาโคราช +1,000.-)

ให้เทคโนโลยีระดับพรีเมียมเป็นตัวช่วยดูแลผิวคุณวันนี้

💬 สอบถามคิวว่างหรือปรึกษาเพิ่มเติม ทักแชทได้เลยค่ะ
.
.
.
ช่องทางติดต่อสอบถาม แอดมิน+ ปรึกษาแพทย์
𝐋𝐢𝐧𝐞 𝐎𝐀 เป็นช่องทางหลัก
สาขา 𝗞𝗼𝗿𝗮𝘁 : @1stkvk 
.
🔹 สาขา 𝗞𝗼𝗿𝗮𝘁 : โคราช (Head Qaurters)
สาขา3 : ติดโรงเรียน ปลูกปัญญา เส้นสุระ 2 
สาขา1 : ในปั้มปตท. ข้างเดอะมอลล์โคราช
📞 06 1956 5444
.
🌐𝐖𝐞𝐛𝐬𝐢𝐭𝐞 : https://kvkclinic.com
📺𝐘𝐨𝐮𝐭𝐮𝐛𝐞 : https://youtube.com/@kornvikkaclinic1234?si=PwiLo4SaaXs9J2DS
............................................
#KVKClinic #DrKoong #หมอเจด
#ยกมาตรฐานจริงใจล้ำสมัย 
#DiscoveryProgram #SkinDesign",,0,"05/17/2026 22:29",N/A,https://www.facebook.com/KVKClinic/posts/pfbid02N1Meq9NmWxaKRPZ6q8hVqfhc4dgfEVB2hYTzdeHXHQ1WXepNRmdc12kGKheAf5wDl,0,0,รูปภาพ,,,,,อายุการใช้งาน,6774,4684,7,4,1,2,109,9,58,42,,,,,,
1290478063170460,100066248360694,Kornvikkaclinic,"⚡️ อัปเกรดงานผิวขั้นสุดกับโปรแกรม Morpheus8 PROMAX | นิยามใหม่ของผิวแลดูอ่อนเยาว์อย่างเป็นธรรมชาติ

นวัตกรรมระดับโกลด์สแตนดาร์ดที่ช่วยปลุกพลังคอลลาเจนและอีลาสตินจากภายใน ให้ผิวกลับมาแลดูมีชีวิตชีวาอีกครั้ง! 🚀

.
🔥 ทำไม Program Morpheus8 PROMAX ถึงเป็นทอล์กออฟเดอะทาวน์?

รอบนี้จัดเต็มกว่าเดิมด้วยไอเทมหัวทิปใหม่ถึง 2 สไตล์ ที่ออกแบบมาเพื่อดูแลสภาพผิวได้อย่างตรงจุด:

1️⃣ Program Morpheus 24pin (ทิปยอดฮิตเพื่อความเฟิร์ม)
• ส่งพลังงานคลื่นความถี่วิทยุ (RF) ลงลึกสู่ชั้นผิวอย่างแม่นยำ
• ปลุกการทำงานของคอลลาเจนและอีลาสตินให้ตื่นตัว
• เน้นงานผิวช้อนกระชับ ดูแลผิวที่หย่อนคล้อยให้กลับมาเรียบเนียน ได้รูป

2️⃣ Program Resurfacing (NEW TIP! ทิปใหม่เพื่องานผิวเนียนละเอียด)
• ปัดเป่าความหมองคล้ำ ฟื้นบำรุงผิวชั้นบนให้แลดูเรียบเนียน
• ปรับเลเยอร์ผิวให้ดูสม่ำเสมอ เผยสัมผัสที่นุ่มนวล น่าสัมผัส

.
💡 Tips: สัมผัสความเปลี่ยนแปลงของงานผิวที่ดูเล็กลง ละเอียดขึ้น และเปล่งประกายในแบบที่เป็นคุณ

💬 สอบถามคิวว่างหรือปรึกษาเพิ่มเติม ทักแชทได้เลยค่ะ
.
.
.
ช่องทางติดต่อสอบถาม แอดมิน+ ปรึกษาแพทย์
𝐋𝐢𝐧𝐞 𝐎𝐀 เป็นช่องทางหลัก
สาขา 𝗞𝗼𝗿𝗮𝘁 : @1stkvk 
.
🔹 สาขา 𝗞𝗼𝗿𝗮𝘁 : โคราช (Head Qaurters)
สาขา3 : ติดโรงเรียน ปลูกปัญญา เส้นสุระ 2 
สาขา1 : ในปั้มปตท. ข้างเดอะมอลล์โคราช
📞 06 1956 5444
.
🌐𝐖𝐞𝐛𝐬𝐢𝐭𝐞 : https://kvkclinic.com
📺𝐘𝐨𝐮𝐭𝐮𝐛𝐞 : https://youtube.com/@kornvikkaclinic1234?si=PwiLo4SaaXs9J2DS
............................................
#KVKClinic #DrKoong #หมอเจด
#ยกมาตรฐานจริงใจล้ำสมัย 
#ProgramMorpheus8PROMAX #คลื่นความถี่วิทยุRF",,0,"05/18/2026 00:30",N/A,https://www.facebook.com/KVKClinic/posts/pfbid0sYs6WE4q4sL1JMp7uMiDZzZeMR5GmMUr9HP5DBsMdn3RrTXjGXf31tK6CzFYi9kMl,0,0,รูปภาพ,,,,,อายุการใช้งาน,1674,988,3,3,0,0,29,21,7,1,,,,,,
1290629196488680,100066248360694,Kornvikkaclinic,"โดนแอบถ่ายยังรอด เพราะดูแลตัวเองมาดี!

ใครอยากสวยแพ็คคู่ รีบทักมาถามด่วน โปรนี้แชร์กับเพื่อนคือคุ้มที่สุด! 📸✨

............................................
#KVKClinic #DrKoong #หมอเจด
#ยกมาตรฐานจริงใจล้ำสมัย
#เพื่อนชวนเพื่อน #โปรดีบอกต่อ","โดนแอบถ่ายยังรอด เพราะดูแลตัวเองมาดี!

ใครอยากสวยแพ็คคู่ รีบทักมาถามด่วน โปรนี้แชร์กับเพื่อนคือคุ้มที่สุด! 📸✨

............................................
#KVKClinic #DrKoong #หมอเจด
#ยกมาตรฐานจริงใจล้ำสมัย
#เพื่อนชวนเพื่อน #โปรดีบอกต่อ",41,"05/18/2026 04:24",N/A,https://www.facebook.com/reel/1232724032090879/,0,0,วิดีโอ,,,,,อายุการใช้งาน,2706,2190,26,20,1,5,26,,23,3,,13597.795,5.607,0,0,0
1291200779764855,100066248360694,Kornvikkaclinic,"#8PointFacelift ปรับมิติหน้าให้เป๊ะกว่าเดิม!
บางครั้งการแก้ปัญหาร่องแก้มหรือความหย่อนคล้อย ไม่ใช่แค่การเติมให้เต็ม... แต่คือการคืนสมดุลให้กับโครงสร้างผิวด้วยเทคนิค 8-Point Facelift

👩‍⚕️คุณหมอกุ้ง (พญ.กรวิกกา พัฒนปราน ว38020) ที่ KVK Clinic ประเมินโครงสร้างใบหน้า เพื่อช่วยพยุงและปรับมิติให้หน้าดูสดใสขึ้นแบบมีชั้นเชิง

เพราะใบหน้าแต่ละคนมีเอกลักษณ์ที่ไม่เหมือนกัน... ให้คุณหมอกุ้งช่วยค้นหา 'จุดเปลี่ยน' ที่ดีที่สุดสำหรับคุณนะคะ

💬 ทักแชทเพื่อจองคิวประเมินรูปหน้าเบื้องต้น (ไม่มีค่าใช้จ่าย) ได้เลยค่ะ
............................................
#KVKClinic #DrKoong #หมอเจด
#ยกมาตรฐานจริงใจล้ำสมัย
#เทคนิคปรับรูปหน้า #FacialDesign","#8PointFacelift ปรับมิติหน้าให้เป๊ะกว่าเดิม!
บางครั้งการแก้ปัญหาร่องแก้มหรือความหย่อนคล้อย ไม่ใช่แค่การเติมให้เต็ม... แต่คือการคืนสมดุลให้กับโครงสร้างผิวด้วยเทคนิค 8-Point Facelift

👩‍⚕️คุณหมอกุ้ง (พญ.กรวิกกา พัฒนปราน ว38020) ที่ KVK Clinic ประเมินโครงสร้างใบหน้า เพื่อช่วยพยุงและปรับมิติให้หน้าดูสดใสขึ้นแบบมีชั้นเชิง

เพราะใบหน้าแต่ละคนมีเอกลักษณ์ที่ไม่เหมือนกัน... ให้คุณหมอกุ้งช่วยค้นหา 'จุดเปลี่ยน' ที่ดีที่สุดสำหรับคุณนะคะ

💬 ทักแชทเพื่อจองคิวประเมินรูปหน้าเบื้องต้น (ไม่มีค่าใช้จ่าย) ได้เลยค่ะ
............................................
#KVKClinic #DrKoong #หมอเจด
#ยกมาตรฐานจริงใจล้ำสมัย
#เทคนิคปรับรูปหน้า #FacialDesign",325,"05/18/2026 21:17",N/A,https://www.facebook.com/reel/2037180210551316/,0,0,วิดีโอ,,,,,อายุการใช้งาน,2890,2441,34,29,2,3,43,,38,5,,36443.954,14.202,0,0,0
1291201573098109,100066248360694,Kornvikkaclinic,"จากไม่มีทรง ใส่อะไรก็ดูไม่เต็ม
สู่ลุคที่แต่งตัวได้สนุกขึ้น ✨
.
จะเห็นว่าคนไข้มีลักษณะหน้าอกค่อนข้างเล็ก
ทำให้เวลาสวมใส่เสื้อผ้าจะดูไม่เต็มทรง
โดยเฉพาะเสื้อสายเดี่ยวหรือเสื้อเข้ารูป
เคสนี้แก้ไข้ด้วยโปรแกรมเสริมหน้าอก
หลังทำไป 3 ปี จะเห็นได้ว่าทรงหน้าอกยังคงสวยชัด
ดูเป็นธรรมชาติและเข้ากับสรีระ หน้าอกดูมีมิติขึ้นอย่างชัดเจน
เวลาใส่เสื้อผ้าจะเห็นทรงที่ชัดขึ้น
.
ผ่าตัดเสริมหน้าอกที่ KVK Clinic
✅ ดูแลโดยแพทย์มากประสบการณ์
✅ ปรึกษากับคุณหมอก่อนเข้าห้องผ่าตัดทุกเคส
✅ ออกแบบข้างต่อข้างให้เข้ากับแต่ละบุคคล แบบเคสต่อเคส
✅ ติดตามผลและดูแลหลังผ่าตัดอย่างต่อเนื่อง",,0,"05/18/2026 22:00",N/A,https://www.facebook.com/KVKClinic/posts/pfbid0nk3vCpECwQYZP4rQo3n1jAt4XPVBVYnuFUkCxyh43oRZn9oaNcgMS9Qom94y5XDxl,0,0,รูปภาพ,,,,,อายุการใช้งาน,1424,881,5,4,0,1,0,,,,,,,,,
1291424886409111,100066248360694,Kornvikkaclinic,"🛑 หยุดสาดโปรแกรมฟิลเลอร์ใส่ร่องแก้ม!
เจาะลึกโครงสร้างร่องแก้ม กับ #เทคนิคการดีไซน์ของหมอกุ้ง
(พญ.กรวิกกา พัฒนะปราน ว38020) ที่ KVKClinic 

🧐เคยสังเกตไหมคะ? บางคนเติมร่องแก้มมาแล้วหน้าเปลี่ยนไปเลย ดูละมุน อ่อนเยาว์ แต่บางคนเติมแล้วกลับรู้สึกว่าหน้าดูอูม ยิ้มแล้วดูไม่เป็นธรรมชาติ
นั่นเป็นเพราะ “ร่องแก้มลึก” เป็นเพียงปลายเหตุค่ะ แต่ต้นเหตุใต้ชั้นผิวของแต่ละคนนั้น... แตกต่างกันอย่างสิ้นเชิง

.
1️⃣ ฐานทรุด (กระดูกส่วนกลางใบหน้ายุบตัว)

🔸อาการ: เป็นแอ่งลึกก้นกระทะตรงข้างปีกจมูกชัดเจน

🔸วิธีแก้: คุณหมอจะใช้ฟิลเลอร์เนื้อพุ่ง คงตัวสูง เติมเสริมแทนที่ฐานกระดูกที่ทรุดตัวโดยตรง ปรับมิติใบหน้าส่วนกลางให้อิ่มฟู ดูอ่อนเยาว์อย่างเป็นธรรมชาติ

🔸ปริมาณประมาณ: 1 - 2 cc (รวม 2 ข้าง)

2️⃣ บนคล้อย (โครงสร้างใต้ตาและหน้าแก้มฝ่อตัว)

🔸อาการ: หน้าแก้มแบน ผิวหย่อนคล้อยลงมากองทับจนเกิดเป็นเส้นร่องแก้ม

🔸วิธีแก้: เติมตรงๆ หน้าจะล้น เทคนิคคือ ""ต้องพยุงข้างบน ก่อนเก็บข้างล่าง"" คุณหมอจะใช้ฟิลเลอร์เนื้อแน่น แรงยกสูง พยุงหน้าแก้มให้ยกกระชับขึ้นก่อน แล้วค่อยเก็บรายละเอียดร่องแก้มอย่างเบามือ

🔸ปริมาณประมาณ: 1 - 3 cc (รวม 2 ข้าง)

3️⃣ เอ็นหย่อน (เส้นเอ็นยึดผิว ZCL เสื่อมสภาพตามวัย)

🔸อาการ: อายุเริ่มเยอะ ผิวขาดความยืดหยุ่น เนื้อแก้มห้อยพับเป็นชั้น

🔸วิธีแก้: ต้องดูแลแบบองค์รวม โดยใช้เทคนิค Filler Lifting ควบคู่กับกลุ่มเครื่องยกกระชับ หรือไหมละลาย เพื่อช่วยกระตุ้นคอลลาเจนตามธรรมชาติ คืนความแน่นเฟิร์มให้ชั้นผิวในระยะยาว

🔸ปริมาณประมาณ: 2 - 3 cc (รวม 2 ข้าง)

.
👩‍⚕️ทริคเล็กๆจากหมอกุ้ง : ปัญหาร่องแก้มของบางท่านอาจเกิดจากหลายสาเขตร่วมกัน การเข้ามาตรวจเช็กโครงสร้างใบหน้าโดยละเอียด จะช่วยให้เราออกแบบการรักษาได้แม่นยำและได้ผลลัพธ์ที่ละมุนที่สุดค่ะ🫶
*ผลลัพธ์ที่ได้ขึ้นอยู่กับแต่ละบุคคล
............................................
#KVKClinic #DrKoong #หมอเจด
#ยกมาตรฐานจริงใจล้ำสมัย
#เทคนิคปรับรูปหน้า #FacialDesign #โปรแกรมฟิลเลอร์",,0,"05/19/2026 04:11",N/A,https://www.facebook.com/KVKClinic/posts/pfbid0xSbLTzWQovCLZvh2To2ixVEqe9V2tXztUE2WecXvLqMPX3zuek3hV2b19Anip7WBl,0,0,รูปภาพ,,,,,อายุการใช้งาน,6462,3067,85,82,0,3,299,63,139,97,,,,,,
1291437353074531,100066248360694,Kornvikkaclinic,"ทำไม…โปรแกรมฟิลเลอร์ปรับรูปหน้า” ที่ KVK Clinic ถึงครองใจทุกคน?

🥰ไม่ต้องพึ่งกระแสโฆษณา แต่ยืนหนึ่งด้วยผลลัพธ์และความประทับใจจริง เพราะใครที่ได้เข้ามาสัมผัสประสบการณ์ดีไซน์ใบหน้าและการดูแลอย่างใส่ใจที่นี่ ต่างบอกเป็นเสียงเดียวกันว่า  ""ประทับใจจนต้องกลับมาดูแลอย่างต่อเนื่อง""

.
ทำไม “โปรแกรมฟิลเลอร์ปรับรูปหน้า” ที่ KVK Clinic ถึงครองใจทุกคน?

✅ Customized Design (การออกแบบเฉพาะบุคคล)
: เพราะโครงสร้างใบหน้าของแต่ละคนมีมิติและเนื้อผิวที่ต่างกัน คุณหมอจะตรวจประเมินอย่างละเอียดแบบ Case by Case ไม่ใช่การเติมตามบล็อก แต่เป็นการดีไซน์เพื่อดึงเอกลักษณ์ความสวยในแบบที่เป็นคุณออกมาให้ดีที่สุด

✅ Anatomical Precision (ความแม่นยำชั้นสูง)
: มั่นใจในทุกมิติด้วยเทคนิคการวางตำแหน่งผลิตภัณฑ์ที่ถูกต้อง แม่นยำตรงชั้นผิว เพื่อผลลัพธ์ที่เรียบเนียน ดูละมุน พลิกฟื้นความอ่อนเยาว์อย่างเป็นธรรมชาติ ไม่แข็ง ไม่ดูล้น

✅ Premium Selection (คัดสรรสิ่งที่ดีที่สุด)
: เราเลือกใช้เฉพาะผลิตภัณฑ์ฟิลเลอร์พรีเมียมระดับโลก (World-class Brand) ผ่านการรับรองมาตรฐานสากล โดยคุณหมอจะเลือกเนื้อเจลที่มีโมเลกุลเหมาะสมกับแต่ละชั้นผิวและแต่ละปัญหาอย่างตรงจุดที่สุด

.
ไม่ว่าจะเป็นการปรับมิติส่วนกลางใบหน้า, การเติมเต็มฐานโครงสร้างที่ยุบตัว, หรือการพยุงชั้นผิวเพื่อความยกกระชับ... ให้ความเชี่ยวชาญและการออกแบบอย่างประณีตจากทีมแพทย์ KVK Clinic ดูแลคุณนะคะ🫶🩵

💬 สอบถามคิวว่างหรือปรึกษาเพิ่มเติม ทักแชทได้เลยค่ะ
.
.
.
ช่องทางติดต่อสอบถาม แอดมิน+ ปรึกษาแพทย์
𝐋𝐢𝐧𝐞 𝐎𝐀 เป็นช่องทางหลัก
สาขา 𝗞𝗼𝗿𝗮𝘁 : @1stkvk 
.
🔹 สาขา 𝗞𝗼𝗿𝗮𝘁 : โคราช (Head Qaurters)
สาขา3 : ติดโรงเรียน ปลูกปัญญา เส้นสุระ 2 
สาขา1 : ในปั้มปตท. ข้างเดอะมอลล์โคราช
📞 06 1956 5444
.
🌐𝐖𝐞𝐛𝐬𝐢𝐭𝐞 : https://kvkclinic.com
📺𝐘𝐨𝐮𝐭𝐮𝐛𝐞 : https://youtube.com/@kornvikkaclinic1234?si=PwiLo4SaaXs9J2DS
............................................
#KVKClinic #DrKoong #หมอเจด
#ยกมาตรฐานจริงใจล้ำสมัย 
#เทคนิคปรับรูปหน้า #FacialDesign #โปรแกรมฟิลเลอร์",,0,"05/19/2026 05:05",N/A,https://www.facebook.com/KVKClinic/posts/pfbid02FAbaY64eb6x3enckai6ryqyzjcVkDuHbHEFKbVYq5jjyTkbN4smnE4ZtW74twFQ2l,0,0,รูปภาพ,,,,,อายุการใช้งาน,1359,883,2,2,0,0,5,4,,1,,,,,,
1291332966418303,100066248360694,Kornvikkaclinic,"เปลี่ยนมุมข้างให้ดูละมุนขึ้น 👃✨
จมูกมีมิติขึ้น ลุคก็เปลี่ยนทันที
.
ก่อนทำเคสนี้สันจมูกค่อนข้างต่ำ
ปลายจมูกมีความมนและสั้นเล็กน้อย
ทำให้เวลามองด้านข้าง ใบหน้าดูเรียบและขาดมิติ
คุณหมอแก้ไขด้วยโปรแกรมเสริมจมูก
พร้อมออกแบบทรงจมูกให้เหมาะกับรูปหน้า
หลังทำจะเห้นได้ชัดว่าจมูกดูเรียวขึ้น มุมข้างดูมีมิติขึ้น
ปรับปลายจมูกให้ดูพุ่งขึ้นอย่างพอดีแลดูธรรมชาติ
ช่วยให้ลุคโดยรวมดูหวานเข้ากับใบหน้า
.
ผ่าตัดเสริมจมูกที่ KVK Clinic
✅ ดูแลโดยแพทย์มากประสบการณ์
✅ ปรึกษากับคุณหมอก่อนเข้าห้องผ่าตัดทุกเคส
✅ ออกแบบทรงจมูกให้เข้ากับแต่ละบุคคล แบบเคสต่อเคส
✅ ติดตามผลและดูแลหลังผ่าตัดอย่างต่อเนื่อง",,0,"05/19/2026 19:00",N/A,https://www.facebook.com/KVKClinic/posts/pfbid0BgfjCaTXTtRCSSU4dFqiy1t6T68CTWFGVFvDWMmR4XebB2S7f6ht3DJm8DgY12xel,0,0,รูปภาพ,,,,,อายุการใช้งาน,1208,743,2,2,0,0,2,2,,,,,,,,
1292017439683189,100066248360694,Kornvikkaclinic,"แท็กเพื่อนซี้ด่วน! 👇
มิตรภาพที่แท้จริงคือการพากันไปดูดีและมั่นใจขึ้นค่ะ 😉 

ชวนกันมาดูแลผิวพรรณและตัวเองที่ KVK CLINIC มีสิทธิพิเศษดีๆ สำหรับคู่หูรออยู่ด้วยนะ ปักหมุดแล้วมาเจอกัน! 📍✨
............................................
#KVKClinic #DrKoong #หมอเจด
#ยกมาตรฐานจริงใจล้ำสมัย
#เพื่อนชวนเพื่อน #ละครคุณธรรม #ดูแลตัวเอง #ชวนเพื่อนมาดูดี","แท็กเพื่อนซี้ด่วน! 👇
มิตรภาพที่แท้จริงคือการพากันไปดูดีและมั่นใจขึ้นค่ะ 😉 

ชวนกันมาดูแลผิวพรรณและตัวเองที่ KVK CLINIC มีสิทธิพิเศษดีๆ สำหรับคู่หูรออยู่ด้วยนะ ปักหมุดแล้วมาเจอกัน! 📍✨
............................................
#KVKClinic #DrKoong #หมอเจด
#ยกมาตรฐานจริงใจล้ำสมัย
#เพื่อนชวนเพื่อน #ละครคุณธรรม #ดูแลตัวเอง #ชวนเพื่อนมาดูดี",87,"05/19/2026 20:30",N/A,https://www.facebook.com/reel/2014113415858114/,0,0,วิดีโอ,,,,,อายุการใช้งาน,6615,4003,29,23,1,5,132,,81,44,7,36289.975,6.17,0,0,0
1292158979669035,100066248360694,Kornvikkaclinic,"ล็อคความมั่นใจแบบคูณสอง! ทั้งเติมมิติผิวและเก็บริ้วรอยในครั้งเดียว 💖
กับโปรแกรม Filler Lifting ที่ KVK CLINIC 

.
📌 เลือกโปรแกรมที่ใช่สำหรับคุณ:

🔹 PROGRAM ฟิลเลอร์ TEOXANE 1 CC ➡️ 15,900.-

🔹 PROGRAM LIFTING FULL FACE 3 CC ➡️ 44,500.-

🎁 สิทธิพิเศษสุดคุ้ม (เมื่อซื้อ 3 CC ขึ้นไป):
1️⃣ FREE! โปรแกรมดูแลริ้วรอยช่วงบน ( Bo Upper Face 1 ครั้ง)
2️⃣ FREE! สิทธิ์เข้ารับบริการร่วมรายการกับ Dr. Koong (โดยไม่มีค่าใช้จ่ายเพิ่มเติม)

(หมายเหตุ:  หากเลือกรับบริการกับ Dr. Koong มีค่าบริการเพิ่มเติม +1,500.- / CC )
 *** ผลลัพธ์ขึ้นอยู่กับสภาพผิวและการประเมินของแพทย์เฉพาะบุคคล

📍 ร่วมออกแบบมิติใบหน้าเฉพาะบุคคลได้แล้ววันนี้ที่ KVK CLINIC และ ทัก Inbox เพื่อสำรองคิวล่วงหน้าได้เลยค่ะ 📩
.
.
.
ช่องทางติดต่อสอบถาม แอดมิน+ ปรึกษาแพทย์
𝐋𝐢𝐧𝐞 𝐎𝐀 เป็นช่องทางหลัก
สาขา 𝗞𝗼𝗿𝗮𝘁 : @1stkvk 
.
🔹 สาขา 𝗞𝗼𝗿𝗮𝘁 : โคราช (Head Qaurters)
สาขา3 : ติดโรงเรียน ปลูกปัญญา เส้นสุระ 2 
สาขา1 : ในปั้มปตท. ข้างเดอะมอลล์โคราช
📞 06 1956 5444
.
🌐𝐖𝐞𝐛𝐬𝐢𝐭𝐞 : https://kvkclinic.com
📺𝐘𝐨𝐮𝐭𝐮𝐛𝐞 : https://youtube.com/@kornvikkaclinic1234?si=PwiLo4SaaXs9J2DS
............................................
#KVKClinic #DrKoong #หมอเจด
#ยกมาตรฐานจริงใจล้ำสมัย 
#ProgramFillerLifting #ปรับมิติใบหน้า #ฟิลเลอร์ยกกระชับ",,0,"05/20/2026 00:37",N/A,https://www.facebook.com/KVKClinic/posts/pfbid0t2pfwLvEZvJnWRLuLmtdnk7EhmxYv5nrhCGsQFsR8SkWpsbZwAxwgVtHftpfBSsWl,0,0,รูปภาพ,,,,,อายุการใช้งาน,1202,766,2,2,0,0,1,1,,,,,,,,
1292180133000253,100066248360694,Kornvikkaclinic,"ล็อคความมั่นใจแบบคูณสอง! ทั้งเติมมิติผิวและเก็บริ้วรอยในครั้งเดียว 💖
กับโปรแกรม Filler Lifting ที่ KVK CLINIC 
.
📌 เลือกโปรแกรมที่ใช่สำหรับคุณ:
🔹 PROGRAM ฟิลเลอร์เกาหลี 1 CC ➡️ 8,500.-
🔹 PROGRAM LIFTING FULL FACE 3 CC ➡️ 22,500.-

.
🎁 สิทธิพิเศษสุดคุ้ม (เมื่อซื้อ 3 CC ขึ้นไป):
1️⃣ FREE! โปรแกรมดูแลริ้วรอยช่วงบน ( Bo Upper Face 1 ครั้ง)
2️⃣ FREE! สิทธิ์เข้ารับบริการร่วมรายการกับ Dr. Koong (โดยไม่มีค่าใช้จ่ายเพิ่มเติม)
(หมายเหตุ:  หากเลือกรับบริการกับ Dr. Koong มีค่าบริการเพิ่มเติม +1,500.- / CC )
 *** ผลลัพธ์ขึ้นอยู่กับสภาพผิวและการประเมินของแพทย์เฉพาะบุคคล

📍 ร่วมออกแบบมิติใบหน้าเฉพาะบุคคลได้แล้ววันนี้ที่ KVK CLINIC และ ทัก Inbox เพื่อสำรองคิวล่วงหน้าได้เลยค่ะ 📩
.
.
.
ช่องทางติดต่อสอบถาม แอดมิน+ ปรึกษาแพทย์
𝐋𝐢𝐧𝐞 𝐎𝐀 เป็นช่องทางหลัก
สาขา 𝗞𝗼𝗿𝗮𝘁 : @1stkvk 
.
🔹 สาขา 𝗞𝗼𝗿𝗮𝘁 : โคราช (Head Qaurters)
สาขา3 : ติดโรงเรียน ปลูกปัญญา เส้นสุระ 2 
สาขา1 : ในปั้มปตท. ข้างเดอะมอลล์โคราช
📞 06 1956 5444
.
🌐𝐖𝐞𝐛𝐬𝐢𝐭𝐞 : https://kvkclinic.com
📺𝐘𝐨𝐮𝐭𝐮𝐛𝐞 : https://youtube.com/@kornvikkaclinic1234?si=PwiLo4SaaXs9J2DS
............................................
#KVKClinic #DrKoong #หมอเจด
#ยกมาตรฐานจริงใจล้ำสมัย 
#ProgramFillerLifting #ปรับมิติใบหน้า #ฟิลเลอร์ยกกระชับ",,0,"05/20/2026 01:12",N/A,https://www.facebook.com/KVKClinic/posts/pfbid036ReCer3ZpyMaszCU9yAm6VcW3FmRqH17aS6vttQEqQtkDLJhKVNHkvSJMcBK4ShLl,0,0,รูปภาพ,,,,,อายุการใช้งาน,1184,782,4,4,0,0,1,1,,,,,,,,
1292164999668433,100066248360694,Kornvikkaclinic,"🔐ปลดล็อกความลับผิวดูอ่อนเยาว์และมีมิติ ด้วยนวัตกรรมระดับ 𝐄𝐱𝐜𝐥𝐮𝐬𝐢𝐯𝐞

.
ครบจบเรื่องการดูแลผิว ให้ผิวแลดูแน่น เฟิร์ม กระชับ พร้อมความฉ่ำโกลว์ที่ทุกคนต้องทัก! 😱

🔥 𝐃𝐨𝐮𝐛𝐥𝐞 𝐋𝐢𝐟𝐭𝐢𝐧𝐠 𝐄𝐟𝐟𝐞𝐜𝐭: ( Program OligioX 600 Shots + Program Ultraformer MPT 300 Shots) 

🔥 พิเศษ! สิทธิ์แลกซื้อ𝐏𝐫𝐨𝐠𝐫𝐚𝐦 𝐁𝐚𝐛𝐲 𝐆𝐥𝐨𝐰 โปรแกรมงานผิวพรีเมียม

✨ ทั้งหมดนี้ในราคาเพียง 𝟑𝟑,𝟗𝟎𝟎.-

👩🏻‍⚕️ดูแลโดยทีมแพทย์ผู้เชี่ยวชาญ วิเคราะห์ปัญหาผิวแบบเคสต่อเคส

สัมผัสความเปลี่ยนแปลงด้วยตัวคุณเอง ที่ KVK Clinic ได้แล้ววันนี้ 📍
.
.
.
ช่องทางติดต่อสอบถาม แอดมิน+ ปรึกษาแพทย์
𝐋𝐢𝐧𝐞 𝐎𝐀 เป็นช่องทางหลัก
สาขา 𝗞𝗼𝗿𝗮𝘁 : @1stkvk 
.
🔹 สาขา 𝗞𝗼𝗿𝗮𝘁 : โคราช (Head Qaurters)
สาขา3 : ติดโรงเรียน ปลูกปัญญา เส้นสุระ 2 
สาขา1 : ในปั้มปตท. ข้างเดอะมอลล์โคราช
📞 06 1956 5444
.
🌐𝐖𝐞𝐛𝐬𝐢𝐭𝐞 : https://kvkclinic.com
📺𝐘𝐨𝐮𝐭𝐮𝐛𝐞 : https://youtube.com/@kornvikkaclinic1234?si=PwiLo4SaaXs9J2DS
............................................
#KVKClinic #DrKoong #หมอเจด
#ยกมาตรฐานจริงใจล้ำสมัย 
#ExclusiveProgram #ProgramOligioX #ProgramUltraformerMPT",,0,"05/20/2026 01:20",N/A,https://www.facebook.com/KVKClinic/posts/pfbid0ZBdSdQP7kXYvJQLPyPvY6LHZ6tyJb9E5Az1VqbddH76TmxwQd9GFzZQt3JxWuGPhl,0,0,รูปภาพ,,,,,อายุการใช้งาน,1306,810,4,4,0,0,4,3,,1,,,,,,
1292219279663005,100066248360694,Kornvikkaclinic,"#ทำไมต้องโปรแกรมOligioXโปรแกรมที่KVK 🧐

ตัวนี้ไม่ใช่แค่การยกกระชับทั่วไป แต่ใช้เทคโนโลยี GXG (Gas-Liquid Cooling & High-Frequency) ที่ส่งพลังงานความร้อนลงลึกถึงชั้นผิวเพื่อกระตุ้นการสร้างคอลลาเจนใหม่ พร้อมกับระบบทำความเย็นอัจฉริยะที่ช่วยปกป้องผิวชั้นบน

.
ผลลัพธ์ที่พิสูจน์ได้:
✅ Skin Tightening: ผิวแน่น อิ่มฟู รูขุมขนกระชับ
✅ Face Contouring: สลายไขมันส่วนเกินบริเวณแก้มและเหนียง
✅ No Downtime: หลังทำผิวอาจมีรอยชมพูระเรื่อเล็กน้อย และหายไปเองในเวลาสั้นๆ แต่งหน้าต่อได้เลย!

เปลี่ยนหน้าบานให้เป็นหน้าวี ด้วยความละมุนที่เหนือกว่าเดิม 💎
.
.
.
ช่องทางติดต่อสอบถาม แอดมิน+ ปรึกษาแพทย์
𝐋𝐢𝐧𝐞 𝐎𝐀 เป็นช่องทางหลัก
สาขา 𝗞𝗼𝗿𝗮𝘁 : @1stkvk 
.
🔹 สาขา 𝗞𝗼𝗿𝗮𝘁 : โคราช (Head Qaurters)
สาขา3 : ติดโรงเรียน ปลูกปัญญา เส้นสุระ 2 
สาขา1 : ในปั้มปตท. ข้างเดอะมอลล์โคราช
📞 06 1956 5444
.
🌐𝐖𝐞𝐛𝐬𝐢𝐭𝐞 : https://kvkclinic.com
📺𝐘𝐨𝐮𝐭𝐮𝐛𝐞 : https://youtube.com/@kornvikkaclinic1234?si=PwiLo4SaaXs9J2DS
............................................
#KVKClinic #DrKoong #หมอเจด
#ยกมาตรฐานจริงใจล้ำสมัย 
#ProgramOligioX #โปรแกรมยกกระชับ",,0,"05/20/2026 03:00",N/A,https://www.facebook.com/KVKClinic/posts/pfbid0R95piqo1bSAyazgLQXCokowEXsZtNhq7kUXD6HdRrxa3FpUZmfGXZyCSUXmkwu15l,0,0,รูปภาพ,,,,,อายุการใช้งาน,1321,817,3,3,0,0,11,7,3,1,,,,,,
1291336689751264,100066248360694,Kornvikkaclinic,"จากตาชั้นเดียวที่ดูเรียบ 👁️👁️
วันนี้กลายเป็นลุคหมวยอินเตอร์ที่ดูละมุนขึ้น
.
ก่อนทำคนไข้มีลักษณะตาชั้นเดียว
ทำให้ดวงตาดูไม่ค่อยเปิดและแต่งตาค่อนข้างยาก
เวลาถ่ายรูปหรือแต่งหน้าจะรู้สึกว่าตาดูไม่มีมิติ
คุณหมอจึงออกแบบชั้นตาใหม่ให้เข้ากับรูปตาเดิม
เน้นให้ชั้นตาดูชัดขึ้นแบบพอดี
อัปเดตครบ 2 เดือน ชั้นตาเริ่มเข้าที่มากขึ้น
ดวงตาดูเปิดและมีมิติมากขึ้น
ช่วยให้แต่งหน้าง่ายขึ้นและลุคโดยรวมดูสดใสขึ้นแบบเห็นได้ชัด
.
ผ่าตัดตาสองชั้นที่ KVK Clinic
✅ ดูแลโดยแพทย์มากประสบการณ์
✅ ปรึกษากับคุณหมอก่อนเข้าห้องผ่าตัดทุกเคส
✅ ออกแบบชั้นตาให้เข้ากับแต่ละบุคคล แบบเคสต่อเคส
✅ ติดตามผลและดูแลหลังผ่าตัดอย่างต่อเนื่อง",,0,"05/20/2026 05:00",N/A,https://www.facebook.com/KVKClinic/posts/pfbid02QPqQE8Nzgqv6LPdhdARjYuzGU82PJociEZdsc6YZSMvTeNvwygNLtHEJjTg8DcgDl,0,0,รูปภาพ,,,,,อายุการใช้งาน,1546,1016,6,4,1,1,5,4,1,,,,,,,
1291337586417841,100066248360694,Kornvikkaclinic,"ทรงสวยกำลังดี ดูละมุนแบบธรรมชาติ
ช่วยเพิ่มความมั่นใจในทุกลุค 
.
เคสนี้คนไข้หน้าอกค่อนข้างเล็ก ฐานอกแคบ
เวลาใส่เสื้อผ้าดูไม่ค่อยมีสัดส่วน
คนไข้เลือกแก้ไขด้วยโปรแกรมเสริมหน้าอกไซซ์ 300 cc 
หลังทำทรงหน้าอกดูชัดขึ้น ไซซ์ขนาดพอดีกับลำตัว 
ร่องอกดูเป็นธรรมชาติ ไม่แข็งหรือล้นเกินไป 
สามารถใส่เสื้อผ้าได้หลากหลายลุคอย่างมั่นใจ
.
ผ่าตัดเสริมหน้าอกที่ KVK Clinic
✅ ดูแลโดยแพทย์มากประสบการณ์
✅ ปรึกษากับคุณหมอก่อนเข้าห้องผ่าตัดทุกเคส
✅ ออกแบบข้างต่อข้างให้เข้ากับแต่ละบุคคล แบบเคสต่อเคส
✅ ติดตามผลและดูแลหลังผ่าตัดอย่างต่อเนื่อง",,0,"05/20/2026 19:00",N/A,https://www.facebook.com/KVKClinic/posts/pfbid023C28TtJvKTgrSDZGmmHkFHxzxhahA8cygdKwF9McXzyehrNHFSFCZQL4i3WCLUgal,0,0,รูปภาพ,,,,,อายุการใช้งาน,1180,786,9,7,0,2,0,,,,,,,,,
1292828479602085,100066248360694,Kornvikkaclinic,"หยุดความกังวลเรื่องผิว แล้วปล่อยให้โปรแกรม Red Touch Pro ดูแล🔴

.

ไม่ว่าคุณจะมีสภาพผิวหรือสีผิวโทนไหน ก็สามารถมีผิวที่แลดูเนียนนุ่ม สุขภาพดีด้วย นวัตกรรมพลังงานแสงสีแดงความยาวคลื่น 675 nm ที่ออกแบบมาเพื่อดูแลผิวอย่างอ่อนโยน

🧬 มาพร้อม 2 รูปแบบการดูแลที่ตอบโจทย์อย่างครอบคลุม:

🔸 Moveo Mode: สัมผัสความเรียบเนียนอย่างทั่วถึง สม่ำเสมอทั่วใบหน้า

🔸 Stamp Mode: ดูแลเฉพาะจุดอย่างแม่นยำ ตรงจุดที่มีความกังวล

มั่นใจในมาตรฐานความปลอดภัย ดูแลโดยผู้เชี่ยวชาญเพื่อผลลัพธ์ผิวแลดูโกลว์ใสในระยะยาว

.
💬 ทักแชทสอบถามรายละเอียดเพิ่มเติมหรือนัดหมายคิวได้เลยค่ะ
***ผลลัพธ์ที่ได้ขึ้นอยู่กับสภาพผิวของแต่ละบุคคล

.
.
.
ช่องทางติดต่อสอบถาม แอดมิน+ ปรึกษาแพทย์
𝐋𝐢𝐧𝐞 𝐎𝐀 เป็นช่องทางหลัก
สาขา 𝗞𝗼𝗿𝗮𝘁 : @1stkvk 
.
🔹 สาขา 𝗞𝗼𝗿𝗮𝘁 : โคราช (Head Qaurters)
สาขา3 : ติดโรงเรียน ปลูกปัญญา เส้นสุระ 2 
สาขา1 : ในปั้มปตท. ข้างเดอะมอลล์โคราช
📞 06 1956 5444 
.
🌐𝐖𝐞𝐛𝐬𝐢𝐭𝐞 : https://kvkclinic.com
📺𝐘𝐨𝐮𝐭𝐮𝐛𝐞 : https://youtube.com/@kornvikkaclinic1234?si=PwiLo4SaaXs9J2DS
............................................
#KVKClinic #DrKoong #หมอเจด
#ยกมาตรฐานจริงใจล้ำสมัย 
#ProgramRedTouchPro #เลเซอร์แสงสีแดง",,0,"05/20/2026 20:30",N/A,https://www.facebook.com/KVKClinic/posts/pfbid02MJQMiNzPDbn8k1tbuBg1TZQhVBXDhFC2JBwd32K5d93M8hhsFyf5HBWR4Rizo7Nql,0,0,รูปภาพ,,,,,อายุการใช้งาน,1448,906,5,5,0,0,10,5,4,1,,,,,,
1292923739592559,100066248360694,Kornvikkaclinic,"บูสต์ผิวแน่น...แบบไม่ต้องพักหน้า ด้วยนวัตกรรมพลังงานแสง 675 nm ✨

อยากดูแลผิวให้กระชับ เรียบเนียน แต่กลัวผิวลอก กลัวต้องหลบแดด... ปัญหานี้จะหมดไปด้วย โปรแกรม RedtouchPro

นวัตกรรมคลื่นแสงความยาวคลื่นเฉพาะ 675 nm ที่ส่งตรงลงลึกถึงชั้นผิว (Dermis) เพื่อดูแลเรื่องคอลลาเจนโดยตรง โดยไม่ทำร้ายผิวชั้นบน ไม่ลอก ไม่ตกสะเก็ด🧬

.
🔴 ทำไมต้องเลือกโปรแกรม RedtouchPro ?

▪️ดูแลลึกถึงต้นเหตุ: ช่วยดูแลกระบวนการสร้างคอลลาเจนตามธรรมชาติ

▪️ผิวแลดูเนียนกระชับ: ช่วยให้ผิวดูยืดหยุ่น ริ้วรอยเล็กๆ แลดูจางลง

▪️ปรับมิติผิว: ช่วยดูแลปัญหารูขุมขนกว้าง และสีผิวที่ดูไม่สม่ำเสมอ

▪️ถนอมผิวขั้นสุด: ไม่ทำให้ผิวบางลง คืนความชุ่มชื้นและฟื้นบำรุงผิวหมองคล้ำจากแสงแดดและอายุที่มากขึ้น

.
📌จุดเด่นที่ใครก็หลงรัก (No Downtime)
▪️หลังทำเสร็จ สามารถแต่งหน้าและใช้ชีวิตประจำวันได้ทันที
▪️หน้าไม่แดง ไม่ทิ้งสะเก็ด
▪️อ่อนโยนและตอบโจทย์กับทุกเฉดผิว

💡Tips การดูแลหลังทำ:
ทากันแดด SPF 50+ สม่ำเสมอ / เน้นทามอยซ์เจอไรเซอร์ให้ผิวฉ่ำ / เลี่ยงแดดจัดและงดสครับผิว 3-5 วัน เพื่อผลลัพธ์การฟื้นบำรุงที่เต็มประสิทธิภาพ

💬 สอบถามคิวว่างหรือปรึกษาเพิ่มเติม ทักแชทได้เลยค่ะ
.
.
.
ช่องทางติดต่อสอบถาม แอดมิน+ ปรึกษาแพทย์
𝐋𝐢𝐧𝐞 𝐎𝐀 เป็นช่องทางหลัก
สาขา 𝗞𝗼𝗿𝗮𝘁 : @1stkvk 
.
🔹 สาขา 𝗞𝗼𝗿𝗮𝘁 : โคราช (Head Qaurters)
สาขา3 : ติดโรงเรียน ปลูกปัญญา เส้นสุระ 2 
สาขา1 : ในปั้มปตท. ข้างเดอะมอลล์โคราช
📞 06 1956 5444
.
🌐𝐖𝐞𝐛𝐬𝐢𝐭𝐞 : https://kvkclinic.com
📺𝐘𝐨𝐮𝐭𝐮𝐛𝐞 : https://youtube.com/@kornvikkaclinic1234?si=PwiLo4SaaXs9J2DS
............................................
#KVKClinic #DrKoong #หมอเจด
#ยกมาตรฐานจริงใจล้ำสมัย 
#ProgramRedtouchpro #เลเซอร์แสงสีแดง",,0,"05/21/2026 00:01",N/A,https://www.facebook.com/KVKClinic/posts/pfbid06Dxb4qj7CCg8AwjABKFHYp86wx8R9PYG2SpVFVjFaNqctRbV2F935ifTYx6TNN87l,0,0,รูปภาพ,,,,,อายุการใช้งาน,1296,795,8,8,0,0,2,1,1,,,,,,,
1293137896237810,100066248360694,Kornvikkaclinic,"บอกลาปากแห้งกร้าน หมองคล้ำ! คืนความชุ่มชื้นให้ริมฝีปากดูอวบอิ่มอมชมพูเป็นธรรมชาติทันทีด้วยโปรแกรม Redtouchpro (Pink Plump) 👄✨

.
จากภาพรีวิวจะเห็นเลยว่า หลังทำทันทีริมฝีปากดูเรียบเนียน ร่องปากลึก ๆ ดูตื้นขึ้น และได้สีปากที่ดูสดใสสุขภาพดีขึ้นอย่างเห็นได้ชัด!

ทำไมต้องโปรแกรม Redtouchpro (Pink Plump)ที่ KVKClinic 🧐

🔹 ฟื้นฟูลึกถึงระดับคอลลาเจน:
ตัวเครื่องจะส่งพลังงานลงไปกระตุ้นการสร้างคอลลาเจนและอีลาสตินใต้ผิวริมฝีปากโดยเฉพาะ

🔹 กระตุ้นการไหลเวียน:
ช่วยปรับสภาพผิวริมฝีปากที่เคยหมองคล้ำให้กลับมาดูอมชมพู ระเรื่อ ดูมีเลือดฝาด

🔹 เติมความชุ่มชื้น ลดร่องลึก:
เปลี่ยนปากที่แห้งแตก ให้กลับมาดูนุ่มฟู เรียบเนียน ทาลิปสติกแบบไหนก็สวย ไม่ตกร่อง

.
เพราะที่นี่เราให้ความสำคัญกับ Personalized Analysis ทุกเคสจะได้รับการดูแลอย่างละเอียดเพื่อออกแบบการปรับสภาพผิวริมฝีปากให้เข้ากับคุณที่สุด มั่นใจได้ในผลลัพธ์ที่ดูเป็นธรรมชาติ และดูแลโดยผู้เชี่ยวชาญที่มีประสบการณ์ สะอาด ปลอดภัย ได้มาตรฐาน

👄 อยากเปลี่ยนปากซีด ปากแห้ง ให้เป็นปากนุ่มฟูดูสุขภาพดี?
💬ทักแชทสอบถามข้อมูลเพิ่มเติมได้เลยวันนี้!

.
.
.
ช่องทางติดต่อสอบถาม แอดมิน+ ปรึกษาแพทย์
𝐋𝐢𝐧𝐞 𝐎𝐀 เป็นช่องทางหลัก
สาขา 𝗞𝗼𝗿𝗮𝘁 : @1stkvk 
.
🔹 สาขา 𝗞𝗼𝗿𝗮𝘁 : โคราช (Head Qaurters)
สาขา3 : ติดโรงเรียน ปลูกปัญญา เส้นสุระ 2 
สาขา1 : ในปั้มปตท. ข้างเดอะมอลล์โคราช
📞 06 1956 5444
.
🌐𝐖𝐞𝐛𝐬𝐢𝐭𝐞 : https://kvkclinic.com
📺𝐘𝐨𝐮𝐭𝐮𝐛𝐞 : https://youtube.com/@kornvikkaclinic1234?si=PwiLo4SaaXs9J2DS
............................................
#KVKClinic #DrKoong #หมอเจด
#ยกมาตรฐานจริงใจล้ำสมัย 
#ProgramRedtouchpro #PinkPlump #รีวิวโปรแกรมRedtouchpro #ริมฝีปากอมชมพู",,0,"05/21/2026 05:00",N/A,https://www.facebook.com/KVKClinic/posts/pfbid086jQuToY1VS8pAzhehkMbTTsgWQb1Ct5a3ysKYLY2k9CmHUbXJL2eom5Ykkjwg6Dl,0,0,รูปภาพ,,,,,อายุการใช้งาน,1295,744,7,5,2,0,3,2,,1,,,,,,
1291340896417510,100066248360694,Kornvikkaclinic,"จากรูปร่างที่ดูอวบและเหนื่อยง่าย
วันนี้กลับมามั่นใจขึ้นในเวลา 2 เดือน ✨
.
ก่อนเข้าคอร์สคนไข้มีปัญหาน้ำหนักสะสม
โดยเฉพาะช่วงหน้าท้อง ต้นแขน
ทำให้เวลาถ่ายรูปหรือใส่เสื้อผ้าหลายแบบ
จะรู้สึกว่ารูปร่างดูตันและไม่ค่อยมั่นใจ
คุณหมอจึงวางแผนดูแลน้ำหนักแบบเป็นระบบ
ทั้งเรื่องโภชนาการ และการติดตามผลอย่างต่อเนื่อง
เพื่อให้เหมาะกับร่างกายของคนไข้แต่ละคน
อัปเดตครบ 2 เดือน น้ำหนักลดลง 10 กิโลกรัม
รูปร่างดูเล็กลงอย่างชัดเจน ใบหน้าดูสดใสขึ้น
ช่วยให้ลุคโดยรวมดูคล่องตัวและมั่นใจมากขึ้น
.
คอร์ส Metabolic Program ที่ KVK Clinic
✅ วางแผนดูแลโดยแพทย์แบบเคสต่อเคส
✅ ประเมินปัญหาและพฤติกรรมการใช้ชีวิตก่อนเริ่มโปรแกรม
✅ ออกแบบแนวทางดูแลให้เหมาะกับร่างกายของแต่ละบุคคล
✅ ติดตามผลและปรับแผนอย่างต่อเนื่อง
✅ เน้นดูแลสุขภาพและรูปร่างแบบยั่งยืน",,0,"05/21/2026 05:00",N/A,https://www.facebook.com/KVKClinic/posts/pfbid0evHQ5xwjQS5Dc5Y12gn8ELVuJknGSjjkyrFdi6eRgH1kPbPLPf8b9371ur1SZH6dl,0,0,รูปภาพ,,,,,อายุการใช้งาน,1379,806,4,3,0,1,2,,2,,,,,,,
1293165906235009,100066248360694,Kornvikkaclinic,"#ทำไมต้องให้โปรแกรมนี้เป็นFavorite…เบื้องหลังผิวหน้าแน่น ฟู รูขุมขนกระชับ แบบไม่ต้องพักฟื้น
คืนความอ่อนเยาว์ให้ผิวด้วยโปรแกรม RedTouch Pro นวัตกรรมฟื้นฟูผิวลึกถึงระดับคอลลาเจนใต้ผิวหน้า 💖

เหมาะมากสำหรับผู้ที่มีปัญหาผิวเริ่มหย่อนคล้อย ผิวโทรม หรือรูขุมขนกว้าง

ทุกเคสที่นี่จึงได้รับการออกแบบการส่งพลังงานอย่างละเอียด เพื่อความปลอดภัยอย่างมาตรฐานและผลลัพธ์ที่ตรงจุด สวยขึ้นอย่างเป็นธรรมชาติในแบบที่เป็นคุณ🫶
............................................
#KVKClinic #DrKoong #หมอเจด
#ยกมาตรฐานจริงใจล้ำสมัย
#ProgramRedTouchPro #รีวิวโปรแกรมRedTouchPro","#ทำไมต้องให้โปรแกรมนี้เป็นFavorite…เบื้องหลังผิวหน้าแน่น ฟู รูขุมขนกระชับ แบบไม่ต้องพักฟื้น
คืนความอ่อนเยาว์ให้ผิวด้วยโปรแกรม RedTouch Pro นวัตกรรมฟื้นฟูผิวลึกถึงระดับคอลลาเจนใต้ผิวหน้า 💖

เหมาะมากสำหรับผู้ที่มีปัญหาผิวเริ่มหย่อนคล้อย ผิวโทรม หรือรูขุมขนกว้าง

ทุกเคสที่นี่จึงได้รับการออกแบบการส่งพลังงานอย่างละเอียด เพื่อความปลอดภัยอย่างมาตรฐานและผลลัพธ์ที่ตรงจุด สวยขึ้นอย่างเป็นธรรมชาติในแบบที่เป็นคุณ🫶
............................................
#KVKClinic #DrKoong #หมอเจด
#ยกมาตรฐานจริงใจล้ำสมัย
#ProgramRedTouchPro #รีวิวโปรแกรมRedTouchPro",20,"05/21/2026 05:41",N/A,https://www.facebook.com/reel/844532008204773/,0,0,วิดีโอ,,,,,อายุการใช้งาน,2456,2066,4,4,0,0,7,,7,,,13594.777,6.397,0,0,0
1291342383084028,100066248360694,Kornvikkaclinic,"ครบ 3 เดือนแล้วกับชั้นตาใหม่ ✨
แต่งหน้าง่ายขึ้น มั่นใจขึ้นทุกวัน
.
ก่อนทำตาเคสนี้ชั้นตาเล็กและชั้นตาไม่ชัด
ทำให้เวลาแต่งหน้าต้องกรีดอายไลน์เนอร์
เพื่อให้ตาดูโตขึ้นและชั้นตาชัดขึ้น
เคสนี้แก้ไขด้วยการผ่าตัดตาสองชั้น เพื่อปรับชั้นตาให้ชัดขึ้น
หลังทำครบ 3 เดือนเห็นชั้นตาชัด ปรับดวงตาดูกลมโต
และช่วยให้แต่งหน้าได้ง่ายขึ้นกว่าเดิมเยอะ
.
ผ่าตัดตาสองชั้นที่ KVK Clinic
✅ ดูแลโดยแพทย์มากประสบการณ์
✅ ปรึกษากับคุณหมอก่อนเข้าห้องผ่าตัดทุกเคส
✅ ออกแบบชั้นตาให้เข้ากับแต่ละบุคคล แบบเคสต่อเคส
✅ ติดตามผลและดูแลหลังผ่าตัดอย่างต่อเนื่อง",,0,"05/21/2026 19:00",N/A,https://www.facebook.com/KVKClinic/posts/pfbid0iLHFgAe2hMUcBMnECLhwzmcD1Ne72S74UZJ59wYSHNJLveUo1MT1hePqwoicQjRdl,0,0,รูปภาพ,,,,,อายุการใช้งาน,1355,773,3,3,0,0,0,,,,,,,,,
1293794999505433,100066248360694,Kornvikkaclinic,"เทรนด์ใหม่มาแรงจนฉุดไม่อยู่!  #ลงลิฟท์ คืออะไร? 
ทำไมช่วงนี้มีแต่คนพูดถึง พลาดไม่ได้เลยคลิปนี้! 💖

🤔อยากรู้ว่าเทรนด์นี้คืออะไร? ทำไมถึงฮิตติดลมบน? 
ตามหมอกุ้ง (พญ.กรวิกกา พัฒนะปราน ว38020) มาหาคำตอบและไขข้อข้องใจไปด้วยกันในคลิปนี้เลยค่ะ! 🎬✨

............................................
#KVKClinic #DrKoong #หมอเจด
#ยกมาตรฐานจริงใจล้ำสมัย
#ลงลิฟท์ #เทรนด์มาแรง","เทรนด์ใหม่มาแรงจนฉุดไม่อยู่!  #ลงลิฟท์ คืออะไร? 
ทำไมช่วงนี้มีแต่คนพูดถึง พลาดไม่ได้เลยคลิปนี้! 💖

🤔อยากรู้ว่าเทรนด์นี้คืออะไร? ทำไมถึงฮิตติดลมบน? 
ตามหมอกุ้ง (พญ.กรวิกกา พัฒนะปราน ว38020) มาหาคำตอบและไขข้อข้องใจไปด้วยกันในคลิปนี้เลยค่ะ! 🎬✨

............................................
#KVKClinic #DrKoong #หมอเจด
#ยกมาตรฐานจริงใจล้ำสมัย
#ลงลิฟท์ #เทรนด์มาแรง",157,"05/22/2026 00:32",N/A,https://www.facebook.com/reel/1615209306237901/,0,0,วิดีโอ,,,,,อายุการใช้งาน,2084,1823,18,18,0,0,8,,7,1,,17080.872,9.153,0,0,0
1293909592827307,100066248360694,Kornvikkaclinic,"#รีวิวประสบการณ์ดูแลผิวด้วยโปรแกรม 𝐇𝐚𝐂𝐚 𝐋𝐢𝐟𝐭𝐢𝐧𝐠 ✨

.
ทางเลือกใหม่ของการดูแลผิวแบบ Double Action ที่ช่วยเติมเต็มมิติให้โครงสร้างผิว พร้อมกระตุ้นการทำงานของคอลลาเจนไปพร้อมกัน จุดเด่นของโปรแกรมนี้คือการออกแบบมาเพื่อมอบผลลัพธ์ที่แลดูเป็นธรรมชาติ ผิวดูเรียบเนียน มีมิติ และสมดุล โดยไม่เน้นการเปลี่ยนรูปหน้าเดิมของคุณ

🎯 โปรแกรม 𝐇𝐚𝐂𝐚 𝐋𝐢𝐟𝐭𝐢𝐧𝐠 เหมาะสำหรับผู้ที่ต้องการ:

▪️ดูแลโครงสร้างผิวที่เริ่มหย่อนคล้อยให้กลับดูอิ่มเต็ม

▪️เสริมความสมดุลให้ใบหน้าแลดูเป็นธรรมชาติ มั่นใจในทุกมุมกล้อง

▪️ฟื้นบำรุงและกระตุ้นคอลลาเจน เพื่อผิวที่ดูละเอียดและเรียบเนียนขึ้น

.
👑 ทำไมต้องเลือกดูแลผิวด้วยโปรแกรม 𝐇𝐚𝐂𝐚 𝐋𝐢𝐟𝐭𝐢𝐧𝐠 ที่ KVKClinic ?
เพราะผลลัพธ์ที่งดงามและเป็นธรรมชาติ ไม่ได้ขึ้นอยู่กับตัวผลิตภัณฑ์เพียงอย่างเดียว แต่ต้องอาศัยองค์ประกอบสำคัญที่ KVKClinic  ตั้งใจมอบให้คุณ:

✅ การดีไซน์เฉพาะบุคคล (Customizedคู่สายตา):
ทีมแพทย์ที่ KVKClinic  มีความชำนาญในการวิเคราะห์โครงสร้างชั้นผิวอย่างละเอียด เพราะใบหน้าของแต่ละท่านมีความต้องการที่ต่างกัน เราจึงออกแบบการดูแลแบบ Case by Case เพื่อผลลัพธ์ที่รับกับสรีระใบหน้าของคุณอย่างลงตัว

✅ เทคนิคประณีตเพื่อความผ่อนคลาย:
เราใส่ใจในทุกขั้นตอน ตั้งแต่การเตรียมผิวจนถึงเทคนิคการส่งผ่านตัวยาอย่างเบามือ เพื่อให้คุณรู้สึกสบายและผ่อนคลายตลอดการรับบริการ

✅ มาตรฐานและผลิตภัณฑ์แท้ตรวจสอบได้:
มั่นใจได้ในความปลอดภัย KVKClinic เลือกใช้เฉพาะผลิตภัณฑ์ของแท้ที่ผ่านการรับรองมาตรฐาน นำเข้าอย่างถูกต้อง สามารถตรวจสอบได้ทุกขวด

✅ การดูแลอย่างต่อเนื่องหลังรับบริการ:
เรามีระบบติดตามผลและให้คำแนะนำในการดูแลตัวเองอย่างใกล้ชิด เพื่อให้ผลลัพธ์การกระตุ้นคอลลาเจนและการปรับโครงสร้างผิวอยู่กับคุณได้ยาวนานที่สุด

.
💬 สัมผัสประสบการณ์ผิวดูอิ่มฟูและมีมิติอย่างเป็นธรรมชาติได้แล้ววันนี้
สอบถามข้อมูลเพิ่มเติม หรือนัดหมายปรึกษาคุณหมอเพื่อประเมินสภาพผิวล่วงหน้าได้ที่กล่องข้อความเลยค่ะ 🤍
.
.
.
ช่องทางติดต่อสอบถาม แอดมิน+ ปรึกษาแพทย์
𝐋𝐢𝐧𝐞 𝐎𝐀 เป็นช่องทางหลัก
สาขา 𝗞𝗼𝗿𝗮𝘁 : @1stkvk 
.
🔹 สาขา 𝗞𝗼𝗿𝗮𝘁 : โคราช (Head Qaurters)
สาขา3 : ติดโรงเรียน ปลูกปัญญา เส้นสุระ 2 
สาขา1 : ในปั้มปตท. ข้างเดอะมอลล์โคราช
📞 06 1956 5444
.
🌐𝐖𝐞𝐛𝐬𝐢𝐭𝐞 : https://kvkclinic.com
📺𝐘𝐨𝐮𝐭𝐮𝐛𝐞 : https://youtube.com/@kornvikkaclinic1234?si=PwiLo4SaaXs9J2DS
............................................
#KVKClinic #DrKoong #หมอเจด
#ยกมาตรฐานจริงใจล้ำสมัย 
#ProgramHarmonyCa #รีวิวความงาม #ดูแลผิวพรรณ #กระตุ้นคอลลาเจน",,0,"05/22/2026 04:01",N/A,https://www.facebook.com/KVKClinic/posts/pfbid0EWbLnnKEwyZpiWDWJuDwbbZvYBGiaUiaJ9gdtxe2uhKbwTk7kw32TNc82n9LuxS5l,0,0,รูปภาพ,,,,,อายุการใช้งาน,1224,711,4,4,0,0,17,15,2,,,,,,,
1292176756333924,100066248360694,Kornvikkaclinic,"ปัญหาจมูกแหงน มุมข้างไม่มีมิติ
วันนี้ละมุนขึ้นจนหน้าดูเปลี่ยน 👃✨
.
เคสนี้ก่อนทำปลายจมูกมีความแหงน
ทำให้เห็นรูจมูกค่อนข้างชัดเวลามองด้านข้าง
รวมถึงสันจมูกเดิม ส่งผลให้ใบหน้าโดยรวมดูขาดมิติ
คุณหมอจึงแก้ไขด้วยโปรแกรมเสริมจมูก
พร้อมออกแบบปลายจมูกใหม่ให้รับกับใบหน้า
เน้นทรงที่ดูพุ่งขึ้นอย่างพอดีและยังคงความธรรมชาติ
หลังทำปลายจมูกดูละมุนขึ้นและช่วยปรับฐานจมูกให้ดูเรียว
มุมด้านข้างดูมีมิติและใบหน้าโดยรวมดูหวานขึ้น
.
ผ่าตัดเสริมจมูกที่ KVK Clinic
✅ ดูแลโดยแพทย์มากประสบการณ์
✅ ปรึกษากับคุณหมอก่อนเข้าห้องผ่าตัดทุกเคส
✅ ออกแบบทรงจมูกให้เข้ากับแต่ละบุคคล แบบเคสต่อเคส
✅ ติดตามผลและดูแลหลังผ่าตัดอย่างต่อเนื่อง",,0,"05/22/2026 04:30",N/A,https://www.facebook.com/KVKClinic/posts/pfbid02iBS9dmFDueLPGVffxLgHzJav7FYV6o1YciFuXeKkLcTbGsCFZ9jeGd1EQh7bo98bl,0,0,รูปภาพ,,,,,อายุการใช้งาน,1381,873,7,6,0,1,6,2,4,,,,,,,
1293936169491316,100066248360694,Kornvikkaclinic,"เบื้องหลังการดูแลที่ตอบโจทย์ คือการเรียนรู้อย่างต่อเนื่อง 📚✨

พาชมภาพบรรยากาศการทำ Workshop ภายในของทีมแพทย์ KVK Clinic ที่เต็มไปด้วยความมุ่งมั่น ตั้งใจ และการแลกเปลี่ยนมุมมองทางวิชาการอย่างเข้มข้น เพื่อเป้าหมายเดียวคือ ""การยกระดับมาตรฐานการดูแลในทุกขั้นตอน""

.
การเติบโตร่วมกัน (Growing Together) ของทีมแพทย์เราในครั้งนี้ แบ่งออกเป็นขั้นตอนที่ละเอียดถี่ถ้วน:

🔸 The Classroom & Discussion: ร่วมศึกษาเคสและอัปเดตองค์ความรู้ใหม่ ๆ ในห้องประชุม เพื่อวิเคราะห์ความต้องการและโครงสร้างใบหน้าที่หลากหลาย

🔸 Facial Mapping & Analysis: ลงมือประเมินโครงสร้างใบหน้าจริงร่วมกันอย่างละเอียด โดยมีการใช้เทคนิคการประเมินสัดส่วน เพื่อความแม่นยำก่อนการวางแผน

🔸 Technique Sharing: การแชร์เทคนิคเฉพาะของแพทย์แต่ละท่าน เพื่อประสานร่วมเป็นมาตรฐานการดูแลที่มีประสิทธิภาพสูงสุดของคลินิก

.
นี่คือเหตุผลที่ทีมแพทย์ KVK Clinic นำโดย

👩‍⚕️คุณหมอกุ้ง (พญ.กรวิกกา พัฒนะปราน ว38020)
👩‍⚕️คุณหมอป๊อบ (พญ.ศวิตา ทองขุนวงศ์ ว59456)
👩‍⚕️คุณหมอเกด (พญ.วิภาวรรณ พนมชัย ว48034)
🧑‍⚕️คุณหมอโตโต้ (นพ.ธันยาวุฒิ  เรืองธนานุรักษ์ ว63955)

ร่วมกันจัดเซสชันพิเศษ ""Program Facial Structure Workshop"" ขึ้นมา เพื่อร่วมกันอัปเดตและวิเคราะห์เจาะลึกในทุกตารางมิลลิเมตรบนใบหน้า
🌱 มุ่งมั่น พัฒนา และเติบโตไปด้วยกัน เพื่อความมั่นใจในแบบที่เป็นคุณ
............................................
#KVKClinic #DrKoong #หมอเจด
#ยกมาตรฐานจริงใจล้ำสมัย
#FacialStructureWorkshop #วิเคราะห์โครงสร้างใบหน้า",,0,"05/22/2026 05:30",N/A,https://www.facebook.com/KVKClinic/posts/pfbid02x46S928g8kTkJvsfALXyZjjpAc3h8fZp19PmoT35FZmyP5BFw2Tb8WyZDLaXFwubl,0,0,รูปภาพ,,,,,อายุการใช้งาน,2225,1209,22,16,0,6,100,79,21,,,,,,,
1294590679425865,100066248360694,Kornvikkaclinic,"เบื้องหลังผลลัพธ์ที่ตอบโจทย์ คือการไม่หยุดเรียนรู้ของทีมแพทย์ KVK Clinic 📚🩺

""เพราะทุก Detail สำคัญ"" ทีมแพทย์ของเราจึงใส่ใจตั้งแต่การคัดสรรเทคโนโลยีที่ทันสมัย ไปจนถึงการอัปเดตเทคนิคการแพทย์ใหม่ๆ อยู่เสมอ เพื่อนำมาปรับใช้ให้เหมาะกับโครงสร้างใบหน้าของแต่ละบุคคลอย่างประณีต

มั่นใจในทุกขั้นตอนการดูแล ด้วยความรู้ที่ทันสมัยและดีไซน์ที่ออกแบบมาเพื่อคุณโดยเฉพาะ 🌟

อยากปรับตรงไหนให้ตอบโจทย์ สามารถเข้ามาปรึกษากับทีมแพทย์ของเราได้เลยค่ะ 🗓️ 
............................................
#KVKClinic #DrKoong #หมอเจด
#ยกมาตรฐานจริงใจล้ำสมัย
#ทีมแพทย์KVK #อัปเดตความรู้ #นวัตกรรมผิวพรรณ","เบื้องหลังผลลัพธ์ที่ตอบโจทย์ คือการไม่หยุดเรียนรู้ของทีมแพทย์ KVK Clinic 📚🩺

""เพราะทุก Detail สำคัญ"" ทีมแพทย์ของเราจึงใส่ใจตั้งแต่การคัดสรรเทคโนโลยีที่ทันสมัย ไปจนถึงการอัปเดตเทคนิคการแพทย์ใหม่ๆ อยู่เสมอ เพื่อนำมาปรับใช้ให้เหมาะกับโครงสร้างใบหน้าของแต่ละบุคคลอย่างประณีต

มั่นใจในทุกขั้นตอนการดูแล ด้วยความรู้ที่ทันสมัยและดีไซน์ที่ออกแบบมาเพื่อคุณโดยเฉพาะ 🌟

อยากปรับตรงไหนให้ตอบโจทย์ สามารถเข้ามาปรึกษากับทีมแพทย์ของเราได้เลยค่ะ 🗓️ 
............................................
#KVKClinic #DrKoong #หมอเจด
#ยกมาตรฐานจริงใจล้ำสมัย
#ทีมแพทย์KVK #อัปเดตความรู้ #นวัตกรรมผิวพรรณ",80,"05/22/2026 23:39",N/A,https://www.facebook.com/reel/1538344087961780/,0,0,วิดีโอ,,,,,อายุการใช้งาน,1802,1556,14,12,0,2,13,,13,,,8977.588,5.534,0,0,0
1294651619419771,100066248360694,Kornvikkaclinic,"✨คืนความกระจ่างใส สลายจุดด่างดำตรงจุดกับโปรแกรม Pico Laser ที่ KVKClinic 

หมดกังวลเรื่องรอยดำและผิวหมองคล้ำ ด้วยเทคโนโลยีดูแลผิวที่ตอบโจทย์ไลฟ์สไตล์ยุคใหม่ ช่วยดูแลปัญหาผิวได้อย่างตรงจุดและอ่อนโยน

.
ทำไมต้องเลือกโปรแกรม Pico Laser ที่ KVK Clinic 🧐

🔸จัดการเม็ดสีอย่างละเอียด:
ด้วยความเร็วระดับ Picosecond ที่ส่งพลังงานไปที่เม็ดสี (Melanin) โดยตรง ทำให้เม็ดสีที่ผิดปกติแตกตัวเป็นอนุภาคเล็กๆ ซึ่งช่วยให้ร่างกายขับออกตามธรรมชาติได้ง่ายขึ้น

🔸ดูแลปัญหาผิวได้หลากหลาย (Multitasking):
ครอบคลุมทั้งปัญหารอยดำ รอยแดงจากสิว ฝ้า กระ ปรับสีผิวให้แลดูสม่ำเสมอ รวมถึงช่วยดูแลเรื่องการลบรอยสัก

🔸ฟื้นบำรุงและกระตุ้นผิวจากภายใน:
มีโหมดพิเศษที่ช่วยกระตุ้นการสร้าง Collagen และ Elastin ใหม่ใต้ผิว ช่วยให้รูขุมขนแลดูกระชับและผิวเรียบเนียนขึ้นอย่างเป็นธรรมชาติ

🔸อ่อนโยนต่อผิว ลดความเสี่ยงผลข้างเคียง:
ใช้หลักการ Photoacoustic (ส่งพลังงานแสงเปลี่ยนเป็นแรงดัน) แทนการใช้ความร้อนสูง ผิวจึงไม่สะสมความร้อน ช่วยลดโอกาสเกิดรอยดำหลังทำ (PIH)

🔸ไม่ต้องพักฟื้นนาน:
หลังทำอาจมีเพียงรอยแดงจางๆ ซึ่งจะค่อยๆ หายไปเอง สามารถใช้ชีวิตประจำวันหรือแต่งหน้าต่อได้ตามปกติ

.
ร่วมออกแบบโปรแกรมดูแลผิวที่เหมาะกับคุณได้แล้ววันนี้
📥 สนใจสอบถามรายละเอียดเพิ่มเติมหรือนัดหมายคิวล่วงหน้า ทักแชทหาแอดมินได้เลยค่ะ
.
.
.
ช่องทางติดต่อสอบถาม แอดมิน+ ปรึกษาแพทย์
𝐋𝐢𝐧𝐞 𝐎𝐀 เป็นช่องทางหลัก
สาขา 𝗞𝗼𝗿𝗮𝘁 : @1stkvk 
.
🔹 สาขา 𝗞𝗼𝗿𝗮𝘁 : โคราช (Head Qaurters)
สาขา3 : ติดโรงเรียน ปลูกปัญญา เส้นสุระ 2 
สาขา1 : ในปั้มปตท. ข้างเดอะมอลล์โคราช
📞 06 1956 5444
.
🌐𝐖𝐞𝐛𝐬𝐢𝐭𝐞 : https://kvkclinic.com
📺𝐘𝐨𝐮𝐭𝐮𝐛𝐞 : https://youtube.com/@kornvikkaclinic1234?si=PwiLo4SaaXs9J2DS
............................................
#KVKClinic #DrKoong #หมอเจด
#ยกมาตรฐานจริงใจล้ำสมัย 
#ProgramPicoLaser #เคล็ดลับผิวใส",,0,"05/23/2026 02:05",N/A,https://www.facebook.com/KVKClinic/posts/pfbid02hfBZAPYYuczcq5KadhYxG6BHLB92nkPGbEgS3uZqMwatJSn9PjkaC8kZmu197rhTl,0,0,รูปภาพ,,,,,อายุการใช้งาน,1100,620,1,1,0,0,4,3,,1,,,,,,
1294657606085839,100066248360694,Kornvikkaclinic,"เครื่องดีแค่ไหนก็เอาไม่อยู่... ถ้าขาดสิ่งนี้! เพราะ #AfterCare สำคัญไม่แพ้ตัวโปรแกรม 💥

รู้ไหมคะว่า การดูแลตัวเองหลังจากทำโปรแกรมเลเซอร์ มีส่วนช่วยส่งเสริมผลลัพธ์โดยรวมมากถึง 70% เลยนะ! ยิ่งดูแลถูกวิธี ผิวยิ่งฟื้นฟูได้เต็มประสิทธิภาพ คุ้มค่ากับที่เราตั้งใจมาดูแลผิวแน่นอนค่ะ 💸✨

▶️มาฟังทริคการดูแลผิวหลังทำโปรแกรมเลเซอร์แบบเข้าใจง่ายจาก หมอกุ้ง (พญ.กรวิกา พัฒนะปราน ว38020) ในคลิปนี้กันเลย!
............................................
#KVKClinic #DrKoong #หมอเจด
#ยกมาตรฐานจริงใจล้ำสมัย
#AfterCare #ดูแลผิวหลังเลเซอร์ #เคล็ดลับผิวดี","เครื่องดีแค่ไหนก็เอาไม่อยู่... ถ้าขาดสิ่งนี้! เพราะ #AfterCare สำคัญไม่แพ้ตัวโปรแกรม 💥

รู้ไหมคะว่า การดูแลตัวเองหลังจากทำโปรแกรมเลเซอร์ มีส่วนช่วยส่งเสริมผลลัพธ์โดยรวมมากถึง 70% เลยนะ! ยิ่งดูแลถูกวิธี ผิวยิ่งฟื้นฟูได้เต็มประสิทธิภาพ คุ้มค่ากับที่เราตั้งใจมาดูแลผิวแน่นอนค่ะ 💸✨

▶️มาฟังทริคการดูแลผิวหลังทำโปรแกรมเลเซอร์แบบเข้าใจง่ายจาก หมอกุ้ง (พญ.กรวิกา พัฒนะปราน ว38020) ในคลิปนี้กันเลย!
............................................
#KVKClinic #DrKoong #หมอเจด
#ยกมาตรฐานจริงใจล้ำสมัย
#AfterCare #ดูแลผิวหลังเลเซอร์ #เคล็ดลับผิวดี",133,"05/23/2026 04:00",N/A,https://www.facebook.com/reel/1481779730113107/,0,0,วิดีโอ,,,,,อายุการใช้งาน,2170,1840,16,13,0,3,10,,10,,,13901.894,7.129,0,0,0
1292233619661571,100066248360694,Kornvikkaclinic,"จากน้ำหนัก 155 กิโล
สู่เวอร์ชันที่มั่นใจขึ้นในทุกวัน
.
ก่อนเข้าคอร์สคนไข้มีปัญหาน้ำหนักสะสมค่อนข้างมาก 
ทำให้เวลาขยับตัวหรือทำกิจกรรมต่าง ๆ รู้สึกเหนื่อยง่าย 
มีปัญหานอนกรนและมีภาวะเกือบหยุดหายใจขณะนอนหลับ
คุณหมอจึงวางแผนดูแลรูปร่างแบบเป็นระบบ
ทั้งเรื่องโภชนาการ การใช้ชีวิต และติดตามผลอย่างต่อเนื่อง 
หลังดูแลต่อเนื่อง น้ำหนักลดลงเหลือ 127 กิโลกรัม 
รูปร่างดูเล็กลงอย่างชัดเจน สุขภาพโดยรวมดีขึ้น
ขยับตัวได้คล่องตัวและกลับมามั่นใจในตัวเองมากขึ้น
.
คอร์ส Metabolic Program ที่ KVK Clinic
✅ วางแผนดูแลโดยแพทย์แบบเคสต่อเคส
✅ ประเมินปัญหาและพฤติกรรมการใช้ชีวิตก่อนเริ่มโปรแกรม
✅ ออกแบบแนวทางดูแลให้เหมาะกับร่างกายของแต่ละบุคคล
✅ ติดตามผลและปรับแผนอย่างต่อเนื่อง
✅ เน้นดูแลสุขภาพและรูปร่างแบบยั่งยืน",,0,"05/23/2026 04:30",N/A,https://www.facebook.com/KVKClinic/posts/pfbid02111VhRC8TufgZUXxMsxKT9wgkXbE4yMyR5uLkUabbpJ3N71e44yGoWGLMuWGV2mbl,0,0,รูปภาพ,,,,,อายุการใช้งาน,1463,909,5,4,1,0,27,17,10,,,,,,,
1293063026245297,100066248360694,Kornvikkaclinic,"หน้าดูง่วง ไม่ใช่เพราะนอนน้อย
แต่อาจเป็นเพราะ “กล้ามเนื้อตาอ่อนแรง”
.
ก่อนทำเคสนี้มีภาวะกล้ามเนื้อตาอ่อนแรง
ทำให้ตาข้างซ้ายดูตกและลืมตาได้ไม่เต็มที่
ส่งผลให้ตาทั้งสองข้างดูไม่เท่ากัน
เวลามองหน้าตรงตาดูง่วงและไม่สดใส
คุณหมอจึงแก้ไขด้วยการปรับกล้ามเนื้อตา
โดยทำร่วมกับการผ่าตัดตาสองชั้น
และออกแบบชั้นตาใหม่ให้เหมาะกับรูปตาเดิม 
หลังทำครบ 1 เดือนดวงตาดูเปิดขึ้นและชั้นตาชัดแลดูธรรมชาติ
.
ผ่าตัดตาสองชั้นที่ KVK Clinic
✅ ดูแลโดยแพทย์มากประสบการณ์
✅ ปรึกษากับคุณหมอก่อนเข้าห้องผ่าตัดทุกเคส
✅ ออกแบบชั้นตาให้เข้ากับแต่ละบุคคล แบบเคสต่อเคส
✅ ติดตามผลและดูแลหลังผ่าตัดอย่างต่อเนื่อง",,0,"05/23/2026 18:00",N/A,https://www.facebook.com/KVKClinic/posts/pfbid0UXfMmeKLfKrE9E2N3Z5CxAy4YRb977LYR76gm85LZCrxhE1LQDx8WrTi5zpFTZmDl,0,0,รูปภาพ,,,,,อายุการใช้งาน,929,589,1,1,0,0,0,,,,,,,,,
1295307286020871,100066248360694,Kornvikkaclinic,https://www.facebook.com/share/1H8xUd3BQD/?mibextid=wwXIfr,,0,"05/23/2026 21:26",N/A,https://www.facebook.com/KVKClinic/posts/pfbid02oMsVjJXDrPpqCSyL7sm1GVMdcU7WpyxV7WGAUrnjgof7Wph3WweEksCm14xZeTsml,0,1,รูปภาพ,,,,,อายุการใช้งาน,1096,703,4,4,0,0,50,24,26,,,,,,,
1295320616019538,100066248360694,Kornvikkaclinic,https://www.facebook.com/share/1H8xUd3BQD/?mibextid=wwXIfr,,0,"05/23/2026 21:51",N/A,https://www.facebook.com/KVKClinic/posts/pfbid02hDjgyAh4bkUQhTTE6n1wJdCpQxqvVV4oQGqFoNwmKeXPbhaNwMPjYNPLG8yBpgQbl,0,1,รูปภาพ,,,,,อายุการใช้งาน,1085,682,5,5,0,0,23,17,6,,,,,,,
1295360002682266,100066248360694,Kornvikkaclinic,"#หลุมสิว แต่ละประเภท ดูแลเหมือนหรือต่างกันอย่างไร❓ 
🧐 ปัญหาหลุมสิว... เรื่องผิวที่ต้องวิเคราะห์ให้ตรงจุด 

เพราะโครงสร้างผังผืดและลักษณะของหลุมสิวแต่ละคนไม่เหมือนกัน การดูแลจึงต้องออกแบบให้เหมาะสมกับสภาพผิวเฉพาะบุคคล

วันนี้มาฟังคุณหมอกุ้ง (พญ.กรวิกกา พัฒนะปราน ว38020) แชร์ความรู้เกี่ยวกับการแยกประเภทหลุมสิว และแนวทางการดูแลอย่างถูกวิธีกันค่ะ นำไปปรับใช้กับผิวตัวเองได้เลย 🤍

*ผลลัพธ์ขึ้นอยู่กับแต่ละบุคคล
............................................
#KVKClinic #DrKoong #หมอเจด
#ยกมาตรฐานจริงใจล้ำสมัย
#ความรู้คู่ผิวดี #ปรึกษาเรื่องผิว #หลุมสิว","#หลุมสิว แต่ละประเภท ดูแลเหมือนหรือต่างกันอย่างไร❓ 
🧐 ปัญหาหลุมสิว... เรื่องผิวที่ต้องวิเคราะห์ให้ตรงจุด 

เพราะโครงสร้างผังผืดและลักษณะของหลุมสิวแต่ละคนไม่เหมือนกัน การดูแลจึงต้องออกแบบให้เหมาะสมกับสภาพผิวเฉพาะบุคคล

วันนี้มาฟังคุณหมอกุ้ง (พญ.กรวิกกา พัฒนะปราน ว38020) แชร์ความรู้เกี่ยวกับการแยกประเภทหลุมสิว และแนวทางการดูแลอย่างถูกวิธีกันค่ะ นำไปปรับใช้กับผิวตัวเองได้เลย 🤍

*ผลลัพธ์ขึ้นอยู่กับแต่ละบุคคล
............................................
#KVKClinic #DrKoong #หมอเจด
#ยกมาตรฐานจริงใจล้ำสมัย
#ความรู้คู่ผิวดี #ปรึกษาเรื่องผิว #หลุมสิว",190,"05/23/2026 23:05",N/A,https://www.facebook.com/reel/1679478016421311/,0,0,วิดีโอ,,,,,อายุการใช้งาน,1786,1639,10,8,0,2,4,,4,,,20346.781,12.505,0,0,0
1295502399334693,100066248360694,Kornvikkaclinic,"บอกลาวงจรสิวซ้ำซาก.. กลับมายิ้มได้อย่างมั่นใจอีกครั้ง 🥹✨
เข้าใจเลยว่ามันท้อแค่ไหน เวลาที่สิวเก่าเพิ่งยุบ สิวใหม่ก็ขึ้นซ้ำที่เดิม แถมทิ้งรอยแดง (PIE) ไว้เต็มแก้มจนไม่กล้าเปิดหน้าสด... แต่รีวิวพลีชีพจากคนไข้จริงเคสนี้คือข้อพิสูจน์ค่ะว่า “ผิวพังแค่ไหน ก็กลับมา Happy Skin ได้” ด้วย Acne Clear Program ที่ KVK Clinic 

.
📌 3 เหตุผลที่ต้องเลือกโปรแกรมนี้ที่ KVK Clinic :

1️⃣ คุณหมอดีไซน์เคสต่อเคส ไม่ใช่การรักษาแบบเหมาเข่ง ตรงจุดไหนวิกฤต คุณหมอเน้นย้ำให้เป็นพิเศษ

2️⃣ จัดการสิว + เคลียร์รอยแดง (PIE) ไปพร้อมกัน ไม่ต้องรอนาน

3️⃣ ผิวแข็งแรงขึ้นจริง ไม่บาง ไม่เลี้ยงไข้

.
เลิกกังวลแล้วส่งต่อหน้าที่นี้ให้คุณหมอที่ KVK Clinic ดูแลนะคะ เดินเข้ามาพร้อมความกังวล แล้วเตรียมเดินออกไปพร้อมรอยยิ้มและความมั่นใจกันค่ะ 💖

💬 สนใจกู้ผิวใส ทักแชทปรึกษาคุณหมอหรือจองคิวล่วงหน้าได้เลยน้า
(ภาพรีวิวได้รับอนุญาตจากคนไข้จริงเรียบร้อยแล้ว *ผลลัพธ์ขึ้นอยู่กับสภาพผิวของแต่ละบุคคล)
.
.
.
ช่องทางติดต่อสอบถาม แอดมิน+ ปรึกษาแพทย์
𝐋𝐢𝐧𝐞 𝐎𝐀 เป็นช่องทางหลัก
สาขา 𝗞𝗼𝗿𝗮𝘁 : @1stkvk 
.
🔹 สาขา 𝗞𝗼𝗿𝗮𝘁 : โคราช (Head Qaurters)
สาขา3 : ติดโรงเรียน ปลูกปัญญา เส้นสุระ 2 
สาขา1 : ในปั้มปตท. ข้างเดอะมอลล์โคราช
📞 06 1956 5444
.
🌐𝐖𝐞𝐛𝐬𝐢𝐭𝐞 : https://kvkclinic.com
📺𝐘𝐨𝐮𝐭𝐮𝐛𝐞 : https://youtube.com/@kornvikkaclinic1234?si=PwiLo4SaaXs9J2DS
............................................
#KVKClinic #DrKoong #หมอเจด
#ยกมาตรฐานจริงใจล้ำสมัย 
#AcneClearProgram #รักษาสิวแบบเฉพาะบุคคล #ผิวดีที่KVK",,0,"05/24/2026 03:14",N/A,https://www.facebook.com/KVKClinic/posts/pfbid0jmwEuQmPq6PsqbSu8RQ91gs9y983cvjwyFcvEhqBuAPh5826nN3SG5V2YLs5XJGSl,0,0,รูปภาพ,,,,,อายุการใช้งาน,984,591,4,4,0,0,18,10,6,2,,,,,,
1293860852832181,100066248360694,Kornvikkaclinic,"แค่ปรับทรงใหม่ให้พอดีกับตัว
ช่วยให้ทุกลุคดูดีขึ้นแบบธรรมชาติ 🍼✨
.
เคสนี้เดิมคนไข้มีหน้าอกค่อนข้างน้อย
ทำให้เวลาใส่เสื้อผ้าหลายแบบดูไม่เต็มทรง
โดยเฉพาะคนที่ชอบแต่งตัวและถ่ายรูป
เคสนี้แก้ไข้ด้วยโปรแกรมเสริมหน้าอก
อัปเดตครบ 4 ปี ทรงหน้าอกยังดูสวยละมุน
เข้ากับรูปร่าง และช่วยเพิ่มความมั่นใจได้อย่างเป็นธรรมชาติ
.
ผ่าตัดเสริมหน้าอกที่ KVK Clinic
✅ ดูแลโดยแพทย์มากประสบการณ์
✅ ปรึกษากับคุณหมอก่อนเข้าห้องผ่าตัดทุกเคส
✅ ออกแบบข้างต่อข้างให้เข้ากับแต่ละบุคคล แบบเคสต่อเคส
✅ ติดตามผลและดูแลหลังผ่าตัดอย่างต่อเนื่อง",,0,"05/24/2026 04:00",N/A,https://www.facebook.com/KVKClinic/posts/pfbid02w5QzTqReJxnjb5p7Ati19BrZBCXkaU2sU6g5TrnEFRQGUMhQrPo1D1jMmAtz3GiBl,0,0,รูปภาพ,,,,,อายุการใช้งาน,854,509,1,1,0,0,1,,1,,,,,,,
1295521639332769,100066248360694,Kornvikkaclinic,"📢 𝐏𝐀𝐘𝐃𝐀𝐘 𝐃𝐄𝐀𝐋𝐒! สวยคุ้มส่งท้ายเดือนที่ 𝐊𝐕𝐊𝐂𝐥𝐢𝐧𝐢𝐜 
รอบนี้เราจัดแพ็กเกจตั๋วเดินทางความสวยมาให้เลือกถึง 5 เส้นทางบิน สะดวกแบบไหน เลือกเช็กอินเส้นทางนั้นได้เลยค่ะ! พร้อมข้อเสนอพิเศษ ผ่อนสบายๆ 𝟎% นานสูงสุด 6 เดือน 💳✨

.
🛫 เลือกคลาสที่ใช่ แล้วก้าวขาขึ้นเครื่องมาเลย:

🤎 KVK Economy Route | เปิดบิล 10,000.- รับวงเงินเพิ่ม 1,000.-

💚 KVK Premium Eco Route | เปิดบิล 20,000.- รับวงเงินเพิ่ม 2,000.-

❤️ KVK Business Route | เปิดบิล 40,000.- รับวงเงินเพิ่ม 4,000.-

💙 KVK First Class Route | เปิดบิล 50,000.- รับวงเงินเพิ่ม 5,000.-

💜 KVK Private Jet Route | เปิดบิล 100,000.- รับวงเงินเพิ่ม 10,000.-

.
ใครกำลังมองหาคลินิกที่เข้าใจทุก Lifestyle ต้องที่ KVKClinic  ตอบโจทย์ทุกปัญหากังวลใจ  เลือกได้ตามใจชอบ เข้ามาลองแล้วจะเลิฟ! 🫶

🗓️วันนี้ 25- 31 พฤษภาคม 2569

.
.
.
ช่องทางติดต่อสอบถาม แอดมิน+ ปรึกษาแพทย์
𝐋𝐢𝐧𝐞 𝐎𝐀 เป็นช่องทางหลัก
สาขา 𝗞𝗼𝗿𝗮𝘁 : @1stkvk 
.
🔹 สาขา 𝗞𝗼𝗿𝗮𝘁 : โคราช (Head Qaurters)
สาขา3 : ติดโรงเรียน ปลูกปัญญา เส้นสุระ 2 
สาขา1 : ในปั้มปตท. ข้างเดอะมอลล์โคราช
📞 06 1956 5444
.
🌐𝐖𝐞𝐛𝐬𝐢𝐭𝐞 : https://kvkclinic.com
📺𝐘𝐨𝐮𝐭𝐮𝐛𝐞 : https://youtube.com/@kornvikkaclinic1234?si=PwiLo4SaaXs9J2DS
............................................
#KVKClinic #DrKoong #หมอเจด
#ยกมาตรฐานจริงใจล้ำสมัย 
#KVKPaydayDeals #สวยคุ้มส่งท้ายเดือน #ทุกไลฟ์สไตล์ที่KVK",,0,"05/24/2026 05:30",N/A,https://www.facebook.com/KVKClinic/posts/pfbid0aEEwX7u8qLKxUu5zB13uZCjbzX5mhBUDRv8iumfbSzE1EfJTfoAh7Qj3E6LrJNqdl,0,0,รูปภาพ,,,,,อายุการใช้งาน,1003,572,4,2,0,2,18,16,2,,,,,,,
1293862079498725,100066248360694,Kornvikkaclinic,"ตาที่เคยปรือ ดูไม่เท่ากัน
แค่แก้ไขถูกจุด ลุคก็เปลี่ยนทั้งหน้า 👁👁✨
.
เคสนี้มีปัญหาตาไม่เท่ากัน ตาข้างที่มีปัญหาคือตาข้างซ้าย 
ชั้นตาไม่ชัด ส่วนตาข้างขวากล้ามเนื้อตาตก ตาปรือ 
คุณหมอแก้ไขปรับกล้ามเนื้อตา โดยทำร่วมกับทำตาสองชั้น
ออกแบบชั้นตาใหม่ เพื่อให้ชั้นตาดูชัดขึ้น
หลังทำครบ 1 เดือนตาดูใกล้เคียงกับตาข้างขวา
ชั้นตาเริ่มเข้าที่ ลุคโดยรวมดูสดใสและมั่นใจขึ้น
.
ผ่าตัดตาสองชั้นที่ KVK Clinic
✅ ดูแลโดยแพทย์มากประสบการณ์
✅ ปรึกษากับคุณหมอก่อนเข้าห้องผ่าตัดทุกเคส
✅ ออกแบบชั้นตาให้เข้ากับแต่ละบุคคล แบบเคสต่อเคส
✅ ติดตามผลและดูแลหลังผ่าตัดอย่างต่อเนื่อง",,0,"05/24/2026 19:00",N/A,https://www.facebook.com/KVKClinic/posts/pfbid033864ebsyJmYcbumkqfRGPoSm6Jb2DJY4AtJeomufiTAZnvqC7gK5sj7xK9QQLMs8l,0,0,รูปภาพ,,,,,อายุการใช้งาน,718,444,2,2,0,0,1,1,,,,,,,,
1296080812610185,100066248360694,Kornvikkaclinic,"เจาะลึกเทรนด์และเทคโนโลยีความงามยุคใหม่ ไปกับคุณหมอกุ้ง 💡✨
ได้รับเกียรติเข้าร่วมงานประชุมวิชาการครั้งสำคัญ ""THE CONVERGENCE OF AESTHETIC SCIENCE TRENDS, TECHNOLOGY, AND TRANSFORMATION""

🌟จบลงไปอย่างงดงาม สำหรับงานสัมมนาวิชาการระดับแนวหน้า ที่รวบรวมวิทยาศาสตร์แห่งความงามและเทคโนโลยีล้ำสมัยเข้าไว้ด้วยกัน โดยคุณหมอกุ้ง (พญ.กรวิกกา พัฒนะะปราน ว38020) ได้ร่วมแชร์ประสบการณ์ร่วมกับอาจารย์แพทย์และผู้เชี่ยวชาญระดับแนวหน้าของเมืองไทย ณ อาคารภูมิสิริมังคลานุสรณ์ โรงพยาบาลจุฬาลงกรณ์ 

🧪ภายในงานนี้ คุณหมอกุ้งได้รับหน้าที่สำคัญในฐานะ Hands-on Instructor ขึ้นถ่ายทอดเทคนิคและสาธิตการทำ Live Demonstration ในหัวข้อ ""XERF Face Tightening and Lifting"" ร่วมกับเทรนด์การดูแลผิวด้วยสารสกัดโพลีนิวคลีโอไทด์ (Polynucleotide) ซึ่งเป็นนวัตกรรมการฟื้นฟูผิวที่กำลังมาแรงที่สุดในขณะนี้ 

🔬งานนี้เป็นการผสานพลังระหว่างศาสตร์แห่งความงามและเทคโนโลยีระดับมาตรฐานสากล เพื่ออัปเดตเทคนิคการดูแลผิวที่ล้ำสมัยและตอบโจทย์ปัญหาผิวได้อย่างครอบคลุมที่สุด

มาร่วมเปิดประสบการณ์การดูแลผิวพรรณด้วยมาตรฐานระดับสากลและเทคนิคเฉพาะตัวของคุณหมอกุ้งได้แล้ววันนี้ที่ KVK Clinic นะคะ 🤍

............................................
#KVKClinic #DrKoong #หมอเจด
#ยกมาตรฐานจริงใจล้ำสมัย
#AESLA #TheConvergenceofAestheticScienceTrendsTechnologyandTransformation #AestheticTransformation #XERFInstructor
#RegenerativeMedicine",,0,"05/24/2026 21:30",N/A,https://www.facebook.com/KVKClinic/posts/pfbid0261j6ivJBnNWtx4BYHaYAMoa5VrHRXrNRmu2Wa12VcHrHXsHuxRU7PtJ6EjED2aeMl,0,0,รูปภาพ,,,,,อายุการใช้งาน,1069,649,13,11,0,2,17,10,7,,,,,,,
1296270899257843,100066248360694,Kornvikkaclinic,"ล็อกกรอบหน้าให้เป๊ะ ทุกองศาไม่มีสะดุด ✨
ด้วยโปรแกรม FACE CONTOURING BY KVK ดูแลผิวหน้าอย่างล้ำลึกด้วยเทคนิคโปรแกรม XERF 600 SHOT

.
🎯 อย่างเคสนี้ในโปรแกรม XERF 600 SHOT คุณหมอจะประเมินและแบ่งพลังงานลงลึกถึง 3 ชั้นผิว:

• ชั้นลึก (Deep) 300 Shot เพื่อความกระชับจากฐานผิว
• ชั้นกลาง (Middle) 200 Shot จัดระเบียบมิติชั้นไขมัน
• ชั้นตื้น (Shallow) 100 Shot รีเฟรชผิวชั้นบนให้เรียบเนียน

.
หลายคนถามว่าเครื่องก็เครื่องเดียวกัน ทำไมต้องมาทำโปรแกรม XERF ที่ KVK Clinic?
🗣️คำตอบอยู่ที่ ""เทคนิคเฉพาะและความใส่ใจ"" ของทีมแพทย์ KVK ค่ะ คุณหมอของเรามีความเข้าใจในอนาโตมี (Anatomy) ของใบหน้าเป็นอย่างดี รู้จุดที่ต้องยก รู้จุดที่ต้องเลี่ยง และมีการปรับค่าพลังงานให้เหมาะสมกับชั้นผิวของคนไข้ในแต่ละจุดอย่างลงตัว

🍃เปลี่ยนผิวหย่อนคล้อยให้กลับมาดูเฟิร์มกระชับ ในแบบที่เป็นคุณอย่างเป็นธรรมชาติ
สอบถามโปรแกรมและจองคิวปรึกษาแพทย์ฟรี ทัก Inbox เลยค่ะ 📩
............................................
#KVKClinic #DrKoong #หมอเจด
#ยกมาตรฐานจริงใจล้ำสมัย
#FaceContouringProgram #ProgramXERF #ปรับรูปหน้าเฉพาะบุคคล",,0,"05/25/2026 02:32",N/A,https://www.facebook.com/KVKClinic/posts/pfbid0Lf46q48XJh2qpvit47TKzHoDcU8cx6SxKYzPQ6Bh6CzEUMhU2iQapjVQg27jL6Xil,0,0,รูปภาพ,,,,,อายุการใช้งาน,863,564,2,2,0,0,4,4,,,,,,,,
1293866776164922,100066248360694,Kornvikkaclinic,"เก็บเหนียง เปลี่ยนกรอบหน้า ✨
หน้าดูเรียวขึ้นแบบเห็นได้ชัด
.
เคสนี้มีไขมันสะสมบริเวณใต้คางค่อนข้างเยอะ
ทำให้เวลามองด้านข้างจะเห็นเหนียงชัด
กรอบหน้าไม่ค่อยคม และลำคอดูไม่กระชับ
คุณหมอแก้ไขด้วยการผ่าดูดเหนียง
โดยทำร่วมกับเย็บกระชับ เพื่อช่วยเก็บกรอบหน้าชัด
หลังทำจะเห็นว่าเหนียงลดลงอย่างชัดเจน
กรอบหน้าดูคมขึ้น หน้าดูเรียวและกระชับขึ้น
.
ผ่าตัดดูดเหนียงที่ KVK Clinic
✅ ดูแลโดยแพทย์มากประสบการณ์
✅ ปรึกษากับคุณหมอก่อนเข้าห้องผ่าตัดทุกเคส
✅ ติดตามผลและดูแลหลังผ่าตัดอย่างต่อเนื่อง",,0,"05/25/2026 04:00",N/A,https://www.facebook.com/KVKClinic/posts/pfbid0daCRwpfmnDWwsEGQC44q2gBzMVJzgWuJFN9xtyCrCN3p3WhZ72f4RNyXUXGY2PYwl,0,0,รูปภาพ,,,,,อายุการใช้งาน,792,516,3,3,0,0,5,4,1,,,,,,,
1296292889255644,100066248360694,Kornvikkaclinic,"เทรนด์ผิวโลกเปลี่ยนไป และ KVK Clinic ไม่เคยหยุดนิ่งที่จะนำสิ่งที่ดีที่สุดมาสู่คุณ ✨

ภาพบรรยากาศ คุณหมอกุ้ง (พญ.กรวิกกา พัฒนะปราน ว38020) และ คุณหมอโบว์ (พญ.เสาวภาคย์ ตรีสุธรรมมาศ ว65557) ทีมแพทย์ประจำ KVK Clinic เข้าร่วมงานสัมมนาครั้งสำคัญ ""THE CONVERGENCE OF AESTHETIC SCIENCE TRENDS, TECHNOLOGY, AND TRANSFORMATION"" เพื่อเจาะลึกแนวทางการดูแลผิวในยุค Regenerative Skin นวัตกรรมการฟื้นฟูผิวแห่งอนาคต

งานนี้บอกเลยว่าเทรนด์ ""Regenerative Skin"" มาแรงมากกก! เป็นแนวทางการดูแลผิวที่เน้นความอ่อนเยาว์แบบเป็นธรรมชาติ ฟื้นฟูให้ผิวกลับมาดูแข็งแรงและเปล่งประกายชุ่มชื้นจากฐานผิวชั้นใน

คุณหมอทั้งสองท่านเก็บเกี่ยวเทคนิคและแนวคิดใหม่ๆ มาแบบจัดเต็ม พร้อมส่งต่อการดูแลผิวระดับพรีเมียมให้คนไข้ที่น่ารักของ KVK Clinic ทุกสาขาแล้วค่ะ 🥰

............................................
#KVKClinic #DrKoong #หมอเจด
#ยกมาตรฐานจริงใจล้ำสมัย
#AESLA #TheConvergenceofAestheticScienceTrendsTechnologyandTransformation #AestheticTransformation #XERFInstructor
#RegenerativeMedicine","เทรนด์ผิวโลกเปลี่ยนไป และ KVK Clinic ไม่เคยหยุดนิ่งที่จะนำสิ่งที่ดีที่สุดมาสู่คุณ ✨

ภาพบรรยากาศ คุณหมอกุ้ง (พญ.กรวิกกา พัฒนะปราน ว38020) และ คุณหมอโบว์ (พญ.เสาวภาคย์ ตรีสุธรรมมาศ ว65557) ทีมแพทย์ประจำ KVK Clinic เข้าร่วมงานสัมมนาครั้งสำคัญ ""THE CONVERGENCE OF AESTHETIC SCIENCE TRENDS, TECHNOLOGY, AND TRANSFORMATION"" เพื่อเจาะลึกแนวทางการดูแลผิวในยุค Regenerative Skin นวัตกรรมการฟื้นฟูผิวแห่งอนาคต

งานนี้บอกเลยว่าเทรนด์ ""Regenerative Skin"" มาแรงมากกก! เป็นแนวทางการดูแลผิวที่เน้นความอ่อนเยาว์แบบเป็นธรรมชาติ ฟื้นฟูให้ผิวกลับมาดูแข็งแรงและเปล่งประกายชุ่มชื้นจากฐานผิวชั้นใน

คุณหมอทั้งสองท่านเก็บเกี่ยวเทคนิคและแนวคิดใหม่ๆ มาแบบจัดเต็ม พร้อมส่งต่อการดูแลผิวระดับพรีเมียมให้คนไข้ที่น่ารักของ KVK Clinic ทุกสาขาแล้วค่ะ 🥰

............................................
#KVKClinic #DrKoong #หมอเจด
#ยกมาตรฐานจริงใจล้ำสมัย
#AESLA #TheConvergenceofAestheticScienceTrendsTechnologyandTransformation #AestheticTransformation #XERFInstructor
#RegenerativeMedicine",130,"05/25/2026 05:00",N/A,https://www.facebook.com/reel/1558027382453080/,0,0,วิดีโอ,,,,,อายุการใช้งาน,1384,1216,12,10,0,2,5,,5,,,5773.557,4.6,0,0,0
1296300939254839,100066248360694,Kornvikkaclinic,"โปรแกรม Morphues 8 Prime
#ดีกว่าเดิมยังไง!!!! ต้องลอง

💥 ดีลใหญ่ที่ทุกคนรอคอย! กู้ผิวพังให้กลับมาสตรองด้วยเทคโนโลยีล่าสุด
โปรแกรม 𝐌𝐨𝐫𝐩𝐡𝐞𝐮𝐬 𝟖 𝐏𝐫𝐢𝐦𝐞 (𝐍𝐞𝐰 𝐆𝐞𝐧𝐞𝐫𝐚𝐭𝐢𝐨𝐧) เจ็บน้อยลง...แต่ผลลัพธ์ทรงพลังกว่าเดิม!

.
✨ 𝐏𝐫𝐨𝐠𝐫𝐚𝐦 𝐌𝐨𝐫𝐩𝐡𝐞𝐮𝐬 𝟖 𝐏𝐫𝐢𝐦𝐞 ดีกว่ารุ่นเดิมยังไง?

Scale Mode นวัตกรรมล่าสุด : ปรับระดับการส่งพลังงานได้แม่นยำและสมดุลขึ้น พร้อมทั้งช่วยลด Pain Score (ความเจ็บ) ลงอย่างเห็นได้ชัด สบายผิวขึ้นระหว่างทำ

ผลลัพธ์คูณสอง : ถึงจะเจ็บน้อยลง แต่ส่งพลังงานลงลึกกระตุ้นการเรียงตัวใหม่ของชั้นผิวได้ดีกว่าเดิม แก้ปัญหาผิวหย่อนคล้อย รูขุมขน และรอยสิวได้อย่างตรงจุด

.
💎 𝐓𝐡𝐞 𝐔𝐥𝐭𝐢𝐦𝐚𝐭𝐞 𝐆𝐥𝐨𝐰 𝐂𝐨𝐦𝐛𝐨 | เพียง 𝟐𝟗,𝟗𝟎𝟎.-

คุ้มที่สุดเพราะเราให้ครบ ไม่ต้องเลือก! สิ่งที่คุณจะได้รับในแพ็กเกจนี้:
▪️ 𝐏𝐫𝐨𝐠𝐫𝐚𝐦 𝐌𝐨𝐫𝐩𝐡𝐞𝐮𝐬 𝟖 𝐏𝐫𝐢𝐦𝐞 : 𝐅𝐚𝐜𝐞 & 𝐍𝐞𝐜𝐤
▪️ 𝐏𝐫𝐨𝐠𝐫𝐚𝐦 𝐈𝐧𝐦𝐨𝐝𝐞 𝐋𝐢𝐟𝐭𝐢𝐧𝐠
▪️ 𝐏𝐫𝐨𝐠𝐫𝐚𝐦 𝐕𝐢𝐭𝐚𝐫𝐚𝐧 (1 syr.)
▪️ 𝐏𝐫𝐨𝐠𝐫𝐚𝐦 𝐆 𝐅𝐚𝐜𝐭𝐨𝐫
▪️ 𝐏𝐫𝐨𝐠𝐫𝐚𝐦 𝐒𝐤𝐢𝐧 𝐎𝐜𝐥𝐨𝐜𝐤 & 𝐒𝐤𝐢𝐧 𝐂𝐚𝐫𝐞

.
🤔 ทำไมต้องเลือกทำ 𝐏𝐫𝐨𝐠𝐫𝐚𝐦 𝐌𝐨𝐫𝐩𝐡𝐞𝐮𝐬 𝟖 𝐏𝐫𝐢𝐦𝐞 ที่ 𝐊𝐕𝐊 𝐂𝐥𝐢𝐧𝐢𝐜?

เพราะเราไม่เพียงแค่ทำเสร็จแล้วจบไป แต่เราออกแบบระบบ Pre-care & Post-care มาให้ครบในแพ็กเกจเดียว เพื่อช่วยซัพพอร์ตการฟื้นตัวของผิว (Downtime สั้นลง) และเสริมประสิทธิภาพการทำงานของตัวเครื่องให้ได้ผลลัพธ์สูงสุด

👩‍⚕️ ดูแลโดยทีมแพทย์ผู้เชี่ยวชาญ ใส่ใจและออกแบบการวางพลังงาน (Energy Design) ตามสภาพผิวและการตอบสนองของแต่ละบุคคลโดยเฉพาะ
(หมายเหตุ: การรักษาแต่ละครั้งขึ้นอยู่กับการวินิจฉัยของแพทย์และสภาพผิวรายบุคคล)

📩 ไม่อยากพลาดดีลสุดคุ้มนี้?
ทัก Inbox เพื่อจองคิว หรือส่งรูปมาให้คุณหมอช่วยประเมินผิวเบื้องต้นก่อนได้เลยค่ะ! 👉

.
.
.
ช่องทางติดต่อสอบถาม แอดมิน+ ปรึกษาแพทย์
𝐋𝐢𝐧𝐞 𝐎𝐀 เป็นช่องทางหลัก
สาขา 𝗞𝗼𝗿𝗮𝘁 : @1stkvk
.
🔹 สาขา 𝗞𝗼𝗿𝗮𝘁 : โคราช (Head Qaurters)
สาขา3 : ติดโรงเรียน ปลูกปัญญา เส้นสุระ 2
สาขา1 : ในปั้มปตท. ข้างเดอะมอลล์โคราช
📞 06 1956 5444
.
🌐𝐖𝐞𝐛𝐬𝐢𝐭𝐞 : https://kvkclinic.com
📺𝐘𝐨𝐮𝐭𝐮𝐛𝐞 : https://youtube.com/@kornvikkaclinic1234?si=PwiLo4SaaXs9J2DS
............................................
#KVKClinic #DrKoong #หมอเจด
#ยกมาตรฐานจริงใจล้ำสมัย
#ProgramMorpheus8Prime",,0,"05/25/2026 20:00",N/A,https://www.facebook.com/KVKClinic/posts/pfbid0eK7nphvJUA1ZvJ1xbErG7qUn6r7VMrHGWNKvhke4r2rVDu362zYGvdozCgU1LGzgl,0,0,รูปภาพ,,,,,อายุการใช้งาน,567,335,2,2,0,0,10,2,8,,,,,,,
1297080735843526,100066248360694,Kornvikkaclinic,"บอกลาผิวพัง ซ่อมลึกถึงต้นตอ! ด้วยโปรแกรม Sylfirm X Plus ที่ KVKclinic 👩‍⚕️✨

จัดการฝ้า รอยสิว และรูขุมขนแบบถอนรากถอนโคน เครื่องมาตรฐานสากล ทีมแพทย์ยิงละเอียดทุกจุด ประเมินผิวแบบ Case by case มั่นใจได้เลยว่าผิวคุณจะได้รับการดูแลที่ดีที่สุด🫶💓

............................................
#KVKClinic #DrKoong #หมอเจด
#ยกมาตรฐานจริงใจล้ำสมัย
#ProgramSylfirmXPlus #รักษาหลุมสิว","บอกลาผิวพัง ซ่อมลึกถึงต้นตอ! ด้วยโปรแกรม Sylfirm X Plus ที่ KVKclinic 👩‍⚕️✨

จัดการฝ้า รอยสิว และรูขุมขนแบบถอนรากถอนโคน เครื่องมาตรฐานสากล ทีมแพทย์ยิงละเอียดทุกจุด ประเมินผิวแบบ Case by case มั่นใจได้เลยว่าผิวคุณจะได้รับการดูแลที่ดีที่สุด🫶💓

............................................
#KVKClinic #DrKoong #หมอเจด
#ยกมาตรฐานจริงใจล้ำสมัย
#ProgramSylfirmXPlus #รักษาหลุมสิว",20,"05/26/2026 04:00",N/A,https://www.facebook.com/reel/1593129765118923/,0,0,วิดีโอ,,,,,อายุการใช้งาน,1288,1162,6,6,0,0,1,,1,,,3276.519,2.817,0,0,0
1296992682518998,100066248360694,Kornvikkaclinic,"ตาหลบใน ดูง่วงตลอดเวลา
สู่ตาหวานและสดใสขึ้น ✨
.
เคสนี้มีชั้นตาหลบใน ทำให้ตาสองข้างไม่เท่ากัน 
เวลามองจะเห็นว่าตาดูปรือเล็กน้อย 
ชั้นตาไม่ชัด และส่งผลให้แต่งตายาก
คุณหมอแก้ไขด้วยโปรแกรมผ่าตัดตาสองชั้น
เน้นให้เข้ากับโครงตาเดิมของคนไข้
หลังทำเห็นได้ชัดว่าชั้นตาชัด 
ตาทั้งสองข้างดูใกล้เคียงกันมากขึ้น 
ตาดูหวาน สดใส และทำให้แต่งหน้าง่ายขึ้นกว่าเดิม 
.
ผ่าตัดตาสองชั้นที่ KVK Clinic
✅ ดูแลโดยแพทย์มากประสบการณ์
✅ ปรึกษากับคุณหมอก่อนเข้าห้องผ่าตัดทุกเคส
✅ ออกแบบชั้นตาให้เข้ากับแต่ละบุคคล แบบเคสต่อเคส
✅ ติดตามผลและดูแลหลังผ่าตัดอย่างต่อเนื่อง",,0,"05/26/2026 04:30",N/A,https://www.facebook.com/KVKClinic/posts/pfbid0rYeyUCnxFKLpBg4bspzNyWmtKe5FZRCrrQGdqqPRTMBxgRUJTwRJgPLx4qD7oSDJl,0,0,รูปภาพ,,,,,อายุการใช้งาน,905,601,1,1,0,0,5,2,3,,,,,,,
1296996139185319,100066248360694,Kornvikkaclinic,"อัปเดตครบ 5 ปี ทรงยังสวยละมุน
ใส่ชุดไหนก็มั่นใจขึ้นทุกลุค
. 
ก่อนทำคนไข้มีหน้าอกค่อนข้างเล็ก เนินอกไม่ชัด 
ทำให้สัดส่วนช่วงบนดูตรงและขาดมิติ 
เวลาใส่เสื้อผ้าจะดูไม่ค่อยมีทรงทำให้ความมั่นใจลดลง 
แก้ไขด้วยโปรแกรมเสริมหน้าอก 
ออกแบบให้เหมาะกับโครงสร้าง 
อัปเดตผลลัพธ์หลังทำ 5 ปี หน้าอกยังคงรูปสวย 
เนินอกชัด ทรงดูนุ่มละมุนและเข้ากับรูปร่างมากขึ้น 
ช่วยให้บุคลิกดูมั่นใจและแต่งตัวได้หลากหลายขึ้น
.
ผ่าตัดเสริมหน้าอกที่ KVK Clinic
✅ ดูแลโดยแพทย์มากประสบการณ์
✅ ปรึกษากับคุณหมอก่อนเข้าห้องผ่าตัดทุกเคส
✅ ออกแบบข้างต่อข้างให้เข้ากับแต่ละบุคคล แบบเคสต่อเคส
✅ ติดตามผลและดูแลหลังผ่าตัดอย่างต่อเนื่อง",,0,"05/26/2026 19:00",N/A,https://www.facebook.com/KVKClinic/posts/pfbid0257rMteoEoxZfdZ9BmcqqPKYBEKmVQM7A3bSigvoPyH6q5KMrfaaxYggWYPbcsvuNl,0,0,รูปภาพ,,,,,อายุการใช้งาน,331,212,3,2,0,1,0,,,,,,,,,
1268569855361281,100066248360694,Kornvikkaclinic,"#หยุดฟังคลิปนี้ให้จบ

สงกรานต์ผ่านไป... ทิ้งอะไรไว้ที่ผิวบ้าง? 🌊🥵

หลังเทศกาลแบบนี้ ผิวสะสมทั้งความร้อนและสิ่งสกปรกมาเยอะมาก ถ้าไม่ทำตามสูตรฟื้นฟูที่ถูกต้อง ผิวอาจจะหมองคล้ำและสูญเสียความชุ่มชื้นได้

เพราะผิวไม่ได้พักเหมือนเรา รีบกลับมาดูแลให้ถูกวิธี ก่อนที่ปัญหาจะบานปลายนะคะ

✅ ฟื้นฟูความชุ่มชื้น
✅ ปลอบประโลมผิวจากแสงแดด
✅ ดูแลโดยผู้เชี่ยวชาญที่ KVK Clinic

#KVKCLINIC #DrKoong #หมอเจด
#ยกมาตรฐานจริงใจล้ำสมัย
#ฟื้นฟูผิวหลังสงกรานต์ #ทริคดูแลผิว","#หยุดฟังคลิปนี้ให้จบ

สงกรานต์ผ่านไป... ทิ้งอะไรไว้ที่ผิวบ้าง? 🌊🥵

หลังเทศกาลแบบนี้ ผิวสะสมทั้งความร้อนและสิ่งสกปรกมาเยอะมาก ถ้าไม่ทำตามสูตรฟื้นฟูที่ถูกต้อง ผิวอาจจะหมองคล้ำและสูญเสียความชุ่มชื้นได้

เพราะผิวไม่ได้พักเหมือนเรา รีบกลับมาดูแลให้ถูกวิธี ก่อนที่ปัญหาจะบานปลายนะคะ

✅ ฟื้นฟูความชุ่มชื้น
✅ ปลอบประโลมผิวจากแสงแดด
✅ ดูแลโดยผู้เชี่ยวชาญที่ KVK Clinic

#KVKCLINIC #DrKoong #หมอเจด
#ยกมาตรฐานจริงใจล้ำสมัย
#ฟื้นฟูผิวหลังสงกรานต์ #ทริคดูแลผิว",301,"04/20/2026 20:22",N/A,https://www.facebook.com/reel/972610719045658/,0,0,วิดีโอ,,,,,อายุการใช้งาน,143213,126588,253,222,4,27,4926,,883,3951,92,426347.504,3.133,0,0,0
1269381418613458,100066248360694,Kornvikkaclinic,"จากจมูกสั้น ดูไม่มีมิติ
2 เดือน ทรงละมุนขึ้นแบบเห็นได้ชัด 👃✨
.
ก่อนทำทรงจมูกคนไข้สันจมูกค่อนข้างต่ำ 
ปลายจมูกมีความสั้นและงุ้มลงเล็กน้อย
ทำให้รูปทรงจมูกดูทู่และขาดมิติ
เคสนี้แก้ไขด้วยโปรแกรมเสริมจมูก 
เพื่อปรับทรงปลายจมูกให้ได้สัดส่วนมากขึ้น
หลังทำครบ 2 เดือนทรงจมูกเริ่มเข้าที่มากขึ้น
ปลายจมูกดูยาวและยกขึ้นอย่างพอดี
ทำให้รูปทรงโดยรวมดูเรียว ละมุน
.
ผ่าตัดเสริมจมูกที่ KVK Clinic
✅ ดูแลโดยแพทย์มากประสบการณ์
✅ ปรึกษากับคุณหมอก่อนเข้าห้องผ่าตัดทุกเคส
✅ ออกแบบทรงจมูกให้เข้ากับแต่ละบุคคล แบบเคสต่อเคส
✅ ติดตามผลและดูแลหลังผ่าตัดอย่างต่อเนื่อง",,0,"04/21/2026 22:05",N/A,https://www.facebook.com/KVKClinic/posts/pfbid02o7M2P7W6YDM7zSynYjxJj4rBWHGdcofQaaZDUtcL4tpNBKapHUjXy735nyoSW4QVl,0,0,รูปภาพ,,,,,อายุการใช้งาน,2935,1677,5,5,0,0,6,2,4,,,,,,,
1228847276000206,100066248360694,Kornvikkaclinic,"🫶🏻
https://www.facebook.com/share/p/1B3QptUqPn/?mibextid=wwXIfr",,0,"02/27/2026 18:53",N/A,https://www.facebook.com/KVKClinic/posts/pfbid0XrdsBkw761Kdr3sDMhWr1Yxp91PJ6W8y3GWqnV3VDWGBwPUFT1WXsoQjcAGYfo7Pl,0,1,รูปภาพ,,,,,อายุการใช้งาน,3679,1988,6,6,0,0,309,124,185,,,,,,,
1228917625993171,100066248360694,Kornvikkaclinic,"รวมเคสปังเสริมจมูกลูกสาวหมอเจด #KVKClinic #KVKSurgery #DrJade #หมอเจด #drKoong #เสริมจมูก","รวมเคสปังเสริมจมูกลูกสาวหมอเจด #KVKClinic #KVKSurgery #DrJade #หมอเจด #drKoong #เสริมจมูก",23,"02/27/2026 20:59",N/A,https://www.facebook.com/reel/1296789572290986/,0,0,วิดีโอ,,,,,อายุการใช้งาน,2294,1794,6,6,0,0,1,,1,,,7614.081,3.92,0,0,0
1229045859313681,100066248360694,Kornvikkaclinic,"แก้กล้ามเนื้อตาอ่อนแรง พร้อมปรับชั้นตาใหม่
ครบ 2 ปี ยังสดใส มั่นใจทุกมุมมอง 👁👁✨
.
เคสนี้มีปัญหาตาข้างขวากล้ามเนื้อตาอ่อนแรงชัดเจน
แต่ติดเลิ่กคิ้วจนชิน เพื่อช่วยพยุงในการลืมตา
ทำให้ตาดูไม่สดใส เหมือนง่วงนอนตลอดเวลา
หมอเจดเลือกแก้ไขด้วยการแก้กล้ามเนื้อตา
โดยทำร่วมกับทำตาสองชั้น ปรับชั้นตาให้ใหม่
อัปเดตหลังทำครบ 2 ปี ชั้นตายังคงสวยคม 
ดวงตาเปิดได้เต็มที่มากขึ้นโดยไม่ต้องเลิกคิ้วช่วย 
ใบหน้าดูสดใสและเป็นธรรมชาติ ความมั่นใจกลับมาเต็มร้อย
.
ผ่าตัดตาสองชั้นที่ KVK Clinic
✅ ดูแลโดยแพทย์มากประสบการณ์
✅ ปรึกษากับคุณหมอก่อนเข้าห้องผ่าตัดทุกเคส
✅ ออกแบบชั้นตาให้เข้ากับแต่ละบุคคล แบบเคสต่อเคส
✅ ติดตามผลและดูแลหลังผ่าตัดอย่างต่อเนื่อง",,0,"02/28/2026 19:00",N/A,https://www.facebook.com/KVKClinic/posts/pfbid0jsBHH8zaPgnPbAWgsaDDjzNxGj4DK212L6ToFjZv67qqMt4aNH5APAKEhYRkxcRrl,0,0,รูปภาพ,,,,,อายุการใช้งาน,2772,1434,1,1,0,0,2,1,1,,,,,,,
1229677725917161,100066248360694,Kornvikkaclinic,"💎 PRIME ONE PRICE 59,000.-
คุ้มสุด✨ “คู่เครื่องไหนก็ราคาเดียว”
.
ยก • กระชับ • ฟู • เก็บเหนียง • หน้าเรียวชัด
เลือกโปรแกรมได้ตามปัญหา ในงบเดียวแบบไม่ต้องคิดเยอะ
.
✨ อยากยกกรอบหน้า → Program Ulthera Prime 
✨ อยากผิวฟู+แน่น → Program Oligio 
✨ อยากเก็บเหนียง หน้าเรียว→ Program XERF 
✨ อยากหน้ายก + แน่นลึก → Program Density 
.
ปัญหาต่างกัน แต่จบได้ในงบเดียว
🔥ด่วน!! รีบสวยก่อนใคร
พิมพ์ “𝗣𝗥𝗜𝗠𝗘” เพื่อรับสิทธิ์ทันที 
.
.
.
ช่องทางติดต่อสอบถาม แอดมิน+ ปรึกษาแพทย์
𝐋𝐢𝐧𝐞 𝐎𝐀 เป็นช่องทางหลัก
สาขา 𝗞𝗼𝗿𝗮𝘁 : @1stkvk 
สาขา 𝗦𝗶𝗮𝗺  : @kvksiam
.
🔹 สาขา 𝗞𝗼𝗿𝗮𝘁 : โคราช (Head Qaurters)
สาขา3 : ติดโรงเรียน ปลูกปัญญา เส้นสุระ 2 
สาขา1 : ในปั้มปตท. ข้างเดอะมอลล์โคราช
📞 06 1956 5444
.
🔹 สาขา 𝗦𝗶𝗮𝗺 : KVK Siam Clinic
Centerpoint Siam Square ชั้น 2
📞 09 5791 5444
………………………………………………
#KVKClinic #DrKoong #DrJade
#ยกมาตรฐานจริงใจล้ำสมัย 
#ยกกระชับ #ultheraprime 
#OligioX #XERF #Density 
#primeoneprice",,0,"02/28/2026 19:41",N/A,https://www.facebook.com/KVKClinic/posts/pfbid031dA3wH7NKeRRyZeh79QVXvFFmfcmHp1Xzup2cmDdsRpWzJjq8a5uGF1snreFsAG7l,0,0,รูปภาพ,,,,,อายุการใช้งาน,13116,3941,15,9,0,6,416,177,165,74,,,,,,
1229703039247963,100066248360694,Kornvikkaclinic,"ภาพบรรยากาศจากงาน The OG X Masterclass หมอกุ้ง (พญ.กรวิกกา พัฒนะปราน ว38020 )
🫶ดีใจที่ได้แชร์ความรู้เรื่องเทคนิคการปรับรูปหน้าและงานผิวให้กับคุณหมอทุกท่านที่มาร่วมงาน🩵⚡️

📍 พบกับเทคนิคเฉพาะที่ผ่านการอัปเดตอย่างสม่ำเสมอได้ที่ KVK Clinic นะคะ

………………………………………………..
#KVKClinic #DrKoong #DrJade
#ยกมาตรฐานจริงใจล้ำสมัย
#TheOGXmasterclass
#TheprotorshipProgram
#ProgramOligioX
#MonopolarRF
#ความรู้คู่ความงาม","ภาพบรรยากาศจากงาน The OG X Masterclass หมอกุ้ง (พญ.กรวิกกา พัฒนะปราน ว38020 )
🫶ดีใจที่ได้แชร์ความรู้เรื่องเทคนิคการปรับรูปหน้าและงานผิวให้กับคุณหมอทุกท่านที่มาร่วมงาน🩵⚡️

📍 พบกับเทคนิคเฉพาะที่ผ่านการอัปเดตอย่างสม่ำเสมอได้ที่ KVK Clinic นะคะ

………………………………………………..
#KVKClinic #DrKoong #DrJade
#ยกมาตรฐานจริงใจล้ำสมัย
#TheOGXmasterclass
#TheprotorshipProgram
#ProgramOligioX
#MonopolarRF
#ความรู้คู่ความงาม",30,"02/28/2026 20:27",N/A,https://www.facebook.com/reel/895922786764996/,0,0,วิดีโอ,,,,,อายุการใช้งาน,42891,14581,11,9,0,2,609,,347,257,5,99296.942,2.644,0,0,0
1229047749313492,100066248360694,Kornvikkaclinic,"ปัญหาหนังตาตก แต่งหน้าไม่มั่นใจ !!! #KVKClinic #KVKSurgery #DrJade #หมอเจด #drKoong #ตาสองชั้น","ปัญหาหนังตาตก แต่งหน้าไม่มั่นใจ !!! #KVKClinic #KVKSurgery #DrJade #หมอเจด #drKoong #ตาสองชั้น",21,"03/01/2026 03:00",N/A,https://www.facebook.com/reel/1746861356698052/,0,0,วิดีโอ,,,,,อายุการใช้งาน,2358,1784,2,1,0,1,4,,4,,,11330.902,5.772,0,0,0
1230482389170028,100066248360694,Kornvikkaclinic,"แก้ตาสองชั้นร่วมยกคิ้ว เปิดชั้นตาให้ชัดขึ้น
ดวงตาดูสดใสขึ้นอย่างเป็นธรรมชาติ ✨
.
เคสนี้คนไข้เข้ามาปรึกษาด้วยปัญหา
หนังตาบนหย่อนคล้อยชัดเจน 
โดยเฉพาะบริเวณหางตาที่ตกลง ทำให้ดวงตาดูเศร้าและอ่อนล้า 
แก้ไขด้วยโปรแกรมผ่าตัดทำตาสองชั้นร่วมกับการยกคิ้ว 
โดยการเก็บหนังส่วนเกินใต้แนวคิ้วออก 
เพื่อช่วยยกชั้นหนังตาที่ตกขึ้นให้ดวงตาดูกว้าง
และปรับชั้นตาใหม่ช่วยให้ชั้นชัดขึ้น
หลังทำทันทีชั้นตาชัดขึ้นอย่างเป็นธรรมชาติ 
หางตาที่เคยตกถูกยกขึ้นพอดี 
ทำให้ดวงตาดูสดใสและมีมิติมากขึ้น
.
ผ่าตัดตาสองชั้นที่ KVK Clinic
✅ ดูแลโดยแพทย์มากประสบการณ์
✅ ปรึกษากับคุณหมอก่อนเข้าห้องผ่าตัดทุกเคส
✅ ออกแบบชั้นตาให้เข้ากับแต่ละบุคคล แบบเคสต่อเคส
✅ ติดตามผลและดูแลหลังผ่าตัดอย่างต่อเนื่อง",,0,"03/01/2026 20:30",N/A,https://www.facebook.com/KVKClinic/posts/pfbid0tRKVMrkhyKSqz48dHcDPobYq68UxFZTDevpVbyhruJi6ssmc5Am4DhSSfPPhTFf8l,0,0,รูปภาพ,,,,,อายุการใช้งาน,2862,1688,6,5,0,1,12,4,8,,,,,,,
1230591135825820,100066248360694,Kornvikkaclinic,"ขอบคุณรีวิวสวยๆค่าาาา โซ้ะมาก จึ้งมากกกละมุนสุดๆ💕🫶☺️",,0,"03/01/2026 23:30",N/A,https://www.facebook.com/KVKClinic/posts/pfbid035qZwDcZtB7DvP33g4jPWwGU1DQwRwQcqKkdsw8TNhZTHTQ3Y1FSte4RgTsy2RdZvl,0,1,รูปภาพ,,,,,อายุการใช้งาน,3520,2066,6,6,0,0,29,11,18,,,,,,,
1230644589153808,100066248360694,Kornvikkaclinic,"ด่วน! โปร 𝟏𝐅𝐑𝐄𝐄 𝟏 ครั้งแรกของปีกับโปรแกรม 𝐑𝐞𝐝 𝐓𝐨𝐮𝐜𝐡 𝐏𝐫𝐨 🔥

.
ยกระดับการดูแลผิวด้วยเทคโนโลยีโปรแกรม  𝐑𝐞𝐝𝐓𝐨𝐮𝐜𝐡𝐏𝐫𝐨 ที่ออกแบบมาเพื่อดูแลปัญหาผิวในทุกโหมดที่กังวล พร้อมตัวช่วยพิเศษสำหรับผู้ที่ต้องการความกระจ่างใสอย่างเป็นธรรมชาติ

💥𝐑𝐞𝐝 𝐓𝐨𝐮𝐜𝐡 𝐏𝐫𝐨: จัดรายการพิเศษ 𝟏 แถม 𝟏 (เฉลี่ยเพียง 𝟔,𝟒𝟓𝟎.- / ครั้ง) เมื่อชำระเพียง 𝟏𝟐,𝟗𝟎𝟎.-

🔖 สิทธิ์แลกซื้อสุดคุ้ม: รับสิทธิ์แลกซื้อ 𝐏𝐫𝐨𝐠𝐫𝐚𝐦 𝐁𝐚𝐛𝐲 𝐆𝐥𝐨𝐰 ผิวใสดูสุขภาพดี ในราคาเพียง 𝟏𝟓,𝟗𝟎𝟎.- (จากปกติ 𝟏𝟗,𝟗𝟎𝟎.-)

.
คุ้มขนาดนี้ต้องรีบจอง! ให้รางวัลตัวเองด้วยผิวที่ดูสุขภาพดีที่ 𝐊𝐕𝐊 𝐂𝐥𝐢𝐧𝐢𝐜

📩 สนใจรับสิทธิ์ทัก 𝐈𝐧𝐛𝐨𝐱 หรือคอมเมนต์ ""สนใจ"" ใต้โพสต์นี้ได้เลยค่าาา 

.
.
.
ช่องทางติดต่อสอบถาม แอดมิน+ ปรึกษาแพทย์
𝐋𝐢𝐧𝐞 𝐎𝐀 เป็นช่องทางหลัก
สาขา 𝗞𝗼𝗿𝗮𝘁 : @1stkvk 
สาขา 𝗦𝗶𝗮𝗺  : @kvksiam
.
🔹 สาขา 𝗞𝗼𝗿𝗮𝘁 : โคราช (Head Qaurters)
สาขา3 : ติดโรงเรียน ปลูกปัญญา เส้นสุระ 2 
สาขา1 : ในปั้มปตท. ข้างเดอะมอลล์โคราช
📞 06 1956 5444
.
🔹 สาขา 𝗦𝗶𝗮𝗺 : KVK@Siam Clinic
Centerpoint Siam Square ชั้น 2
📞 09 5791 5444
………………………………………………
#KVKClinic #DrKoong #DrJade
#ยกมาตรฐานจริงใจล้ำสมัย
#ProgramRedtouchpro
#แลกซื้อโปรโมชั่นKVKสุดคุ้ม",,0,"03/02/2026 01:15",N/A,https://www.facebook.com/KVKClinic/posts/pfbid02Kcma3xcmR7KH7gK5MuF7qHH4uNeggwQBwK6cTMScvKwbKUpBRo57eUtpM9euwjzsl,0,0,รูปภาพ,,,,,อายุการใช้งาน,14101,4514,8,6,0,2,296,19,231,46,,,,,,
1230682032483397,100066248360694,Kornvikkaclinic,"เคยไหมคะ? หลังทำเลเซอร์ไปสักพัก ผิวกลับมีจุดด่างขาวเล็กๆ กวนใจ วันนี้หมอกุ้งจะมาไขข้อข้องใจว่า ""ด่างขาว"" (Hypopigmentation) เกิดจากอะไรได้บ้าง?

1️⃣ การใช้พลังงานที่สูงเกินไป: จนไปทำลายเซลล์สร้างเม็ดสี (Melanocyte) โดยตรง

2️⃣ สภาพผิวเดิมและการดูแลหลังทำ: ผิวบางส่วนมีความไวต่อแสงแตกต่างกัน

3️⃣ ประเภทของเลเซอร์ที่ไม่เหมาะสมกับปัญหาผิว: การเลือกเครื่องมือสำคัญมาก!

ไม่อยากหน้าด่าง ต้องดูแลโดยแพทย์ผู้เชี่ยวชาญและเลือกใช้เครื่องเลเซอร์ที่ได้มาตรฐานนะคะ ใครมีปัญหานี้อยู่ คอมเมนต์ปรึกษาหมอได้เลยค่ะ 👇

#KVKClinic #DrKoong #DrJade
#ยกมาตรฐานจริงใจล้ำสมัย #ด่างขาวหลังเลเซอร์
#โปรแกรมเลเซอร์ผิวหน้า","เคยไหมคะ? หลังทำเลเซอร์ไปสักพัก ผิวกลับมีจุดด่างขาวเล็กๆ กวนใจ วันนี้หมอกุ้งจะมาไขข้อข้องใจว่า ""ด่างขาว"" (Hypopigmentation) เกิดจากอะไรได้บ้าง?

1️⃣ การใช้พลังงานที่สูงเกินไป: จนไปทำลายเซลล์สร้างเม็ดสี (Melanocyte) โดยตรง

2️⃣ สภาพผิวเดิมและการดูแลหลังทำ: ผิวบางส่วนมีความไวต่อแสงแตกต่างกัน

3️⃣ ประเภทของเลเซอร์ที่ไม่เหมาะสมกับปัญหาผิว: การเลือกเครื่องมือสำคัญมาก!

ไม่อยากหน้าด่าง ต้องดูแลโดยแพทย์ผู้เชี่ยวชาญและเลือกใช้เครื่องเลเซอร์ที่ได้มาตรฐานนะคะ ใครมีปัญหานี้อยู่ คอมเมนต์ปรึกษาหมอได้เลยค่ะ 👇

#KVKClinic #DrKoong #DrJade
#ยกมาตรฐานจริงใจล้ำสมัย #ด่างขาวหลังเลเซอร์
#โปรแกรมเลเซอร์ผิวหน้า",127,"03/02/2026 02:27",auto,https://www.facebook.com/reel/1549873302771532/,0,0,วิดีโอ,,,,,อายุการใช้งาน,8131,4569,33,33,0,0,104,,69,33,2,45584.636,6.513,0,0,0
1230671385817795,100066248360694,Kornvikkaclinic,"5 เหตุผลก่อนปักปากกา ทำไมต้องวัดมวลกล้ามเนื้อ !!! #KVKClinic #ลดนำ้หนัก #DrJade #หมอเจด #drKoong #KVKSurgery","5 เหตุผลก่อนปักปากกา ทำไมต้องวัดมวลกล้ามเนื้อ !!! #KVKClinic #ลดนำ้หนัก #DrJade #หมอเจด #drKoong #KVKSurgery",162,"03/02/2026 03:00",N/A,https://www.facebook.com/reel/1422716286267292/,0,0,วิดีโอ,,,,,อายุการใช้งาน,19037,11398,178,158,1,19,358,,116,222,20,239413.412,14.373,0,0,0
1231231279095139,100066248360694,Kornvikkaclinic,"หน้าวีเชฟแบบไม่ต้องรอ!💛🤎
พบกับโปรแกรม TripleLayerDoublo 2.0 เทคนิคที่สามารถเก็บผิวทั้ง 3ชั้นได้ เจอกันที่ KVKCLINIC สาขา 1 พร้อมสิทธิ์พิเศษ 20 คนแรก🫶💕

ยกจริง กระชับไว มาตรฐานใหม่ที่สายบิวตี้ห้ามพลาด☺️

…………………………………
#KVKClinic #DrKoong #DrJade
#ยกมาตรฐานจริงใจล้ำสมัย
#Doublo2 #TheNewLiftingStandard","หน้าวีเชฟแบบไม่ต้องรอ!💛🤎
พบกับโปรแกรม TripleLayerDoublo 2.0 เทคนิคที่สามารถเก็บผิวทั้ง 3ชั้นได้ เจอกันที่ KVKCLINIC สาขา 1 พร้อมสิทธิ์พิเศษ 20 คนแรก🫶💕

ยกจริง กระชับไว มาตรฐานใหม่ที่สายบิวตี้ห้ามพลาด☺️

…………………………………
#KVKClinic #DrKoong #DrJade
#ยกมาตรฐานจริงใจล้ำสมัย
#Doublo2 #TheNewLiftingStandard",16,"03/02/2026 18:46",N/A,https://www.facebook.com/reel/1782049579420896/,0,0,วิดีโอ,,,,,อายุการใช้งาน,3185,2285,26,21,0,5,18,,18,,,9133.664,3.468,0,0,0
1231453479072919,100066248360694,Kornvikkaclinic,"ทำไยัง ลดน้ำหนักแต่เหนียงยังอยู่ !!! #KVKClinic #KVKSurgery #DrJade #หมอเจด #drKoong #ตัดเหนียง","ทำไยัง ลดน้ำหนักแต่เหนียงยังอยู่ !!! #KVKClinic #KVKSurgery #DrJade #หมอเจด #drKoong #ตัดเหนียง",88,"03/03/2026 03:30",N/A,https://www.facebook.com/reel/34773585762232360/,0,0,วิดีโอ,,,,,อายุการใช้งาน,2268,1835,9,6,0,3,5,,5,,,19570.25,9.883,0,0,0
1231950315689902,100066248360694,Kornvikkaclinic,"ไม่ใช่แค่การยกคิ้ว 
แต่คือการยกความมั่นใจกลับมา ✨
.
จะเห็นได้ชัดว่าคนไข้มีปัญหาหนังตาตก
และผิวหนังบริเวณหางตาหย่อนคล้อยลงมาค่อนข้างมาก
หนังตาส่วนเกินทับลงมาบริเวณชั้นตา ทำให้ชั้นตาดูไม่ชัด
เคสนี้แก้ไขด้วยการผ่าตัดยกคิ้ว เพื่อเก็บหนังตาส่วนเกินแนวใต้คิ้วออก
หลังทำทันทีเปลือกตาบนถูกยกขึ้นและชั้นตาที่เคยถูกหนังตาทับเปิดขึ้นชัดเจน
ดวงตาดูสดใสขึ้นแลดูเป็นธรรมชาติมากขึ้น
.
ผ่าตัดตาสองชั้นที่ KVK Clinic
✅ ดูแลโดยแพทย์มากประสบการณ์
✅ ปรึกษากับคุณหมอก่อนเข้าห้องผ่าตัดทุกเคส
✅ ออกแบบชั้นตาให้เข้ากับแต่ละบุคคล แบบเคสต่อเคส
✅ ติดตามผลและดูแลหลังผ่าตัดอย่างต่อเนื่อง",,0,"03/03/2026 20:00",N/A,https://www.facebook.com/KVKClinic/posts/pfbid02kyikUvnKTxfhYxg2o7vaJefBMFzv9pZNYCdjvwDZkcnsAf2KhJhL5y83BiCDr7bel,0,0,รูปภาพ,,,,,อายุการใช้งาน,2635,1593,3,3,0,0,0,,,,,,,,,
1231951355689798,100066248360694,Kornvikkaclinic,"ไม่ใช่แค่การยกคิ้ว 
แต่คือการยกความมั่นใจกลับมา ✨
.
จะเห็นได้ชัดว่าคนไข้มีปัญหาหนังตาตก
และผิวหนังบริเวณหางตาหย่อนคล้อย
หนังตาส่วนเกินทับลงมาบริเวณชั้นตา ทำให้ชั้นตาดูไม่ชัด
เคสนี้แก้ไขด้วยการผ่าตัดยกคิ้ว 
เพื่อเก็บหนังตาส่วนเกินแนวใต้คิ้วออก
หลังทำทันทีเปลือกตาบนถูกยกขึ้น
และชั้นตาที่เคยถูกหนังตาทับเปิดขึ้นชัดเจน
ดวงตาดูสดใสขึ้นแลดูเป็นธรรมชาติมากขึ้น
.
ผ่าตัดตาสองชั้นที่ KVK Clinic
✅ ดูแลโดยแพทย์มากประสบการณ์
✅ ปรึกษากับคุณหมอก่อนเข้าห้องผ่าตัดทุกเคส
✅ ออกแบบชั้นตาให้เข้ากับแต่ละบุคคล แบบเคสต่อเคส
✅ ติดตามผลและดูแลหลังผ่าตัดอย่างต่อเนื่อง",,0,"03/03/2026 20:00",N/A,https://www.facebook.com/KVKClinic/posts/pfbid02gjfob5iz1VRpQd516qbAfxPzAiN4Kr7yMD84pDGh5x8kgsBgu5caTN9yueCWkA8dl,0,0,รูปภาพ,,,,,อายุการใช้งาน,2680,1739,10,9,0,1,6,1,5,,,,,,,
1232002639018003,100066248360694,Kornvikkaclinic,"""The Runway We Walk Together"" 👠✨ 

เป็นรางวัลที่ 4 ของปีนี้ 
และเป็นความภูมิใจที่ได้เป็นส่วนหนึ่งของการบอกต่อสิ่งดีๆ ให้กับ Paragoncare ไปถึงคนไข้ 

กับ 2 รางวัลอันทรงเกียรติ

🏆The Master X iconic (academic mentor) 2025
และ
🏆 The excellence center award 2025 

และแน่นอนสิ่งเหล่านี้ บอกว่า KVKclinic มุ่งมั่นพัฒนาทุกด้านอย่างต่อเนื่อง ทั้ง ทีมแพทย์ การบริการ เครื่องมือ และเทคนิค รวมถึงการมองปัญหาคนไข้เป็นองค์รวม เพื่อแก้ไขปัญหาอย่างยั่งยืน และเราคือ KVK Team 
.
ก้าวเดินไปข้างหน้าอย่างมั่นใจบนรันเวย์แห่งความสำเร็จ ขอบคุณทุกการสนับสนุนตลอดระยะเวลาที่ผ่านมา KVK Clinic สัญญาว่าจะไม่หยุดพัฒนา
.
เพื่อมอบผลลัพธ์ที่ดีที่สุดและความมั่นใจให้กับทุกคน เพราะความสวยคือการเดินทางที่เราเดินไปพร้อมกันค่ะ🫶

…………………
#KVKClinic #DrKoong #DrJade
#ยกระดับมาตรฐานจริงใจล้ำสมัย
#StrongerTogether
#TheRunwayWeWalkTogether #ParagonCare #Anniversary #SuccessJourney","""The Runway We Walk Together"" 👠✨ 

เป็นรางวัลที่ 4 ของปีนี้ 
และเป็นความภูมิใจที่ได้เป็นส่วนหนึ่งของการบอกต่อสิ่งดีๆ ให้กับ Paragoncare ไปถึงคนไข้ 

กับ 2 รางวัลอันทรงเกียรติ

🏆The Master X iconic (academic mentor) 2025
และ
🏆 The excellence center award 2025 

และแน่นอนสิ่งเหล่านี้ บอกว่า KVKclinic มุ่งมั่นพัฒนาทุกด้านอย่างต่อเนื่อง ทั้ง ทีมแพทย์ การบริการ เครื่องมือ และเทคนิค รวมถึงการมองปัญหาคนไข้เป็นองค์รวม เพื่อแก้ไขปัญหาอย่างยั่งยืน และเราคือ KVK Team 
.
ก้าวเดินไปข้างหน้าอย่างมั่นใจบนรันเวย์แห่งความสำเร็จ ขอบคุณทุกการสนับสนุนตลอดระยะเวลาที่ผ่านมา KVK Clinic สัญญาว่าจะไม่หยุดพัฒนา
.
เพื่อมอบผลลัพธ์ที่ดีที่สุดและความมั่นใจให้กับทุกคน เพราะความสวยคือการเดินทางที่เราเดินไปพร้อมกันค่ะ🫶

…………………
#KVKClinic #DrKoong #DrJade
#ยกระดับมาตรฐานจริงใจล้ำสมัย
#StrongerTogether
#TheRunwayWeWalkTogether #ParagonCare #Anniversary #SuccessJourney",175,"03/03/2026 21:14",N/A,https://www.facebook.com/reel/1969922953620581/,0,0,วิดีโอ,,,,,อายุการใช้งาน,2762,2234,18,17,0,1,26,,26,,,11496.953,4.681,0,0,0
1232179992333601,100066248360694,Kornvikkaclinic,"สิวแต่ละชนิดดูแลไม่เหมือนกันนะ! 🧐

วันนี้คุณหมอต้นหอมจะพามาเช็กให้ชัวร์ว่า สิวที่เราเป็นอยู่คือประเภทไหน? แล้วควรปรับกิจวัตรการดูแลผิวอย่างไรให้ตรงจุด เพื่อผิวที่ดูเรียบเนียนและสุขภาพดีขึ้นกว่าเดิม

• เช็กประเภทสิวที่พบบ่อย
• เทคนิคการดูแลผิวเบื้องต้น
• เคล็ดลับปรับผิวให้ดูใส

#KVKClinic #DrKoong #DrJade
#ยกระดับมาตรฐานจริงใจล้ำสมัย #ความรู้เรื่องสิว #ดูแลผิวหน้า","สิวแต่ละชนิดดูแลไม่เหมือนกันนะ! 🧐

วันนี้คุณหมอต้นหอมจะพามาเช็กให้ชัวร์ว่า สิวที่เราเป็นอยู่คือประเภทไหน? แล้วควรปรับกิจวัตรการดูแลผิวอย่างไรให้ตรงจุด เพื่อผิวที่ดูเรียบเนียนและสุขภาพดีขึ้นกว่าเดิม

• เช็กประเภทสิวที่พบบ่อย
• เทคนิคการดูแลผิวเบื้องต้น
• เคล็ดลับปรับผิวให้ดูใส

#KVKClinic #DrKoong #DrJade
#ยกระดับมาตรฐานจริงใจล้ำสมัย #ความรู้เรื่องสิว #ดูแลผิวหน้า",140,"03/04/2026 04:00",N/A,https://www.facebook.com/reel/1443290487334892/,0,0,วิดีโอ,,,,,อายุการใช้งาน,27027,11093,12,11,0,1,268,,125,125,18,59347.074,2.472,0,0,0
1232740805610853,100066248360694,Kornvikkaclinic,"อัปเดตเทรนด์งานผิวกับโปรแกรม OGX: Radio Frequency คืออะไร? 💎

ยุคนี้ดูแลผิวแค่ภายนอกอาจไม่พอ ต้องทำความรู้จักกับนวัตกรรมที่ดูแลลึกถึงระดับโครงสร้าง!

โปรแกรม OGX นำเสนอพลังงาน Radio Frequency ที่ส่งตรงความร้อนอย่างแม่นยำ เพื่อกระตุ้นให้ผิวดูเฟิร์มและกระชับขึ้นจากข้างใน เหมาะสำหรับผู้ที่ต้องการความมั่นใจในทุกมิติ โดยยังคงความเป็นธรรมชาติของใบหน้าไว้ได้ดีที่สุด
ดูแลผิวด้วยความเข้าใจ เลือกเทคโนโลยีที่ตอบโจทย์คุณ ⚡️

#KVKClinic #DrKoong #DrJade
#ยกระดับมาตรฐานจริงใจล้ำสมัย
#OGX #RadioFrequency #นวัตกรรมยกกระชับ","อัปเดตเทรนด์งานผิวกับโปรแกรม OGX: Radio Frequency คืออะไร? 💎

ยุคนี้ดูแลผิวแค่ภายนอกอาจไม่พอ ต้องทำความรู้จักกับนวัตกรรมที่ดูแลลึกถึงระดับโครงสร้าง!

โปรแกรม OGX นำเสนอพลังงาน Radio Frequency ที่ส่งตรงความร้อนอย่างแม่นยำ เพื่อกระตุ้นให้ผิวดูเฟิร์มและกระชับขึ้นจากข้างใน เหมาะสำหรับผู้ที่ต้องการความมั่นใจในทุกมิติ โดยยังคงความเป็นธรรมชาติของใบหน้าไว้ได้ดีที่สุด
ดูแลผิวด้วยความเข้าใจ เลือกเทคโนโลยีที่ตอบโจทย์คุณ ⚡️

#KVKClinic #DrKoong #DrJade
#ยกระดับมาตรฐานจริงใจล้ำสมัย
#OGX #RadioFrequency #นวัตกรรมยกกระชับ",28,"03/04/2026 22:31",N/A,https://www.facebook.com/reel/2107495766739908/,0,0,วิดีโอ,,,,,อายุการใช้งาน,51179,26233,87,86,1,0,319,,174,142,3,69843.738,1.544,0,0,0
1232780585606875,100066248360694,Kornvikkaclinic,"✨ สิวขึ้นซ้ำ ๆ รักษายังไงก็ไม่หาย?
เพราะการรักษาสิวต้องแก้ ทุกสาเหตุของสิว ไม่ใช่แค่กดสิวออก
.
💎 KVK CLINIC จัดโปรแกรมรักษาสิวแบบครบ 7 Steps
ดูแลตั้งแต่ต้นเหตุ → ลดอักเสบ → ลดรอย → ฟื้นฟูผิว
.
🔹 7 STEP ACNI CLEAR PROGRAM
1️⃣Program Plasmalis ผลัดเซลล์ผิวอย่างอ่อนโยน ลดเชื้อ C.acne
2️⃣ Program กดสิว / ฉีดสิว
3️⃣ Program IPL คลื่นแสงความเข้มข้นสูง ช่วยลดสิว ลดรอยสิวได้ดี
4️⃣ Program Acni-Laser 1450 nm ลดการทำงานต่อมไขมัน ลดปัญหาสิว
5️⃣ Program Pico Laser (Pico Red & Acne Bright) ลดรอยดำ+รอยแดง ปรับโทนสีผิวที่ดูเรียบเนียนขึ้น
6️⃣ Mask VCA ปลอบประโลมผิว ผิวแข็งแรง มอบความชุ่มชื้น
7️⃣ ยาทาสิวเฉพาะบุคคล

💬 เหมาะสำหรับ
✔ สิวอักเสบ
✔ สิวอุดตัน
✔ สิวขึ้นซ้ำไม่หาย
✔ มีรอยแดง รอยดำจากสิว

🔥 โปรพิเศษเฉพาะเดือน มี.ค. นี้
💙 คอร์ส 3 แถม 1 ครั้ง 15,500.-
💙 คอร์ส 5 แถม 1 ครั้ง 17,900.-
.
.
.
ช่องทางติดต่อสอบถาม แอดมิน+ ปรึกษาแพทย์
𝐋𝐢𝐧𝐞 𝐎𝐀 เป็นช่องทางหลัก
สาขา 𝗞𝗼𝗿𝗮𝘁 : @1stkvk 
สาขา 𝗦𝗶𝗮𝗺  : @kvksiam
.
🔹 สาขา 𝗞𝗼𝗿𝗮𝘁 : โคราช (Head Qaurters)
สาขา3 : ติดโรงเรียน ปลูกปัญญา เส้นสุระ 2 
สาขา1 : ในปั้มปตท. ข้างเดอะมอลล์โคราช
📞 06 1956 5444
.
🔹 สาขา 𝗦𝗶𝗮𝗺 : KVK@Siam Clinic
Centerpoint Siam Square ชั้น 2
📞 09 5791 5444
………………………………………………
#KVKClinic #DrKoong #DrJade
#ยกมาตรฐานจริงใจล้ำสมัย
#รักษาสิว #โปรรักษาสิว
#รักษาสิวโคราช
#สิวหายหน้าใส
#สิวอักเสบ #สิวอุดตัน
#รอยสิว #หน้าใสไร้สิว",,0,"03/05/2026 00:02",N/A,https://www.facebook.com/KVKClinic/posts/pfbid0Y5CJD4jBrN4g72TSpn9eUwXyh2rgr5k1UdMWdrw1tL1rhB2Ja3Z7Tr7ZVJsqx2CRl,0,0,รูปภาพ,,,,,อายุการใช้งาน,3076,1880,11,7,0,4,28,23,5,,,,,,,
1233318628886404,100066248360694,Kornvikkaclinic,"จากชั้นตาหลบในทั้งสองข้างไม่เท่ากัน
ปรับชั้นตาใหม่สดใสขึ้นกว่าเดิม ✨
.
คนไข้มีปัญหาชั้นตาหลบใน ทำให้ชั้นตาดูไม่ชัด 
โดยเฉพาะช่วงหัวตาและกลางตา เปลือกตาบนค่อนข้างเรียบ 
ทำให้ดวงตาดูเล็กลงและชั้นตาทั้งสองข้างไม่เท่ากัน
เคสนี้แก้ไขด้วยโปรแกรมผ่าตัดตาสองชั้น เพื่อปรับชั้นตาใหม่
หลังทำทันทีชั้นตาคมชัดและมีความเท่ากันมากขึ้น
ดวงตาดูเปิดและกลมโตขึ้นอย่างเป็นธรรมชาติ
.
ผ่าตัดตาสองชั้นที่ KVK Clinic
✅ ดูแลโดยแพทย์มากประสบการณ์
✅ ปรึกษากับคุณหมอก่อนเข้าห้องผ่าตัดทุกเคส
✅ ออกแบบชั้นตาให้เข้ากับแต่ละบุคคล แบบเคสต่อเคส
✅ ติดตามผลและดูแลหลังผ่าตัดอย่างต่อเนื่อง",,0,"03/05/2026 19:00",N/A,https://www.facebook.com/KVKClinic/posts/pfbid02z5PMGgidCn5fT8WAVGvCJi7X9YHRK2TvstGEsg5Gjp9SMcPvECajeTHQa4CaTkrpl,0,0,รูปภาพ,,,,,อายุการใช้งาน,2707,1707,6,5,0,1,2,1,1,,,,,,,
1233441575540776,100066248360694,Kornvikkaclinic,"อีกก้าวของความภูมิใจของ KVK CLINIC กับรางวัลที่ได้มาตลอด 
7ปีซ้อน! จาก Galderma บริษัทใหญ่ทางยุโรป 
.
ตัวแทนรับรางวัลในครั้งนี้นำทีมโดย

✨คุณหมอณิชา (พญ. ณิชกุล วัฒน์ธนาภินันท์ ว 71949)
แพทย์ประจำ KVKClinic สาขาโคราช
✨คุณหมอโบว์ (พญ.เสาวภาคย์ ตรีสุธรรมมาศ ว.65557)
แพทย์ประจำ KVKclinic สาขาสยาม

Galderma มีผลิตภัณฑ์มากมาย เช่น กลุ่มโปรแกรมฉีด Filler,กลุ่มโปรแกรมฉีดBiostimulator และ กลุ่มโปรแกรมฉีด Botulinum Toxin เป็นต้น 

ที่ KVKClinic ใช้บริการมาอย่างตลอดหลายปี ความสำเร็จในครั้งนี้ คลินิกเราภูมิใจเป็นอย่างมาก เพราะการที่ได้รับรางวัลนี้เกิดจากการที่ผู้ใช้บริการทุกท่าน เชื่อใจ และไว้วางในในผลิตภัณฑ์ที่คลินิกใช้ เนื่องจากเป็นแบรนด์ชั้นนำที่มีมาตรฐานมาตลอดยาวนาน

ขอขอบคุณพันธมิตรที่ดีและขอบคุณผู้ใช้บริการทุกท่านที่ไว้วางใจให้เราดูแลความงามมาโดยตลอด รางวัลนี้คือเครื่องยืนยันว่า KVKClinic ทุกสาขา จะไม่หยุดพัฒนาเพื่อสิ่งที่ดีที่สุดสำหรับคุณ🫶🧡

#KVKClinic #DrKoong #DrJade
#ยกมาตรฐานจริงใจล้ำสมัย 
#GaldermaThailand #Top100ValuePartnership #7YearsConsecutiveAward","อีกก้าวของความภูมิใจของ KVK CLINIC กับรางวัลที่ได้มาตลอด 
7ปีซ้อน! จาก Galderma บริษัทใหญ่ทางยุโรป 
.
ตัวแทนรับรางวัลในครั้งนี้นำทีมโดย

✨คุณหมอณิชา (พญ. ณิชกุล วัฒน์ธนาภินันท์ ว 71949)
แพทย์ประจำ KVKClinic สาขาโคราช
✨คุณหมอโบว์ (พญ.เสาวภาคย์ ตรีสุธรรมมาศ ว.65557)
แพทย์ประจำ KVKclinic สาขาสยาม

Galderma มีผลิตภัณฑ์มากมาย เช่น กลุ่มโปรแกรมฉีด Filler,กลุ่มโปรแกรมฉีดBiostimulator และ กลุ่มโปรแกรมฉีด Botulinum Toxin เป็นต้น 

ที่ KVKClinic ใช้บริการมาอย่างตลอดหลายปี ความสำเร็จในครั้งนี้ คลินิกเราภูมิใจเป็นอย่างมาก เพราะการที่ได้รับรางวัลนี้เกิดจากการที่ผู้ใช้บริการทุกท่าน เชื่อใจ และไว้วางในในผลิตภัณฑ์ที่คลินิกใช้ เนื่องจากเป็นแบรนด์ชั้นนำที่มีมาตรฐานมาตลอดยาวนาน

ขอขอบคุณพันธมิตรที่ดีและขอบคุณผู้ใช้บริการทุกท่านที่ไว้วางใจให้เราดูแลความงามมาโดยตลอด รางวัลนี้คือเครื่องยืนยันว่า KVKClinic ทุกสาขา จะไม่หยุดพัฒนาเพื่อสิ่งที่ดีที่สุดสำหรับคุณ🫶🧡

#KVKClinic #DrKoong #DrJade
#ยกมาตรฐานจริงใจล้ำสมัย 
#GaldermaThailand #Top100ValuePartnership #7YearsConsecutiveAward",109,"03/05/2026 22:43",N/A,https://www.facebook.com/reel/940682775030192/,0,0,วิดีโอ,,,,,อายุการใช้งาน,2747,2132,15,13,0,2,10,,10,,,8892.244,3.731,0,0,0
1233319608886306,100066248360694,Kornvikkaclinic,"หมอคะ อยากได้ตาแบบโยชิ #KVKClinic #KVKSurgery #DrJade #หมอเจด #drKoong #ตาสองชั้น","หมอคะ อยากได้ตาแบบโยชิ #KVKClinic #KVKSurgery #DrJade #หมอเจด #drKoong #ตาสองชั้น",75,"03/06/2026 03:00",N/A,https://www.facebook.com/reel/3852653058373722/,0,0,วิดีโอ,,,,,อายุการใช้งาน,32223,23047,67,62,1,4,669,,144,512,13,142003.02,4.909,0,0,0
1233431085541825,100066248360694,Kornvikkaclinic,"จากหน้าท้องยื่น สู่เวอร์ชั่นใหม่ของตัวเอง
6 เดือน ลดไป 33 กิโล 🔥
.
จากเดิมคนไข้มีภาวะน้ำหนักเกินชัดเจน 
ไขมันสะสมบริเวณหน้าท้องและรอบเอวมาก 
ทำให้หน้าท้องยื่น รูปร่างดูตันและเคลื่อนไหวไม่คล่อง 
แม้พยายามลดน้ำหนักหลายวิธีก็ยังคุมความหิวได้ยาก
หลังเข้าคอร์สและดูแลต่อเนื่อง 6 เดือน 
น้ำหนักลดลงถึง 33 กิโลกรัม หน้าท้องยุบลง 
รอบเอวเล็กลง รูปร่างกระชับและสมส่วนขึ้นอย่างเห็นได้ชัด",,0,"03/06/2026 19:00",N/A,https://www.facebook.com/KVKClinic/posts/pfbid02d5aqcjfkxNdx6L1DK7sKmbkuHYtdwH7Ks9dmN97RXXKo35zvStGXVEnYGnAQzpkFl,0,0,รูปภาพ,,,,,อายุการใช้งาน,3316,1964,12,11,0,1,9,4,5,,,,,,,
1234092935475640,100066248360694,Kornvikkaclinic,"'The Runway: We Walk Together' ✨
อีกหนึ่งก้าวสำคัญที่สะท้อนถึงความมุ่งมั่นและมาตรฐานที่ KVK Clinic ตั้งใจมอบให้กับทุกท่าน

ภูมิใจและเป็นเกียรติอย่างยิ่งที่ KVK Clinic ได้รับรางวัลอันทรงเกียรติ ถึง 2รางวัล 

🏆 The Master X Iconic Award 
🏆 The Excellent Partner Award 2025

ตัวแทนรับรางวัลในครั้งนี้นำทีมโดย

✨คุณหมอกุ้ง(พญ.กรวิกกา พัฒนะปราน ว.38020)
แพทย์ประจำ KVKClinic สาขาโคราช/สาขาสยาม
✨คุณหมอโบว์ (พญ.เสาวภาคย์ ตรีสุธรรมมาศ ว.65557)
แพทย์ประจำ KVKclinic สาขาสยาม

เป็นเครื่องพิสูจน์ถึงความมุ่งมั่นของ KVK Clinic ที่ร่วมมือกับ Paragon Care ผู้ที่อยู่เบื้องหลังการนำเข้าเทคโนโลยี เครื่องมือ และผลิตภัณฑ์ทางการแพทย์ระดับโลก 
รวมไปถึงการ Training แพทย์อย่างต่อเนื่อง
เพื่อใช้ผลิตภัณฑ์ได้อย่างปลอดภัยสู่ผู้ใช้บริการ
และคัดสรรสิ่งที่ดีที่สุดให้กับคนไข้ของเรา💕

🙏🏻ขอบคุณลูกค้าทุกท่านที่เป็นแรงบันดาลใจให้เราไม่หยุดพัฒนา และทำให้เราได้รับรางวัลอันทรงเกียรตินี้ร่วมกันค่ะ

KVKClinic สัญญาว่าจะยังคงรักษามาตรฐานและใส่ใจในทุกรายละเอียด เพื่อให้คุณได้รับผลลัพธ์ที่ยอดเยี่ยมที่สุดเสมอ
ขอบคุณที่เป็นส่วนหนึ่งในความสำเร็จและเป็นแรงบันดาลใจให้เรามุ่งมั่นต่อไปค่ะ 💖

#KVKClinic #DrKoong #DrJade
#ยกมาตรฐานจริงใจล้ำสมัย 
#TheRunwayWeWalkTogether
#ParagonCareThailand
#11YearsOfParagoncare","'The Runway: We Walk Together' ✨
อีกหนึ่งก้าวสำคัญที่สะท้อนถึงความมุ่งมั่นและมาตรฐานที่ KVK Clinic ตั้งใจมอบให้กับทุกท่าน

ภูมิใจและเป็นเกียรติอย่างยิ่งที่ KVK Clinic ได้รับรางวัลอันทรงเกียรติ ถึง 2รางวัล 

🏆 The Master X Iconic Award 
🏆 The Excellent Partner Award 2025

ตัวแทนรับรางวัลในครั้งนี้นำทีมโดย

✨คุณหมอกุ้ง(พญ.กรวิกกา พัฒนะปราน ว.38020)
แพทย์ประจำ KVKClinic สาขาโคราช/สาขาสยาม
✨คุณหมอโบว์ (พญ.เสาวภาคย์ ตรีสุธรรมมาศ ว.65557)
แพทย์ประจำ KVKclinic สาขาสยาม

เป็นเครื่องพิสูจน์ถึงความมุ่งมั่นของ KVK Clinic ที่ร่วมมือกับ Paragon Care ผู้ที่อยู่เบื้องหลังการนำเข้าเทคโนโลยี เครื่องมือ และผลิตภัณฑ์ทางการแพทย์ระดับโลก 
รวมไปถึงการ Training แพทย์อย่างต่อเนื่อง
เพื่อใช้ผลิตภัณฑ์ได้อย่างปลอดภัยสู่ผู้ใช้บริการ
และคัดสรรสิ่งที่ดีที่สุดให้กับคนไข้ของเรา💕

🙏🏻ขอบคุณลูกค้าทุกท่านที่เป็นแรงบันดาลใจให้เราไม่หยุดพัฒนา และทำให้เราได้รับรางวัลอันทรงเกียรตินี้ร่วมกันค่ะ

KVKClinic สัญญาว่าจะยังคงรักษามาตรฐานและใส่ใจในทุกรายละเอียด เพื่อให้คุณได้รับผลลัพธ์ที่ยอดเยี่ยมที่สุดเสมอ
ขอบคุณที่เป็นส่วนหนึ่งในความสำเร็จและเป็นแรงบันดาลใจให้เรามุ่งมั่นต่อไปค่ะ 💖

#KVKClinic #DrKoong #DrJade
#ยกมาตรฐานจริงใจล้ำสมัย 
#TheRunwayWeWalkTogether
#ParagonCareThailand
#11YearsOfParagoncare",92,"03/06/2026 20:11",auto,https://www.facebook.com/reel/2182238342585354/,0,0,วิดีโอ,,,,,อายุการใช้งาน,2589,2121,12,12,0,0,5,,5,,,10557.856,4.608,0,0,0
1234099532141647,100066248360694,Kornvikkaclinic,,,0,"03/06/2026 20:22",N/A,https://www.facebook.com/KVKClinic/posts/pfbid024AGEcFzrRouDQwmNx9Zd2iHQMQYiCS44UonKA44jYeY4TbMKoWgwXzAdxhwQ9XaQl,0,1,รูปภาพ,,,,,อายุการใช้งาน,3229,1862,3,3,0,0,11,6,5,,,,,,,
1234269108791356,100066248360694,Kornvikkaclinic,"สิวที่เป็นอยู่...ปกติหรืออันตราย? 🔍
ลองเช็กกันดูหน่อยนะคะ! ใครกำลังมีปัญหาสิวเรื้อรังหรือสิวที่มีลักษณะผิดปกติอยู่บ้าง?

คลิปนี้คุณหมอต้นหอมจะมาแชร์ 4 จุดสังเกตสำคัญที่ช่วยให้เราแยกแยะ ""สิวอันตราย"" ออกจากสิวทั่วไป เพื่อการดูแลที่ทันท่วงทีค่ะ⁉️

📌 ใครมีข้อสงสัยเรื่องอาการของสิว พิมพ์คอมเมนต์สอบถามไว้ได้เลยนะคะ

#KVKClinic #DrKoong #DrJade
#ยกระดับมาตรฐานจริงใจล้ำสมัย
#หมอต้นหอมKVK
#เรื่องน่ารู้เกี่ยวกับสิว","สิวที่เป็นอยู่...ปกติหรืออันตราย? 🔍
ลองเช็กกันดูหน่อยนะคะ! ใครกำลังมีปัญหาสิวเรื้อรังหรือสิวที่มีลักษณะผิดปกติอยู่บ้าง?

คลิปนี้คุณหมอต้นหอมจะมาแชร์ 4 จุดสังเกตสำคัญที่ช่วยให้เราแยกแยะ ""สิวอันตราย"" ออกจากสิวทั่วไป เพื่อการดูแลที่ทันท่วงทีค่ะ⁉️

📌 ใครมีข้อสงสัยเรื่องอาการของสิว พิมพ์คอมเมนต์สอบถามไว้ได้เลยนะคะ

#KVKClinic #DrKoong #DrJade
#ยกระดับมาตรฐานจริงใจล้ำสมัย
#หมอต้นหอมKVK
#เรื่องน่ารู้เกี่ยวกับสิว",169,"03/07/2026 02:02",N/A,https://www.facebook.com/reel/1222542380050173/,0,0,วิดีโอ,,,,,อายุการใช้งาน,2727,2127,22,19,0,3,8,,8,,,17241.931,7.196,0,0,0
1233432772208323,100066248360694,Kornvikkaclinic,"ปักตระกร้าแล้ว ทำไมต้องวัดมวลกลามเนื้อ #KVKClinic #ลดนำ้หนัก #DrJade #หมอเจด #drKoong #KVKSurgery","ปักตระกร้าแล้ว ทำไมต้องวัดมวลกลามเนื้อ #KVKClinic #ลดนำ้หนัก #DrJade #หมอเจด #drKoong #KVKSurgery",74,"03/07/2026 03:00",N/A,https://www.facebook.com/reel/2146957122770097/,0,0,วิดีโอ,,,,,อายุการใช้งาน,3659,2954,23,20,0,3,6,,6,,,35885.914,11.193,0,0,0
1233433218874945,100066248360694,Kornvikkaclinic,"แค่ปรับทรงจมูก มุมหน้าก็เปลี่ยน
สันชัด ปลายพุ่ง หน้าดูมีมิติขึ้นทันที ✨

เคสนี้คนไข้ปัญหาปลายจมูกทู่ สันจมูกค่อนข้างต่ำ
เมื่อมองด้านข้างทำให้ใบหน้าดูแบนและขาดมิติเล็กน้อย
คุณหมอแก้ไขด้วยการออกแบบทรงจมูกใหม่ให้เหมาะกับโครงหน้า
โดยปรับโครงสร้างสันจมูกให้มีมิติ 
พร้อมยกและปรับปลายจมูกให้พุ่งขึ้นเล็กน้อย
หลังทำทันทีจะเห็นว่าทรงจมูกดูชัดขึ้น
มุมด้านข้างทำให้ใบหน้าดูมีมิติและละมุนขึ้นอย่างเห็นได้ชัด
.
ผ่าตัดเสริมจมูกที่ KVK Clinic
✅ ดูแลโดยแพทย์มากประสบการณ์
✅ ปรึกษากับคุณหมอก่อนเข้าห้องผ่าตัดทุกเคส
✅ ออกแบบทรงจมูกให้เข้ากับแต่ละบุคคล แบบเคสต่อเคส
✅ ติดตามผลและดูแลหลังผ่าตัดอย่างต่อเนื่อง",,0,"03/07/2026 19:00",N/A,https://www.facebook.com/KVKClinic/posts/pfbid02o5P1VTv9q6MqgnJWecjnHMC6SFF1dUHpKD4fxb2wXUtd4LY9AASavmWJteKvAbBGl,0,0,รูปภาพ,,,,,อายุการใช้งาน,3180,1977,2,1,0,1,3,2,1,,,,,,,
1234881672063433,100066248360694,Kornvikkaclinic,"𝐊𝐕𝐊 𝐂𝐥𝐢𝐧𝐢𝐜 คว้ารางวัลเกียรติยศระดับประเทศจาก 𝐆𝐚𝐥𝐝𝐞𝐫𝐦𝐚 𝐓𝐡𝐚𝐢𝐥𝐚𝐧𝐝 บริษัทใหญ่จากทางยุโรป 𝟕 ปีซ้อน ✨
อีกหนึ่งก้าวสำคัญแห่งความภาคภูมิใจของ 𝐊𝐕𝐊𝐂𝐥𝐢𝐧𝐢𝐜 กับรางวัล 

🏆 𝐓𝐨𝐩 𝟏𝟎𝟎 𝐕𝐚𝐥𝐮𝐞 𝐏𝐚𝐫𝐭𝐧𝐞𝐫𝐬𝐡𝐢𝐩 𝟐𝟎𝟐𝟓
จากงาน 𝐆𝐚𝐥𝐝𝐞𝐫𝐦𝐚 𝐏𝐚𝐫𝐭𝐧𝐞𝐫𝐬𝐡𝐢𝐩 𝐑𝐞𝐜𝐨𝐠𝐧𝐢𝐭𝐢𝐨𝐧

• ตัวแทนรับรางวัลครั้งนี้นำทีมโดย

👩🏻‍⚕️คุณหมอป๊อบ (พญ.ณิชกุล วัฒน์ธนาภินันท์ ว71949)
แพทย์ประจำ 𝐊𝐕𝐊𝐂𝐥𝐢𝐧𝐢𝐜 สาขาโคราช/สาขาสยาม

👩🏻‍⚕️คุณหมอโบว์ (พญ.เสาวภาคย์ ตรีสุธรรมมาศ ว65557)
แพทย์ประจำ 𝐊𝐕𝐊𝐂𝐥𝐢𝐧𝐢𝐜 สาขาสยาม

Galderma มีผลิตภัณฑ์มากมาย เช่น กลุ่มโปรแกรมฉีด Filler,กลุ่มโปรแกรมฉีดBiostimulator และ กลุ่มโปรแกรมฉีด Botulinum Toxin เป็นต้น 

ความสำเร็จครั้งนี้เกิดขึ้นไม่ได้เลยหากขาดการสนับสนุนจากลูกค้าทุกท่านที่วางใจให้ 𝐊𝐕𝐊 𝐂𝐥𝐢𝐧𝐢𝐜 ดูแลเสมอมา เราสัญญาว่าจะมุ่งมั่นพัฒนาคุณภาพการบริการ และรักษาความถูกต้องแม่นยำในการเลือกใช้ผลิตภัณฑ์ที่มีมาตรฐาน เพื่อให้ทุกท่านมั่นใจทุกครั้งที่มาหาเรา

#KVKClinic #DrKoong #DrJade
#ยกมาตรฐานจริงใจล้ำสมัย 
#GaldermaThailand #Top100ValuePartnership #7YearsConsecutiveAward",,0,"03/07/2026 22:22",N/A,https://www.facebook.com/KVKClinic/posts/pfbid02QSZnERtTjdiLgJQC94AxgCSWvDtLgUEHEV4RqvWKG8PkgABiS4xJXyghdhyFXmZ5l,0,0,รูปภาพ,,,,,อายุการใช้งาน,3500,2057,9,9,0,0,31,25,6,,,,,,,
1233518108866456,100066248360694,Kornvikkaclinic,"จากอกเล็ก สู่อกสวยดูเป็นธรรมชาติ ✨
อัปเดตผลลัพธ์ 5 ปี ยังทรงสวย มั่นใจทุกลุค
.
ก่อนทำคนไข้มีหน้าอกค่อนข้างเล็ก เนินอกไม่ชัด 
ทำให้สัดส่วนช่วงบนดูตรงและขาดมิติ 
เวลาใส่เสื้อผ้าจะดูไม่ค่อยมีทรงทำให้ความมั่นใจลดลง 
แก้ไขด้วยโปรแกรมเสริมหน้าอก 
ออกแบบให้เหมาะกับโครงสร้าง
อัปเดตผลลัพธ์หลังทำ 5 ปี หน้าอกยังคงรูปสวย เนินอกชัด 
ทรงดูนุ่มละมุนและเข้ากับรูปร่างมากขึ้น 
ช่วยให้บุคลิกดูมั่นใจและแต่งตัวได้หลากหลายขึ้น
.
ผ่าตัดเสริมหน้าอกที่ KVK Clinic
✅ ดูแลโดยแพทย์มากประสบการณ์
✅ ปรึกษากับคุณหมอก่อนเข้าห้องผ่าตัดทุกเคส
✅ ออกแบบข้างต่อข้างให้เข้ากับแต่ละบุคคล แบบเคสต่อเคส
✅ ติดตามผลและดูแลหลังผ่าตัดอย่างต่อเนื่อง",,0,"03/08/2026 20:00",N/A,https://www.facebook.com/KVKClinic/posts/pfbid02Y9TGfkGEdHscPBQiRSsvat3HLEc6qmNxZpbMxtGWiy3zFLJmwvSC8hmcxUYUKyNMl,0,0,รูปภาพ,,,,,อายุการใช้งาน,2739,1777,4,4,0,0,2,1,,1,,,,,,
1235738281977772,100066248360694,Kornvikkaclinic,"ชาวสยามเตรียมเฮ🎉 หลังจากที่เรียกร้องกันมาหลายเสียง โปรแกรม Picosurepro เร็วๆนี้ KVK Siam Clinic 🫶💕",,0,"03/09/2026 04:23",N/A,https://www.facebook.com/KVKClinic/posts/pfbid0tgcJPU4FnUbd3DMoZJtQdjeRsgjQkfr3DN9rpGrtwP9LYgk5mJTr23J7frcnwdVsl,0,1,รูปภาพ,,,,,อายุการใช้งาน,3160,1907,5,4,0,1,14,3,11,,,,,,,
1235853035299630,100066248360694,Kornvikkaclinic,"ชาวสยามเตรียมหน้าใส! ✨โปรแกรม 𝐏𝐢𝐜𝐨𝐬𝐮𝐫𝐞 𝐏𝐫𝐨 ตัวดังระดับโลก เครื่องที่ 𝟐 เตรียมแลนด์ดิ้ง  𝐊𝐕𝐊 @𝐒𝐢𝐚𝐦 เร็วๆนี้ค่ะ🎉🎉🎉

.
🚗 ไม่ต้องเดินทางไกล ก็สัมผัสเทคโนโลยีเลเซอร์ที่ดีที่สุดในการจัดการ •ฝ้า •กระ •จุดด่างดำ •งานผิว 𝐆𝐥𝐚𝐬𝐬 𝐒𝐤𝐢𝐧
📍ได้ที่ 𝐊𝐕𝐊@𝐒𝐢𝐚𝐦 | 𝐂𝐞𝐧𝐭𝐞𝐫𝐩𝐨𝐢𝐧𝐭 𝐨𝐟 𝐒𝐢𝐚𝐦 𝐒𝐪𝐮𝐚𝐫𝐞 ชั้น 𝟐

.
🔥 𝐏𝐫𝐞-𝐒𝐚𝐥𝐞 𝐍𝐨𝐰! เปิดจองสิทธิ์โปรแกรม 𝐏𝐢𝐜𝐨𝐬𝐮𝐫𝐞 𝐏𝐫𝐨 ราคาพิเศษต้อนรับเครื่องใหม่

🔍ใครเล็งไว้อย่าช้า ช้าหมดอดโปรหน้าใสแบบจัดเต็มนะจ๊ะ ทักแชทจองคิวหรือสอบถามโปรโมชั่นได้เลย!

.
.
.
ช่องทางติดต่อสอบถาม แอดมิน+ ปรึกษาแพทย์
𝐋𝐢𝐧𝐞 𝐎𝐀 เป็นช่องทางหลัก
สาขา 𝗞𝗼𝗿𝗮𝘁 : @1stkvk 
สาขา 𝗦𝗶𝗮𝗺  : @kvksiam

.
🔹 สาขา 𝗞𝗼𝗿𝗮𝘁 : โคราช (Head Qaurters)
สาขา3 : ติดโรงเรียน ปลูกปัญญา เส้นสุระ 2 
สาขา1 : ในปั้มปตท. ข้างเดอะมอลล์โคราช
📞 06 1956 5444

.
🔹 สาขา 𝗦𝗶𝗮𝗺 : KVK Siam Clinic
Centerpoint Siam Square ชั้น 2
📞 09 5791 5444

………………………………………………

#KVKClinic #DrKoong #DrJade
#ยกมาตรฐานจริงใจล้ำสมัย 
#KVKSiam #NewArrival
#PreSale #PicosureProKVKSiam
#ProgramPicosurePro",,0,"03/09/2026 07:54",N/A,https://www.facebook.com/KVKClinic/posts/pfbid023xMqKQNX5MAavKM3QbUwiWXRShowpfy7Yeu4cRDFc6KTEVAXDp6DJkTKv4ncb1oAl,0,0,รูปภาพ,,,,,อายุการใช้งาน,4227,2285,31,20,7,4,31,5,26,,,,,,,
1236338328584434,100066248360694,Kornvikkaclinic,"ใครๆก็ว่าหนูดูดุ ขอตากับจมูกใหม่ #KVKClinic #KVKSurgery #DrJade #หมอเจด #drKoong #ตาสองชั้น  #เสริมจมูก","ใครๆก็ว่าหนูดูดุ ขอตากับจมูกใหม่ #KVKClinic #KVKSurgery #DrJade #หมอเจด #drKoong #ตาสองชั้น  #เสริมจมูก",25,"03/10/2026 04:00",N/A,https://www.facebook.com/reel/1932937231441501/,0,0,วิดีโอ,,,,,อายุการใช้งาน,2804,2313,3,3,0,0,4,,4,,,11286.968,4.608,0,0,0
1236341305250803,100066248360694,Kornvikkaclinic,"ตาหวานขึ้นแบบไม่โป๊ะ
สวยในเวอร์ชันที่เป็นตัวเอง 👀 ✨
.
จากปัญหาชั้นตาหลบในทั้งสองข้างและมีความไม่เท่ากัน 
ทำให้ชั้นตาดูไม่ชัด โดยเฉพาะช่วงหัวตา
และกลางตาค่อนข้างเรียบ ทำให้ดวงตาดูเล็กและขาดมิติ 
อัปเดตหลังทำครบ 7 วัน ชั้นตาเริ่มเข้ารูปและดูชัดขึ้น 
ดวงตาดูเปิดและสดใสมากขึ้น 
ทำให้ใบหน้าโดยรวมดูหวานและมีมิติมากกว่าเดิม
.
ผ่าตัดตาสองชั้นที่ KVK Clinic
✅ ดูแลโดยแพทย์มากประสบการณ์
✅ ปรึกษากับคุณหมอก่อนเข้าห้องผ่าตัดทุกเคส
✅ ออกแบบชั้นตาให้เข้ากับแต่ละบุคคล แบบเคสต่อเคส
✅ ติดตามผลและดูแลหลังผ่าตัดอย่างต่อเนื่อง",,0,"03/10/2026 20:00",N/A,https://www.facebook.com/KVKClinic/posts/pfbid0GihLpWcsvid9vQRkZPgY9Wg2mvd5NYgErrkKAkwUfTRBajcuJPXwwMzVZFuhbZUYl,0,0,รูปภาพ,,,,,อายุการใช้งาน,3459,2079,15,13,0,2,7,5,2,,,,,,,
1237013241850276,100066248360694,Kornvikkaclinic,"💫Something New is coming to KVK Clinic.
เตรียมพบกับการเปิดตัวนวัตกรรมยกกระชับตัวใหม่ล่าสุดที่ KVK Clinic เครื่องที่เหล่า Celeb เกาหลีกำลังอินที่สุดในตอนนี้!

✅ยกหน้าเป๊ะ

✅เก็บเหนียงอยู่หมัด

✅งานผิวแน่นเฟิร์ม

Coming Soon... จะเป็นเครื่องอะไร เตรียมกด See First รอไว้ได้เลย! ⌛️
😜ใบ้ให้ว่า: สวยเต็ม 10 ไม่มีหัก!

……………..………………………
#KVKClinic #DrKoong #DrJade
#ยกมาตรฐานจริงใจล้ำสมัย
#KVKNewSecret #SomethingBigIsComing
#TheNewDefinitionOfLifting
#สวยเต็มสิบที่KVK","💫Something New is coming to KVK Clinic.
เตรียมพบกับการเปิดตัวนวัตกรรมยกกระชับตัวใหม่ล่าสุดที่ KVK Clinic เครื่องที่เหล่า Celeb เกาหลีกำลังอินที่สุดในตอนนี้!

✅ยกหน้าเป๊ะ

✅เก็บเหนียงอยู่หมัด

✅งานผิวแน่นเฟิร์ม

Coming Soon... จะเป็นเครื่องอะไร เตรียมกด See First รอไว้ได้เลย! ⌛️
😜ใบ้ให้ว่า: สวยเต็ม 10 ไม่มีหัก!

……………..………………………
#KVKClinic #DrKoong #DrJade
#ยกมาตรฐานจริงใจล้ำสมัย
#KVKNewSecret #SomethingBigIsComing
#TheNewDefinitionOfLifting
#สวยเต็มสิบที่KVK",16,"03/11/2026 00:03",N/A,https://www.facebook.com/reel/1501799274707657/,0,0,วิดีโอ,,,,,อายุการใช้งาน,4699,2332,28,23,0,5,20,,20,,,12745.416,3.22,0,0,0
1237041605180773,100066248360694,Kornvikkaclinic,"พักงานมาเติมพลังใจ แล้วกลับไปสร้างความประทับใจให้ผู้ใช้บริการทุกคน!
Work Hard, Play Harder! รวมตัวครอบครัว KVKClinic & Vikka Skincare บุกเวียดนาม พลังล้นจนต้องแชร์! 🌊🎢

ขอบคุณผู้นำทัพทริปเวียดนาม 
คุณหมอกุ้ง และ คุณหมอเจด 💕🫶
Kornvikka Pattanapran
Jade Boonyawongvirot

สำหรับโอกาสดีๆในครั้งนี้  เป็นประสบการณ์ใหม่ๆของพนักงานหลายๆคน รวมถึงเป็นการพักผ่อนไปในตัว ฮีลใจสุดๆ 🥹🏝️

ความสำเร็จในวันนี้จะเกิดขึ้นไม่ได้เลย ถ้าไม่มีความทุ่มเทของทุกคน ทริป Phu Quoc นี้คือรางวัลแทนคำขอบคุณที่ร่วมสู้และทำให้เราก้าวมาถึงจุดนี้ด้วยกัน 

ขอบคุณที่เป็นจิ๊กซอว์ชิ้นสำคัญที่ทำให้ภาพความสำเร็จของบริษัทชัดเจนขึ้นเรื่อยๆ ไปต่อด้วยกันนะทุกคน! 🇻🇳🚀

……………..………………………
#KVKClinic #DrKoong #DrJade
#ยกมาตรฐานจริงใจล้ำสมัย
#vikkaskincare 
#KVKBigTeamOutingPhuQuoc2026","พักงานมาเติมพลังใจ แล้วกลับไปสร้างความประทับใจให้ผู้ใช้บริการทุกคน!
Work Hard, Play Harder! รวมตัวครอบครัว KVKClinic & Vikka Skincare บุกเวียดนาม พลังล้นจนต้องแชร์! 🌊🎢

ขอบคุณผู้นำทัพทริปเวียดนาม 
คุณหมอกุ้ง และ คุณหมอเจด 💕🫶
@[100000261884506:2048:Kornvikka Pattanapran]
@[100000320622737:2048:Jade Boonyawongvirot]

สำหรับโอกาสดีๆในครั้งนี้  เป็นประสบการณ์ใหม่ๆของพนักงานหลายๆคน รวมถึงเป็นการพักผ่อนไปในตัว ฮีลใจสุดๆ 🥹🏝️

ความสำเร็จในวันนี้จะเกิดขึ้นไม่ได้เลย ถ้าไม่มีความทุ่มเทของทุกคน ทริป Phu Quoc นี้คือรางวัลแทนคำขอบคุณที่ร่วมสู้และทำให้เราก้าวมาถึงจุดนี้ด้วยกัน 

ขอบคุณที่เป็นจิ๊กซอว์ชิ้นสำคัญที่ทำให้ภาพความสำเร็จของบริษัทชัดเจนขึ้นเรื่อยๆ ไปต่อด้วยกันนะทุกคน! 🇻🇳🚀

……………..………………………
#KVKClinic #DrKoong #DrJade
#ยกมาตรฐานจริงใจล้ำสมัย
#vikkaskincare 
#KVKBigTeamOutingPhuQuoc2026",259,"03/11/2026 02:00",N/A,https://www.facebook.com/reel/881659094698015/,0,0,วิดีโอ,,,,,อายุการใช้งาน,5393,4003,59,48,6,5,96,,96,,,47330.051,10.331,0,0,0
1237104101841190,100066248360694,Kornvikkaclinic,"แก้จมูกใหม่รองปลายด้วยกระดูกอ่อนหลังหู  #KVKClinic #KVKSurgery #DrJade #หมอเจด #drKoong #เสริมจมูก","แก้จมูกใหม่รองปลายด้วยกระดูกอ่อนหลังหู  #KVKClinic #KVKSurgery #DrJade #หมอเจด #drKoong #เสริมจมูก",14,"03/11/2026 04:01",N/A,https://www.facebook.com/reel/2476676669430645/,0,0,วิดีโอ,,,,,อายุการใช้งาน,15125,12233,79,60,16,3,159,,64,92,3,39184.328,3.084,0,0,0
1237626701788930,100066248360694,Kornvikkaclinic,"อัปเดต 2 เดือน 👃✨
เพิ่มมิติให้ใบหน้าด้วยการปรับทรงจมูก
.
ก่อนทำคนไข้มีปัญหาปลายจมูกค่อนข้างสั้น
และมีลักษณะชมพู่เล็กน้อย 
ทำให้เวลาถ่ายรูปมุมด้านข้างใบหน้าดูไม่ค่อยมีมิติ 
เส้นไลน์จมูกไม่เด่นชัด
อัปเดตหลังทำครบ 2 เดือน
ทรงจมูกเริ่มเข้าที่มากขึ้น สันจมูกดูชัดขึ้น ปลายจมูกดูยาวและพุ่งขึ้นอย่างเป็นธรรมชาติ ทำให้ใบหน้าโดยรวมดูมีมิติและละมุนขึ้นกว่าเดิม
.
ผ่าตัดเสริมจมูกที่ KVK Clinic
✅ ดูแลโดยแพทย์มากประสบการณ์
✅ ปรึกษากับคุณหมอก่อนเข้าห้องผ่าตัดทุกเคส
✅ ออกแบบทรงจมูกให้เข้ากับแต่ละบุคคล แบบเคสต่อเคส
✅ ติดตามผลและดูแลหลังผ่าตัดอย่างต่อเนื่อง",,0,"03/11/2026 20:43",N/A,https://www.facebook.com/KVKClinic/posts/pfbid02ZWdZCgSqh8XjqBdNtA3AEQgUUXyhqjJrsGigKyN79oXr3epuEErcvECTVh2oDyeRl,0,0,รูปภาพ,,,,,อายุการใช้งาน,3980,2411,11,9,0,2,14,7,7,,,,,,,
1237813071770293,100066248360694,Kornvikkaclinic,"เพราะผลลัพธ์ที่ดูเป็นธรรมชาติ ✨
ไม่ได้ขึ้นอยู่กับเครื่องมืออย่างเดียว
แต่อยู่ที่ “เทคนิคการออกแบบโปรแกรม” ให้เหมาะกับแต่ละบุคคล

โปรแกรมฟิลเลอร์ไม่ได้มีแค่การเติม
แต่คือการ “ออกแบบให้เหมาะกับโครงหน้าแต่ละคน”

เพื่อให้ลุคดูละมุน เป็นธรรมชาติ
และยังคงเอกลักษณ์ของคุณไว้ 💙

………………………………………….
#KVKClinic #DrKoong #DrJade
#ยกมาตรฐานจริงใจล้ำสมัย
#หมอณิชาKVK
#โปรแกรมฟิลเลอร์","เพราะผลลัพธ์ที่ดูเป็นธรรมชาติ ✨
ไม่ได้ขึ้นอยู่กับเครื่องมืออย่างเดียว
แต่อยู่ที่ “เทคนิคการออกแบบโปรแกรม” ให้เหมาะกับแต่ละบุคคล

โปรแกรมฟิลเลอร์ไม่ได้มีแค่การเติม
แต่คือการ “ออกแบบให้เหมาะกับโครงหน้าแต่ละคน”

เพื่อให้ลุคดูละมุน เป็นธรรมชาติ
และยังคงเอกลักษณ์ของคุณไว้ 💙

………………………………………….
#KVKClinic #DrKoong #DrJade
#ยกมาตรฐานจริงใจล้ำสมัย
#หมอณิชาKVK
#โปรแกรมฟิลเลอร์",35,"03/12/2026 02:31",N/A,https://www.facebook.com/reel/1438062987766976/,0,0,วิดีโอ,,,,,อายุการใช้งาน,2904,2204,8,7,0,1,3,,3,,,5204.585,2.057,0,0,0
1238587498359517,100066248360694,Kornvikkaclinic,"อยากอัปสวยด้วยฟิลเลอร์... ต้องเช็กอะไรบ้างนะ? 🤔💖

ใครกำลังเล็งโปรแกรมฟิลเลอร์ไว้ แต่ยังกล้าๆ กลัวๆ กลัวได้ของไม่ดี หรือกลัวไม่เป็นธรรมชาติ... มาฟังทางนี้ค่ะ! คุณหมอณิชามี Check-list วิธีดูฟิลเลอร์คุณภาพมาฝากกัน

ความสวยที่มาพร้อมความปลอดภัยคือสิ่งที่ KVK Clinic ให้ความสำคัญอันดับหนึ่งเสมอ✨🫶

………………………………………
#KVKClinic #DrKoong #DrJade
#ยกมาตรฐานจริงใจล้ำสมัย
#หมอณิชาKVK #โปรแกรมฟิลเลอร์
#สาระน่ารู้","อยากอัปสวยด้วยฟิลเลอร์... ต้องเช็กอะไรบ้างนะ? 🤔💖

ใครกำลังเล็งโปรแกรมฟิลเลอร์ไว้ แต่ยังกล้าๆ กลัวๆ กลัวได้ของไม่ดี หรือกลัวไม่เป็นธรรมชาติ... มาฟังทางนี้ค่ะ! คุณหมอณิชามี Check-list วิธีดูฟิลเลอร์คุณภาพมาฝากกัน

ความสวยที่มาพร้อมความปลอดภัยคือสิ่งที่ KVK Clinic ให้ความสำคัญอันดับหนึ่งเสมอ✨🫶

………………………………………
#KVKClinic #DrKoong #DrJade
#ยกมาตรฐานจริงใจล้ำสมัย
#หมอณิชาKVK #โปรแกรมฟิลเลอร์
#สาระน่ารู้",46,"03/13/2026 03:24",N/A,https://www.facebook.com/reel/5365750183649078/,0,0,วิดีโอ,,,,,อายุการใช้งาน,2936,2285,13,13,0,0,2,,2,,,8366.773,3.253,0,0,0
1239183808299886,100066248360694,Kornvikkaclinic,"KVK Clinic รู้สึกเป็นเกียรติและภาคภูมิใจอย่างยิ่ง
จากงาน “The Runway We Walk Together” 💫

.
อีกหนึ่งความภาคภูมิใจของ KVK Clinic! คุณหมอกุ้ง ( พญ.กรวิกกา พัฒนะปราน ว 38020 )และทีมงาน รู้สึกเป็นเกียรติอย่างยิ่งที่ได้รับรางวัล

กับ 2 รางวัลอันทรงเกียรติ

🏆The Master X iconic (academic mentor) 2025
และ
🏆 The excellence center award 2025 

รางวัลนี้สะท้อนถึงความร่วมมือและการเติบโตที่เกิดขึ้นจากการก้าวเดินไปด้วยกันของทุกภาคส่วน ภูมิใจที่ได้เป็นส่วนหนึ่งของการบอกต่อสิ่งดีๆ ให้กับ Paragoncare ไปถึงคนไข้  รวมถึงความไว้วางใจและการสนับสนุนจากทุกท่านที่มีให้กับ KVK Clinic มาโดยตลอด🫶🏾💙

.
และแน่นอนสิ่งเหล่านี้ บอกว่า KVKclinic มุ่งมั่นพัฒนาทุกด้านอย่างต่อเนื่อง ทั้ง ทีมแพทย์ การบริการ เครื่องมือ และเทคนิค รวมถึงการมองปัญหาคนไข้เป็นองค์รวม เพื่อแก้ไขปัญหาอย่างยั่งยืน และเราคือ KVK Team 

.
🙏ขอขอบพระคุณ ParagonCare ที่เชื่อมั่นและเดินเคียงข้างกันมาโดยตลอด เราจะยังคงก้าวเดินต่อไปด้วยกัน  KVKclinic  พร้อมส่งมอบความมั่นใจให้กับทุกคน💪

.......................................................................
#KVKClinic #DrKoong #DrJade
#ยกระดับมาตรฐานจริงใจล้ำสมัย
#StrongerTogether
#TheRunwayWeWalkTogether #ExcellentPartnerAward2025
#ParagonCare #Anniversary #SuccessJourney",,0,"03/13/2026 22:24",N/A,https://www.facebook.com/KVKClinic/posts/pfbid02DSLo83DYLwdy2o7H5gBaG3JpkqnMJvsL3verUik5yUZ6gjd6VQiHrmQ9T9BUvAREl,0,0,รูปภาพ,,,,,อายุการใช้งาน,4580,2652,12,12,0,0,63,51,12,,,,,,,
1239188861632714,100066248360694,Kornvikkaclinic,"โปรแกรม Doublo New 2.0 เครื่องนี้มีดีอะไร ทำไมฮอตจัง! 🔥

🛑 ใครที่กำลังมองหาตัวช่วยดูแลผิวหน้า ต้องหยุดดู! 
ความลับอยู่ที่เทคโนโลยี MFU x RF ที่ทำงานร่วมกันแบบ Double พลัง
ช่วยดูแลความยืดหยุ่นของผิวและเก็บกรอบหน้าให้เป๊ะกว่าที่เคย

✅ ต่างจากเครื่องทั่วไปยังไง?
✅ เหมาะกับปัญหาผิวแบบไหน?

คำตอบอยู่ในคลิปนี้แล้ว! หรืออยากปรึกษาแบบเจาะลึก 
📥 ส่งข้อความหาเราได้เลยนะคะ ทีมงานและคุณหมอยินดีดูแลค่ะ
............................................................................
#KVKClinic #DrKoong #DrJade
#ยกระดับมาตรฐานจริงใจล้ำสมัย
#ProgramNewDoublo2 #MFU #RF
#KVKClinicสาขา1","โปรแกรม Doublo New 2.0 เครื่องนี้มีดีอะไร ทำไมฮอตจัง! 🔥

🛑 ใครที่กำลังมองหาตัวช่วยดูแลผิวหน้า ต้องหยุดดู! 
ความลับอยู่ที่เทคโนโลยี MFU x RF ที่ทำงานร่วมกันแบบ Double พลัง
ช่วยดูแลความยืดหยุ่นของผิวและเก็บกรอบหน้าให้เป๊ะกว่าที่เคย

✅ ต่างจากเครื่องทั่วไปยังไง?
✅ เหมาะกับปัญหาผิวแบบไหน?

คำตอบอยู่ในคลิปนี้แล้ว! หรืออยากปรึกษาแบบเจาะลึก 
📥 ส่งข้อความหาเราได้เลยนะคะ ทีมงานและคุณหมอยินดีดูแลค่ะ
............................................................................
#KVKClinic #DrKoong #DrJade
#ยกระดับมาตรฐานจริงใจล้ำสมัย
#ProgramNewDoublo2 #MFU #RF
#KVKClinicสาขา1",47,"03/13/2026 23:05",N/A,https://www.facebook.com/reel/1819772242029520/,0,0,วิดีโอ,,,,,อายุการใช้งาน,3544,2395,24,20,1,3,11,,11,,,13145.696,4.418,0,0,0
1239819348236332,100066248360694,Kornvikkaclinic,"เปลี่ยนจากหน้าที่ดูเรียบ ให้ดูมีมิติขึ้น ✨ 
ด้วยโปรแกรมตาสองชั้น + เสริมจมูก
.
ก่อนทำคนไข้มีปัญหาตาหลบใน ทำให้ชั้นตาดูไม่ชัด 
ส่งผลให้ดวงตาดูเล็กและดูไม่ค่อยสดใส 
นอกจากนี้จมูกเดิมมีลักษณะ 
สันจมูกค่อนข้างต่ำและฐานจมูกดูกว้างเล็กน้อย
เคสนี้คุณหมอแก้ไขด้วยโปรแกรมผ่าตัด
ตาสองชั้นร่วมกับการเสริมจมูก 
หลังทำทันทีจะเห็นว่าชั้นตาชัดขึ้น ดวงตาดูเปิดและสดใสขึ้น 
ส่วนจมูกมีสันที่ชัดขึ้น ทรงดูเรียวละมุนมากขึ้น 
ทำให้ใบหน้าดูมีมิติ โดยรวมดูหวานขึ้นและแลดูเป็นธรรมชาติ
.
ผ่าตัดตาสองชั้นที่ KVK Clinic
✅ ดูแลโดยแพทย์มากประสบการณ์
✅ ปรึกษากับคุณหมอก่อนเข้าห้องผ่าตัดทุกเคส
✅ ออกแบบชั้นตาให้เข้ากับแต่ละบุคคล แบบเคสต่อเคส
✅ ติดตามผลและดูแลหลังผ่าตัดอย่างต่อเนื่อง",,0,"03/14/2026 20:15",N/A,https://www.facebook.com/KVKClinic/posts/pfbid02WRkAAiC12P2Qqf7thJWjDKYFxox2ZK3RegJr93zMFaDcpUbxkad2MQnaqTcNmcrVl,0,0,รูปภาพ,,,,,อายุการใช้งาน,4188,2542,8,7,0,1,7,4,3,,,,,,,
1240036054881328,100066248360694,Kornvikkaclinic,"กู้ผิวโทรม ให้กลับมาดูโกลว์ใสแบบ Glass Skin ✨
อยากมีผิวดูอิ่มน้ำ สุขภาพดีเหมือนผิวเด็ก ต้องลองโปรแกรม Baby GLOW 🍼

สูตร Duo ผสานพลัง HA และ PN ช่วยดูแลผิวให้ดูเนียนละเอียด กระจ่างใสอย่างเป็นธรรมชาติ
ใครอยากหน้าใสแบบไม่ต้องพึ่งฟิลเตอร์ แวะมาดูแลตัวเองได้ที่ KVK Clinic นะคะ

…………………………………
#KVKClinic #DrKoong #DrJade
#ยกระดับมาตรฐานจริงใจล้ำสมัย
#หมอต้นหอมKVK #ProgramBabyGlow","กู้ผิวโทรม ให้กลับมาดูโกลว์ใสแบบ Glass Skin ✨
อยากมีผิวดูอิ่มน้ำ สุขภาพดีเหมือนผิวเด็ก ต้องลองโปรแกรม Baby GLOW 🍼

สูตร Duo ผสานพลัง HA และ PN ช่วยดูแลผิวให้ดูเนียนละเอียด กระจ่างใสอย่างเป็นธรรมชาติ
ใครอยากหน้าใสแบบไม่ต้องพึ่งฟิลเตอร์ แวะมาดูแลตัวเองได้ที่ KVK Clinic นะคะ

…………………………………
#KVKClinic #DrKoong #DrJade
#ยกระดับมาตรฐานจริงใจล้ำสมัย
#หมอต้นหอมKVK #ProgramBabyGlow",118,"03/15/2026 02:57",N/A,https://www.facebook.com/reel/948856981030095/,0,0,วิดีโอ,,,,,อายุการใช้งาน,2925,2276,13,12,0,1,7,,7,,,14006.852,5.527,0,0,0
1240579061493694,100066248360694,Kornvikkaclinic,"จากดวงตาที่ดูเหนื่อยและไม่สดใส
ปรับชั้นตาใหม่ให้กลับสดใสอีกครั้ง !!!
.
เคสนี้มีปัญหาชั้นตาค่อนข้างหลบในและหนังตาตกเล็กน้อย 
ทำให้ชั้นตาดูไม่ชัด นอกจากนี้ยังมี ถุงใต้ตาค่อนข้างชัด
และมีความหย่อนคล้อยของผิวใต้ตา ทำให้ใต้ตาดูบวมคล้ำ 
ใบหน้าดูอ่อนล้าและดูมีอายุ 
เคสนี้คุณหมอแก้ไขด้วยโปรแกรมผ่าตัดตาสองชั้น
ร่วมกับการตัดถุงไขมันใต้ตา
หลังทำทันทีจะเห็นว่าชั้นตาชัดขึ้นอย่างเป็นธรรมชาติ 
ดวงตาดูเปิดกว้างและดูสดใสขึ้น ใต้ตาดูเรียบขึ้น 
ทำให้ใบหน้าสดใสและดูไม่โทรมเหมือนก่อนทำ
.
ผ่าตัดตาสองชั้นที่ KVK Clinic
✅ ดูแลโดยแพทย์มากประสบการณ์
✅ ปรึกษากับคุณหมอก่อนเข้าห้องผ่าตัดทุกเคส
✅ ออกแบบชั้นตาให้เข้ากับแต่ละบุคคล แบบเคสต่อเคส
✅ ติดตามผลและดูแลหลังผ่าตัดอย่างต่อเนื่อง",,0,"03/15/2026 20:00",N/A,https://www.facebook.com/KVKClinic/posts/pfbid029g2ktuW4Xx73xR7ojWZwArn22JdPT9FZAJag587VocDGbFSTWqzJgRn4VBNBqzHcl,0,0,รูปภาพ,,,,,อายุการใช้งาน,3541,2135,5,4,1,0,6,3,3,,,,,,,
1240841781467422,100066248360694,Kornvikkaclinic,"อยากผิวฉ่ำวาวแบบไม่ต้องรอนาน...⏰
โปรแกรม Profhi-Skin คือคำตอบ! 

งานผิวที่ใครเห็นก็ต้องทักว่าทำไมดูสดใสขึ้นขนาดนี้ ✨ ยิ่งเติม ยิ่งฉ่ำ งานผิวระยะยาวที่ใครๆ ก็เลิฟ 
ดูแลโดยคุณหมอผู้เชี่ยวชาญ มั่นใจได้เลยค่ะ

…………………………..
#KVKClinic #DrKoong #DrJade
#ยกระดับมาตรฐานจริงใจล้ำสมัย
#หมอณิชาKVK
#ProgramProfhiSkin","อยากผิวฉ่ำวาวแบบไม่ต้องรอนาน...⏰
โปรแกรม Profhi-Skin คือคำตอบ! 

งานผิวที่ใครเห็นก็ต้องทักว่าทำไมดูสดใสขึ้นขนาดนี้ ✨ ยิ่งเติม ยิ่งฉ่ำ งานผิวระยะยาวที่ใครๆ ก็เลิฟ 
ดูแลโดยคุณหมอผู้เชี่ยวชาญ มั่นใจได้เลยค่ะ

…………………………..
#KVKClinic #DrKoong #DrJade
#ยกระดับมาตรฐานจริงใจล้ำสมัย
#หมอณิชาKVK
#ProgramProfhiSkin",34,"03/16/2026 03:41",N/A,https://www.facebook.com/reel/1830454467629925/,0,0,วิดีโอ,,,,,อายุการใช้งาน,2913,2294,8,7,0,1,4,,4,,,9012.843,3.523,0,0,0
1240661538152113,100066248360694,Kornvikkaclinic,"อัปเดตเสริมหน้าอกครบ 1 ปี 
ทรงยังสวย ดูละมุนเป็นธรรมชาติ ✨
.
ก่อนทำเคสนี้มีเนื้อหน้าอกค่อนข้างน้อย
โดยเฉพาะช่วงเนินอกด้านบนที่ค่อนข้างเรียบ 
ทำให้เวลาใส่เสื้อผ้าดูไม่ค่อยมีสัดส่วน
เคสนี้คุณหมอประเมินสรีระและโครงสร้างของคนไข้
เพื่อเลือกขนาดและซิลิโคนที่เหมาะกับสัดส่วน 
โดยเน้นให้หน้าอกดูสวยเป็นธรรมชาติและเข้ากับตัว
หลังการทำจะเห็นว่าเนินหน้าอกดูชัดขึ้นและมีมิติมากขึ้น
แต่ยังคงความละมุนและดูเป็นธรรมชาติ
.
ผ่าตัดเสริมหน้าอกที่ KVK Clinic
✅ ดูแลโดยแพทย์มากประสบการณ์
✅ ปรึกษากับคุณหมอก่อนเข้าห้องผ่าตัดทุกเคส
✅ ออกแบบข้างต่อข้างให้เข้ากับแต่ละบุคคล แบบเคสต่อเคส
✅ ติดตามผลและดูแลหลังผ่าตัดอย่างต่อเนื่อง",,0,"03/16/2026 20:00",N/A,https://www.facebook.com/KVKClinic/posts/pfbid02gG3HB3R6yCHcLNvYfp6ifHFR7dgZwyw82PS8zxR96bugrxEtfzBg2HfzUndNJeyRl,0,0,รูปภาพ,,,,,อายุการใช้งาน,3705,2243,6,5,0,1,2,2,,,,,,,,
1241599478058319,100066248360694,Kornvikkaclinic,"ปัญหาผิวแบบนี้... ต้องรีบแก้! ✋ 
สองคุณหมอคอนเฟิร์มแล้วว่าโปรแกรม Profhi-Skin&Scar
ตัวช่วยกู้ผิวพังให้ปังกว่าเดิม🫶✨

✅ ใครสนใจทักแชทสอบถามสาขาใกล้บ้านได้เลยนะคะ
……………………………….
#KVKClinic #DrKoong #DrJade
#ยกระดับมาตรฐานจริงใจล้ำสมัย
#หมอณิชาKVKKorat #หมอโบว์KVKSiam
#โปรแกรมดูแลผิวหน้า #ProgramProfhiSkinScar","ปัญหาผิวแบบนี้... ต้องรีบแก้! ✋ 
สองคุณหมอคอนเฟิร์มแล้วว่าโปรแกรม Profhi-Skin&Scar
ตัวช่วยกู้ผิวพังให้ปังกว่าเดิม🫶✨

✅ ใครสนใจทักแชทสอบถามสาขาใกล้บ้านได้เลยนะคะ
……………………………….
#KVKClinic #DrKoong #DrJade
#ยกระดับมาตรฐานจริงใจล้ำสมัย
#หมอณิชาKVKKorat #หมอโบว์KVKSiam
#โปรแกรมดูแลผิวหน้า #ProgramProfhiSkinScar",41,"03/17/2026 03:18",N/A,https://www.facebook.com/reel/940174858515433/,0,0,วิดีโอ,,,,,อายุการใช้งาน,3071,2357,5,5,0,0,2,,2,,,9956.109,3.744,0,0,0
1242130064671927,100066248360694,Kornvikkaclinic,"จากตาง่วง ดูเหนื่อยตลอดเวลา
อัปเดต 3 เดือน ดวงตาดูเปิดและสดใสขึ้น ✨
.
เคสนี้มีภาวะกล้ามเนื้อตาอ่อนแรงได้ชัด
เปลือกตาบนตกลงมาบดบังตาดำบางส่วน
ส่งผลให้ตาดูง่วง ดูอ่อนล้า และดูไม่สดใส
คุณหมอแก้ไขด้วยโปรแกรมผ่าตัดตาสองชั้น
โดยทำร่วมกับการแก้ไขกล้ามเนื้อตา
หลังทำจะเห็นได้ว่าดวงตาดูเปิดมากขึ้น
ลืมตาขึ้นได้ชัดเจน ชั้นตาดูชัดและเป็นธรรมชาติ
.
ผ่าตัดตาสองชั้นที่ KVK Clinic
✅ ดูแลโดยแพทย์มากประสบการณ์
✅ ปรึกษากับคุณหมอก่อนเข้าห้องผ่าตัดทุกเคส
✅ ออกแบบชั้นตาให้เข้ากับแต่ละบุคคล แบบเคสต่อเคส
✅ ติดตามผลและดูแลหลังผ่าตัดอย่างต่อเนื่อง",,0,"03/17/2026 20:30",N/A,https://www.facebook.com/KVKClinic/posts/pfbid02Gjtw8HP8sGZezPnAVEsWGVyLS6ZdFW1qWDtXgwL1RMdxsiVpD32NEZPyU9fC6k9Bl,0,0,รูปภาพ,,,,,อายุการใช้งาน,3392,2077,7,6,1,0,10,4,5,1,,,,,,
1242884811263119,100066248360694,Kornvikkaclinic,"𝐊𝐕𝐊𝐂𝐋𝐈𝐍𝐈𝐂 𝐎𝐟𝐟𝐢𝐜𝐢𝐚𝐥 𝐏𝐚𝐫𝐭𝐧𝐞𝐫𝐬𝐡𝐢𝐩 𝐑𝐞𝐜𝐨𝐠𝐧𝐢𝐭𝐢𝐨𝐧 𝟐𝟎𝟐𝟓 🎖️

อีกหนึ่งความภูมิใจของ KVK Clinic กับรางวัลเกียรติยศจากงาน Galderma Partnership Recognition

🏆 รางวัล: Top 100 Value Partnership 2025
รางวัลนี้เป็นเครื่องยืนยันว่า KVK Clinic เป็น 1 ใน 100 คลินิกทั่วประเทศไทยที่มียอดการใช้ผลิตภัณฑ์แท้มาตรฐานระดับโลกจาก Galderma

.
ตัวแทนรับรางวัลในครั้งนี้ นำทีมโดย💪🏻

👩🏻‍⚕️คุณหมอป๊อบ (พญ.ณิชกุล วัฒน์ธนาภินันท์ ว71949)
แพทย์ประจำ KVKClinic สาขาโคราช

👩🏻‍⚕️คุณหมอโบว์ (พญ.เสาวภาคย์ ตรีสุธรรมาศ ว65557)
แพทย์ประจำ KVKClinic สาขาสยาม

🪞สะท้อนความสำเร็จผ่านมาตรฐานระดับสากล ✨
KVK Clinic ตอกย้ำความเชื่อมั่นในฐานะ พันธมิตรอย่างเป็นทางการ (Official Partner) ที่เลือกใช้เฉพาะผลิตภัณฑ์มาตรฐานระดับโลกจาก Galderma ครบวงจร

✨ ไม่ว่าจะเป็นกลุ่มเติมเต็มผิวโปรแกรม Restylane, งานผิวระดับลึกโปรแกรม Sculptra ผลิตภัณฑ์ที่เราเลือกใช้ ผ่านการคัดสรรมาเพื่อผลลัพธ์ที่ตอบโจทย์และปลอดภัยที่สุด
ตอบโจทย์ทุกมิติของความงามและคุณภาพชีวิต (Aesthetic Lives) 

🫶 ขอบพระคุณทุกความไว้วางใจจากผู้รับบริการทุกท่าน ที่ให้ 𝐊𝐕𝐊 𝐂𝐥𝐢𝐧𝐢𝐜 ดูแลเสมอมา เราสัญญาจะรักษามาตรฐานนี้เพื่อส่งมอบประสบการณ์ที่ดีที่สุดให้คุณในทุกครั้งที่มาเยือน💖

………………………..
#KVKClinic #DrKoong #DrJade
#ยกระดับมาตรฐานจริงใจล้ำสมัย
#หมอณิชาKVK #หมอโบว์KVK
#GaldermaThailand #Restylane #Sculptra
#OfficialPartner #มาตรฐานระดับโลก",,0,"03/18/2026 21:10",N/A,https://www.facebook.com/KVKClinic/posts/pfbid033WoYqXDzZqfLqJas88JxKNqVt3YhheS5hcgJgUjztWWJP26KpxqAyKVqohRuoC1wl,0,0,รูปภาพ,,,,,อายุการใช้งาน,3402,2022,14,12,0,2,20,17,3,,,,,,,
1243683901183210,100066248360694,Kornvikkaclinic,"จากจมูกสั้น ปลายทู่ ดูไม่มีมิติ 👃✨
ปรับทรงใหม่ให้สันชัด ปลายพุ่งละมุน
.
ก่อนทำทรงจมูกคนไข้สันจมูกค่อนข้างต่ำ 
ปลายจมูกมีความสั้นและงุ้มลงเล็กน้อย
ทำให้รูปทรงจมูกดูทู่และขาดมิติ
เคสนี้แก้ไขด้วยโปรแกรมเสริมจมูก 
เพื่อปรับทรงปลายจมูกให้ได้สัดส่วนมากขึ้น
หลังทำครบ 1 เดือนจะเห็นสันจมูกดูชัดขึ้น
ปลายจมูกปรับให้ดูยาวและยกขึ้นเล็กน้อย
ทำให้รูปทรงจมูกดูเรียวละมุนและรับกับใบหน้ามากขึ้น
.
ผ่าตัดเสริมจมูกที่ KVK Clinic
✅ ดูแลโดยแพทย์มากประสบการณ์
✅ ปรึกษากับคุณหมอก่อนเข้าห้องผ่าตัดทุกเคส
✅ ออกแบบทรงจมูกให้เข้ากับแต่ละบุคคล แบบเคสต่อเคส
✅ ติดตามผลและดูแลหลังผ่าตัดอย่างต่อเนื่อง",,0,"03/19/2026 21:30",N/A,https://www.facebook.com/KVKClinic/posts/pfbid02xZFfM8eW1Xv8mN2b2rryob7h6eNpD6TCtKJEtrfWCEGTYQGnnCSmDRkWK3frNkZkl,0,0,รูปภาพ,,,,,อายุการใช้งาน,3083,1902,8,5,1,2,3,2,1,,,,,,,
1243922281159372,100066248360694,Kornvikkaclinic,"𝐓𝐡𝐞 𝐍𝐞𝐱𝐭 𝐋𝐞𝐯𝐞𝐥 𝐨𝐟 𝐏𝐞𝐫𝐟𝐞𝐜𝐭𝐢𝐨𝐧 𝐢𝐬 𝐂𝐨𝐦𝐢𝐧𝐠! 👑
ไม่ใช่แค่ 𝟏 แต่มาถึง 𝟒! กับอาวุธลับบทใหม่ที่ 𝐊𝐕𝐊 𝐂𝐥𝐢𝐧𝐢𝐜 ลงพร้อมกันทุกสาขา!!!

🧐 ลองทายกันดูสิว่า... ภายใต้เงาสุดอลังการนี้ คือ 'อาวุธลับ' ชิ้นไหนบ้าง?

.
⚡️ การรวมตัวครั้งที่ยิ่งใหญ่ที่สุดของ 𝟒 เทคโนโลยีระดับ 𝐖𝐨𝐫𝐥𝐝 𝐂𝐥𝐚𝐬𝐬 ที่จะมาเปลี่ยนมาตรฐานการยกกระชับให้ไม่เหมือนเดิมอีกต่อไป

.
ใครทายถูกครบทั้ง 𝟒 เครื่อง... เตรียมรับเซอร์ไพรส์ใหญ่เร็วๆ นี้! 📍𝐊𝐕𝐊𝐂𝐥𝐢𝐧𝐢𝐜
………………………………………….
#KVKClinic #DrKoong #DrJade
#ยกระดับมาตรฐานจริงใจล้ำสมัย
#TheNewEra #GuessTheMachine #NewLifting
#ทายชื่อเครื่อง #ยกกระชับ",,0,"03/20/2026 03:44",N/A,https://www.facebook.com/KVKClinic/posts/pfbid0Q5i1awdfrQH5oQaiCPqGDUbgTjHws2WpkUh8mKtBeakJU3VJ82pyeRnv8d3gLj2pl,0,0,รูปภาพ,,,,,อายุการใช้งาน,9224,4127,45,28,12,5,189,32,157,,,,,,,
1244394147778852,100066248360694,Kornvikkaclinic,"ไปร่วมสนุกกันค่า 

ทาง Alma มีรางวัลให้ค่า

https://www.facebook.com/share/p/16zVbKc9cB/?mibextid=wwXIfr",,0,"03/20/2026 15:58",N/A,https://www.facebook.com/KVKClinic/posts/pfbid02oLZV8sTviEMN9X47JyN6Ni4fezwciDsStHg8dreCvEbaNmvMcyXd9k93mRkQcTCAl,0,1,รูปภาพ,,,,,อายุการใช้งาน,2771,1673,3,3,0,0,11,8,3,,,,,,,
1244635424421391,100066248360694,Kornvikkaclinic,"สงสัยจุดไหน... ถามหมอมาได้เลย! 💬
ปัญหาผิวหน้าหรือความกังวลใจเรื่องรูปหน้าแบบไหนที่ทำให้คุณไม่มั่นใจ? 

🔸ปัญหาที่พบควรแก้ไขอย่างไร

🔸หัตถการไหนที่ตอบโจทย์

🔸ปริมาณที่เหมาะสมในแต่ละจุด

เพราะการประเมินโครงสร้างใบหน้าอย่างละเอียดเป็นสิ่งสำคัญ เพื่อความมั่นใจที่ดูเป็นธรรมชาติในแบบที่เป็นคุณ💫

..........................................................
#KVKClinic #DrKoong #DrJade
#ยกระดับมาตรฐานจริงใจล้ำสมัย
#โปรแกรมปรับรูปหน้า #ความรู้คู่ความงาม #HowtoPerfect","สงสัยจุดไหน... ถามหมอมาได้เลย! 💬
ปัญหาผิวหน้าหรือความกังวลใจเรื่องรูปหน้าแบบไหนที่ทำให้คุณไม่มั่นใจ? 

🔸ปัญหาที่พบควรแก้ไขอย่างไร

🔸หัตถการไหนที่ตอบโจทย์

🔸ปริมาณที่เหมาะสมในแต่ละจุด

เพราะการประเมินโครงสร้างใบหน้าอย่างละเอียดเป็นสิ่งสำคัญ เพื่อความมั่นใจที่ดูเป็นธรรมชาติในแบบที่เป็นคุณ💫

..........................................................
#KVKClinic #DrKoong #DrJade
#ยกระดับมาตรฐานจริงใจล้ำสมัย
#โปรแกรมปรับรูปหน้า #ความรู้คู่ความงาม #HowtoPerfect",150,"03/20/2026 22:59",N/A,https://www.facebook.com/reel/1282127667188432/,0,0,วิดีโอ,,,,,อายุการใช้งาน,120210,64939,271,241,13,17,2765,,1024,1663,78,425601.65,4.006,0,0,0
1244685317749735,100066248360694,Kornvikkaclinic,"ถ่ายมุมข้างไม่มีมิติ ขอทรงจมูกใหม่แบบพุ่งละมุนค่ะ #KVKClinic #KVKSurgery #DrJade #หมอเจด #drKoong #เสริมจมูก","ถ่ายมุมข้างไม่มีมิติ ขอทรงจมูกใหม่แบบพุ่งละมุนค่ะ #KVKClinic #KVKSurgery #DrJade #หมอเจด #drKoong #เสริมจมูก",53,"03/21/2026 04:01",N/A,https://www.facebook.com/reel/4273107666262779/,0,0,วิดีโอ,,,,,อายุการใช้งาน,2550,2190,4,4,0,0,1,,1,,,12697.492,5.586,0,0,0
1244822031069397,100066248360694,Kornvikkaclinic,"KVK Optimas Max System
Powered by KVK Lifting Protocol  

 𝐂𝐨𝐦𝐢𝐧𝐠 𝐒𝐨𝐨𝐧... 

“The Future of Lifting : 4D Layer Of Lifting effects
.
ยกระดับความมั่นใจให้สุด ด้วยเทคโนโลยีใหม่ล่าสุดที่
.
𝐊𝐕𝐊 𝐂𝐥𝐢𝐧𝐢𝐜 จัดเต็มทั้งProgram Morphues 8 PRO  𝐁𝐮𝐫𝐬𝐭 𝐌𝐚𝐱 และ 𝐍𝐞𝐰 𝐇𝐚𝐧𝐝𝐩𝐢𝐞𝐜𝐞 เพื่อผลลัพธ์ที่แต่งต่าง และความเจ็บลดลง ( pain score ลดลง 2-3 scale) แต่ผลลัพธ์มากขึ้น!
.  
🚀 เร็วๆ นี้... 04.04.2026
ใครอยากหน้าเป๊ะ ผิวปังแบบคูณสอง เตรียมจองคิวรอเลย!

……………………………
#KVKClinic  #DrKoong #DrJade
#ยกมาตรฐานจริงใจล้ำสมัย
#Morpheus8 #NewMorpheus8 #Morpheus8Burst #BeautyInnovation
#14thanniversary","KVK Optimas Max System
Powered by KVK Lifting Protocol  

 𝐂𝐨𝐦𝐢𝐧𝐠 𝐒𝐨𝐨𝐧... 

“The Future of Lifting : 4D Layer Of Lifting effects
.
ยกระดับความมั่นใจให้สุด ด้วยเทคโนโลยีใหม่ล่าสุดที่
.
𝐊𝐕𝐊 𝐂𝐥𝐢𝐧𝐢𝐜 จัดเต็มทั้งProgram Morphues 8 PRO  𝐁𝐮𝐫𝐬𝐭 𝐌𝐚𝐱 และ 𝐍𝐞𝐰 𝐇𝐚𝐧𝐝𝐩𝐢𝐞𝐜𝐞 เพื่อผลลัพธ์ที่แต่งต่าง และความเจ็บลดลง ( pain score ลดลง 2-3 scale) แต่ผลลัพธ์มากขึ้น!
.  
🚀 เร็วๆ นี้... 04.04.2026
ใครอยากหน้าเป๊ะ ผิวปังแบบคูณสอง เตรียมจองคิวรอเลย!

……………………………
#KVKClinic  #DrKoong #DrJade
#ยกมาตรฐานจริงใจล้ำสมัย
#Morpheus8 #NewMorpheus8 #Morpheus8Burst #BeautyInnovation
#14thanniversary",24,"03/21/2026 04:09",N/A,https://www.facebook.com/reel/1301171171932593/,0,0,วิดีโอ,,,,,อายุการใช้งาน,2567,2096,10,10,0,0,9,,9,,,4901.027,2.207,0,0,0
1244603711091229,100066248360694,Kornvikkaclinic,"ปัญหาชั้นตาหลบใน ตาดูดุ
แค่ปรับชั้นตาใหม่ ลุคก็สดใสขึ้นทันที 👀✨
.
ก่อนทำคนไข้มีชั้นตาหลบใน ทำให้ชั้นตาไม่ชัด 
โดยเฉพาะช่วงหัวตาและกลางตา 
และทำให้ชั้นตาทั้งสองข้างยังดูไม่เท่ากันเล็กน้อย 
คุณหมอแก้ไขด้วยโปรแกรมผ่าตัดตาสองชั้น
เพื่อปรับชั้นตาใหม่ร่วมกับออกแบบชั้นตาใหม่
ให้เหมาะกับโครงตาเดิมของคนไข้
หลังทำครบ 1 เดือนชั้นตาคมชัดขึ้นอย่างเห็นได้ชัด 
ทำให้ดวงตาดูเปิดและทำให้ใบหน้าโดยรวม
ดูสดใสและมีชีวิตชีวามากขึ้น
.
ผ่าตัดตาสองชั้นที่ KVK Clinic
✅ ดูแลโดยแพทย์มากประสบการณ์
✅ ปรึกษากับคุณหมอก่อนเข้าห้องผ่าตัดทุกเคส
✅ ออกแบบชั้นตาให้เข้ากับแต่ละบุคคล แบบเคสต่อเคส
✅ ติดตามผลและดูแลหลังผ่าตัดอย่างต่อเนื่อง",,0,"03/21/2026 20:00",N/A,https://www.facebook.com/KVKClinic/posts/pfbid02RtDk2SNj2ZFLkvhxEFGW8Ae1gVVcydXckYqSwXr9zLk35AGmMp77hpUd7rPEmoNgl,0,0,รูปภาพ,,,,,อายุการใช้งาน,2623,1648,6,6,0,0,2,2,,,,,,,,
1245546110996989,100066248360694,Kornvikkaclinic,"KVK Soprano Titanium Lifting
   •High Energy 
   •Low pain 
   •High result for Tightening
by KVK Non-surgical skin

𝐒𝐨𝐦𝐞𝐭𝐡𝐢𝐧𝐠 𝐁𝐢𝐠 𝐢𝐬 𝐂𝐨𝐦𝐢𝐧𝐠! 🌪️
เตรียมพบกับขีดสุดของเทคโนโลยียกกระชับ 𝐓𝐢𝐭𝐚𝐧𝐢𝐮𝐦 𝐋𝐢𝐟𝐭𝐢𝐧𝐠 นวัตกรรมที่ 𝐊𝐕𝐊 𝐂𝐥𝐢𝐧𝐢𝐜 ตั้งใจคัดสรรมาเพื่อผลลัพธ์ที่ดีที่สุด✨

.
𝐈𝐧𝐬𝐭𝐚𝐧𝐭 𝐋𝐢𝐟𝐭. 𝐈𝐧𝐬𝐭𝐚𝐧𝐭 𝐆𝐥𝐨𝐰.
ไม่ต้องรอนาน ไม่ต้องเดาผลลัพธ์
ล็อคคิวให้พร้อม...⏰ 04.04.2026
ที่ KVK Clinic เท่านั้น!

……………………………
#KVKClinic  #DrKoong #DrJade
#ยกมาตรฐานจริงใจล้ำสมัย
#TitaniumLifting #InstantLiftInstantGlow #KVKNewEra #04042026","KVK Soprano Titanium Lifting
   •High Energy 
   •Low pain 
   •High result for Tightening
by KVK Non-surgical skin

𝐒𝐨𝐦𝐞𝐭𝐡𝐢𝐧𝐠 𝐁𝐢𝐠 𝐢𝐬 𝐂𝐨𝐦𝐢𝐧𝐠! 🌪️
เตรียมพบกับขีดสุดของเทคโนโลยียกกระชับ 𝐓𝐢𝐭𝐚𝐧𝐢𝐮𝐦 𝐋𝐢𝐟𝐭𝐢𝐧𝐠 นวัตกรรมที่ 𝐊𝐕𝐊 𝐂𝐥𝐢𝐧𝐢𝐜 ตั้งใจคัดสรรมาเพื่อผลลัพธ์ที่ดีที่สุด✨

.
𝐈𝐧𝐬𝐭𝐚𝐧𝐭 𝐋𝐢𝐟𝐭. 𝐈𝐧𝐬𝐭𝐚𝐧𝐭 𝐆𝐥𝐨𝐰.
ไม่ต้องรอนาน ไม่ต้องเดาผลลัพธ์
ล็อคคิวให้พร้อม...⏰ 04.04.2026
ที่ KVK Clinic เท่านั้น!

……………………………
#KVKClinic  #DrKoong #DrJade
#ยกมาตรฐานจริงใจล้ำสมัย
#TitaniumLifting #InstantLiftInstantGlow #KVKNewEra #04042026",24,"03/22/2026 00:40",N/A,https://www.facebook.com/reel/1316114103911569/,0,0,วิดีโอ,,,,,อายุการใช้งาน,2394,1815,11,8,2,1,4,,4,,,5167.133,2.577,0,0,0
1245730824311851,100066248360694,Kornvikkaclinic,"🫶🏻🏆

https://www.facebook.com/share/1TUwzBVhhD/?mibextid=wwXIfr",,0,"03/22/2026 05:55",N/A,https://www.facebook.com/KVKClinic/posts/pfbid02hXYBoSMRmEXbnCFrsxSC31azv8sihidBYVMepVJebBY3jHryy4LgVncRYMfiVc8dl,0,1,รูปภาพ,,,,,อายุการใช้งาน,3348,2022,10,9,1,0,68,49,19,,,,,,,
1246528690898731,100066248360694,Kornvikkaclinic,"KVK Volnewmer System 
The New Era is Coming.. V-Shape & Tightening ด้วยนวัตกรรมล่าสุดที่ KVK Clinic 🖤

• V-Shape Focus: ช่วยดูแลกรอบหน้าให้แลดูคมชัด มีมิติ

• Skin Tightening: ฟื้นบำรุงความยืดหยุ่น ให้ผิวแลดูกระชับขึ้นอย่างเป็นธรรมชาติ

• No Downtime: ตอบโจทย์ชีวิตที่เร่งรีบ ทำเสร็จแล้วใช้ชีวิตต่อได้ทันที ไม่ต้องพักฟื้น

• Comfortable: สบายผิวตลอดขั้นตอน ไม่รบกวนการพักผ่อน

.
สัมผัสความเปลี่ยนแปลงที่พิสูจน์ได้ด้วยตัวคุณเอง.. เร็วๆ นี้ที่ KVKClinic✨🫶

.  
🚀 เร็วๆ นี้... 04.04.2026
เปลี่ยนความกังวล เป็นความมั่นใจ.. Coming Soon!
……………………………
#KVKClinic  #DrKoong #DrJade
#ยกมาตรฐานจริงใจล้ำสมัย
#NewVshape #SkinTightening
#NoDowntime #PainFreeBeauty #นวัตกรรมยกกระชับ
#14thanniversary","KVK Volnewmer System 
The New Era is Coming.. V-Shape & Tightening ด้วยนวัตกรรมล่าสุดที่ KVK Clinic 🖤

• V-Shape Focus: ช่วยดูแลกรอบหน้าให้แลดูคมชัด มีมิติ

• Skin Tightening: ฟื้นบำรุงความยืดหยุ่น ให้ผิวแลดูกระชับขึ้นอย่างเป็นธรรมชาติ

• No Downtime: ตอบโจทย์ชีวิตที่เร่งรีบ ทำเสร็จแล้วใช้ชีวิตต่อได้ทันที ไม่ต้องพักฟื้น

• Comfortable: สบายผิวตลอดขั้นตอน ไม่รบกวนการพักผ่อน

.
สัมผัสความเปลี่ยนแปลงที่พิสูจน์ได้ด้วยตัวคุณเอง.. เร็วๆ นี้ที่ KVKClinic✨🫶

.  
🚀 เร็วๆ นี้... 04.04.2026
เปลี่ยนความกังวล เป็นความมั่นใจ.. Coming Soon!
……………………………
#KVKClinic  #DrKoong #DrJade
#ยกมาตรฐานจริงใจล้ำสมัย
#NewVshape #SkinTightening
#NoDowntime #PainFreeBeauty #นวัตกรรมยกกระชับ
#14thanniversary",22,"03/23/2026 05:21",N/A,https://www.facebook.com/reel/894942513547650/,0,0,วิดีโอ,,,,,อายุการใช้งาน,18872,9739,24,16,0,8,318,,82,228,8,58069.129,3.493,0,0,0
1247007020850898,100066248360694,Kornvikkaclinic,"มีเนื้อหน้าอก แต่ทรงไม่ชัด
แค่ปรับไซซ์ให้พอดี ทรงสวยขึ้นแบบธรรมชาติ ✨
.
เคสนี้เป็นคนที่มีเนื้อหน้าอกเดิมอยู่แล้ว 
แต่ปัญหาหลักคือทรงไม่ชัด 
เวลาใส่เสื้อผ้าจะดูแบน ไม่ค่อยเต็ม
คุณหมอแก้ไขด้วยโปรแกรมเสริมหน้าอกขนาด 350 cc
หลังทำและอัปเดตครบ 3 ปีทรงหน้าอกดูเข้ารูปมากขึ้น 
ใส่เสื้อผ้าแล้วดูเต็มขึ้น ยังคงความพอดี ไม่ใหญ่จนเกินตัว
และทรงหน้าอกดูมีมิติมากขึ้นเป็นธรรมชาติ
.
ผ่าตัดเสริมหน้าอกที่ KVK Clinic
✅ ดูแลโดยแพทย์มากประสบการณ์
✅ ปรึกษากับคุณหมอก่อนเข้าห้องผ่าตัดทุกเคส
✅ ออกแบบข้างต่อข้างให้เข้ากับแต่ละบุคคล แบบเคสต่อเคส
✅ ติดตามผลและดูแลหลังผ่าตัดอย่างต่อเนื่อง",,0,"03/23/2026 20:00",N/A,https://www.facebook.com/KVKClinic/posts/pfbid0yombZh3v3HZMcHhkJAZMJhn6jJKrbJYM9tZ9iWVGkxEbSQcCbasimtfkjNHUMxtDl,0,0,รูปภาพ,,,,,อายุการใช้งาน,2884,1875,10,8,0,2,3,1,2,,,,,,,
1247217960829804,100066248360694,Kornvikkaclinic,"KVK Picosurepro Program System 
The New Era of Skin Perfection

.
✨ Brighter, Radiant, and Flawless ✨
เผยผิวใหม่ที่กระจ่างใสกว่าที่เคย สัมผัสประสบการณ์ความงามระดับพรีเมียมที่ตอบโจทย์ทุกสภาพผิว เห็นผลชัดเจน และที่สำคัญคือ ""No Downtime"" ไม่ต้องพักฟื้น

.
สิ้นสุดการรอคอย! KVKClinic @Siamเตรียมยกระดับมาตรฐานความงามสู่ระดับ Gold Standard ด้วยนวัตกรรมใหม่ล่าสุดที่โลกยอมรับ👑

📍 เตรียมตัวให้พร้อม แล้วพบกันเร็วๆ นี้ที่ KVK Clinic @Siam

……………………………
#KVKClinic #DrKoong #DrJade
#ยกมาตรฐานจริงใจล้ำสมัย
#GoldStandardProgram #NewInnovation
#RadiantSkin #SkinTreatment #ComingSoon","KVK Picosurepro Program System 
The New Era of Skin Perfection

.
✨ Brighter, Radiant, and Flawless ✨
เผยผิวใหม่ที่กระจ่างใสกว่าที่เคย สัมผัสประสบการณ์ความงามระดับพรีเมียมที่ตอบโจทย์ทุกสภาพผิว เห็นผลชัดเจน และที่สำคัญคือ ""No Downtime"" ไม่ต้องพักฟื้น

.
สิ้นสุดการรอคอย! KVKClinic @Siamเตรียมยกระดับมาตรฐานความงามสู่ระดับ Gold Standard ด้วยนวัตกรรมใหม่ล่าสุดที่โลกยอมรับ👑

📍 เตรียมตัวให้พร้อม แล้วพบกันเร็วๆ นี้ที่ KVK Clinic @Siam

……………………………
#KVKClinic #DrKoong #DrJade
#ยกมาตรฐานจริงใจล้ำสมัย
#GoldStandardProgram #NewInnovation
#RadiantSkin #SkinTreatment #ComingSoon",29,"03/24/2026 04:01",N/A,https://www.facebook.com/reel/1682594746041626/,0,0,วิดีโอ,,,,,อายุการใช้งาน,3506,3014,11,11,0,0,6,,6,,,6502.836,2.085,0,0,0
1247381734146760,100066248360694,Kornvikkaclinic,"Celebrate the Extraordinary. Witness the Unveiling.👑

ความเลอค่าไม่ได้เกิดขึ้นเพียงชั่วข้ามคืน แต่ถูกบ่มเพาะผ่านกาลเวลาและความละเอียดอ่อน... 14 Years of Elegance.💎
ตลอดระยะเวลาที่ผ่านมา KVKClinic ไม่เคยหยุดนิ่งที่จะพัฒนามาตรฐานเพื่อส่งมอบสิ่งที่ดีที่สุดให้กับทุกท่าน

.
✨และในวาระพิเศษครบรอบ 14 ปีนี้  KVKClinic พร้อมแล้วที่จะยกระดับนิยามความพิเศษให้เหนือระดับยิ่งกว่าเดิม Something extraordinary is unfolding.

เตรียมพบกับปรากฏการณ์ “Big Surprise” ที่ KVKClinic บรรจงรังสรรค์ขึ้นเพื่อแทนคำขอบคุณ และเพื่อมอบประสบการณ์สุดเอ็กซ์คลูซีฟที่คุณไม่เคยสัมผัสที่ไหนมาก่อน🫶

.
🥂 The wait is almost over. Are you ready for the BIG SURPRISE?
Unlock the surprise of a lifetime. โปรดเตรียมติดตามรายละเอียดความเคลื่อนไหวให้ดี เพราะความพิเศษระดับ Masterpiece นี้... มีไว้สำหรับผู้ที่เฝ้ารอเท่านั้น

📍 Save the Date: 04.04.2026

……………………………………

#KVKClinic #DrKoong #DrJade
#ยกมาตรฐานจริงใจล้ำสมัย
#KVKAnniversary #BigSurprise
#KVK14th #TheBigReveal #LuxuryService #KVKClinicSurprise #14thAnniversaryKVK
#KVKFutureLifting",,0,"03/24/2026 06:31",N/A,https://www.facebook.com/KVKClinic/posts/pfbid0UFcEVrNUC1ftx633sxL2Bp8x6DmKHmCUMDty1BKRWoXEzVohYPJyyZhWnzHvL7C7l,0,0,รูปภาพ,,,,,อายุการใช้งาน,3455,2196,18,15,0,3,31,5,26,,,,,,,
1247953234089610,100066248360694,Kornvikkaclinic,"The Mystery of Lifting 5 Program…ทายถูกรับรางวัลทันที! ✨
KVK Clinic ท้าให้ทาย! เงาที่เห็นอยู่นี้ คือเครื่องยกกระชับนวัตกรรมไหนบ้าง?🤔

เห็นแค่ Silhouette ก็รู้เลยว่าตัวแม่เรื่องงานผิวแน่นอน! ใครแฟนพันธุ์แท้เครื่องแท้ที่ KVK ห้ามพลาด!!!

🎁 แจกฟรี! รางวัลสุดพิเศษ 20 รางวัล สำหรับผู้ที่ทายถูก

กติกาง่ายๆ: 🎯
1. คอมเมนต์ชื่อเครื่องทั้ง 5 เครื่อง
2. กด Like & Share โพสต์นี้ (เปิดสาธารณะ)
3. Tag เพื่อนที่อยากชวนมาสวยด้วยกัน 1 คน

มาร่วมสนุกกันเยอะๆ นะคะ ใบ้ให้ว่า... ยกจริง ตึงจริง ไม่ต้องพักฟื้น! 🫣

……………………………………
#KVKClinic #DrKoong #DrJade
#ยกมาตรฐานจริงใจล้ำสมัย
#14thAnniversaryKVK
#KVKFutureLifting
#TheLift #SkinInnovation
#CanYouGuessTheLift
#BeautyInnovation #Lifting",,0,"03/24/2026 23:34",N/A,https://www.facebook.com/KVKClinic/posts/pfbid02tXDVzpFUWorzvxiNMVDUxhHCyzzD51ArqhFMx8GsnPSSFSkwc373NV8y65TRjMn8l,0,0,รูปภาพ,,,,,อายุการใช้งาน,66005,36934,217,115,68,34,1177,171,688,318,,,,,,
1247947907423476,100066248360694,Kornvikkaclinic,"เมื่อก่อนใส่อะไรก็ไม่เต็มทรง
ตอนนี้ใส่อะไรก็มั่นใจขึ้นทันที 👗✨
.
ก่อนทำคนไข้มีหน้าอกค่อนข้างน้อย 
ทำให้เวลาใส่เสื้อผ้าดูไม่เต็มทรง
และเวลาแต่งตัวดูไม่ค่อยมั่นใจ
เคสนี้แก้ไขด้วยโปรแกรมเสริมหน้าอกขนาด 255 cc 
โดยเน้นไซซ์ที่พอดีตัวไม่ใหญ่เกินไป เพื่อให้เข้ากับสรีระ
หลังทำ 1 ปีหน้าอกดูมีทรงมากขึ้นอย่างชัดเจน 
เพิ่มความมีน้ำมีนวลให้กับรูปร่าง ใส่เสื้อผ้าแล้วดูเต็มขึ้น 
และที่สำคัญคือความมั่นใจที่กลับมาในทุกลุค
.
ผ่าตัดเสริมหน้าอกที่ KVK Clinic
✅ ดูแลโดยแพทย์มากประสบการณ์
✅ ปรึกษากับคุณหมอก่อนเข้าห้องผ่าตัดทุกเคส
✅ ออกแบบข้างต่อข้างให้เข้ากับแต่ละบุคคล แบบเคสต่อเคส
✅ ติดตามผลและดูแลหลังผ่าตัดอย่างต่อเนื่อง",,0,"03/25/2026 00:00",N/A,https://www.facebook.com/KVKClinic/posts/pfbid02fq2j5PwcXtMYqDMRcVA7hjBBjKjAQJe4AefxUvbtWdwUxuYwkjzTCPzDWVDLJAp8l,0,0,รูปภาพ,,,,,อายุการใช้งาน,2789,1875,7,6,0,1,4,2,2,,,,,,,
1248681267350140,100066248360694,Kornvikkaclinic,"👑 Elevating Beauty Standards: 14 Years and Stronger Than Ever.
ฉลองครบรอบ 14 ปีสุดยิ่งใหญ่! 

ขอบคุณความไว้วางใจตลอด 14 ปีที่ผ่านมาที่ทำให้เราเติบโตมาอย่างงดงาม ในวาระพิเศษนี้ KVKClinic ขอมอบของขวัญสุดล้ำค่าด้วยการ Unlock Your Timeless Beauty

ก้าวกระโดดครั้งสำคัญสู่ความงามที่ยั่งยืนด้วยการเปิดตัวสุดยอดนวัตกรรม '5 Ultimate Lifting Machines' ถึง 5 เครื่องพร้อมกัน!
นี่คือปรากฏการณ์ความงามระดับเวิลด์คลาสที่คัดสรรมาเพื่อเปลี่ยนคุณให้เป็นเวอร์ชันที่สมบูรณ์แบบที่สุด

KVKClinic ไม่เคยหยุดพัฒนา พร้อมก้าวไปข้างหน้าเพื่อสิ่งที่ดีที่สุดสำหรับผู้ใช้บริการ และเตรียมพบกับการเติบโตที่ดียิ่งขึ้นไปอีก... รอติดตามความพิเศษได้เลยค่ะ!🫶🧡

……………………………………
#KVKClinic #DrKoong #DrJade
#ยกมาตรฐานจริงใจล้ำสมัย
#14thAnniversaryKVK
#KVKFutureLifting
#TheLift #SkinInnovation
#CanYouGuessTheLift
#BeautyInnovation #Lifting","👑 Elevating Beauty Standards: 14 Years and Stronger Than Ever.
ฉลองครบรอบ 14 ปีสุดยิ่งใหญ่! 

ขอบคุณความไว้วางใจตลอด 14 ปีที่ผ่านมาที่ทำให้เราเติบโตมาอย่างงดงาม ในวาระพิเศษนี้ KVKClinic ขอมอบของขวัญสุดล้ำค่าด้วยการ Unlock Your Timeless Beauty

ก้าวกระโดดครั้งสำคัญสู่ความงามที่ยั่งยืนด้วยการเปิดตัวสุดยอดนวัตกรรม '5 Ultimate Lifting Machines' ถึง 5 เครื่องพร้อมกัน!
นี่คือปรากฏการณ์ความงามระดับเวิลด์คลาสที่คัดสรรมาเพื่อเปลี่ยนคุณให้เป็นเวอร์ชันที่สมบูรณ์แบบที่สุด

KVKClinic ไม่เคยหยุดพัฒนา พร้อมก้าวไปข้างหน้าเพื่อสิ่งที่ดีที่สุดสำหรับผู้ใช้บริการ และเตรียมพบกับการเติบโตที่ดียิ่งขึ้นไปอีก... รอติดตามความพิเศษได้เลยค่ะ!🫶🧡

……………………………………
#KVKClinic #DrKoong #DrJade
#ยกมาตรฐานจริงใจล้ำสมัย
#14thAnniversaryKVK
#KVKFutureLifting
#TheLift #SkinInnovation
#CanYouGuessTheLift
#BeautyInnovation #Lifting",74,"03/25/2026 20:06",N/A,https://www.facebook.com/reel/932578249662929/,0,0,วิดีโอ,,,,,อายุการใช้งาน,22306,8696,40,26,4,10,515,,369,138,8,83040.8,4.282,0,0,0
1248980430653557,100066248360694,Kornvikkaclinic,"🛑 หยุดดูคลิปนี้! ก่อนตัดสินใจจ่ายเงินทำโปรแกรมยกกระชับ
นวัตกรรมยกกระชับมีเยอะมากจนเลือกไม่ถูกใช่ไหม? 
เราเข้าใจเลยค่ะว่าตัดสินใจยาก... คลิปนี้หมอกุ้งเลยตั้งใจทำขึ้นมาเพื่อเป็น Guidebook ให้กับทุกคน
.
✅ 4 Checklist สำคัญที่ควรพิจารณาก่อนเลือกเครื่องยกกระชับ
เพราะการเลือกเครื่องที่ ""ใช่"" และ ""เหมาะสมกับปัญหาผิว"" สำคัญกว่าราคาโปรโมชั่น
วันนี้หมอกุ้งสรุปมาให้แบบเน้นๆ เพื่อให้ทุกคนสวยแบบคุ้มค่า และได้ผลลัพธ์ที่ตรงจุดที่สุด จะมีอะไรบ้าง ไปดูในคลิปนี้เลยค่ะ! 👩‍⚕️💖
……………………………………..
#KVKClinic #DrKoong #DrJade
#ยกมาตรฐานจริงใจล้ำสมัย
#หมอกุ้งKVK #โปรแกรมยกกระชับใบหน้า #โปรแกรมปรับรูปหน้า","🛑 หยุดดูคลิปนี้! ก่อนตัดสินใจจ่ายเงินทำโปรแกรมยกกระชับ
นวัตกรรมยกกระชับมีเยอะมากจนเลือกไม่ถูกใช่ไหม? 
เราเข้าใจเลยค่ะว่าตัดสินใจยาก... คลิปนี้หมอกุ้งเลยตั้งใจทำขึ้นมาเพื่อเป็น Guidebook ให้กับทุกคน
.
✅ 4 Checklist สำคัญที่ควรพิจารณาก่อนเลือกเครื่องยกกระชับ
เพราะการเลือกเครื่องที่ ""ใช่"" และ ""เหมาะสมกับปัญหาผิว"" สำคัญกว่าราคาโปรโมชั่น
วันนี้หมอกุ้งสรุปมาให้แบบเน้นๆ เพื่อให้ทุกคนสวยแบบคุ้มค่า และได้ผลลัพธ์ที่ตรงจุดที่สุด จะมีอะไรบ้าง ไปดูในคลิปนี้เลยค่ะ! 👩‍⚕️💖
……………………………………..
#KVKClinic #DrKoong #DrJade
#ยกมาตรฐานจริงใจล้ำสมัย
#หมอกุ้งKVK #โปรแกรมยกกระชับใบหน้า #โปรแกรมปรับรูปหน้า",552,"03/26/2026 04:15",N/A,https://www.facebook.com/reel/2240271626376705/,0,0,วิดีโอ,,,,,อายุการใช้งาน,26955,9834,30,13,0,17,939,,525,349,65,253346.701,10.837,0,0,0
1248986513986282,100066248360694,Kornvikkaclinic,"14 Years of Expertise. 5 New Innovations. 1 Destination. 💎
14 ปีแห่งความไว้วางใจ... สู่ก้าวที่เหนือระดับกว่าที่เคย 

KVKClinic ฉลองครบรอบ 14 ปี จัดเต็มความสวยแบบ Full Option เปิดตัว 5 นวัตกรรมยกกระชับระดับ World Class ที่คัดมาเพื่อผลลัพธ์ที่ดีที่สุดสำหรับคุณ

ไม่ว่าจะเป็นงานผิว งานเหนียง หรือยกหน้าให้เป๊ะ เรามีคำตอบให้ครบในที่เดียว!
✅ Program Optimas Max
✅ Program Titanium Lifting
✅ Program Xtherma
✅ Program Volnewmer

เพราะความสวยของคุณ คือความภูมิใจของเราตลอด 14 ปีที่ผ่านมา
📍 สัมผัสประสบการณ์ยกกระชับระดับพรีเมียมได้แล้ววันนี้ที่ KVKClinic 
……………………………………
#KVKClinic #DrKoong #DrJade
#ยกมาตรฐานจริงใจล้ำสมัย
#14thAnniversaryKVK
#KVKFutureLifting
#TheLift #SkinInnovation
#CanYouGuessTheLift
#BeautyInnovation #Lifting","14 Years of Expertise. 5 New Innovations. 1 Destination. 💎
14 ปีแห่งความไว้วางใจ... สู่ก้าวที่เหนือระดับกว่าที่เคย 

KVKClinic ฉลองครบรอบ 14 ปี จัดเต็มความสวยแบบ Full Option เปิดตัว 5 นวัตกรรมยกกระชับระดับ World Class ที่คัดมาเพื่อผลลัพธ์ที่ดีที่สุดสำหรับคุณ

ไม่ว่าจะเป็นงานผิว งานเหนียง หรือยกหน้าให้เป๊ะ เรามีคำตอบให้ครบในที่เดียว!
✅ Program Optimas Max
✅ Program Titanium Lifting
✅ Program Xtherma
✅ Program Volnewmer

เพราะความสวยของคุณ คือความภูมิใจของเราตลอด 14 ปีที่ผ่านมา
📍 สัมผัสประสบการณ์ยกกระชับระดับพรีเมียมได้แล้ววันนี้ที่ KVKClinic 
……………………………………
#KVKClinic #DrKoong #DrJade
#ยกมาตรฐานจริงใจล้ำสมัย
#14thAnniversaryKVK
#KVKFutureLifting
#TheLift #SkinInnovation
#CanYouGuessTheLift
#BeautyInnovation #Lifting",68,"03/26/2026 05:00",N/A,https://www.facebook.com/reel/1421017089266938/,0,0,วิดีโอ,,,,,อายุการใช้งาน,2936,2405,10,8,0,2,10,,10,,,6877.107,2.66,0,0,0
1249483897269877,100066248360694,Kornvikkaclinic,"KVK Clinic reporting from Wave Global 2026 at COEX, Seoul! 🇰🇷 #GlobalwithOGX

.
ทริปนี้ คุณหมอกุ้ง (พญ.กรวิกกา พัฒนะปราน ว38020) แพทย์จาก KVKClinic 👩🏻‍⚕️บินลัดฟ้ามาร่วมงานในฐานะThailand Speaker  และ  Medical Representative จากไทย
เพื่ออัปเดตนวัตกรรมและทิศทางใหม่ๆ ของวงการความงามระดับโลก  

.
ภายในงานมีการเปิดตัวภาพลักษณ์ใหม่ (New CI) และแคมเปญร่วมกับ Global Ambassador คุณวอนจีอัน (Won Ji-an) สุดจะ Exclusive 🫶

.
พร้อมทั้งเป็นโอกาสอันดีในการแลกเปลี่ยนความรู้ด้านนวัตกรรมร่วมกับบุคลากรทางการแพทย์และพันธมิตรกว่า 250 ท่าน จาก 10 ประเทศทั่วโลก

.
เพื่อนำความรู้และประสบการณ์ระดับสากล มาปรับใช้ในการดูแลผู้เข้ารับบริการที่ KVK Clinic อย่างเหมาะสมและทันสมัยสม่ำเสมอค่ะ และมีเทคนิคที่ได้ผลลัพธ์ที่ดีที่สุด ที่นี่ ก่อนใครค่า 
……………………………………
#KVKClinic #DrKoong #DrJade
#ยกมาตรฐานจริงใจล้ำสมัย
#WonTechAsia #WaveGlobal2026
#GlobalStandard #Oligio #OligioX #AestheticUpdate #WonTech #WISEExperience #ProfessionalDevelopmen",,0,"03/26/2026 18:34",N/A,https://www.facebook.com/KVKClinic/posts/pfbid0ZDp9ih7iA16xrGx4pBX6yVnr4xkFmHmfkhPWV2kwBbpnEm6mguMBPD93SXvt8xuyl,0,0,รูปภาพ,,,,,อายุการใช้งาน,3621,2261,23,21,0,2,74,57,17,,,,,,,
1249525077265759,100066248360694,Kornvikkaclinic,"แก้มตก ร่องชัด หน้าเริ่มดูมีอายุ
ยกใหม่ให้ตึง กรอบหน้าคมขึ้นทันที
.
คนไข้มีปัญหาผิวหน้าหย่อนคล้อยตามวัย 
โดยเฉพาะช่วงแก้มและกรอบหน้า 
มีความตกของเนื้อบริเวณแก้ม ทำให้เกิดร่องแก้มชัดขึ้น  
เคสนี้แก้ไขด้วยโปรแกรมดึงหน้า
ด้วยการตัดผิวหนังส่วนเกินที่หย่อนคล้อยออกแล้ว
เก็บยกผิวหนังทั้งสองชั้น
หลังทำใบหน้าดูยกขึ้นอย่างชัดเจน 
แก้มที่เคยตกดูยกกระชับขึ้น ร่องแก้มดูตื้นลง 
กรอบหน้าคมชัดขึ้น ผิวดูแน่นและเรียบเนียนขึ้น 
และทำให้ใบหน้าดูสดใส
.
ผ่าตัดดึงหน้าที่ KVK Clinic
✅ ดูแลโดยแพทย์มากประสบการณ์
✅ ปรึกษากับคุณหมอก่อนเข้าห้องผ่าตัดทุกเคส
✅ ออกแบบให้เข้ากับแต่ละบุคคล แบบเคสต่อเคส
✅ ติดตามผลและดูแลหลังผ่าตัดอย่างต่อเนื่อง",,0,"03/26/2026 20:10",N/A,https://www.facebook.com/KVKClinic/posts/pfbid034A3XosEEymAFbGo5FKmhCgJGRy2sWvkL5Mj7xF98cg1bV7CmUasHxy1pvJ67Gsgwl,0,0,รูปภาพ,,,,,อายุการใช้งาน,3046,1941,6,5,0,1,10,3,6,1,,,,,,
1250514967166770,100066248360694,Kornvikkaclinic,"💎✨All Together Right Here! 
ไม่ต้องเลือก...เพราะเราคัดมาให้ครบ! 

.
รวมที่สุดของนวัตกรรม 4 โปรแกรมยกกระชับ พร้อมโปรแกรมเลเซอร์ตัวท็อป เครื่องที่ 2 KVK@Siam 

🏆 THE ELITE SELECTION

• Program Titanium Lifting 
• Program Xtherma
• Program OptimusMax
• Program Volnewmer 
• Program Picosurepro เครื่องที่ 2 KVK@Siam

 🧬สัมผัสความอลังการของเทคโนโลยีความงามได้แล้ววันนี้ที่ KVK Clinic 
📍 พบกันที่ KVK Clinic & KVK @Siam
🗓 วันที่ 4 เมษายนนี้

…………………………………….
#KVKClinic #DrKoong #DrJade
#14thAnniversaryKVK
#KVKFutureLifting #สวยคุ้มที่KVK",,0,"03/28/2026 01:26",N/A,https://www.facebook.com/KVKClinic/posts/pfbid0csu98Gp33t3ZZyFutV74oBMRpzRhBVxcmyxDyURT7FZkKJnaFuiXk1kxLa45AQQ6l,0,0,รูปภาพ,,,,,อายุการใช้งาน,2750,1753,8,6,0,2,16,5,11,,,,,,,
1250613013823632,100066248360694,Kornvikkaclinic,"ขอบคุณ คุณจิ้บมากๆค่ะ  ที่ไว้ใจให้ KVK ดูแลความเป๊ะ สวยมากๆเลยค่ะ🫶🥰",,0,"03/28/2026 04:24",N/A,https://www.facebook.com/KVKClinic/posts/pfbid0Nufp6gS5UZUziSbELeXgKPxHVuHEqedB2Z2Nu89TymSENa5NgwKqSaHKLrfFykPil,0,1,รูปภาพ,,,,,อายุการใช้งาน,5194,3211,9,7,2,0,273,193,80,,,,,,,
1251129297105337,100066248360694,Kornvikkaclinic,"🥳 14 ปีมีครั้งเดียว! KVK จัดหนักแจกจริง! 😍
ขอขอบคุณทุกความไว้วางใจตลอด 14 ปีที่ผ่านมา 😊 วันนี้เรากลับมาพร้อมกับเซอร์ไพรส์จัดเต็ม! 

เพียงแค่คุณมาร่วมงาน ก็เตรียมรับสิทธิพิเศษและของรางวัลมากมายที่เราขนมาแจกแบบไม่อั้น! 🎁✨

อย่าลืมมาร่วมฉลองและรับสิทธิพิเศษสุดคุ้มก่อนใคร!

👇👇👇 ติดต่อสอบถามรายละเอียดงานได้ที่นี่น้าา

.
.
.
ช่องทางติดต่อสอบถาม แอดมิน+ ปรึกษาแพทย์
𝐋𝐢𝐧𝐞 𝐎𝐀 เป็นช่องทางหลัก
สาขา 𝗞𝗼𝗿𝗮𝘁 : @1stkvk 
สาขา 𝗦𝗶𝗮𝗺  : @kvksiam
.
🔹 สาขา 𝗞𝗼𝗿𝗮𝘁 : โคราช (Head Qaurters)
สาขา3 : ติดโรงเรียน ปลูกปัญญา เส้นสุระ 2 
สาขา1 : ในปั้มปตท. ข้างเดอะมอลล์โคราช
📞 06 1956 5444
.
🔹 สาขา 𝗦𝗶𝗮𝗺 : KVK@Siam Clinic
Centerpoint Siam Square ชั้น 2
📞 09 5791 5444
………………………………………………
#KVKClinic #DrKoong #DrJade
#ยกมาตรฐานจริงใจล้ำสมัย 
#14thAnniversaryKVK
#KVKFutureLifting #สวยคุ้มที่KVK","🥳 14 ปีมีครั้งเดียว! KVK จัดหนักแจกจริง! 😍
ขอขอบคุณทุกความไว้วางใจตลอด 14 ปีที่ผ่านมา 😊 วันนี้เรากลับมาพร้อมกับเซอร์ไพรส์จัดเต็ม! 

เพียงแค่คุณมาร่วมงาน ก็เตรียมรับสิทธิพิเศษและของรางวัลมากมายที่เราขนมาแจกแบบไม่อั้น! 🎁✨

อย่าลืมมาร่วมฉลองและรับสิทธิพิเศษสุดคุ้มก่อนใคร!

👇👇👇 ติดต่อสอบถามรายละเอียดงานได้ที่นี่น้าา

.
.
.
ช่องทางติดต่อสอบถาม แอดมิน+ ปรึกษาแพทย์
𝐋𝐢𝐧𝐞 𝐎𝐀 เป็นช่องทางหลัก
สาขา 𝗞𝗼𝗿𝗮𝘁 : @1stkvk 
สาขา 𝗦𝗶𝗮𝗺  : @kvksiam
.
🔹 สาขา 𝗞𝗼𝗿𝗮𝘁 : โคราช (Head Qaurters)
สาขา3 : ติดโรงเรียน ปลูกปัญญา เส้นสุระ 2 
สาขา1 : ในปั้มปตท. ข้างเดอะมอลล์โคราช
📞 06 1956 5444
.
🔹 สาขา 𝗦𝗶𝗮𝗺 : KVK@Siam Clinic
Centerpoint Siam Square ชั้น 2
📞 09 5791 5444
………………………………………………
#KVKClinic #DrKoong #DrJade
#ยกมาตรฐานจริงใจล้ำสมัย 
#14thAnniversaryKVK
#KVKFutureLifting #สวยคุ้มที่KVK",95,"03/28/2026 19:48",auto,https://www.facebook.com/reel/1523958329216181/,0,0,วิดีโอ,,,,,อายุการใช้งาน,2933,2011,26,20,1,5,23,,23,,,13470.006,5.429,0,0,0
1252046297013637,100066248360694,Kornvikkaclinic,"👑 14th Anniversary KVK Clinic
ฉลองใหญ่ 4 วันติด !!!
🗓️ วันที่ 𝟭-𝟰 เมษายน 𝟮𝟱𝟲𝟵
.
ครบรอบ 14 ปี KVK Clinic อย่างยิ่งใหญ่สมศักดิ์ศรี!✨
. 
"" The future of lifting 4D Layer By KVK "" 
.
🎯 มาร่วมงาน วันที่ 1-4 เม.ย.นี้ ได้อะไรบ้าง!!
.
🎁 สิทธิพิเศษภายในงาน
1️⃣ รับ KVK BAG ฟรี! เพียง Check-in & Review
2️⃣ รับฟรี โบเกาหลี 50 U เมื่อมียอด 20,000.- ขึ้นไป ;สุดมาก!
3️⃣ รับฟรี Anniversary Gift Set (มูลค่า 2,500.-) เมื่อมียอด 35,000.-
4️⃣ หมุนวงล้อยักษ์ลุ้นโชค รับฟรี!! โปรแกรมEmface , Prime , OGX , Xerf , MPT , Xtherma และรางวัลอื่นๆอีกมากมาย!  (จะบอกว่าคุ้มมาก)
5️⃣ ฟรี Mini Cupcake สำหรับทุกท่านที่มาร่วมงาน
6️⃣ Check-in: มุมถ่ายรูปสวยๆ ไว้อวดโซเชียลเรียกไลค์แบบฉ่ำๆ
7️⃣ Big Sale: ทั้งคลินิก ลดแหลก ดีลแรงที่สุดเท่าที่เคยมีมา! (ซื้อเก็บ!! เลย) 
.
📍 แล้วพบกัน ทั้งสาขาโคราช และ สาขาสยาม
🗓️ วันที่ 𝟭-𝟰 เมษายน 𝟮𝟱𝟲𝟵
---------------
#KVKClinic #DrKoong #DrJade
#ยกมาตรฐานจริงใจล้ำสมัย
#14thAnniversaryKVK
#KVKFutureLifting
#Thefutureoflifting
#KVKBigSurprise",,0,"03/30/2026 00:33",N/A,https://www.facebook.com/KVKClinic/posts/pfbid0Az9kBPT93JT2oGrURWYzEQWkKghS2cQtnYftf6KvpCDyCcBwSP6HMzZLSByxjwvXl,0,0,รูปภาพ,,,,,อายุการใช้งาน,4236,2325,46,31,0,15,98,71,27,,,,,,,
1252125823672351,100066248360694,Kornvikkaclinic,"KVK 14th Anniversary 🎉 งานนี้มีแต่คำว่า ""แจก""
ฉลองครบรอบ 14 ปี KVKClinic งานนี้ไม่ได้มาเล่นๆ เพราะเราเตรียมของขวัญเซอร์ไพรส์ไว้รอแจกแบบไม่อั้น! 🎁✨

📍 ปักหมุด 1 - 4 เมษายนนี้เท่านั้น (ย้ำ! แค่ 4 วัน!)
พลาดรอบนี้... บอกเลยว่าเสียดายยันปีหน้า! ใครช้าคิวเต็มอย่าหาว่าหมอไม่เตือนนะจ๊ะ! 🏃‍♀️💨

แล้ว ""พบกัน"" ที่ KVKClinic นะคะ👋
---------------
#KVKClinic #DrKoong #DrJade
#ยกมาตรฐานจริงใจล้ำสมัย
#14thAnniversaryKVK
#KVKFutureLifting
#Thefutureoflifting
#KVKBigSurprise","KVK 14th Anniversary 🎉 งานนี้มีแต่คำว่า ""แจก""
ฉลองครบรอบ 14 ปี KVKClinic งานนี้ไม่ได้มาเล่นๆ เพราะเราเตรียมของขวัญเซอร์ไพรส์ไว้รอแจกแบบไม่อั้น! 🎁✨

📍 ปักหมุด 1 - 4 เมษายนนี้เท่านั้น (ย้ำ! แค่ 4 วัน!)
พลาดรอบนี้... บอกเลยว่าเสียดายยันปีหน้า! ใครช้าคิวเต็มอย่าหาว่าหมอไม่เตือนนะจ๊ะ! 🏃‍♀️💨

แล้ว ""พบกัน"" ที่ KVKClinic นะคะ👋
---------------
#KVKClinic #DrKoong #DrJade
#ยกมาตรฐานจริงใจล้ำสมัย
#14thAnniversaryKVK
#KVKFutureLifting
#Thefutureoflifting
#KVKBigSurprise",54,"03/30/2026 04:00",N/A,https://www.facebook.com/reel/1593095001746624/,0,0,วิดีโอ,,,,,อายุการใช้งาน,3107,2335,26,22,2,2,40,,40,,,13439.848,5.02,0,0,0
1252667336951533,100066248360694,Kornvikkaclinic,"ตาปรือ ดูเศร้า เพราะลืมตาได้ไม่สุด
ปรับชั้นตาให้ใหม่ สดใสขึ้นทันที 👀✨
.
ก่อนทำคนไข้มีภาวะกล้ามเนื้อตาอ่อนแรง 
ทำให้ลืมตาได้ไม่สุด หนังตาตกเล็กน้อย 
ส่งผลให้ดวงตาดูปรือ ดูเศร้า และไม่สดใส 
เคสนี้แก้ไขด้วยโปรแกรมตาสองชั้น
โดยทำร่วมกับการแก้ไขกล้ามเนื้อตา 
เพื่อช่วยให้ลืมตาได้ดีขึ้น พร้อมออกแบบชั้นตาใหม่
หลังทำดวงตาเปิดกว้างขึ้นอย่างชัดเจน 
กล้ามเนื้อตาทำงานได้เต็มที่
ทำให้ลืมตาได้เบิกกว้าง 
ชั้นตาคมชัดขึ้นแลดูเป็นธรรมชาติ  
และส่งผลให้ใบหน้าดูสดใสขึ้น
.
ผ่าตัดตาสองชั้นที่ KVK Clinic
✅ ดูแลโดยแพทย์มากประสบการณ์
✅ ปรึกษากับคุณหมอก่อนเข้าห้องผ่าตัดทุกเคส
✅ ออกแบบชั้นตาให้เข้ากับแต่ละบุคคล แบบเคสต่อเคส
✅ ติดตามผลและดูแลหลังผ่าตัดอย่างต่อเนื่อง",,0,"03/30/2026 21:02",N/A,https://www.facebook.com/KVKClinic/posts/pfbid02NRpWaYSHUFxFhobZUicF6pJ41XTAE7YbDxV65KRg3jaX2dtPtdLFVnohepCaBz2Gl,0,0,รูปภาพ,,,,,อายุการใช้งาน,2395,1601,8,8,0,0,1,1,,,,,,,,
1252842000267400,100066248360694,Kornvikkaclinic,"หยุดยิงแบบเดิมๆ ถ้ายังไม่รู้สิ่งนี้! 🛑

หลายคนมักถามหมอว่า ""ยิงแบบไหนดีที่สุด?"" หรือ ""เทคนิคไหนที่ให้ผลลัพธ์ปังที่สุด?"" ความจริงแล้วคำตอบอาจจะไม่ได้มีแค่สูตรเดียว!🧬

วันนี้หมอกุ้ง (พญ.กรวิกกา พัฒนะปราน ว38020) จะมาเผยข้อตกลงจาก Global Speaker เกี่ยวกับเทคนิคการยิง Monopolar RF ที่ถูกต้อง เพื่อให้คนไข้ได้ผลลัพธ์ที่ตอบโจทย์โครงหน้าของตัวเองมากที่สุด 

ตามมาดูข้อสรุปจาก Global Speaker ที่หมอกุ้งนำมาแชร์ในวันนี้ กับการอัปเกรดความสวยด้วย Protocol OGX Program ที่ KVK Clinic ค่ะ☺️

#KVKClinic #DrKoong #DrJade
#ยกมาตรฐานจริงใจล้ำสมัย
#OGXProgram #MonopolarRF #ProtocolOGX","หยุดยิงแบบเดิมๆ ถ้ายังไม่รู้สิ่งนี้! 🛑

หลายคนมักถามหมอว่า ""ยิงแบบไหนดีที่สุด?"" หรือ ""เทคนิคไหนที่ให้ผลลัพธ์ปังที่สุด?"" ความจริงแล้วคำตอบอาจจะไม่ได้มีแค่สูตรเดียว!🧬

วันนี้หมอกุ้ง (พญ.กรวิกกา พัฒนะปราน ว38020) จะมาเผยข้อตกลงจาก Global Speaker เกี่ยวกับเทคนิคการยิง Monopolar RF ที่ถูกต้อง เพื่อให้คนไข้ได้ผลลัพธ์ที่ตอบโจทย์โครงหน้าของตัวเองมากที่สุด 

ตามมาดูข้อสรุปจาก Global Speaker ที่หมอกุ้งนำมาแชร์ในวันนี้ กับการอัปเกรดความสวยด้วย Protocol OGX Program ที่ KVK Clinic ค่ะ☺️

#KVKClinic #DrKoong #DrJade
#ยกมาตรฐานจริงใจล้ำสมัย
#OGXProgram #MonopolarRF #ProtocolOGX",171,"03/31/2026 02:56",N/A,https://www.facebook.com/reel/1564738074616751/,0,0,วิดีโอ,,,,,อายุการใช้งาน,147440,99068,878,597,171,110,4348,,1977,2267,104,819499.716,6.3,0,0,0
1252966810254919,100066248360694,Kornvikkaclinic,"📌 SAVE THE DATE! 1 - 4 APRIL 2026
เตรียมพบกับเซอร์ไพรส์ครั้งใหญ่และโปรโมชั่นสุดพิเศษที่จัดหนักเพื่อแทนคำขอบคุณ

ขนทัพนวัตกรรมตัวท็อปมาแบบจัดเต็ม ไม่ว่าจะเป็นงานผิวหรืองานยกกระชับที่ทุกคนรัก บอกเลยว่า ""พลาดครั้งนี้...เสียใจแน่นอน!!""

เตรียมตัวให้พร้อม แล้วมาอัปเกรดความสวยระดับพรีเมียมไปพร้อมกันค่ะ 💖✨

…………………………………….
#KVKClinic #DrKoong #DrJade
#14thAnniversaryKVK
#KVKFutureLifting #สวยคุ้มที่KVK","📌 SAVE THE DATE! 1 - 4 APRIL 2026
เตรียมพบกับเซอร์ไพรส์ครั้งใหญ่และโปรโมชั่นสุดพิเศษที่จัดหนักเพื่อแทนคำขอบคุณ

ขนทัพนวัตกรรมตัวท็อปมาแบบจัดเต็ม ไม่ว่าจะเป็นงานผิวหรืองานยกกระชับที่ทุกคนรัก บอกเลยว่า ""พลาดครั้งนี้...เสียใจแน่นอน!!""

เตรียมตัวให้พร้อม แล้วมาอัปเกรดความสวยระดับพรีเมียมไปพร้อมกันค่ะ 💖✨

…………………………………….
#KVKClinic #DrKoong #DrJade
#14thAnniversaryKVK
#KVKFutureLifting #สวยคุ้มที่KVK",42,"03/31/2026 06:36",N/A,https://www.facebook.com/reel/1222204633329597/,0,0,วิดีโอ,,,,,อายุการใช้งาน,3847,3182,24,20,0,4,8,,8,,,9816.35,2.855,0,0,0
1253425993542334,100066248360694,Kornvikkaclinic,"เหนียงใหญ่คางสองชั้น !!! #KVKClinic #KVKSurgery #DrJade #หมอเจด #drKoong #ดูดเหนียง","เหนียงใหญ่คางสองชั้น !!! #KVKClinic #KVKSurgery #DrJade #หมอเจด #drKoong #ดูดเหนียง",18,"04/01/2026 04:01",N/A,https://www.facebook.com/reel/2079632052605205/,0,0,วิดีโอ,,,,,อายุการใช้งาน,17625,13013,74,63,6,5,200,,83,115,2,54441.487,3.62,0,0,0
1254165286801738,100066248360694,Kornvikkaclinic,"✨ เซอร์ไพรส์! 𝐄𝐱𝐜𝐥𝐮𝐬𝐢𝐯𝐞 𝐆𝐢𝐟𝐭 เฉพาะคุณที่ 𝐊𝐕𝐊 ✨
ของขวัญสุดพรีเมียม! 𝐋𝐢𝐦𝐢𝐭𝐞𝐝 𝐄𝐝𝐢𝐭𝐢𝐨𝐧 𝟏𝟒𝐭𝐡 𝐀𝐧𝐧𝐢𝐯𝐞𝐫𝐬𝐚𝐫𝐲

.
🎁 ฉลองครบรอบ 𝟏𝟒 ปี 𝐊𝐕𝐊 𝐂𝐥𝐢𝐧𝐢𝐜 อย่างเป็นทางการ! ตลอดเวลาที่ผ่านมา ทุกความไว้วางใจคือแรงผลักดันให้เราพัฒนาไม่หยุด เพื่อเป็นการขอบคุณลูกค้าที่รัก

.
𝐊𝐕𝐊 ตั้งใจเตรียม ""𝐆𝐈𝐅𝐓 𝐅𝐎𝐑 𝐘𝐎𝐔"" เซ็ตของขวัญสุดพรีเมียมที่จัดทำขึ้นเฉพาะสำหรับปีนี้ เพื่อมอบเป็นที่ระลึกสำหรับลูกค้า 𝐊𝐕𝐊 𝐖𝐈𝐒𝐃𝐎𝐌 ทุกท่าน

💥 มาเปิดประสบการณ์ความสวยและรับของขวัญสุดว้าวนี้ ตั้งแต่วันที่ 1-4 เมษายนนี้ เท่านั้น! (ของมีจำนวนจำกัดนะคะ)

💌 ทักแชทสอบถามข้อมูลเพิ่มเติมได้เลย!

📍 ทั้งสาขาโคราช และ สาขาสยาม
🗓️ วันที่ 𝟭-𝟰 เมษายน 𝟮𝟱𝟲𝟵
---------------
#KVKClinic #DrKoong #DrJade
#ยกมาตรฐานจริงใจล้ำสมัย
#14thAnniversaryKVK
#KVKFutureLifting
#Thefutureoflifting
#KVKBigSurprise",,0,"04/01/2026 19:00",N/A,https://www.facebook.com/KVKClinic/posts/pfbid0Ns3nupKVCFZeLiJkVnnMZPoD1dWvDY34QzqHFbzZKoBH7x1VLdE8jE2Ddwv9ErdKl,0,0,รูปภาพ,,,,,อายุการใช้งาน,2621,1791,11,9,2,0,15,8,7,,,,,,,
1254176983467235,100066248360694,Kornvikkaclinic,"ฉลอง 𝟏𝟒 ปี 𝐊𝐕𝐊𝐂𝐥𝐢𝐧𝐢𝐜 ทั้งที... งานนี้ไม่มีคำว่าธรรมดา!🥂

งานฉลองครั้งนี้คือคำขอบคุณจากใจถึงใจ 14 ปีที่ผ่านมาเราสนุกไปกับการพัฒนาตัวเอง และตื่นเต้นทุกครั้งที่เห็นคุณมีความสุขกับผลลัพธ์🙏🏻💕

🏠ขอบคุณที่เชื่อมั่นในบ้านหลังนี้ ขอบคุณที่ร่วมเดินทางผ่านทุกช่วงเวลามาด้วยกัน กาลเวลาเปลี่ยนไป แต่คำสัญญาว่าจะดูแลลูกค้า 𝐊𝐕𝐊𝐂𝐥𝐢𝐧𝐢𝐜 ให้ดีที่สุดนั้น ""ชัดเจน"" เสมอ🫶✨

ขอเชิญทุกท่านมาร่วมสัมผัสประสบการณ์สุดพิเศษในโอกาสครบรอบ 𝟏𝟒 ปี พบกับกิจกรรมและเซอร์ไพรส์ที่เราตั้งใจเตรียมไว้เพื่อแทนคำขอบคุณ

🗓 วันที่ 1 - 4 เมษายนนี้เท่านั้น!
📍 ที่ 𝐊𝐕𝐊@𝐊𝐨𝐫𝐚𝐭 และ 𝐊𝐕𝐊@𝐒𝐢𝐚𝐦

---------------
#KVKClinic #DrKoong #DrJade
#ยกมาตรฐานจริงใจล้ำสมัย
#14thAnniversaryKVK
#KVKFutureLifting
#Thefutureoflifting
#KVKBigSurprise","ฉลอง 𝟏𝟒 ปี 𝐊𝐕𝐊𝐂𝐥𝐢𝐧𝐢𝐜 ทั้งที... งานนี้ไม่มีคำว่าธรรมดา!🥂

งานฉลองครั้งนี้คือคำขอบคุณจากใจถึงใจ 14 ปีที่ผ่านมาเราสนุกไปกับการพัฒนาตัวเอง และตื่นเต้นทุกครั้งที่เห็นคุณมีความสุขกับผลลัพธ์🙏🏻💕

🏠ขอบคุณที่เชื่อมั่นในบ้านหลังนี้ ขอบคุณที่ร่วมเดินทางผ่านทุกช่วงเวลามาด้วยกัน กาลเวลาเปลี่ยนไป แต่คำสัญญาว่าจะดูแลลูกค้า 𝐊𝐕𝐊𝐂𝐥𝐢𝐧𝐢𝐜 ให้ดีที่สุดนั้น ""ชัดเจน"" เสมอ🫶✨

ขอเชิญทุกท่านมาร่วมสัมผัสประสบการณ์สุดพิเศษในโอกาสครบรอบ 𝟏𝟒 ปี พบกับกิจกรรมและเซอร์ไพรส์ที่เราตั้งใจเตรียมไว้เพื่อแทนคำขอบคุณ

🗓 วันที่ 1 - 4 เมษายนนี้เท่านั้น!
📍 ที่ 𝐊𝐕𝐊@𝐊𝐨𝐫𝐚𝐭 และ 𝐊𝐕𝐊@𝐒𝐢𝐚𝐦

---------------
#KVKClinic #DrKoong #DrJade
#ยกมาตรฐานจริงใจล้ำสมัย
#14thAnniversaryKVK
#KVKFutureLifting
#Thefutureoflifting
#KVKBigSurprise",181,"04/01/2026 19:09",auto,https://www.facebook.com/reel/911137565158839/,0,0,วิดีโอ,,,,,อายุการใช้งาน,1535,2888,65,57,0,8,45,,45,,,29003.768,8.657,0,0,0
1254213776796889,100066248360694,Kornvikkaclinic,"คลินิกคู่คนอีสาน • และคนไทย 
.
และจะเป็นแบบนี้ตลอดไป....
.
เราจะพัฒนาอย่างไม่หยุด และจะเป็นผู้นำในทุกๆ ด้านให้ทุกคน

https://www.facebook.com/share/p/1EDtQuR1ri/?mibextid=wwXIfr",,0,"04/01/2026 19:46",N/A,https://www.facebook.com/KVKClinic/posts/pfbid043Vbn9k695k2Q3P6aoamN4ec1CxBVLGeNbyEQwEEaAP1fJNGxE5szAQHbzGp4bMHl,0,1,รูปภาพ,,,,,อายุการใช้งาน,4945,3660,50,48,1,1,114,31,83,,,,,,,
1254948463390087,100066248360694,Kornvikkaclinic,"✨ 𝐊𝐕𝐊 𝟏𝟒𝐭𝐡 𝐀𝐧𝐧𝐢𝐯𝐞𝐫𝐬𝐚𝐫𝐲: 𝐓𝐡𝐞 𝐅𝐮𝐭𝐮𝐫𝐞 𝐨𝐟 𝐋𝐢𝐟𝐭𝐢𝐧𝐠 ✨

นับถอยหลังสู่โปรเจกต์ฉลอง 𝟏𝟒 ปีสุดยิ่งใหญ่!
📅 𝟏 - 𝟒 𝐀𝐏𝐑𝐈𝐋 𝟐𝟎𝟐𝟔

เตรียมตัวรับความปังแบบจัดเต็ม ห้ามพลาดด้วยประการทั้งปวง!!🫣

---------------
#KVKClinic #DrKoong #DrJade
#ยกมาตรฐานจริงใจล้ำสมัย
#14thAnniversaryKVK
#KVKFutureLifting
#Thefutureoflifting
#KVKBigSurprise","✨ 𝐊𝐕𝐊 𝟏𝟒𝐭𝐡 𝐀𝐧𝐧𝐢𝐯𝐞𝐫𝐬𝐚𝐫𝐲: 𝐓𝐡𝐞 𝐅𝐮𝐭𝐮𝐫𝐞 𝐨𝐟 𝐋𝐢𝐟𝐭𝐢𝐧𝐠 ✨

นับถอยหลังสู่โปรเจกต์ฉลอง 𝟏𝟒 ปีสุดยิ่งใหญ่!
📅 𝟏 - 𝟒 𝐀𝐏𝐑𝐈𝐋 𝟐𝟎𝟐𝟔

เตรียมตัวรับความปังแบบจัดเต็ม ห้ามพลาดด้วยประการทั้งปวง!!🫣

---------------
#KVKClinic #DrKoong #DrJade
#ยกมาตรฐานจริงใจล้ำสมัย
#14thAnniversaryKVK
#KVKFutureLifting
#Thefutureoflifting
#KVKBigSurprise",47,"04/02/2026 19:00",N/A,https://www.facebook.com/reel/1456725466251372/,0,0,วิดีโอ,,,,,อายุการใช้งาน,2986,2354,21,19,0,2,9,,9,,,8223.438,3.092,0,0,0
1255100686708198,100066248360694,Kornvikkaclinic,"☀️ 𝗦𝗽𝗲𝗰𝗶𝗮𝗹 𝗠𝗲𝗻𝘂 เติมความสดชื่นให้ซัมเมอร์นี้ 💦
.
เดือนเมษา ร้อนๆแบบนี้ต้องมีอะไรเย็น ๆ ให้ใจฟู 💛
KVK Clinic ชวนคุณมาสัมผัส 2 เมนูพิเศษ ที่ทั้งหอม หวาน สดชื่นแบบลงตัวสุด ๆ🍹
.
🥭 Royal Mango Smoothie
สมูทตี้มะม่วงสุกปั่นเนื้อเนียน หอมหวานจากมะม่วงแท้ ให้รสชาติสดชื่น ดื่มแล้วรู้สึกเย็นชื่นใจ เหมาะกับอากาศร้อนๆในช่วงซัมเมอร์

🍑 Peachy Bubble Rush
โซดาพีชลิ้นจี่หอมหวาน สดชื่นซ่าเบา ๆ ออนท็อปด้วยมุกป๊อปผลไม้แตกฉ่ำ เพิ่มความสนุกทุกคำ
.
💫 อร่อย ฟิน สดชื่น ในทุกแก้ว พร้อมเสิร์ฟแล้ววันนี้ที่ KVK 
✅เพียงมียอดซื้อ 15,000 บาท ขึ้นไป รับฟรี 1 แก้ว
.
👑 Exclusive พิเศษสำหรับลูกค้า VIP Privilege
🍹รับ Special Menu ฟรี! เพียงมีนัดเข้ารับบริการเท่านั้น
.
*เฉพาะ KVK Clinic สาขา 3
-----------------------
#KVKClinic #DrKoong #DrJade 
#ยกมาตรฐานจริงใจล้ำสมัย 
#SpecialMenu 
#PeachyBubbleRush 
#RoyalMangoSmoothie
#สดชื่นทุกแก้ว",,0,"04/02/2026 22:36",N/A,https://www.facebook.com/KVKClinic/posts/pfbid02Bdpyn5wDu1N6NcTMLU8X2LDrXMkEgx4BRXZpXyMg65EEw3gypNtr9GhRTZnVUjDal,0,0,รูปภาพ,,,,,อายุการใช้งาน,2396,1801,7,6,0,1,14,6,8,,,,,,,
1255115416706725,100066248360694,Kornvikkaclinic,"ที่สุดดดดดด ต้องที่ KVK เท่านั้นค่าาา💕🫶",,0,"04/02/2026 23:03",N/A,https://www.facebook.com/KVKClinic/posts/pfbid031eU169bPporAtqWgqpiwgzNnmNCwYUAYkohB26Zix5xvJAbF5PfS2J89BabUaRKl,0,1,วิดีโอ,,,,,อายุการใช้งาน,74,1840,8,8,0,0,13,,12,1,,,,,,
1255149516703315,100066248360694,Kornvikkaclinic,"ฉลองครบรอบ 14 ปี กับความประทับใจที่ไม่เคยเปลี่ยน 💖 ขอบคุณที่ให้ KVK Clinic ดูแลคุณเสมอมา เหมือนเพื่อนที่รู้ใจ ปรึกษาตรงจุด ให้คำแนะนำแบบเป็นกันเองที่สุด

ใครมองหาความมั่นใจในโอกาสพิเศษแบบนี้ บอกเลยว่าห้ามพลาดโปรโมชั่นฉลองครบรอบ 14 ปี KVK WISDOM นะคะ ของแถมเพียบ! ✨

---------------
#KVKClinic #DrKoong #DrJade
#ยกมาตรฐานจริงใจล้ำสมัย
#14thAnniversaryKVK
#KVKFutureLifting
#Thefutureoflifting
#KVKBigSurprise","ฉลองครบรอบ 14 ปี กับความประทับใจที่ไม่เคยเปลี่ยน 💖 ขอบคุณที่ให้ KVK Clinic ดูแลคุณเสมอมา เหมือนเพื่อนที่รู้ใจ ปรึกษาตรงจุด ให้คำแนะนำแบบเป็นกันเองที่สุด

ใครมองหาความมั่นใจในโอกาสพิเศษแบบนี้ บอกเลยว่าห้ามพลาดโปรโมชั่นฉลองครบรอบ 14 ปี KVK WISDOM นะคะ ของแถมเพียบ! ✨

---------------
#KVKClinic #DrKoong #DrJade
#ยกมาตรฐานจริงใจล้ำสมัย
#14thAnniversaryKVK
#KVKFutureLifting
#Thefutureoflifting
#KVKBigSurprise",58,"04/03/2026 00:05",auto,https://www.facebook.com/reel/1674953820298314/,0,0,วิดีโอ,,,,,อายุการใช้งาน,2552,2027,7,7,0,0,5,,5,,,6422.636,2.844,0,0,0
1255178870033713,100066248360694,Kornvikkaclinic,"ถุงใต้ตาเป็นก้อน ปัญหาทำให้หน้าไม่สดใส #KVKClinic #KVKSurgery #DrJade #หมอเจด #drKoong #ถุงใต้ตา","ถุงใต้ตาเป็นก้อน ปัญหาทำให้หน้าไม่สดใส #KVKClinic #KVKSurgery #DrJade #หมอเจด #drKoong #ถุงใต้ตา",18,"04/03/2026 04:01",N/A,https://www.facebook.com/reel/962315803143139/,0,0,วิดีโอ,,,,,อายุการใช้งาน,43121,33573,166,153,11,2,579,,212,348,19,146148.631,3.853,0,0,0
1255253533359580,100066248360694,Kornvikkaclinic,"หน้าเป๊ะปัง...ดีจนลูกค้าหลง! 😍
✨ ฉลอง 14 ปี KVK Clinic กับโปรที่จึ้งที่สุด !!!

4 วันเท่านั้น! ใครอยาก Love My Ultherapy Prime แบบนี้ ต้องรีบมาตำด่วนนนน! 💖✌️

---------------
#KVKClinic #DrKoong #DrJade
#ยกมาตรฐานจริงใจล้ำสมัย
#14thAnniversaryKVK
#KVKFutureLifting
#Thefutureoflifting
#KVKBigSurprise","หน้าเป๊ะปัง...ดีจนลูกค้าหลง! 😍
✨ ฉลอง 14 ปี KVK Clinic กับโปรที่จึ้งที่สุด !!!

4 วันเท่านั้น! ใครอยาก Love My Ultherapy Prime แบบนี้ ต้องรีบมาตำด่วนนนน! 💖✌️

---------------
#KVKClinic #DrKoong #DrJade
#ยกมาตรฐานจริงใจล้ำสมัย
#14thAnniversaryKVK
#KVKFutureLifting
#Thefutureoflifting
#KVKBigSurprise",34,"04/03/2026 05:01",N/A,https://www.facebook.com/reel/971679972065608/,0,0,วิดีโอ,,,,,อายุการใช้งาน,2707,2099,8,8,0,0,4,,4,,,7309.89,3.079,0,0,0
1255308550020745,100066248360694,Kornvikkaclinic,"ฉลองใหญ่ 14 ปี KVK Clinic!🥂✨

เตรียมตัวให้พร้อม! หมอกุ้งบุกไลฟ์จัดหนัก ""ร่วมรายการทุกกกกอย่าง!"" 
ใครเล็งโปรไหนไว้ เตรียม CF กันให้ทัน
เพราะดีลนี้เฉพาะในไลฟ์เท่านั้น!
.
📅 เจอกันวันที่ 4 เม.ย. 69
⏰ ตั้งแต่เวลา 10.00 น. เป็นต้นไป
✅ กติกาความคุ้ม: กด Like และ Share ไลฟ์นี้ไว้เลย!

ห้ามพลาด! แล้วเจอกันในไลฟ์นะคะ 💖

---------------
#KVKClinic #DrKoong #DrJade
#ยกมาตรฐานจริงใจล้ำสมัย
#14thAnniversaryKVK
#KVKFutureLifting
#Thefutureoflifting
#KVKBigSurprise","ฉลองใหญ่ 14 ปี KVK Clinic!🥂✨

เตรียมตัวให้พร้อม! หมอกุ้งบุกไลฟ์จัดหนัก ""ร่วมรายการทุกกกกอย่าง!"" 
ใครเล็งโปรไหนไว้ เตรียม CF กันให้ทัน
เพราะดีลนี้เฉพาะในไลฟ์เท่านั้น!
.
📅 เจอกันวันที่ 4 เม.ย. 69
⏰ ตั้งแต่เวลา 10.00 น. เป็นต้นไป
✅ กติกาความคุ้ม: กด Like และ Share ไลฟ์นี้ไว้เลย!

ห้ามพลาด! แล้วเจอกันในไลฟ์นะคะ 💖

---------------
#KVKClinic #DrKoong #DrJade
#ยกมาตรฐานจริงใจล้ำสมัย
#14thAnniversaryKVK
#KVKFutureLifting
#Thefutureoflifting
#KVKBigSurprise",25,"04/03/2026 06:30",N/A,https://www.facebook.com/reel/26818740941095732/,0,0,วิดีโอ,,,,,อายุการใช้งาน,4015,2726,33,28,0,5,19,,18,1,,14837.472,4.409,0,0,0
1255961163288817,100066248360694,Kornvikkaclinic,"✨ 𝗞𝗩𝗞 𝗖𝗹𝗶𝗻𝗶𝗰 𝟭𝟰𝘁𝗵 𝗔𝗻𝗻𝗶𝘃𝗲𝗿𝘀𝗮𝗿𝘆
""สุดคุ้มแห่งปี"" ฉลองครบรอบ 14ปี KVK Clinic” 🎉
.
เปิดตัว 4 เทคโนโลยีใหม่ 
ยกระดับการดูแลผิวแบบ 4D Layer OF Lifting By KVK 

🏆 โปรแกรมยกกระชับ BUY 1 GET 1 FREE 
🏆 โปรแกรมฟิลเลอร์ ซื้อ 2 FREE 1
🏆 โปรแกรมโบTox ซื้อคู่ ลดทันที 14%
🏆 ซื้อคอร์ส ลดเพิ่มทันที สูงสุด 14%
🏆 เปิดวงเงิน KVK Wisdom รับสิทธิ์ Exclusive สุดคุ้ม!
.
เพราะความสวยที่ดี…ต้องมาพร้อม “ความคุ้มค่า” ที่ดีที่สุด
.
📅 วันนี้ – 30 เมษายน 2569 เท่านั้น
📍 KVK Clinic ทุกสาขา
.
.
.
ช่องทางติดต่อสอบถาม แอดมิน+ ปรึกษาแพทย์
𝐋𝐢𝐧𝐞 𝐎𝐀 เป็นช่องทางหลัก
สาขา 𝗞𝗼𝗿𝗮𝘁 : @1stkvk 
สาขา 𝗦𝗶𝗮𝗺  : @kvksiam
.
🔹 สาขา 𝗞𝗼𝗿𝗮𝘁 : โคราช (Head Qaurters)
สาขา3 : ติดโรงเรียน ปลูกปัญญา เส้นสุระ 2 
สาขา1 : ในปั้มปตท. ข้างเดอะมอลล์โคราช
📞 06 1956 5444
.
🔹 สาขา 𝗦𝗶𝗮𝗺 : KVK Siam Clinic
Centerpoint Siam Square ชั้น 2
📞 09 5791 5444
-------------------
#KVKClinic #DrKoong #DrJade 
#ยกมาตรฐานจริงใจล้ำสมัย 
#14thAnniversaryKVK
#KVKFutureLifting
#Promotion #โปรโมชั่นสุดคุ้ม",,0,"04/04/2026 00:38",N/A,https://www.facebook.com/KVKClinic/posts/pfbid02YPDNuHMqbsDGSZ4ZktBvpCMijMSXcf6FzK9DBQyA37yvdUe9o5Fp5aTDT2o7hNLql,0,0,รูปภาพ,,,,,อายุการใช้งาน,11143,4150,22,19,0,3,177,156,21,,,,,,,
1256581869893413,100066248360694,Kornvikkaclinic,"หน้าโทรมเพราะถุงไขมันใต้ตา
แก้จุดเดียว เปลี่ยนทั้งหน้า 👀✨
.
ก่อนทำจะเห็นได้ว่าคนไข้มีปัญหา 
ถุงไขมันใต้ตาบวมค่อนข้างชัด 
ทำให้ใต้ตาดูป่องและหย่อนคล้อย 
ส่งผลให้ใบหน้าดูโทรม อ่อนล้า และดูมีอายุ
เคสนี้แก้ไขด้วยการผ่าตัดถุงไขมันใต้ตา
หลังทำครบ 1 เดือนใต้ตาดูเรียบขึ้นอย่างชัดเจน 
ความบวมของถุงไขมันหายไป ทำให้ผิวใต้ตาดูกระชับ
ส่งผลให้ใบหน้าดูสดใสแลดูเป็นธรรมชาติ
.
ผ่าตัดถุงไขมันใต้ตาที่ KVK Clinic
✅ ดูแลโดยแพทย์มากประสบการณ์
✅ ปรึกษากับคุณหมอก่อนเข้าห้องผ่าตัดทุกเคส
✅ ออกแบบชั้นตาให้เข้ากับแต่ละบุคคล แบบเคสต่อเคส
✅ ติดตามผลและดูแลหลังผ่าตัดอย่างต่อเนื่อง",,0,"04/04/2026 20:07",N/A,https://www.facebook.com/KVKClinic/posts/pfbid033qUijQvZA4YMKDQdm3bNUd6XrAf2kQbWEP3ngz8KDRZoTfmauoJLiB2qLyLCSkgHl,0,0,รูปภาพ,,,,,อายุการใช้งาน,3463,1930,13,9,2,2,11,2,8,1,,,,,,
1256680573216876,100066248360694,Kornvikkaclinic,"🏆 𝗣𝗥𝗢𝗚𝗥𝗔𝗠 𝗣𝗜𝗖𝗢𝗦𝗨𝗥𝗘 𝗣𝗥𝗢 (𝟳𝟱𝟱 𝗻𝗺)
.
โปรแรง! เฉพาะสาขาโคราช เท่านั้น!!
𝟭 𝗙𝗥𝗘𝗘 𝟭 เพียง 𝟭𝟮,𝟵𝟬𝟬.- 
.
✅ได้ครบทุกโหมด และทุกปัญหาบนหน้า !!!! 
✅ไม่มีจำกัด Shot 
✅และคุณหมอประเมินเองทุกเคส
.
💎 เหมาะกับคนที่มีปัญหา
• กระ ฝ้า จุดด่างดำ
• กระชับรูขุมขน
• ลดรอยสิว / รอยดำ
• ผิวเนียนใส สุขภาพดีขึ้น
.
📌 ยิงได้ทุกสภาพผิว
📌 สามารถใช้หน้าได้ในวันรุ่งขึ้น ไม่มีเลือดสาด 
📌 ดูแลโดยแพทย์ KVK Clinic
และติดตามผลผ่านเครื่อง Facial Analysis 
.
📅 วันนี้ – 30 เมษายน 2569 เท่านั้น
.
.
.
ช่องทางติดต่อสอบถาม แอดมิน+ ปรึกษาแพทย์
𝐋𝐢𝐧𝐞 𝐎𝐀 เป็นช่องทางหลัก
สาขา 𝗞𝗼𝗿𝗮𝘁 : @1stkvk 
สาขา 𝗦𝗶𝗮𝗺  : @kvksiam
.
🔹 สาขา 𝗞𝗼𝗿𝗮𝘁 : โคราช (Head Qaurters)
สาขา3 : ติดโรงเรียน ปลูกปัญญา เส้นสุระ 2 
สาขา1 : ในปั้มปตท. ข้างเดอะมอลล์โคราช
📞 06 1956 5444
.
🔹 สาขา 𝗦𝗶𝗮𝗺 : KVK Siam Clinic
Centerpoint Siam Square ชั้น 2
📞 09 5791 5444
-------------------
#KVKClinic #DrKoong #DrJade 
#ยกมาตรฐานจริงใจล้ำสมัย 
#Buy1Get1 #เลเซอร์หน้าใส
#ลดฝ้ากระ #PicoSurePro",,0,"04/04/2026 23:17",N/A,https://www.facebook.com/KVKClinic/posts/pfbid02AQBjDuBy3aAFrZn7KgXUY63UYVzpHwzxYiWesKjadPcqazgTtN4rgp1ob97YL1WEl,0,0,รูปภาพ,,,,,อายุการใช้งาน,3662,1974,11,9,0,2,14,3,11,,,,,,,
1256715356546731,100066248360694,Kornvikkaclinic,"✨ 𝗕𝗨𝗬 𝟭 𝗚𝗘𝗧 𝟭 𝗙𝗥𝗘𝗘 | 𝗘𝗫𝗖𝗟𝗨𝗦𝗜𝗩𝗘 𝗕𝗬 𝗞𝗩𝗞 𝗖𝗟𝗜𝗡𝗜𝗖
โปรโมชั่น “คุ้มที่สุดแห่งปี” กลับมาอีกครั้ง!
.
ดูแลผิวใส ฝ้า กระ จุดด่างดำ พร้อมฟื้นฟูผิวให้เรียบเนียน 💎
.
💥 ซื้อ 𝟭𝗙𝗥𝗘𝗘𝟭 (ไม่จำกัดสิทธิ์)
📅 วันนี้ - 𝟯𝟬 เมษายน 𝟮𝟱𝟲𝟵
.
🔸 PROGRAM 𝗣𝗜𝗖𝗢 𝗣𝗟𝗨𝗦 
เพียง 𝟲,𝟵𝟬𝟬.- (เฉลี่ย 3,450.-/ครั้ง)

🔸 PROGRAM 𝗣𝗜𝗖𝗢𝗦𝗨𝗥𝗘 𝗣𝗥𝗢 (โคราช)
เพียง 𝟭𝟮,𝟵𝟬𝟬.- (เฉลี่ย 6,450.-/ครั้ง)

🔸 PROGRAM 𝗥𝗘𝗗𝗧𝗢𝗨𝗖𝗛 𝗣𝗥𝗢
เพียง 𝟭𝟮,𝟵𝟬𝟬.- (เฉลี่ย 6,450.-/ครั้ง)
.
.
.
ช่องทางติดต่อสอบถาม แอดมิน+ ปรึกษาแพทย์
𝐋𝐢𝐧𝐞 𝐎𝐀 เป็นช่องทางหลัก
สาขา 𝗞𝗼𝗿𝗮𝘁 : @1stkvk 
สาขา 𝗦𝗶𝗮𝗺  : @kvksiam
.
🔹 สาขา 𝗞𝗼𝗿𝗮𝘁 : โคราช (Head Qaurters)
สาขา3 : ติดโรงเรียน ปลูกปัญญา เส้นสุระ 2 
สาขา1 : ในปั้มปตท. ข้างเดอะมอลล์โคราช
📞 06 1956 5444
.
🔹 สาขา 𝗦𝗶𝗮𝗺 : KVK Siam Clinic
Centerpoint Siam Square ชั้น 2
📞 09 5791 5444
-------------------
#KVKClinic #DrKoong #DrJade 
#ยกมาตรฐานจริงใจล้ำสมัย 
#Buy1Get1 #เลเซอร์หน้าใส #ลดฝ้ากระ
#PicoSurePro #PicoPlus 
#RedTouchPro #Pico75nm",,0,"04/05/2026 00:27",N/A,https://www.facebook.com/KVKClinic/posts/pfbid0tVuYsc6LoaFHexSgoWZPbr3jSnE1zNvRXTTjHpe1CfJvfF9o4vRGwzm92JcTNUgml,0,0,รูปภาพ,,,,,อายุการใช้งาน,3563,1915,14,10,2,2,23,21,2,,,,,,,
1256844529867147,100066248360694,Kornvikkaclinic,"✨ 𝟭𝟳 𝗕𝗥𝗔𝗡𝗗𝗦 𝗨𝗟𝗧𝗜𝗠𝗔𝗧𝗘 𝗟𝗜𝗙𝗧
โปรแกรมยกกระชับตัวท็อป รวมไว้ที่ KVK Clinic👑
.
🔥 จัดเต็มโปรสุดคุ้มแบบ 𝗕𝗨𝗬 𝟭 𝗚𝗘𝗧 𝟭 𝗙𝗥𝗘𝗘
เปิดตัวนวัตกรรม โปรแกรมยกกระชับ แบบ 4D
"" The future of lifting 4D Layer By KVK "" 
.
🏆Program Volnewmer 
“กระชับผิว แน่น อิ่มฟู  แบบมีคุณภาพผิวที่ดีขึ้น”

🏆Program XTherma
“ยกจริง กรอบหน้าชัด ระดับโครงสร้างผิว”

🏆 Program Morpheus 8 Prime
“บอกลาผิวยับ ยกกระชับ ปรับคุณภาพผิว ”
.
หน้าเฟิร์ม กรอบหน้าชัด ผิวแน่นขึ้นแบบเห็นผล ✨
📅 วันนี้ - 𝟯𝟬 เมษายน 𝟮𝟱𝟲𝟵
.
.
.
ช่องทางติดต่อสอบถาม แอดมิน+ ปรึกษาแพทย์
𝐋𝐢𝐧𝐞 𝐎𝐀 เป็นช่องทางหลัก
สาขา 𝗞𝗼𝗿𝗮𝘁 : @1stkvk 
สาขา 𝗦𝗶𝗮𝗺  : @kvksiam
.
🔹 สาขา 𝗞𝗼𝗿𝗮𝘁 : โคราช (Head Qaurters)
สาขา3 : ติดโรงเรียน ปลูกปัญญา เส้นสุระ 2 
สาขา1 : ในปั้มปตท. ข้างเดอะมอลล์โคราช
📞 06 1956 5444
.
🔹 สาขา 𝗦𝗶𝗮𝗺 : KVK Siam Clinic
Centerpoint Siam Square ชั้น 2
📞 09 5791 5444
-------------------
#KVKClinic #DrKoong #DrJade 
#ยกมาตรฐานจริงใจล้ำสมัย 
#KVKFutureLifting
#UltimateLift
#โปรแกรมยกกระชับ",,0,"04/05/2026 04:30",N/A,https://www.facebook.com/KVKClinic/posts/pfbid02PgE6p9TxpTbrWHQYxqWrkZx9EYpsLppq99EPFQDcjX4PYP1oUq2xhCYY24NqLMxxl,0,0,รูปภาพ,,,,,อายุการใช้งาน,10812,4135,21,17,0,4,179,163,16,,,,,,,
1256890096529257,100066248360694,Kornvikkaclinic,"ค่ำคืนสุดพิเศษในงาน WON GALA  AWARDS 2026 : The Phantom of Precision 🎭
.
KVKCLINIC นำทีมโดย คุณหมอกุ้ง (พญ.กรวิกกา พัฒนะปราน ว38020)
ได้รับเกียรติจาก WontechAsia  เป็นหนึ่งใน  KOL และผู้บริหารคลินิกระดับแนวหน้า มาร่วมถอดรหัสความสำเร็จภายใต้หัวข้อ “The Modern Clinic Blueprint” ภายในเซสชัน อัดแน่นไปด้วยอินไซต์สุด Exclusive  ไม่ว่าจะเป็น

🔸การสร้างตัวตนของคลินิกให้แข็งแรง
🔸การรักษามาตรฐานคุณภาพอย่างสม่ำเสมอ
🔸การคัดเลือกนวัตกรรมอย่างมีกลยุทธ์ เพื่อยกระดับคลินิกสู่การเป็นผู้นำในอุตสาหกรรม
.
และในครั้งนี้ KVK CLINIC ยังคว้ารางวัล
🏆 Oligio X KOLS Thailand Speaker
.
ถือเป็นอีกหนึ่งความภาคภูมิใจของเราในค่ำคืนนี้ 🏆
.
KVK CLINIC ขอขอบคุณทุกการสนับสนุนและทุกความไว้วางใจที่มอบให้  เราไม่เคยหยุดพัฒนาเพื่อส่งมอบผลลัพธ์ที่ดีที่สุดให้กับลูกค้าของเราทุกท่านค่ะ
.
#KVKClinic #DrKoong #DrJade 
#ยกมาตรฐานจริงใจล้ำสมัย 
#WONGALA #ThePhantomOfPrecision
#OligioX #OligioXThailand
#OligioXThailandSpeaker",,0,"04/05/2026 05:46",N/A,https://www.facebook.com/KVKClinic/posts/pfbid02SknUGGpNs2fnNtdoqZfrZ3jtpz8wT5szHqHMJTeD9pNEGi7ufYK5cMipAi1Lp3jvl,0,0,รูปภาพ,,,,,อายุการใช้งาน,4103,2273,18,18,0,0,93,63,30,,,,,,,
1257314863153447,100066248360694,Kornvikkaclinic,"👑 𝗞𝗩𝗞 𝗪𝗜𝗦𝗗𝗢𝗠 𝗘𝘅𝗰𝗹𝘂𝘀𝗶𝘃𝗲 𝗣𝗿𝗶𝘃𝗶𝗹𝗲𝗴𝗲
.
เพียงเปิดวงเงิน 𝗞𝗩𝗞 𝗪𝗜𝗦𝗗𝗢𝗠 เป็นลูกค้าคนพิเศษของเรา
🗓️ วันนี้ - 𝟯𝟬 เมษายน 𝟮𝟱𝟲𝟵
.
⭐️VIP เอกสิทธิ์พิเศษ
เมื่อเปิดวงเงิน 200,000.-  รับวงเงิน 𝟮𝟱,𝟬𝟬𝟬.-

🌟VVIP เอกสิทธิ์พิเศษ
เมื่อเปิดวงเงิน 300,000.-  รับวงเงิน 𝟰𝟬,𝟬𝟬𝟬.- 

💎Elite VVIP เอกสิทธิ์พิเศษ
เมื่อเปิดวงเงิน 400,000.-  รับวงเงิน 𝟲𝟬,𝟬𝟬𝟬.- 

👑Royal VVIP เอกสิทธิ์พิเศษ
เมื่อเปิดวงเงิน 500,000.-  รับวงเงิน 𝟴𝟬,𝟬𝟬𝟬.- 
.
🏆รับฟรี!!หัตถการยกกระชับตัวท็อป เลือกได้ 1 โปรแกรม
• Program 𝗨𝗹𝘁𝗵𝗲𝗿𝗮 𝗣𝗿𝗶𝗺𝗲 
• Program 𝗘𝗺𝗳𝗮𝗰𝗲 
• Program 𝗫𝗘𝗥𝗙 
• Program 𝗢𝗹𝗶𝗴𝗶𝗼𝗫
• Program 𝗗𝗲𝗻𝘀𝗶𝘁𝘆 
• Program 𝗧𝗶𝘁𝗮𝗻𝗶𝘂𝗺 𝗹𝗶𝗳𝘁𝗶𝗻𝗴 
.
✨พิเศษสุด! 𝗞𝗩𝗞 𝗪𝗜𝗦𝗗𝗢𝗠 ทุกระดับ
คุณหมอกุ้งร่วมรายการ ไม่บวกเพิ่ม
.
• จองคิว VIP ก่อนใคร
• Private consult
• รับของขวัญ ทุกช่วงเวลาพิเศษ
• VIP lounge พร้อม Exclusive Drinking & baker
• Birthday Privilege (สิทธิพิเศษในเดือนเกิด)
• ดูแลปรนนิบัติผิวด้วยทรีทเมนท์ระดับพรีเมียม
• ใช้วงเงินได้ภายใน 2 ปี
• รับสิทธิประโยชน์นาน 1 ปี
.
*เงื่อนไขเป็นไปตามที่คลินิกกำหนด
............................
#KVKClinic #DrKoong #DrJade
#ยกมาตรฐานจริงใจล้ำสมัย
#14thAnniversaryKVK
#KVKFutureLifting
#KVKWISDOM 
#EXCLUSIVEPRIVILEGE
#เปิดวงเงินที่KVKมีแต่คุ้ม",,0,"04/05/2026 19:30",N/A,https://www.facebook.com/KVKClinic/posts/pfbid0guPc8Lo64j5i4zwPtsmnbNdbDGvAS3uE7mcWW6UCykh34bUt8gzTThyRqtQEQtZJl,0,0,รูปภาพ,,,,,อายุการใช้งาน,3693,2074,10,9,0,1,41,30,11,,,,,,,
1256817706536496,100066248360694,Kornvikkaclinic,"หนังตาตกทำหน้าดูเหนื่อย
ปรับใหม่ให้ตาเปิด สดใสแบบธรรมชาติ ✨
.
คนไข้มีปัญหาหนังตาตกและหางตาตก
ผิวบริเวณเปลือกตาดูหย่อนคล้อยลงมาทับชั้นตา
ทำให้ตาดูปิดลงเล็กน้อย ชั้นตาไม่ชัด
เคสนี้คุณหมอแก้ไขด้วยการผ่าตัดตาสองชั้น
โดยทำร่วมกับการยกคิ้ว โดยการเก็บหนังส่วนเกินใต้แนวคิ้วออก
เพื่อช่วยยกชั้นหนังตาที่ตกขึ้นให้ดวงตาดูกว้าง
หลังทำครบ 7 วันดวงตาเปิดขึ้นอย่างชัดเจน
คิ้วยกขึ้นในตำแหน่งที่เหมาะสม ทำให้หนังตาที่เคยตกดูตึงขึ้น 
และหางตาดูยกขึ้นเล็กน้อย
.
ผ่าตัดตาสองชั้นที่ KVK Clinic
✅ ดูแลโดยแพทย์มากประสบการณ์
✅ ปรึกษากับคุณหมอก่อนเข้าห้องผ่าตัดทุกเคส
✅ ออกแบบชั้นตาให้เข้ากับแต่ละบุคคล แบบเคสต่อเคส
✅ ติดตามผลและดูแลหลังผ่าตัดอย่างต่อเนื่อง",,0,"04/05/2026 20:00",N/A,https://www.facebook.com/KVKClinic/posts/pfbid0YrjeqaTCyn3ToCCo6m2zg27sKkB7xtqAmNH4YnPH3ArHA6hN54SUfnLRSkozGhDel,0,0,รูปภาพ,,,,,อายุการใช้งาน,3484,2115,14,10,2,2,7,2,5,,,,,,,
1258208289730771,100066248360694,Kornvikkaclinic,"𝐃𝐨𝐮𝐛𝐥𝐞 ยกกระชับ! จัดเต็มแพ็กคู่ในราคาเดียว 💖
จะเลือกทำไมในเมื่อทำได้ทั้งสอง🤩

.
หน้าตึงแบบคุ้มที่สุด! 𝐊𝐕𝐊𝐂𝐥𝐢𝐧𝐢𝐜 จัดแพ็กเกจ 𝐂𝐨𝐦𝐛𝐨 ตัวดังที่ทุกคนเรียกร้อง จับคู่ 𝐏𝐫𝐨𝐠𝐫𝐚𝐦 𝐗𝐓𝐡𝐞𝐫𝐦𝐚 และ 𝐏𝐫𝐨𝐠𝐫𝐚𝐦 𝐔𝐥𝐭𝐫𝐚𝐟𝐨𝐫𝐦𝐞𝐫 𝐈𝐈𝐈 มาให้แล้วในราคาสุดช็อค!

✅ สิ่งที่จะได้รับในแพ็กเกจนี้: ⭐️ 𝟏𝟗,𝟗𝟎𝟎.-

• 💎 𝐏𝐫𝐨𝐠𝐫𝐚𝐦 𝐗-𝐓𝐡𝐞𝐫𝐦𝐚 (𝟑𝟎𝟎 𝐒𝐡𝐨𝐭𝐬): เน้นงานผิวแน่น กระชับลึกถึงชั้นผิว พลังงานสูงแต่เจ็บน้อย (𝐋𝐨𝐰 𝐏𝐚𝐢𝐧)

• 📐 𝐏𝐫𝐨𝐠𝐫𝐚𝐦 𝐔𝐥𝐭𝐫𝐚𝐟𝐨𝐫𝐦𝐞𝐫 𝐈𝐈𝐈 (𝟑𝟎𝟎 𝐒𝐡𝐨𝐭𝐬): เก็บกรอบหน้าชัด เน้น 𝐕-𝐒𝐡𝐚𝐩𝐞 ยกแก้มที่หย่อนให้เด้งคืนทรง

• 🔥 รวมทั้งหมด 𝟔𝟎𝟎 𝐒𝐡𝐨𝐭𝐬 จุกๆ!

🎁 𝐃𝐨𝐮𝐛𝐥𝐞 𝐁𝐨𝐧𝐮𝐬!
สิทธิ์แลกซื้อ 𝐏𝐫𝐨𝐠𝐫𝐚𝐦 𝐁𝐨𝐭𝐨𝐱 เกาหลี 𝟓𝟎𝐮 เพิ่มเติมในราคาเพียง 𝟐,𝟎𝟎𝟎.-
(เอาให้เป๊ะให้สุดในรอบเดียว!)

📍 พิกัดความสวย: เฉพาะสาขา 1 (ปั๊ม ปตท. ข้างเดอะมอลล์โคราช)
⚠️ ผลลัพธ์ขึ้นอยู่กับแต่ละบุคคล
👇 สนใจจองคิว / ปรึกษาคุณหมอ ทักแชทเลย!

.
.
ช่องทางติดต่อสอบถาม แอดมิน+ ปรึกษาแพทย์
𝐋𝐢𝐧𝐞 𝐎𝐀 เป็นช่องทางหลัก
สาขา 𝗞𝗼𝗿𝗮𝘁 : @1stkvk 
.
🔹 สาขา 𝗞𝗼𝗿𝗮𝘁 : โคราช (Head Qaurters)
สาขา3 : ติดโรงเรียน ปลูกปัญญา เส้นสุระ 2 
สาขา1 : ในปั้มปตท. ข้างเดอะมอลล์โคราช
📞 06 1956 5444

-------------------
#KVKClinic #DrKoong #DrJade 
#ยกมาตรฐานจริงใจล้ำสมัย 
#KVKFutureLifting #ProgramXTherma #ProgramUltraformerIII
#โปรแกรมยกกระชับ",,0,"04/07/2026 00:56",N/A,https://www.facebook.com/KVKClinic/posts/pfbid0UN3veaG585rNkRRjuiBLgaF6PvG5dyUnV1WcdpwyxThSPFkjxtPey7B6LXNLFwd9l,0,0,รูปภาพ,,,,,อายุการใช้งาน,3443,2044,7,7,0,0,22,4,18,,,,,,,
1258209133064020,100066248360694,Kornvikkaclinic,"𝐃𝐨𝐮𝐛𝐥𝐞 ยกกระชับ! จัดเต็มแพ็กคู่ในราคาเดียว 💖
จะเลือกทำไมในเมื่อทำได้ทั้งสอง🤩

.
หน้าตึงแบบคุ้มที่สุด! 𝐊𝐕𝐊𝐂𝐥𝐢𝐧𝐢𝐜 จัดแพ็กเกจ 𝐂𝐨𝐦𝐛𝐨 ตัวดังที่ทุกคนเรียกร้อง จับคู่ 𝐏𝐫𝐨𝐠𝐫𝐚𝐦 𝐗𝐓𝐡𝐞𝐫𝐦𝐚 และ 𝐏𝐫𝐨𝐠𝐫𝐚𝐦 𝐔𝐥𝐭𝐫𝐚𝐟𝐨𝐫𝐦𝐞𝐫 𝐈𝐈𝐈 มาให้แล้วในราคาสุดช็อค!

✅ สิ่งที่จะได้รับในแพ็กเกจนี้: ⭐️ 𝟏𝟗,𝟗𝟎𝟎.-

• 💎 𝐏𝐫𝐨𝐠𝐫𝐚𝐦 𝐗-𝐓𝐡𝐞𝐫𝐦𝐚 (𝟑𝟎𝟎 𝐒𝐡𝐨𝐭𝐬): เน้นงานผิวแน่น กระชับลึกถึงชั้นผิว พลังงานสูงแต่เจ็บน้อย (𝐋𝐨𝐰 𝐏𝐚𝐢𝐧)

• 📐 𝐏𝐫𝐨𝐠𝐫𝐚𝐦 𝐔𝐥𝐭𝐫𝐚𝐟𝐨𝐫𝐦𝐞𝐫 𝐈𝐈𝐈 (𝟑𝟎𝟎 𝐒𝐡𝐨𝐭𝐬): เก็บกรอบหน้าชัด เน้น 𝐕-𝐒𝐡𝐚𝐩𝐞 ยกแก้มที่หย่อนให้เด้งคืนทรง

• 🔥 รวมทั้งหมด 𝟔𝟎𝟎 𝐒𝐡𝐨𝐭𝐬 จุกๆ!

🎁 𝐃𝐨𝐮𝐛𝐥𝐞 𝐁𝐨𝐧𝐮𝐬!
สิทธิ์แลกซื้อ 𝐏𝐫𝐨𝐠𝐫𝐚𝐦 𝐁𝐨𝐭𝐨𝐱 เกาหลี 𝟓𝟎𝐮 เพิ่มเติมในราคาเพียง 𝟐,𝟎𝟎𝟎.-
(เอาให้เป๊ะให้สุดในรอบเดียว!)

📍 พิกัดความสวย: เฉพาะสาขา 1 (ปั๊ม ปตท. ข้างเดอะมอลล์โคราช)
⚠️ ผลลัพธ์ขึ้นอยู่กับแต่ละบุคคล
👇 สนใจจองคิว / ปรึกษาคุณหมอ ทักแชทเลย!

.
.
ช่องทางติดต่อสอบถาม แอดมิน+ ปรึกษาแพทย์
𝐋𝐢𝐧𝐞 𝐎𝐀 เป็นช่องทางหลัก
สาขา 𝗞𝗼𝗿𝗮𝘁 : @1stkvk 
.
🔹 สาขา 𝗞𝗼𝗿𝗮𝘁 : โคราช (Head Qaurters)
สาขา3 : ติดโรงเรียน ปลูกปัญญา เส้นสุระ 2 
สาขา1 : ในปั้มปตท. ข้างเดอะมอลล์โคราช
📞 06 1956 5444

-——————
#KVKClinic #DrKoong #DrJade 
#ยกมาตรฐานจริงใจล้ำสมัย 
#KVKFutureLifting ProgramXTherma ProgramUltraformerIII
โปรแกรมยกกระชับ",,0,"04/07/2026 00:57",N/A,https://www.facebook.com/KVKClinic/posts/pfbid02N6i42Jzpr46etQKKD23zNnPsdPFxkxRtagvtnzwWhsXUZ4tJbHKuyeZ2quV9yAJTl,0,0,รูปภาพ,,,,,อายุการใช้งาน,3109,1935,10,8,0,2,11,3,8,,,,,,,
1258103016407965,100066248360694,Kornvikkaclinic,"🎉 Birthday Special หมอเจด 🎉
โปรพิเศษเฉพาะคนเห็นโพสต์นี้เท่านั้น!
.
วันนี้คือโอกาส ✨
อยากสวย แต่ยังไม่เคยได้ราคานี้
ดูแลเคสต่อเคส ออกแบบให้เข้ากับใบหน้า
🔥โปรมีจำนวนจำกัด
🔥จองสิทธิ์ภายในวันนี้เท่านั้น

*ผลลัพธ์ขึ้นอยู่กับแต่ละบุคคล*",,0,"04/07/2026 20:00",N/A,https://www.facebook.com/KVKClinic/posts/pfbid0iDQDzdjL3kZYuv7CXhrwG5saGz2LXCD9sz94Zmzx8aPsuDQ8rayonudpefkb3f85l,0,0,รูปภาพ,,,,,อายุการใช้งาน,3738,2234,38,32,4,2,50,17,33,,,,,,,
1258839226334344,100066248360694,Kornvikkaclinic,"🤔ลืมความรู้สึกเดิมๆ ไปได้เลย! โปรแกรม 𝐎𝐥𝐢𝐠𝐢𝐨𝐗 𝐯𝐬  โปรแกรม 𝐎𝐥𝐢𝐠𝐢𝐨 ต่างกันยังไง?

.
ถ้าจะอัปเกรดทั้งที ต้องเลือกตัวท็อปไปเลย! วันนี้พามาส่องความต่างระหว่างรุ่นยอดฮิตกับ ""𝐓𝐡𝐞 𝐍𝐞𝐰 𝐎𝐧𝐞"" อย่างโปรแกรม 𝐎𝐥𝐢𝐠𝐢𝐨𝐗 ที่บอกเลยว่าไม่ได้มาเล่นๆ

🔥 พลังแรงกว่า: เหมือนได้เครื่องยนต์ใหม่ 𝟒𝟎𝟎𝐖 ส่งพลังแม่นเป๊ะแบบไม่มีแผ่ว

🌀 โหมดคู่กู้ผิว: รุ่นเดิมมีโหมดเดียว แต่รุ่น 𝐗 จัดมาให้ 𝟐 )𝐆 𝐌𝐨𝐝𝐞 + 𝐗 𝐌𝐨𝐝𝐞) ดูแลทั้งงานผิวละเอียดและงานยกข้างใน จบในครั้งเดียว!

❄️ เย็นเจี๊ยบ 𝟐.𝟐𝟓 เท่า: ปล่อยความเย็นรัวๆ 𝟏𝟏 ลูก! (รุ่นเดิม 𝟒 ลูก) เย็นสบายจนเกือบหลับ ไม่ต้องจิกมือรอ

⏳ สวยยาวๆ: ผลลัพธ์อยู่ได้นานขึ้นเกือบปี 𝟖-𝟏𝟐 เดือนไปเลยจ้า (รุ่นเดิม 𝟔-𝟖 เดือน)

ใครสายขี้เกียจไปหาหมอบ่อยๆ แต่อยากสวยนาน จัดโปรแกรม 𝐎𝐥𝐢𝐠𝐢𝐨𝐗 คือจบ! ✨

สนใจจองคิวหรือปรึกษา ทัก 𝐈𝐧𝐛𝐨𝐱 ได้เลยค่ะ!💌
.
.
.
ช่องทางติดต่อสอบถาม แอดมิน+ ปรึกษาแพทย์
𝐋𝐢𝐧𝐞 𝐎𝐀 เป็นช่องทางหลัก
สาขา 𝗞𝗼𝗿𝗮𝘁 : @1stkvk 
สาขา 𝗦𝗶𝗮𝗺  : @kvksiam
.
🔹 สาขา 𝗞𝗼𝗿𝗮𝘁 : โคราช (Head Qaurters)
สาขา3 : ติดโรงเรียน ปลูกปัญญา เส้นสุระ 2 
สาขา1 : ในปั้มปตท. ข้างเดอะมอลล์โคราช
📞 06 1956 5444
.
🔹 สาขา 𝗦𝗶𝗮𝗺 : KVK Siam Clinic
Centerpoint Siam Square ชั้น 2
📞 09 5791 5444
………………………………………………
#KVKClinic #DrKoong #DrJade 
#ยกมาตรฐานจริงใจล้ำสมัย 
#OligioX #Oligio #เปรียบเทียบความสวย #ยกกระชับหน้า #โปรโมชั่นคลินิก",,0,"04/07/2026 21:06",N/A,https://www.facebook.com/KVKClinic/posts/pfbid0qP48wzFZRacAtynhRUivzgrKu75FU4jJEjRmM5yruJhZeK1vPxUuDVhLuGcEzzyzl,0,0,รูปภาพ,,,,,อายุการใช้งาน,3732,2030,6,5,0,1,16,13,3,,,,,,,
1259575846260682,100066248360694,Kornvikkaclinic,"🌟 𝐏𝐑𝐈𝐌𝐄 𝐎𝐍𝐄 𝐏𝐑𝐈𝐂𝐄 ดีลสุดคุ้มที่ทุกคนรอคอย
จ่ายเพียง 𝟓𝟗,𝟎𝟎𝟎.- บาท ก็ได้จับคู่เครื่องนวัตกรรมระดับพรีเมียม!
ชอบแบบไหน เลือกได้เลย 💖

.
🔍 เลือกคู่ที่ใช่... ให้ผลลัพธ์ที่ชอบ
ชอบผลลัพธ์แบบไหน เลือกคู่ที่ตอบโจทย์ได้เลย:

🔹ยก+ผิวสวย+กระชับ : 𝐏𝐫𝐨𝐠𝐫𝐚𝐦 𝐔𝐥𝐭𝐡𝐞𝐫𝐚 𝐏𝐫𝐢𝐦𝐞 (𝟓𝟎𝟎 𝐥𝐢𝐧𝐞) + 𝐏𝐫𝐨𝐠𝐫𝐚𝐦 𝐕𝐨𝐥𝐧𝐞𝐰𝐦𝐞𝐫 (𝟑𝟎𝟎 𝐬𝐡𝐨𝐭)

🔹ยก+หด+ยุบ+นาน : 𝐏𝐫𝐨𝐠𝐫𝐚𝐦 𝐔𝐥𝐭𝐡𝐞𝐫𝐚 𝐏𝐫𝐢𝐦𝐞 (𝟓𝟎𝟎 𝐥𝐢𝐧𝐞) + 𝐏𝐫𝐨𝐠𝐫𝐚𝐦 𝐃𝐞𝐧𝐬𝐢𝐭𝐲 (𝟑𝟎𝟎 𝐬𝐡𝐨𝐭)

🔹ยก+กระชับแน่น+ฟู : 𝐏𝐫𝐨𝐠𝐫𝐚𝐦 𝐔𝐥𝐭𝐡𝐞𝐫𝐚 𝐏𝐫𝐢𝐦𝐞 (𝟓𝟎𝟎 𝐥𝐢𝐧𝐞) + 𝐏𝐫𝐨𝐠𝐫𝐚𝐦 𝐗𝐞𝐫𝐟 (𝟑𝟎𝟎 𝐬𝐡𝐨𝐭)

🔹ยก+ผิวสวย+กระชับ : 𝐏𝐫𝐨𝐠𝐫𝐚𝐦 𝐔𝐥𝐭𝐡𝐞𝐫𝐚 𝐏𝐫𝐢𝐦𝐞 (𝟓𝟎𝟎 𝐥𝐢𝐧𝐞) + 𝐏𝐫𝐨𝐠𝐫𝐚𝐦 𝐎𝐥𝐢𝐠𝐢𝐨𝐗 (𝟓𝟎𝟎 𝐬𝐡𝐨𝐭)

.
💬 สนใจจับคู่ไหน หรืออยากปรึกษาเพิ่มเติม
ทักแชทสอบถามรายละเอียดได้เลยค่ะ
.
.
.
ช่องทางติดต่อสอบถาม แอดมิน+ ปรึกษาแพทย์
𝐋𝐢𝐧𝐞 𝐎𝐀 เป็นช่องทางหลัก
สาขา 𝗞𝗼𝗿𝗮𝘁 : @1stkvk 
สาขา 𝗦𝗶𝗮𝗺  : @kvksiam
.
🔹 สาขา 𝗞𝗼𝗿𝗮𝘁 : โคราช (Head Qaurters)
สาขา3 : ติดโรงเรียน ปลูกปัญญา เส้นสุระ 2 
สาขา1 : ในปั้มปตท. ข้างเดอะมอลล์โคราช
📞 06 1956 5444
.
🔹 สาขา 𝗦𝗶𝗮𝗺 : KVK Siam Clinic
Centerpoint Siam Square ชั้น 2
📞 09 5791 5444
………………………………………………
#KVKClinic #DrKoong #DrJade 
#ยกมาตรฐานจริงใจล้ำสมัย 
#PrimeOnePriceKVK #โปรโมชั่นสุดคุ้ม #ยกกระชับหน้า",,0,"04/08/2026 21:21",N/A,https://www.facebook.com/KVKClinic/posts/pfbid02cJ9pNRhWkbfR4ai8qmi8FnpSc7MtoPCnqgdGVNQJgRWydkjF3TNanHA2yEhqVVEFl,0,0,รูปภาพ,,,,,อายุการใช้งาน,3490,1985,6,4,0,2,42,41,1,,,,,,,
1259734196244847,100066248360694,Kornvikkaclinic,"โปรแรงยืนหนึ่ง! 𝐏𝐫𝐨𝐠𝐫𝐚𝐦 𝐔𝐥𝐭𝐡𝐞𝐫𝐚𝐩𝐲 𝐒𝐏𝐓 𝐱 𝐏𝐫𝐨𝐠𝐫𝐚𝐦 𝐎𝐥𝐢𝐠𝐢𝐨 ผิวยก 𝐱𝟐 ในราคาที่ต้องรีบจอง! 🔥
.
ทำไมต้องเลือกโปรนี้? เพราะเราจับคู่ ""ตัวท็อป"" เรื่องงานยกกระชับมาไว้ด้วยกัน
.
🤔ทำโปรแกรม 𝐔𝐥𝐭𝐡𝐞𝐫𝐚𝐩𝐲 ที่ไหนก็ได้...แต่ทำไมต้องที่ 𝐊𝐕𝐊 𝐂𝐥𝐢𝐧𝐢𝐜?

1️⃣ 𝐑𝐞𝐚𝐥-𝐭𝐢𝐦𝐞 𝐕𝐢𝐬𝐮𝐚𝐥𝐢𝐳𝐚𝐭𝐢𝐨𝐧: แพทย์ของเราใช้เทคนิค 𝐒𝐏𝐓 ที่เน้นการดูหน้าจอขณะทำ 𝟏𝟎𝟎% เพื่อวางพลังงานให้ตรงจุดที่ผิวหย่อนคล้อยที่สุด ไม่ใช่แค่ยิงตามจำนวนไลน์

2️⃣ 𝐃𝐨𝐮𝐛𝐥𝐞 𝐒𝐲𝐧𝐞𝐫𝐠𝐲: เราผสานพลัง 𝐔𝐥𝐭𝐡𝐞𝐫𝐚𝐩𝐲 และ 𝐎𝐥𝐢𝐠𝐢𝐨 เพื่อการยกกระชับที่ครบทุกมิติ ทั้งชั้นลึกและชั้นตื้น

3️⃣ 𝐄𝐱𝐩𝐞𝐫𝐢𝐞𝐧𝐜𝐞 𝐌𝐚𝐭𝐭𝐞𝐫𝐬: มั่นใจในฝีมือทีมแพทย์ โดยเฉพาะเคส 𝐒𝐢𝐠𝐧𝐚𝐭𝐮𝐫𝐞 @𝐊𝐨𝐫𝐚𝐭 และ @𝐒𝐢𝐚𝐦 ที่เน้นงานละเอียด ดีไซน์รูปหน้าให้ดูธรรมชาติที่สุด

 4️⃣ เทคนิคเฉพาะ “𝐊𝐕𝐊 𝐏𝐫𝐞𝐜𝐢𝐬𝐢𝐨𝐧 𝐃𝐞𝐬𝐢𝐠𝐧“ : ที่ 𝐊𝐕𝐊𝐂𝐥𝐢𝐧𝐢𝐜 เราไม่ได้แค่กดปุ่มยิง แต่ทีมแพทย์เราใช้เทคนิค 𝐂𝐮𝐬𝐭𝐨𝐦𝐢𝐳𝐞𝐝 𝐌𝐚𝐩𝐩𝐢𝐧𝐠 วิเคราะห์โครงสร้างหน้าและชั้นผิวได้ตรงจุดที่สุด

5️⃣ การันตีด้วยรางวัลคุณภาพ: มั่นใจในมาตรฐานระดับสากล ด้วยรางวัลการันตีจาก 𝐌𝐞𝐫𝐳 𝐀𝐞𝐬𝐭𝐡𝐞𝐭𝐢𝐜𝐬 (ผู้ผลิต 𝐏𝐫𝐨𝐠𝐫𝐚𝐦 𝐔𝐥𝐭𝐡𝐞𝐫𝐚𝐩𝐲) อย่างต่อเนื่อง ไม่ว่าจะเป็นรางวัลยอดใช้งานสูงสุด หรือความเชี่ยวชาญด้านการปรับรูปหน้า ซึ่งเป็นเครื่องยืนยันว่า 𝐊𝐕𝐊𝐂𝐢𝐧𝐢𝐜 คือตัวจริงเรื่องงานยกกระชับ
.
🔥 โปรโมชั่นพิเศษ จำนวนจำกัด: (สาขาโคราช เพิ่มเพียง 𝟐,𝟎𝟎𝟎.- เมื่อทำกับ 𝐃𝐫. 𝐊𝐨𝐨𝐧𝐠)

𝐏𝐫𝐨𝐠𝐫𝐚𝐦 𝐔𝐥𝐭𝐡𝐞𝐫𝐚𝐩𝐲 𝐒𝐏𝐓 
• 𝟑𝟎𝟎 𝐋𝐢𝐧𝐞 | ราคา 𝟐𝟗,𝟗𝟎𝟎.-  

• 𝐏𝐫𝐨𝐠𝐫𝐚𝐦 𝐔𝐥𝐭𝐡𝐞𝐫𝐚𝐩𝐲 𝐒𝐏𝐓 𝟒𝟎𝟎 𝐋𝐢𝐧𝐞 + 𝐏𝐫𝐨𝐠𝐫𝐚𝐦 𝐎𝐥𝐢𝐠𝐢𝐨 𝟐𝟎𝟎 𝐒𝐡𝐨𝐭𝐬 | 𝟑𝟓,𝟗𝟎𝟎.- (𝐁𝐮𝐲 𝟏 𝐆𝐞𝐭 𝟏 𝐅𝐫𝐞𝐞!)

• 𝐏𝐫𝐨𝐠𝐫𝐚𝐦 𝐔𝐥𝐭𝐡𝐞𝐫𝐚𝐩𝐲 𝐒𝐏𝐓 𝟔𝟎𝟎 𝐋𝐢𝐧𝐞 + 𝐏𝐫𝐨𝐠𝐫𝐚𝐦 𝐎𝐥𝐢𝐠𝐢𝐨 𝟑𝟎𝟎 𝐒𝐡𝐨𝐭𝐬 | 𝟒𝟗,𝟗𝟎𝟎.- (𝐁𝐮𝐲 𝟏 𝐆𝐞𝐭 𝟏 𝐅𝐫𝐞𝐞!)
.
.
.
ช่องทางติดต่อสอบถาม แอดมิน+ ปรึกษาแพทย์
𝐋𝐢𝐧𝐞 𝐎𝐀 เป็นช่องทางหลัก
สาขา 𝗞𝗼𝗿𝗮𝘁 : @1stkvk 
สาขา 𝗦𝗶𝗮𝗺  : @kvksiam
.
🔹 สาขา 𝗞𝗼𝗿𝗮𝘁 : โคราช (Head Qaurters)
สาขา3 : ติดโรงเรียน ปลูกปัญญา เส้นสุระ 2 
สาขา1 : ในปั้มปตท. ข้างเดอะมอลล์โคราช
📞 06 1956 5444
.
🔹 สาขา 𝗦𝗶𝗮𝗺 : KVK Siam Clinic
Centerpoint Siam Square ชั้น 2
📞 09 5791 5444

.
🌐𝐖𝐞𝐛𝐬𝐢𝐭𝐞 : https://kvkclinic.com
📺𝐘𝐨𝐮𝐭𝐮𝐛𝐞 : https://youtube.com/@kornvikkaclinic1234?si=PwiLo4SaaXs9J2DS

………………………………………………
#KVKClinic #DrKoong #DrJade 
#ยกมาตรฐานจริงใจล้ำสมัย 
#UltheraSPT #Ultherapy
#ยกกระชับต้องที่นี่",,0,"04/09/2026 02:53",N/A,https://www.facebook.com/KVKClinic/posts/pfbid0Sw3wiYfMZa2u2cq5fcof5nzVbCfTQ3xNfm6ZkjkPn4F1bot56WnhsAiSqduE5WSwl,0,0,รูปภาพ,,,,,อายุการใช้งาน,3362,1969,5,5,0,0,12,1,10,1,,,,,,
1259832739568326,100066248360694,Kornvikkaclinic,"👑สวยสง่าในแบบที่เป็นคุณ... ให้ทุกมุมมองคือความมั่นใจ
เพราะอายุเป็นเพียงตัวเลข แต่ความมั่นใจคือเรื่องสำคัญ! 

.
𝐏𝐫𝐨𝐠𝐫𝐚𝐦 𝐅𝐚𝐜𝐞 𝐂𝐨𝐧𝐭𝐨𝐮𝐫𝐢𝐧𝐠 ที่ 𝐊𝐕𝐊 𝐂𝐥𝐢𝐧𝐢𝐜 ไม่ใช่แค่การปรับรูปหน้า แต่คือการดึงความสดใสและคืนความอ่อนเยาว์ให้กลับมามีชีวิตชีวาอีกครั้ง
.
✅ทำไมต้องเลือกโปรแกรมนี้?

• ไม่ต้องพักฟื้นนาน: ใช้ชีวิตต่อได้ทันทีหลังทำ ตอบโจทย์ไลฟ์สไตล์ที่เร่งรีบ

• ประเมินโดยละเอียด: เราไม่เชื่อเรื่องการทำสูตรสำเร็จ แต่เราดีไซน์ตามโครงสร้างกล้ามเนื้อและกระดูกของแต่ละบุคคล

• การติดตามผล: เราดูแลอย่างต่อเนื่องเพื่อให้มั่นใจว่าผลลัพธ์ที่ได้จะอยู่ตัวและสวยงามยาวนาน

.
🧬ความละเอียดที่เรามอบให้ในทุกเคส:

𝟏. 𝐀𝐧𝐚𝐥𝐲𝐬𝐢𝐬: วิเคราะห์สัดส่วนใบหน้าแบบ 3 มิติ เพื่อหาจุดที่ควรเติมและจุดที่ควรปรับ
𝟐. 𝐓𝐞𝐜𝐡𝐧𝐢𝐪𝐮𝐞: ใช้เทคนิคเฉพาะในการกระจายตัวของสารเติมเต็ม เพื่อไม่ให้เป็นก้อนและดูเป็นธรรมชาติที่สุดเวลาขยับหน้าหรือยิ้ม
𝟑. 𝐒𝐚𝐟𝐞𝐭𝐲 𝐅𝐢𝐫𝐬𝐭: มั่นใจด้วยผลิตภัณฑ์มาตรฐานสากล ตรวจสอบได้ทุกชิ้น และทำหัตถการในสภาพแวดล้อมที่สะอาด ปลอดภัย

.
✨ สัมผัสประสบการณ์การเปลี่ยนแปลงที่น่าประทับใจได้แล้ววันนี้ ที่ 𝐊𝐕𝐊 𝐂𝐥𝐢𝐧𝐢𝐜 
.
.
.
ช่องทางติดต่อสอบถาม แอดมิน+ ปรึกษาแพทย์
𝐋𝐢𝐧𝐞 𝐎𝐀 เป็นช่องทางหลัก
สาขา 𝗞𝗼𝗿𝗮𝘁 : @1stkvk 
สาขา 𝗦𝗶𝗮𝗺  : @kvksiam
.
🔹 สาขา 𝗞𝗼𝗿𝗮𝘁 : โคราช (Head Qaurters)
สาขา3 : ติดโรงเรียน ปลูกปัญญา เส้นสุระ 2 
สาขา1 : ในปั้มปตท. ข้างเดอะมอลล์โคราช
📞 06 1956 5444
.
🔹 สาขา 𝗦𝗶𝗮𝗺 : KVK Siam Clinic
Centerpoint Siam Square ชั้น 2
📞 09 5791 5444

.
🌐𝐖𝐞𝐛𝐬𝐢𝐭𝐞 : https://kvkclinic.com
📺𝐘𝐨𝐮𝐭𝐮𝐛𝐞 : https://youtube.com/@kornvikkaclinic1234?si=PwiLo4SaaXs9J2DS
……………………………………………
#KVKClinic #DrKoong #DrJade 
#ยกมาตรฐานจริงใจล้ำสมัย
#FaceContouringProgram",,0,"04/09/2026 05:49",N/A,https://www.facebook.com/KVKClinic/posts/pfbid02JR6PFtjexG5sCUpLynVRheJP6SeBcfMfh1YE5VYnEmWZ9ydi5c6FPtpuMFHQKKH5l,0,0,รูปภาพ,,,,,อายุการใช้งาน,3396,2038,7,7,0,0,16,15,,1,,,,,,
1260278756190391,100066248360694,Kornvikkaclinic,"“𝐊𝐕𝐊𝐂𝐥𝐢𝐧𝐢𝐜 𝟏𝟒𝐭𝐡 𝐀𝐧𝐧𝐢𝐯𝐞𝐫𝐬𝐚𝐫𝐲 ปีนี้จะเกิดขึ้นไม่ได้เลย หากไม่มีคุณ""🤝

🥂จากวันแรกจนถึงวันนี้ สิ่งที่ทำให้เราก้าวมาได้ไกลขนาดนี้ ไม่ใช่แค่ผลลัพธ์ที่น่าประทับใจ แต่คือ 'ความเชื่อใจ' ที่ทุกคนมอบให้

ขอบคุณทุกคำชม ทุกคำแนะนำ และทุกรอยยิ้มที่เป็นแรงผลักดันให้เราไม่หยุดพัฒนา🏆

ขอบคุณทุกความไว้วางใจที่มอบให้กับ 𝐊𝐕𝐊 𝐂𝐥𝐢𝐧𝐢𝐜 ตลอด 𝟏𝟒 ปีที่ผ่านมา พวกเราทีมงานทุกคนซาบซึ้งและพร้อมจะดูแลความมั่นใจของทุกคนด้วยความจริงใจและใส่ใจอย่างที่สุดค่ะ🙏รักและขอบคุณจากใจจริง💕

………………………………………………
#KVKClinic #DrKoong #DrJade 
#ยกมาตรฐานจริงใจล้ำสมัย 
#KVKAnniversary14th
#ฉลองครบรอบ14ปีKVKClinic #ขอบคุณผู้ใช้บริการKVK",,0,"04/09/2026 20:29",N/A,https://www.facebook.com/KVKClinic/posts/pfbid0BRpH91pBD692b7URJ4UGkRjnSofygDXMVnouAigPSk8ZqRD3JbYTXavHEugnXdual,0,0,รูปภาพ,,,,,อายุการใช้งาน,3996,2285,18,15,0,3,108,60,48,,,,,,,
1260451442839789,100066248360694,Kornvikkaclinic,"📋 จัดอันดับ 𝙏𝙞𝙚𝙧 𝙇𝙞𝙨𝙩 คำขอจากคนไข้ที่คุณหมอกุ้งเจอบ่อย ✨

เปิดโลกอีกด้านของคลินิกเสริมความงาม กับความสวยของแต่ละคนที่มีความต้องการไม่เหมือนกัน คลิปนี้จะพาไปดูว่าในมุมมองของคุณหมอ คำขอแต่ละแบบถูกจัดอยู่ในหมวดไหน 🧐

ดูจบแล้วลองคอมเมนต์ว่าคุณเคยคิดแบบนี้มั๊ย 👀 หรือมีอะไรที่พีคกว่านี้อีก ! 
..........................................................
#KVKClinic #DrKoong #DrJade
#ยกระดับมาตรฐานจริงใจล้ำสมัย
#Tierlist #โปรแกรมยกกระชับ #โปรแกรมเลเซอร์ผิวหน้า","📋 จัดอันดับ 𝙏𝙞𝙚𝙧 𝙇𝙞𝙨𝙩 คำขอจากคนไข้ที่คุณหมอกุ้งเจอบ่อย ✨

เปิดโลกอีกด้านของคลินิกเสริมความงาม กับความสวยของแต่ละคนที่มีความต้องการไม่เหมือนกัน คลิปนี้จะพาไปดูว่าในมุมมองของคุณหมอ คำขอแต่ละแบบถูกจัดอยู่ในหมวดไหน 🧐

ดูจบแล้วลองคอมเมนต์ว่าคุณเคยคิดแบบนี้มั๊ย 👀 หรือมีอะไรที่พีคกว่านี้อีก ! 
..........................................................
#KVKClinic #DrKoong #DrJade
#ยกระดับมาตรฐานจริงใจล้ำสมัย
#Tierlist #โปรแกรมยกกระชับ #โปรแกรมเลเซอร์ผิวหน้า",190,"04/10/2026 02:14",N/A,https://www.facebook.com/reel/4006118642854316/,0,0,วิดีโอ,,,,,อายุการใช้งาน,8191,5130,192,111,38,43,330,,138,151,41,73632.43,10.252,0,0,0
1260576232827310,100066248360694,Kornvikkaclinic,"𝐊𝐕𝐊 𝐱 𝐀𝐥𝐥𝐞𝐫𝐠𝐚𝐧 𝐀𝐞𝐬𝐭𝐡𝐞𝐭𝐢𝐜𝐬: 𝐒𝐲𝐧𝐞𝐫𝐠𝐲 𝐨𝐟 𝐁𝐞𝐚𝐮𝐭𝐲 & 𝐀𝐫𝐭
ส่งต่อความมั่นใจ... ให้ทุกก้าวของคุณมีความหมายยิ่งกว่าเดิม🫶

อีกหนึ่งความสำเร็จและความเติบโตของ 𝐊𝐕𝐊 𝐂𝐥𝐢𝐧𝐢𝐜 คือความใส่ใจที่เรามอบให้ในทุกรายละเอียด 
วันนี้เราอยู่ที่งาน เฉลิมฉลอง 𝐀𝐥𝐥𝐞𝐫𝐠𝐚𝐧 𝐀𝐞𝐬𝐭𝐡𝐞𝐭𝐢𝐜𝐬 𝟐𝟎𝟐𝟓 @𝐏𝐚𝐫𝐚𝐠𝐨𝐧𝐒𝐢𝐚𝐦

นำทีมรับรางวัลโดย : 

🔸คุณหมอกุ้ง (พญ.กรวิกกา พัฒนะปราน ว38020)
แพทย์ประจำ 𝐊𝐕𝐊𝐂𝐥𝐢𝐧𝐢𝐜 สาขาโคราช/สาขาสยาม

🔸คุณหมอโบว์ (พญ.เสาวภาคย์ ตรีสุธรรมมาศ ว65557)
แพทย์ประจำ 𝐊𝐕𝐊𝐂𝐥𝐢𝐧𝐢𝐜 สาขาสยาม

ตอกย้ำมาตรฐานที่ได้รับความไว้วางใจกับรางวัล 

🏆 𝐃𝐢𝐚𝐦𝐨𝐧𝐝 𝐀𝐰𝐚𝐫𝐝𝐬 𝐁𝐢𝐨𝐬𝐭𝐢𝐦𝐮𝐥𝐚𝐭𝐨𝐫
🏆 𝐆𝐨𝐥𝐝 𝐀𝐰𝐚𝐫𝐝𝐬 𝐅𝐚𝐜𝐢𝐚𝐥 𝐀𝐞𝐬𝐭𝐡𝐞𝐭𝐢𝐜𝐬

ของ 𝐊𝐕𝐊 𝐂𝐥𝐢𝐧𝐢𝐜 ในการใช้ผลิตภัณฑ์และนวัตกรรม
จาก 𝐀𝐥𝐥𝐞𝐫𝐠𝐚𝐧 ไม่ว่าจะเป็นกลุ่มผลิตภัณฑ์ยกกระชับและฟื้นฟูคอลลาเจนไปพร้อมกัน 

สะท้อนถึงความมุ่งมั่นในการคัดสรรนวัตกรรมระดับโลกมาดูแลทุกรายละเอียดอย่างประณีต ขอบคุณพาร์ทเนอร์ที่ร่วมเดินทางสร้างสรรค์นิยามความดูดีไปพร้อมกับเราค่ะ 🤝💖

…………………………
#KVKClinic #DrKoong #DrJade
#ยกมาตรฐานจริงใจล้ำสมัย
#KVKxAllerganAesthetics
#AllerganAestheticsThailand
#TheArtOfAesthetics
#SkinQuality #FacialAesthetics",,0,"04/10/2026 06:04",N/A,https://www.facebook.com/KVKClinic/posts/pfbid031PccU9XKCugun35zx2tp8FzDMss7EER2g5d9VzgNbHEwojyazuqrbq7xUD3AAqsil,0,0,รูปภาพ,,,,,อายุการใช้งาน,4589,2507,18,17,0,1,98,84,14,,,,,,,
1261244979427102,100066248360694,Kornvikkaclinic,"หน้าเปียกแป้งไม่ว่า แต่หน้าอย่าพัง!💦
สงกรานต์ปีนี้ KVKClinic พร้อมฉ่ำแบบตัวมารดา สาดมาเลยจ้า ทางนี้สู้กลับด้วยโปรความสวย 🔫

▶️ คลิกดูโปรฉ่ำๆรับสงกรานต์เลยจ้าาาา
.............................................................
#KVKClinic #DrKoong #DrJade
#ยกมาตรฐานจริงใจล้ำสมัย
#โปรฉ่ำรับสงกรานต์KVK","หน้าเปียกแป้งไม่ว่า แต่หน้าอย่าพัง!💦
สงกรานต์ปีนี้ KVKClinic พร้อมฉ่ำแบบตัวมารดา สาดมาเลยจ้า ทางนี้สู้กลับด้วยโปรความสวย 🔫

▶️ คลิกดูโปรฉ่ำๆรับสงกรานต์เลยจ้าาาา
.............................................................
#KVKClinic #DrKoong #DrJade
#ยกมาตรฐานจริงใจล้ำสมัย
#โปรฉ่ำรับสงกรานต์KVK",25,"04/11/2026 04:01",N/A,https://www.facebook.com/reel/930039489639650/,0,0,วิดีโอ,,,,,อายุการใช้งาน,3645,2723,21,20,0,1,27,,27,,,14006.156,4.422,0,0,0
1261120916106175,100066248360694,Kornvikkaclinic,"ปรับทรงจมูกใหม่ มุมข้างเปลี่ยนชัด
ดูละมุนขึ้นแบบไม่โป๊ะ 👃✨
.
จมูกคนไข้มีลักษณะสันค่อนข้างต่ำ
และปลายจมูกมีความมนและตกเล็กน้อย
ทำให้มุมด้านข้างดูไม่ค่อยมีมิติ
เคสนี้แก้ไขด้วยโปรแกรมเสริมจมูก Open
เพื่อปรับทรงปลายจมูกให้ได้สัดส่วนมากขึ้น
หลังทำปลายจมูกดูยกและพุ่งขึ้นเล็กน้อย
ทำให้โครงหน้าดูมีมิติขึ้นอย่างเห็นได้ชัด 
โดยเฉพาะมุมด้านข้างที่ดูละมุนขึ้น

📌 โปรเสริมจมูกเริ่มต้น 15,900 บาท
จองโปรภายในวันนี้ - 16 เมษาเท่านั้น
.
ผ่าตัดเสริมจมูกที่ KVK Clinic
✅ ดูแลโดยแพทย์มากประสบการณ์
✅ ปรึกษากับคุณหมอก่อนเข้าห้องผ่าตัดทุกเคส
✅ ออกแบบทรงจมูกให้เข้ากับแต่ละบุคคล แบบเคสต่อเคส
✅ ติดตามผลและดูแลหลังผ่าตัดอย่างต่อเนื่อง",,0,"04/11/2026 20:00",N/A,https://www.facebook.com/KVKClinic/posts/pfbid02jLVLgCeqvfBscLnHiA5Xhsq6WoBcSa97f6EXh3TzGEpFskQaDConPLqtCjnC3qTKl,0,0,รูปภาพ,,,,,อายุการใช้งาน,2870,1765,11,10,0,1,6,4,2,,,,,,,
1261775539374046,100066248360694,Kornvikkaclinic,"สรงน้ำพระอิ่มบุญ สุขใจรับปีใหม่ไทย ✨
ส่งต่อความสุขและคำขอบคุณจากใจทีมงาน KVK Clinic 

สงกรานต์ปีนี้ KVK Clinic ขอส่งมอบความปรารถนาดีผ่านสายน้ำเย็นฉ่ำแด่ลูกค้าทุกท่านที่ให้ความไว้วางใจและสนับสนุนเราเสมอมาค่ะ ขอให้เทศกาลนี้เป็นช่วงเวลาแห่งการพักผ่อนที่มีค่า ได้ใช้เวลาอย่างมีความสุขกับครอบครัวและคนที่คุณรักนะคะ

🚗 สำหรับท่านที่เดินทางไกล ขอให้เดินทางโดยสวัสดิภาพ ปลอดภัยทุกเส้นทางค่ะ

แล้วกลับมาพบกับบรรยากาศที่แสนอบอุ่นและบริการที่จริงใจได้ใหม่ใน
🗓 วันที่ 17 เมษายน 2569
เตรียมพบกับความสดใสหลังหยุดยาวได้เลยค่ะ 
…………………………
#KVKClinic #DrKoong #DrJade
#ยกมาตรฐานจริงใจล้ำสมัย
#เทศกาลสงกรานต์2569 #โปรฉ่ำๆที่KVK",,0,"04/11/2026 21:40",N/A,https://www.facebook.com/KVKClinic/posts/pfbid035z615RSJazTgH9eX3r6rYkjAahQFMBzLCKVgpEy8LN6AZcgGfvVXEPEfLGWPmQHyl,0,0,รูปภาพ,,,,,อายุการใช้งาน,4648,2663,35,34,0,1,118,93,25,,,,,,,
1261982392686694,100066248360694,Kornvikkaclinic,"สรุปจุดเด่นมาให้ดูกันชัดๆ เพื่อประกอบการตัดสินใจก่อนดูแลผิว⚡️

✨โปรแกรม  𝐔𝐥𝐭𝐡𝐞𝐫𝐚𝐩𝐲 𝐏𝐫𝐢𝐦𝐞 (รุ่นใหม่ล่าสุด):

▪️ความเร็ว: ดูแลผิวได้เร็วขึ้นถึง 𝟐𝟎% ประหยัดเวลามากขึ้น

▪️ความแม่นยำ: หน้าจอคมชัดขึ้น 𝟗𝟒% (𝟐𝟐𝟎𝟒 𝐏𝐢𝐱𝐞𝐥) ช่วยให้คุณหมอวางแผนการส่งพลังงานได้ละเอียด

▪️ความรู้สึก: สบายผิวกว่าเดิมด้วยระบบการปล่อยพลังงานที่สม่ำเสมอ (𝐏𝐚𝐢𝐧 𝐒𝐜𝐨𝐫𝐞 ต่ำ)

✨โปรแกรม  𝐔𝐥𝐭𝐡𝐞𝐫𝐚𝐩𝐲 𝐒𝐏𝐓 (รุ่นมาตรฐาน):

▪️นวัตกรรมยกกระชับผิวด้วยคลื่นอัลตราซาวด์ประสิทธิภาพสูงที่เป็นมาตรฐานระดับโลก

▪️เหมาะสำหรับผู้ที่ต้องการงานผิวดูเป็นธรรมชาติ ไม่ต้องพึ่งการผ่าตัด

ที่ 𝐊𝐕𝐊 𝐂𝐥𝐢𝐧𝐢𝐜 เราให้ความสำคัญกับความโปร่งใส ลูกค้าสามารถเช็กเครื่องแท้ได้ง่ายๆ:

✅ ตรวจสอบรายชื่อคลินิกผ่านเว็บไซต์ 𝐌𝐞𝐫𝐳 𝐀𝐞𝐬𝐭𝐡𝐞𝐭𝐢𝐜𝐬
✅ สแกน 𝐐𝐑 𝐂𝐨𝐝𝐞 หรือตรวจสอบ 𝐒𝐭𝐢𝐜𝐤𝐞𝐫 หน้าเครื่อง
✅ สังเกตการแสดงผลพลังงานแบบ 𝐑𝐞𝐚𝐥-𝐭𝐢𝐦𝐞 บนหน้าจอ
✅ รับ 𝐂𝐞𝐫𝐭𝐢𝐟𝐢𝐜𝐚𝐭𝐞 𝐨𝐟 𝐀𝐮𝐭𝐡𝐞𝐧𝐭𝐢𝐜𝐢𝐭𝐲 หลังรับบริการ

เพราะสภาพผิวของแต่ละคนต่างกัน ปรึกษาคุณหมอที่ 𝐊𝐕𝐊 𝐂𝐥𝐢𝐧𝐢𝐜 เพื่อเลือกโปรแกรมที่เหมาะสมที่สุดสำหรับคุณได้แล้ววันนี้
.
.
.
ช่องทางติดต่อสอบถาม แอดมิน+ ปรึกษาแพทย์
𝐋𝐢𝐧𝐞 𝐎𝐀 เป็นช่องทางหลัก
สาขา 𝗞𝗼𝗿𝗮𝘁 : @1stkvk 
สาขา 𝗦𝗶𝗮𝗺  : @kvksiam
.
🔹 สาขา 𝗞𝗼𝗿𝗮𝘁 : โคราช (Head Qaurters)
สาขา3 : ติดโรงเรียน ปลูกปัญญา เส้นสุระ 2 
สาขา1 : ในปั้มปตท. ข้างเดอะมอลล์โคราช
📞 06 1956 5444
.
🔹 สาขา 𝗦𝗶𝗮𝗺 : KVK Siam Clinic
Centerpoint Siam Square ชั้น 2
📞 09 5791 5444
.
🌐𝐖𝐞𝐛𝐬𝐢𝐭𝐞 : https://kvkclinic.com
📺𝐘𝐨𝐮𝐭𝐮𝐛𝐞 : https://youtube.com/@kornvikkaclinic1234?si=PwiLo4SaaXs9J2DS
……………………………………………
#KVKClinic #DrKoong #DrJade 
#ยกมาตรฐานจริงใจล้ำสมัย
#ProgramUltherapyPrime #ProgramUltherapySPT",,0,"04/12/2026 03:47",N/A,https://www.facebook.com/KVKClinic/posts/pfbid0284SLPz475gPpRAq7Tjt8S7WTYsbZZSo4sbFtPZ3DGce8cdFmCfNmrFjxqnqYx2ddl,0,0,รูปภาพ,,,,,อายุการใช้งาน,3322,2025,9,6,0,3,17,12,3,2,,,,,,
1262246329326967,100066248360694,Kornvikkaclinic,"สวัสดีปีใหม่ไทย 𝟐𝟓𝟔𝟗 💦 
ในวาระดิถีขึ้นปีใหม่นี้ 𝐊𝐕𝐊 𝐂𝐥𝐢𝐧𝐢𝐜 ขอส่งความปรารถนาดี ผ่านทีมงานผู้เชี่ยวชาญทุกคน ให้ทุกท่านมีแต่ความสุข สุขภาพแข็งแรง และมีใบหน้าที่อ่อนเยาว์ สดใส มั่นใจในทุกมิติ เหมือนนวัตกรรมที่เราตั้งใจคัดสรรมาเพื่อคุณ

.
ขอให้ปีใหม่ไทยนี้เป็นปีที่สดใสสำหรับทุกคน สาดความสุข สาดความโชคดี และอย่าลืมรักษาสุขภาพผิวให้ชุ่มฉ่ำกันด้วยนะคะ

.
เตรียมพบกับโปรโมชั่นรับขวัญวันสงกรานต์หลังเปิดทำการ...เพราะความสวยรอไม่ได้! แล้วเจอกันนะคะชาว 𝐊𝐕𝐊 ทุกคน 💦💖

………………………………………………
#KVKClinic #DrKoong #DrJade 
#ยกมาตรฐานจริงใจล้ำสมัย 
#สงกรานต์2569",,0,"04/12/2026 18:00",N/A,https://www.facebook.com/KVKClinic/posts/pfbid0raHzDF7aArkPjwFnSdNVF8Ru1ihvDo9G1QGSXNawGxXtn3oovwZQgvnRh3ytWwfSl,0,0,รูปภาพ,,,,,อายุการใช้งาน,3596,2252,13,12,0,1,16,10,6,,,,,,,
1261258519425748,100066248360694,Kornvikkaclinic,"สงกรานต์ปีนี้... ขอส่งความสุขด้วยรอยยิ้ม และการรดน้ำดำหัวขอพรผู้ใหญ่ที่เคารพรัก 🙏✨

บรรยากาศการรดน้ำดำหัวปีนี้เต็มไปด้วยความอบอุ่น พี่หมอและทีมงาน KVK Clinic ถือฤกษ์ดีวันปีใหม่ไทย ขอพรจากผู้ใหญ่ที่เคารพรัก เพื่อความเป็นสิริมงคลในการเริ่มต้นสิ่งใหม่ๆ 🌸

ขอให้วันสงกรานต์ปีนี้ เป็นวันที่ทุกคนได้ใช้เวลาคุณภาพกับครอบครัว เติมพลังใจให้เต็มเปี่ยม แล้วกลับมาเริ่มต้นการทำงานด้วยความสดใสนะคะ💦🔫
…………………………
#KVKClinic #DrKoong #DrJade
#ยกมาตรฐานจริงใจล้ำสมัย
#สงกรานต์2026","สงกรานต์ปีนี้... ขอส่งความสุขด้วยรอยยิ้ม และการรดน้ำดำหัวขอพรผู้ใหญ่ที่เคารพรัก 🙏✨

บรรยากาศการรดน้ำดำหัวปีนี้เต็มไปด้วยความอบอุ่น พี่หมอและทีมงาน KVK Clinic ถือฤกษ์ดีวันปีใหม่ไทย ขอพรจากผู้ใหญ่ที่เคารพรัก เพื่อความเป็นสิริมงคลในการเริ่มต้นสิ่งใหม่ๆ 🌸

ขอให้วันสงกรานต์ปีนี้ เป็นวันที่ทุกคนได้ใช้เวลาคุณภาพกับครอบครัว เติมพลังใจให้เต็มเปี่ยม แล้วกลับมาเริ่มต้นการทำงานด้วยความสดใสนะคะ💦🔫
…………………………
#KVKClinic #DrKoong #DrJade
#ยกมาตรฐานจริงใจล้ำสมัย
#สงกรานต์2026",107,"04/12/2026 18:30",N/A,https://www.facebook.com/reel/1464621948372938/,0,0,วิดีโอ,,,,,อายุการใช้งาน,3434,2704,32,30,1,1,24,,24,,,16656.257,5.407,0,0,0
1261130586105208,100066248360694,Kornvikkaclinic,"💦 สวัสดีวันสงกรานต์ปี 2569 💦
.
ขอให้ช่วงปีใหม่ไทยเป็นช่วงเวลาแห่งความสุข 
สดชื่น ปลอดภัย และเต็มไปด้วยรอยยิ้มของทุกคน 
ขอบคุณทุกความไว้วางใจที่ให้เราได้ดูแลเสมอมาครับ
.
เดินทางปลอดภัย 💙💙
เล่นน้ำกันอย่างมีความสุขนะครับ",,0,"04/12/2026 19:00",N/A,https://www.facebook.com/KVKClinic/posts/pfbid0tRRrBJ9ajrzwfKLf2En1xFJaakwpV5ficjuiygPojaD7VyPJXbCB61uWGAobXnBnl,0,0,รูปภาพ,,,,,อายุการใช้งาน,3776,2231,23,22,1,0,16,4,11,1,,,,,,
1260985269453073,100066248360694,Kornvikkaclinic,"จากไม่มีทรง ใส่อะไรก็ดูไม่เต็ม
สู่ลุคที่แต่งตัวได้สนุกขึ้น ✨
.
จะเห็นว่าคนไข้มีลักษณะหน้าอกค่อนข้างเล็ก 
ทำให้เวลาสวมใส่เสื้อผ้าจะดูไม่เต็มทรง 
โดยเฉพาะเสื้อสายเดี่ยวหรือเสื้อเข้ารูป
เคสนี้แก้ไข้ด้วยโปรแกรมเสริมหน้าอก
หลังทำไป 3 ปี จะเห็นได้ว่าทรงหน้าอกยังคงสวยชัด 
ดูเป็นธรรมชาติและเข้ากับสรีระ หน้าอกดูมีมิติขึ้นอย่างชัดเจน 
เวลาใส่เสื้อผ้าจะเห็นทรงที่ชัดขึ้น
.
ผ่าตัดเสริมหน้าอกที่ KVK Clinic
✅ ดูแลโดยแพทย์มากประสบการณ์
✅ ปรึกษากับคุณหมอก่อนเข้าห้องผ่าตัดทุกเคส
✅ ออกแบบข้างต่อข้างให้เข้ากับแต่ละบุคคล แบบเคสต่อเคส
✅ ติดตามผลและดูแลหลังผ่าตัดอย่างต่อเนื่อง",,0,"04/13/2026 20:00",N/A,https://www.facebook.com/KVKClinic/posts/pfbid02jaaT4M1mggZZXrRx6YBZV8yTaoQosQJ6vXcyNCagistsHyrVK9v1puCbuacofXXWl,0,0,รูปภาพ,,,,,อายุการใช้งาน,3426,2019,11,11,0,0,2,1,,1,,,,,,
1263222229229377,100066248360694,Kornvikkaclinic,"โปรโมชั่นดีๆมีที่ KVK ทู้กกกกกวัน

สนใจสอบถามโปรโมชั่นสงกรานต์ 💦
💌 ทักสอบถามได้เลยค่าาา

………………………………………………
#KVKClinic #DrKoong #DrJade 
#ยกมาตรฐานจริงใจล้ำสมัย 
#โปรโมชั่นสงกรานต์","โปรโมชั่นดีๆมีที่ KVK ทู้กกกกกวัน

สนใจสอบถามโปรโมชั่นสงกรานต์ 💦
💌 ทักสอบถามได้เลยค่าาา

………………………………………………
#KVKClinic #DrKoong #DrJade 
#ยกมาตรฐานจริงใจล้ำสมัย 
#โปรโมชั่นสงกรานต์",26,"04/13/2026 20:01",N/A,https://www.facebook.com/reel/1841140809886290/,0,0,วิดีโอ,,,,,อายุการใช้งาน,3234,2444,11,10,0,1,8,,8,,,12185.452,4.386,0,0,0
1261177196100547,100066248360694,Kornvikkaclinic,"ตาที่เคยดูเรียบ ไม่ค่อยชัด
ปรับชั้นตาใหม่ให้ดูมีมิติมากขึ้น ✨
.
คนไข้มีลักษณะชั้นตาหลบในทั้งสองข้าง
ชั้นตาไม่เปิด ทำให้ดวงตาดูเล็ก ดูง่วง
คุณหมอเลือกแก้ไขด้วยการผ่าตัดตาสองชั้น
และออกแบบชั้นตาใหม่ให้เหมาะกับรูปตาเดิม
หลังทำครบ 1 เดือน ดวงตาดูเปิดกว้างอย่างเห็นได้ชัด
จากดวงตาที่เคยดูเศร้า กลายเป็นดวงตาที่ดูมั่นใจ
สดใสและแลดูเป็นชั้นตาธรรมชาติ
📌 โปรตาสองชั้นเริ่มต้น 20,000 บาท
จองโปรภายในวันนี้ - 16 เมษาเท่านั้น
.
ผ่าตัดตาสองชั้นที่ KVK Clinic
✅ ดูแลโดยแพทย์มากประสบการณ์
✅ ปรึกษากับคุณหมอก่อนเข้าห้องผ่าตัดทุกเคส
✅ ออกแบบชั้นตาให้เข้ากับแต่ละบุคคล แบบเคสต่อเคส
✅ ติดตามผลและดูแลหลังผ่าตัดอย่างต่อเนื่อง",,0,"04/14/2026 20:00",N/A,https://www.facebook.com/KVKClinic/posts/pfbid032Xo8SxtjoJ7tKonasQaYFHzf4nnTykyv515RKFBcmtZLNpaZ6FoHEqBZgcz3JRUEl,0,0,รูปภาพ,,,,,อายุการใช้งาน,3797,2044,8,8,0,0,2,2,,,,,,,,
1261156799435920,100066248360694,Kornvikkaclinic,"ไม่ต้องอด แค่คุมหิวได้ ✨✨
หุ่นก็เปลี่ยนไปไกลกว่าที่คิด
.
เคสนี้เริ่มต้น 64 กก. มีปัญหาหิวบ่อย 
คุมอาหารยาก ไขมันสะสมช่วงเอวและหน้าท้อง
ดูแลด้วยโปรแกรมลดน้ำหนัก 
ภายใต้การดูแลของคุณหมอ 
ช่วยให้อิ่มเร็ว คุมการกินง่ายขึ้น
ครบ 3 เดือน น้ำหนักเหลือ 49 กก. 
สัดส่วนกระชับขึ้นอย่างชัดเจน ใส่เสื้อผ้ามั่นใจขึ้น",,0,"04/15/2026 19:00",N/A,https://www.facebook.com/KVKClinic/posts/pfbid02re1KC9Wr9GYvbeJq2voFfWcGFWyr6nnVL3A2ZSomtomFDwADE4Zz7W5E9EoDqtxjl,0,0,รูปภาพ,,,,,อายุการใช้งาน,3642,2118,18,15,0,3,11,7,4,,,,,,,
1265601902324743,100066248360694,Kornvikkaclinic,"🤍 ร่วมย้อนชมบรรยากาศแห่งความประทับใจในงาน 𝐔𝐥𝐭𝐡𝐞𝐫𝐚𝐩𝐲 𝐏𝐫𝐢𝐦𝐞 𝟏 𝐘𝐞𝐚𝐫 𝐂𝐞𝐥𝐞𝐛𝐫𝐚𝐭𝐢𝐨𝐧 กับคุณ 𝐉𝐮𝐧 𝐉𝐢-𝐇𝐲𝐮𝐧 ต้นแบบความงามเหนือกาลเวลาที่สร้างแรงบันดาลใจให้ผู้หญิงทั่วโลกภูมิใจในผิวของตัวเอง ภายใต้แนวคิด ""𝐒𝐞𝐞 𝐌𝐲 𝐒𝐤𝐢𝐧 𝐥𝐢𝐟𝐭 𝐌𝐲 𝐖𝐚𝐲"" ✨

.
โดยตัวแทนเข้าร่วมงานในครั้งจาก 𝐊𝐕𝐊𝐂𝐥𝐢𝐧𝐢𝐜 
คุณนก และคุณวาวา (𝐊𝐕𝐊 𝐂𝐥𝐢𝐧𝐢𝐜 𝐅𝐢𝐞𝐥𝐝 𝐂𝐨𝐨𝐫𝐝𝐢𝐧𝐚𝐭𝐨𝐫) 

🍾ร่วมงานฉลองครบรอบ 𝟏 ปี ของ 𝐏𝐫𝐨𝐠𝐫𝐚𝐦 𝐔𝐥𝐭𝐡𝐞𝐫𝐚𝐩𝐲𝐏𝐫𝐢𝐦𝐞 นวัตถกรรมยกกระชับผิวระดับ 𝐆𝐨𝐥𝐝 𝐒𝐭𝐚𝐧𝐝𝐚𝐫𝐝 ของ 𝐌𝐞𝐫𝐳 𝐀𝐞𝐬𝐭𝐡𝐞𝐭𝐢𝐜𝐬  บอกเลยว่างานนี้ แฟนคลับซีรีส์เกาหลีอย่างพวกเรากรี้ดหนักมาก ที่ได้ใกล้ชิดแบบ 𝐄𝐱𝐜𝐥𝐮𝐬𝐢𝐯𝐞 กับงานในครั้งนี้ 

สะท้อนให้เห็นถึงภาพลักษณ์ความงามฉบับของคุณจอนจีฮยอน ที่ผ่านมาทุกช่วยวัย ผิวโกล์ว ผิวใส ผิวหน้ากระชับ เหมือนหยุดเวลาไว้ สมกับเป็น 𝐀𝐬𝐢𝐚-𝐏𝐚𝐜𝐢𝐟𝐢𝐜 𝐁𝐫𝐚𝐧𝐝 𝐀𝐦𝐛𝐚𝐬𝐬𝐚𝐝𝐨𝐫 𝐏𝐫𝐨𝐠𝐫𝐚𝐦 𝐔𝐥𝐭𝐡𝐞𝐫𝐚𝐩𝐲𝐏𝐫𝐢𝐦𝐞 สุดๆเลยค่ะ 👑

.
⏰เป็นเครื่องยืนยันว่า 𝐊𝐕𝐊 𝐂𝐥𝐢𝐧𝐢𝐜 ไม่เคยหยุดนิ่งที่จะอัปเดตเทรนด์และเทคนิคใหม่ๆ ไม่ว่าจะเป็นทีมแพทย์หรือบุคลากรของเรา พร้อมที่จะร่วมแลกเปลี่ยนความรู้และพัฒนาทักษะการใช้เทคโนโลยีอย่างต่อเนื่อง เพื่อให้ทุกการดูแลมีความละเอียดและตอบโจทย์ปัญหาผิวของคุณได้ตรงจุดที่สุด

เรามุ่งมั่นที่จะนำเสนอนวัตกรรมที่ได้รับการยอมรับในระดับสากล เพื่อให้คุณมั่นใจได้ว่า ทุกครั้งที่ก้าวเข้ามาที่ 𝐊𝐕𝐊 𝐂𝐥𝐢𝐧𝐢𝐜 คุณจะได้รับการดูแลที่ทันสมัยและปลอดภัยอยู่เสมอ💪🏻💕

........................................................
#KVKClinic #DrKoong #DrJade
#ยกมาตรฐานจริงใจล้ำสมัย
#UltherapyPrime  #UltherapyPrime1YearCelebration
#SeeMySkinMyWay
#KVKClinicxUltherapyPrime #JunJiHyun",,0,"04/16/2026 21:39",N/A,https://www.facebook.com/KVKClinic/posts/pfbid0GNiBmRW82re9W5ZR1adv5EjL794THmfKrFqiKSQjTX9nw3jSZNbykfJwTLLQBgw6l,0,0,รูปภาพ,,,,,อายุการใช้งาน,3364,2055,9,9,0,0,27,16,11,,,,,,,
1265687822316151,100066248360694,Kornvikkaclinic,"เก็บตกบรรยากาศ เผยความลับความสวยเหนือกาลเวลา... ให้คุณดูดีใน 'My Prime' ของตัวเอง 
อยากมีผิว เหมือนจอนจีฮยอน ไม่ใช่แค่ฝัน! 💫

🥰ทีม KVK Clinic Field Coordinator (คุณนก และ คุณวาวา) พร้อมพาทุกคนไปสัมผัสโปรแกรม My Prime นวัตกรรมยกกระชับที่ทั่วโลกยอมรับ ให้คุณสวยมั่นใจในแบบที่เป็นตัวเองที่สุด
มาอัปเกรดความสวยที่ KVK Clinic กันนะคะ ผิวดีมีชัยไปกว่าครึ่ง!🎉
........................................................
#KVKClinic #DrKoong #DrJade
#ยกมาตรฐานจริงใจล้ำสมัย
#UltherapyPrime  #UltherapyPrime1YearCelebration
#SeeMySkinMyWay
#KVKClinicxUltherapyPrime #JunJiHyun","เก็บตกบรรยากาศ เผยความลับความสวยเหนือกาลเวลา... ให้คุณดูดีใน 'My Prime' ของตัวเอง 
อยากมีผิว เหมือนจอนจีฮยอน ไม่ใช่แค่ฝัน! 💫

🥰ทีม KVK Clinic Field Coordinator (คุณนก และ คุณวาวา) พร้อมพาทุกคนไปสัมผัสโปรแกรม My Prime นวัตกรรมยกกระชับที่ทั่วโลกยอมรับ ให้คุณสวยมั่นใจในแบบที่เป็นตัวเองที่สุด
มาอัปเกรดความสวยที่ KVK Clinic กันนะคะ ผิวดีมีชัยไปกว่าครึ่ง!🎉
........................................................
#KVKClinic #DrKoong #DrJade
#ยกมาตรฐานจริงใจล้ำสมัย
#UltherapyPrime  #UltherapyPrime1YearCelebration
#SeeMySkinMyWay
#KVKClinicxUltherapyPrime #JunJiHyun",112,"04/17/2026 00:27",auto,https://www.facebook.com/reel/2671357083237848/,0,0,วิดีโอ,,,,,อายุการใช้งาน,2759,2167,14,11,0,3,8,,8,,,11650.507,4.747,0,0,0
1265754398976160,100066248360694,Kornvikkaclinic,"𝐀 𝐍𝐢𝐠𝐡𝐭 𝐭𝐨 𝐑𝐞𝐦𝐞𝐦𝐛𝐞𝐫 ✨ ควันหลงภาพบรรยากาศสุดประทับใจจากงาน 
𝐊𝐕𝐊 𝐱 𝐇𝐀𝐔𝐒 𝐎𝐅 𝐀𝐋𝐋𝐔𝐑𝐄 𝐍𝐈𝐆𝐇𝐓 𝟐𝟎𝟐𝟔 ในธีม ‘𝐆𝐞𝐭 𝐔𝐩 & 𝐆𝐥𝐨𝐰’ 🥂
รวมภาพโมเมนต์สุดพิเศษจากค่ำคืนที่ผ่านมา พร้อมก้าวเข้าสู่ปี 𝟐𝟎𝟐𝟔 ด้วยความ 𝐆𝐥𝐨𝐰 และความมั่นใจขั้นสุด!

.
📚งานนี้คุณหมอกุ้ง (พญ.กรวิกกา พัฒนะปราน ว38020) แพทย์ประจำ 𝐊𝐕𝐊𝐂𝐋𝐈𝐍𝐈𝐂 สาขาโคราชและสาขาสยาม ได้ถูกเชิญเข้าร่วมงานในฐานะวิทยากร 𝐊𝐎𝐋 𝐎𝐅 𝐀𝐋𝐋𝐔𝐑𝐄 𝐀𝐄𝐒𝐓𝐇𝐄𝐓𝐈𝐂𝐒 ซึ่งงานนี้คุณหมอกุ้งเตรียมพรีเซนต์เป็นอย่างดีและเต็มที่มากๆ เพื่อเผยแพร่ข้อมูล เนื้อหาสาระสำคัญ ให้แก่บุคลากรทางการแพทย์จากหลากหลายคลินิก
และมาพร้อมภายใต้แนวคิด

“𝐆𝐫𝐞𝐚𝐭 𝐨𝐮𝐭𝐜𝐨𝐦𝐞 𝐚𝐫𝐞 𝐧𝐨𝐭 𝐝𝐞𝐟𝐢𝐧𝐞𝐝 𝐛𝐲 𝐝𝐞𝐯𝐢𝐜𝐞𝐬,𝐛𝐮𝐭 𝐛𝐲 𝐭𝐡𝐞 𝐝𝐞𝐜𝐢𝐬𝐢𝐨𝐧𝐬 𝐛𝐞𝐡𝐢𝐧𝐝 𝐭𝐡𝐞𝐦.“

•ผลลัพธ์ที่ยอดเยี่ยมไม่ได้ถูกกำหนดโดยเครื่องมือ แต่กำหนดโดยการตัดสินใจของผู้ใช้งานคือหัวใจสำคัญที่สุด

.
อีกหนึ่งไฮไลท์สำคัญแห่งความภาคภูมิใจ กับการการันตีคุณภาพและความเชี่ยวชาญบนเวทีระดับประเทศ! 𝐊𝐕𝐊 𝐂𝐋𝐈𝐍𝐈𝐂 ขอขอบพระคุณสำหรับรางวัลอันทรงเกียรติที่ได้รับในปีนี้ ซึ่งเป็นเครื่องยืนยันถึงความมุ่งมั่นในการยกระดับมาตรฐานความมั่นใจให้กับทุกท่าน

ทุกรางวัลคือแรงผลักดันให้ทีมแพทย์และบุคลากร 𝐊𝐕𝐊𝐂𝐋𝐈𝐍𝐈𝐂 ก้าวต่อไป เพื่อให้ทุกคนที่เดินเข้ามาหาเรา กลับออกไปพร้อมความมั่นใจและ ""𝐆𝐥𝐨𝐰"" ในแบบที่เป็นตัวเองที่สุด

ขอบพระคุณพาร์ทเนอร์และคนไข้ทุกท่านที่เชื่อใจ ให้ 𝐊𝐕𝐊𝐂𝐋𝐈𝐍𝐈𝐂  ดูแลคุณเสมอมา เราสัญญาว่าจะไม่หยุดพัฒนาเพื่อมอบสิ่งที่ดีที่สุดให้แก่คุณค่ะ💕

.......................................................
#KVKClinic #DrKoong #DrJade
#ยกมาตรฐานจริงใจล้ำสมัย
#AllureNight2026 #HausofAllure
#skinoclockmask #AestheticsAllureTH
#YouLookGetUpGlow",,0,"04/17/2026 02:32",N/A,https://www.facebook.com/KVKClinic/posts/pfbid02pFCZeZFJBmRZtQsHnQeYTcgMLPUnGB9BpZHiU7fiES2H7z8qXRmRozp4me3jA8Kol,0,0,รูปภาพ,,,,,อายุการใช้งาน,3802,2170,10,10,0,0,29,26,3,,,,,,,
1265812902303643,100066248360694,Kornvikkaclinic,"จ่ายหลักหมื่นทั้งที ต้องมั่นใจว่าได้ 'ของแท้' เท่านั้น! ✨

อย่าให้คำว่า 'ราคาถูก' มาหลอกตา เพราะเครื่อง Ultherapy ปลอมอาจทำให้ผิวเบิร์นหรือไม่ได้ผลอย่างที่หวัง ที่ KVK Clinic เราคัดสรรสิ่งที่ดีที่สุด

👉 สังเกตเครื่อง Ultherapy Prime ของแท้ได้ง่ายๆ
👉 มั่นใจในมาตรฐานระดับสากล
👉 สวยอย่างปลอดภัย ไม่ต้องลุ้นผลข้างเคียง

เช็กให้ชัวร์ก่อนทำ เพื่อผลลัพธ์ที่ดีที่สุดสำหรับคุณค่ะ✅
........................................................
#KVKClinic #DrKoong #DrJade
#ยกมาตรฐานจริงใจล้ำสมัย
#UltherapyPrime  #KVKClinicxUltherapyPrime","จ่ายหลักหมื่นทั้งที ต้องมั่นใจว่าได้ 'ของแท้' เท่านั้น! ✨

อย่าให้คำว่า 'ราคาถูก' มาหลอกตา เพราะเครื่อง Ultherapy ปลอมอาจทำให้ผิวเบิร์นหรือไม่ได้ผลอย่างที่หวัง ที่ KVK Clinic เราคัดสรรสิ่งที่ดีที่สุด

👉 สังเกตเครื่อง Ultherapy Prime ของแท้ได้ง่ายๆ
👉 มั่นใจในมาตรฐานระดับสากล
👉 สวยอย่างปลอดภัย ไม่ต้องลุ้นผลข้างเคียง

เช็กให้ชัวร์ก่อนทำ เพื่อผลลัพธ์ที่ดีที่สุดสำหรับคุณค่ะ✅
........................................................
#KVKClinic #DrKoong #DrJade
#ยกมาตรฐานจริงใจล้ำสมัย
#UltherapyPrime  #KVKClinicxUltherapyPrime",36,"04/17/2026 05:00",auto,https://www.facebook.com/reel/2117291995776484/,0,0,วิดีโอ,,,,,อายุการใช้งาน,3225,2570,9,9,0,0,5,,5,,,11136.9,3.914,0,0,0
1266290165589250,100066248360694,Kornvikkaclinic,"เปลี่ยนลุคหมวยเดิม ๆ 👁️👁️✨
ให้ดูอินเตอร์ขึ้นแบบเป็นธรรมชาติ
.
เคสนี้ก่อนทำคนไข้มีลักษณะตาชั้นเดียว 
ทำให้ตาดูเรียบและไม่ค่อยมีมิติ 
เวลาแต่งหน้าต้องใช้เวลาเยอะกว่าปกติ
คุณหมอแก้ไขด้วยโปรแกรมผ่าตัดตาสองชั้น
และออกแบบชั้นตาใหม่ให้เหมาะกับโครงตาเดิม 
เน้นให้ชั้นตาดูชัดขึ้นแต่ยังคงความเป็นธรรมชาติ 
อัปเดตครบ 6 เดือน ชั้นตาเริ่มเข้าที่ 
ดวงตาดูเปิดและกลมแลดูเป็นธรรมชาติ 
แต่งหน้าง่ายขึ้น และช่วยให้ลุคโดยรวมดูสดใส มีเสน่ห์มากขึ้น
.
ผ่าตัดตาสองชั้นที่ KVK Clinic
✅ ดูแลโดยแพทย์มากประสบการณ์
✅ ปรึกษากับคุณหมอก่อนเข้าห้องผ่าตัดทุกเคส
✅ ออกแบบชั้นตาให้เข้ากับแต่ละบุคคล แบบเคสต่อเคส
✅ ติดตามผลและดูแลหลังผ่าตัดอย่างต่อเนื่อง",,0,"04/17/2026 20:00",N/A,https://www.facebook.com/KVKClinic/posts/pfbid02hATfV63pkK8xgmVDcAR2kCt9WMYwQUc8Tdv2iiC5hokUyKSi9sMM8irRvNCxJGCil,0,0,รูปภาพ,,,,,อายุการใช้งาน,3410,2033,10,10,0,0,3,2,1,,,,,,,
1266393345578932,100066248360694,Kornvikkaclinic,"งานผิวลูกรักพระเจ้า"" มีอยู่จริง!เจาะลึกความลับผิวเด้งด้วยพลัง“𝐑𝐞𝐝 𝐋𝐢𝐠𝐡𝐭“🔴✨

รู้หรือไม่? ความยาวคลื่น 𝟔𝟕𝟓 𝐧𝐦 คือช่วงคลื่นที่ถูกดูดซับโดยคอลลาเจนได้ดีที่สุด! โปรแกรม 𝐑𝐞𝐝𝐓𝐨𝐮𝐜𝐡 𝐏𝐫𝐨 จึงเป็นตัวช่วยสำคัญในการฟื้นบำรุงผิวจากภายในสู่ภายนอก

✨ 𝐁𝐑𝐈𝐆𝐇𝐓𝐄𝐍𝐈𝐍𝐆 (ดูแลความหมองคล้ำ): พลังงานเลเซอร์ช่วยลดเลือนเม็ดสีที่ผิดปกติ ให้ผิวกลับมาดูสว่าง กระจ่างใส มีออร่า

🧼 𝐒𝐌𝐎𝐎𝐓𝐇𝐄𝐍𝐈𝐍𝐆 (ฟื้นบำรุงผิวเรียบเนียน): ช่วยปรับ Texture ผิวให้ละเอียดขึ้น รูขุมขนแลดูเล็กลง ผิวดูเนียนกริบเหมือนใส่ฟิลเตอร์

🆙 𝐓𝐈𝐆𝐇𝐓𝐄𝐍𝐈𝐍𝐆 (ดูแลความกระชับ): เมื่อคอลลาเจนถูกกระตุ้น ผิวจะดูแน่นและยืดหยุ่นขึ้น ช่วยให้กรอบหน้าและผิวโดยรวมแลดูเฟิร์ม

ให้โปรแกรม 𝐑𝐞𝐝𝐓𝐨𝐮𝐜𝐡 𝐏𝐫𝐨 เป็นทางเลือกในการดูแลผิวของคุณ เพื่อผลลัพธ์ที่พิสูจน์ได้ด้วยตัวเองที่ 𝐊𝐕𝐊 𝐂𝐥𝐢𝐧𝐢𝐜 🏥 

💌สอบถามโปรโมชั่นพิเศษประจำเดือนนี้ ทักเลย!
.
.
.
ช่องทางติดต่อสอบถาม แอดมิน+ ปรึกษาแพทย์
𝐋𝐢𝐧𝐞 𝐎𝐀 เป็นช่องทางหลัก
สาขา 𝗞𝗼𝗿𝗮𝘁 : @1stkvk 
สาขา 𝗦𝗶𝗮𝗺  : @kvksiam
.
🔹 สาขา 𝗞𝗼𝗿𝗮𝘁 : โคราช (Head Qaurters)
สาขา3 : ติดโรงเรียน ปลูกปัญญา เส้นสุระ 2 
สาขา1 : ในปั้มปตท. ข้างเดอะมอลล์โคราช
📞 06 1956 5444
.
🔹 สาขา 𝗦𝗶𝗮𝗺 : KVK Siam Clinic
Centerpoint Siam Square ชั้น 2
📞 09 5791 5444
.
🌐𝐖𝐞𝐛𝐬𝐢𝐭𝐞 : https://kvkclinic.com
📺𝐘𝐨𝐮𝐭𝐮𝐛𝐞 : https://youtube.com/@kornvikkaclinic1234?si=PwiLo4SaaXs9J2DS
……………………………………………
#KVKClinic #DrKoong #DrJade 
#ยกมาตรฐานจริงใจล้ำสมัย
#RedtouchPro #เลเซอร์675nm  #RedTouchLaser
#เลเซอร์หน้าใส",,0,"04/17/2026 22:56",N/A,https://www.facebook.com/KVKClinic/posts/pfbid032M6Nw6vppKZHrDgQGKQg6Y3JndGoesYehG9p9iJwMmv8U6Wv8UvPkKjtyyQYFjw5l,0,0,รูปภาพ,,,,,อายุการใช้งาน,3907,2332,17,12,2,3,22,11,11,,,,,,,
1266565145561752,100066248360694,Kornvikkaclinic,"เลือกแบบไหนดี? เมื่อ ""ฝ้า"" และ ""ริ้วรอย"" บุกพร้อมกัน!
หลายคนสงสัย... ระหว่าง Red Light Laser กับ Pico Laser ตัวไหนตอบโจทย์เรื่องฝ้าและงานผิวได้ดีกว่ากัน? 🧐

🔴 โปรแกรม Red Touch (Red Light Laser): เลเซอร์คลื่นความยาว 675 nm ที่พุ่งเป้าไปที่ ""คอลลาเจน"" โดยเฉพาะ ช่วยให้ผิวแน่น กระชับ และจัดการเม็ดสีในระดับที่อ่อนโยน

⚡ โปรแกรม Pico Laser: ตัวตึงเรื่องงาน ""เมลาสม่า"" และจุดด่างดำ เน้นการแตกตัวของเม็ดสีอย่างละเอียดด้วยความเร็วระดับล้านล้านวินาที

สรุปแล้วตัวไหนดีกว่า? คำตอบอยู่ที่ ""สภาพผิว"" ของเราครับ มาฟังคำตอบชัดๆ จากคุณหมอกุ้งที่ KVK Clinic กันในโพสต์นี้เลย! 👇
........................................................
#KVKClinic #DrKoong #DrJade
#ยกมาตรฐานจริงใจล้ำสมัย
#ProgramRedTouch #ProgramPicoLaser #รักษาฝ้า #หน้าใส","เลือกแบบไหนดี? เมื่อ ""ฝ้า"" และ ""ริ้วรอย"" บุกพร้อมกัน!
หลายคนสงสัย... ระหว่าง Red Light Laser กับ Pico Laser ตัวไหนตอบโจทย์เรื่องฝ้าและงานผิวได้ดีกว่ากัน? 🧐

🔴 โปรแกรม Red Touch (Red Light Laser): เลเซอร์คลื่นความยาว 675 nm ที่พุ่งเป้าไปที่ ""คอลลาเจน"" โดยเฉพาะ ช่วยให้ผิวแน่น กระชับ และจัดการเม็ดสีในระดับที่อ่อนโยน

⚡ โปรแกรม Pico Laser: ตัวตึงเรื่องงาน ""เมลาสม่า"" และจุดด่างดำ เน้นการแตกตัวของเม็ดสีอย่างละเอียดด้วยความเร็วระดับล้านล้านวินาที

สรุปแล้วตัวไหนดีกว่า? คำตอบอยู่ที่ ""สภาพผิว"" ของเราครับ มาฟังคำตอบชัดๆ จากคุณหมอกุ้งที่ KVK Clinic กันในโพสต์นี้เลย! 👇
........................................................
#KVKClinic #DrKoong #DrJade
#ยกมาตรฐานจริงใจล้ำสมัย
#ProgramRedTouch #ProgramPicoLaser #รักษาฝ้า #หน้าใส",129,"04/18/2026 04:26",N/A,https://www.facebook.com/reel/849836904806897/,0,0,วิดีโอ,,,,,อายุการใช้งาน,3222,2627,18,17,0,1,13,,13,,,21074.485,7.513,0,0,0
1267186388832961,100066248360694,Kornvikkaclinic,"#แก้ใต้ตาแบบไหนดีที่สุด
#ทริคที่ไม่เคยบอกใคร

ใต้ตาโบ๋ vs นอนน้อย แยกให้ออกก่อนแก้! 💡
หลายคนทักว่าหน้าดูเพลีย ทั้งที่ก็นอนครบ 8 ชั่วโมง! ปัญหานี้อาจไม่ได้แก้ได้ด้วยการพักผ่อนเพียงอย่างเดียวค่ะ  

👀 ในคลิปนี้ หมอกุ้งมีคำตอบมาฝากค่ะว่า ปัญหาแบบไหนควรดูแลด้วยการปรับพฤติกรรม และแบบไหนที่ต้องใช้ตัวช่วยเพื่อเติมเต็มคืนความสดใสให้กับใบหน้า พร้อมแล้วกด Play ได้เลย ▶️

*ผลลัพธ์ขึ้นอยู่กับสภาพผิวของแต่ละบุคคล
#KVKClinic #DrKoong #หมอเจด 
#ยกมาตรฐานจริงใจล้ำสมัย 
#เพื่อนถามหมอตอบ 
#โปรแกรมฟิลเลอร์","#แก้ใต้ตาแบบไหนดีที่สุด
#ทริคที่ไม่เคยบอกใคร

ใต้ตาโบ๋ vs นอนน้อย แยกให้ออกก่อนแก้! 💡
หลายคนทักว่าหน้าดูเพลีย ทั้งที่ก็นอนครบ 8 ชั่วโมง! ปัญหานี้อาจไม่ได้แก้ได้ด้วยการพักผ่อนเพียงอย่างเดียวค่ะ  

👀 ในคลิปนี้ หมอกุ้งมีคำตอบมาฝากค่ะว่า ปัญหาแบบไหนควรดูแลด้วยการปรับพฤติกรรม และแบบไหนที่ต้องใช้ตัวช่วยเพื่อเติมเต็มคืนความสดใสให้กับใบหน้า พร้อมแล้วกด Play ได้เลย ▶️

*ผลลัพธ์ขึ้นอยู่กับสภาพผิวของแต่ละบุคคล
#KVKClinic #DrKoong #หมอเจด 
#ยกมาตรฐานจริงใจล้ำสมัย 
#เพื่อนถามหมอตอบ 
#โปรแกรมฟิลเลอร์",117,"04/19/2026 00:29",N/A,https://www.facebook.com/reel/1626582391880542/,0,0,วิดีโอ,,,,,อายุการใช้งาน,2541,2068,14,13,0,1,3,,3,,,15665.043,7.002,0,0,0
1267953052089628,100066248360694,Kornvikkaclinic,"𝐒𝐢𝐠𝐧𝐚𝐭𝐮𝐫𝐞 𝐏𝐫𝐨𝐠𝐫𝐚𝐦 𝟒 𝐒𝐭𝐞𝐩 
โปรแกรมพรีเมียม ปรับผิวใสเรียบเนียนแบบ 𝟑𝐃 สู่ผลลัพธ์ผิวที่มองเห็นได้ ✨

🤔เคยไหม? ทาครีมเท่าไหร่ก็ไม่เข้าหน้า ผิวดูหมองคล้ำเหมือนคนพักผ่อนไม่พอ... นั่นอาจเป็นเพราะเซลล์ผิวเก่าอุดตันและผิวขาดการกระตุ้นที่ล้ำลึก

ที่ 𝐊𝐕𝐊 𝐂𝐥𝐢𝐧𝐢𝐜 เรามี 𝐒𝐢𝐠𝐧𝐚𝐭𝐮𝐫𝐞 𝐏𝐫𝐨𝐠𝐫𝐚𝐦 ที่ออกแบบมาเพื่อการปรนนิบัติผิวแบบองค์รวม:

✨ 𝟒 ขั้นตอนเพื่อผิวที่ดูสุขภาพดี:
1️⃣ 𝐌𝐢𝐜𝐫𝐨𝐝𝐞𝐫𝐦𝐚𝐛𝐫𝐚𝐬𝐢𝐨𝐧: ผลัดเซลล์ผิวชั้นนอกอย่างอ่อนโยน เตรียมผิวให้พร้อมรับการบำรุง

2️⃣ 𝐁𝐢𝐩𝐨𝐥𝐚𝐫𝐑𝐅: ดูแลความหย่อยคล้อยด้วย 𝐁𝐢𝐩𝐨𝐥𝐚𝐫 𝐑𝐅 𝐇𝐚𝐧𝐝𝐥𝐞 ให้ผิวรู้สึกกระชับ ดูเรียบเนียน

3️⃣ 𝐂𝐨𝐥𝐝 𝐂𝐫𝐲𝐨𝐭𝐡𝐞𝐫𝐚𝐩𝐲: ผลักวิตามินเข้มข้นด้วยความเย็น ปลอบประโลมและกระชับรูขุมขน

4️⃣ 𝐒𝐞𝐥𝐞𝐜𝐭𝐞𝐝 𝐌𝐚𝐬𝐤: ปิดท้ายด้วยมาส์กสูตรเฉพาะที่มีให้เลือกถึง 𝟏𝟖 สูตร! เพื่อตอบโจทย์ทุกความต้องการของผิวคุณ

💦สัมผัสความผ่อนคลายและผลลัพธ์ผิวที่แลดูอิ่มน้ำได้แล้ววันนี้ที่ 𝐊𝐕𝐊 𝐂𝐥𝐢𝐧𝐢𝐜
💌สอบถามโปรโมชั่นพิเศษประจำเดือนนี้ ทักเลย!
.
.
.
ช่องทางติดต่อสอบถาม แอดมิน+ ปรึกษาแพทย์
𝐋𝐢𝐧𝐞 𝐎𝐀 เป็นช่องทางหลัก
สาขา 𝗞𝗼𝗿𝗮𝘁 : @1stkvk 
สาขา 𝗦𝗶𝗮𝗺  : @kvksiam
.
🔹 สาขา 𝗞𝗼𝗿𝗮𝘁 : โคราช (Head Qaurters)
สาขา3 : ติดโรงเรียน ปลูกปัญญา เส้นสุระ 2 
สาขา1 : ในปั้มปตท. ข้างเดอะมอลล์โคราช
📞 06 1956 5444
.
🔹 สาขา 𝗦𝗶𝗮𝗺 : KVK Siam Clinic
Centerpoint Siam Square ชั้น 2
📞 09 5791 5444
.
🌐𝐖𝐞𝐛𝐬𝐢𝐭𝐞 : https://kvkclinic.com
📺𝐘𝐨𝐮𝐭𝐮𝐛𝐞 : https://youtube.com/@kornvikkaclinic1234?si=PwiLo4SaaXs9J2DS
……………………………………………
#KVKClinic #DrKoong #หมอเจด
#ยกมาตรฐานจริงใจล้ำสมัย
#SignatureProgram #โปรแกรมพรีเมียม3D #โปรแกรมทรีตเมนต์KVK",,0,"04/20/2026 00:56",N/A,https://www.facebook.com/KVKClinic/posts/pfbid0FTJk95oEDn3Mv79ErykrWbaSrsv48oMpRRLDfRQ8H9WXok9mS4rpsk44UPFCmKYKl,0,0,รูปภาพ,,,,,อายุการใช้งาน,3427,1977,8,4,0,4,36,35,1,,,,,,,
1268048355413431,100066248360694,Kornvikkaclinic,"💫 ผิวที่แข็งแรง คือจุดเริ่มต้นของความมั่นใจ
ไม่ว่าผิวจะผ่านอะไรมา 𝐑𝐞𝐜𝐨𝐯𝐞𝐫𝐲 𝐒𝐤𝐢𝐧 𝐏𝐫𝐨𝐠𝐫𝐚𝐦  เผยความมั่นใจในแบบที่เป็นคุณ เพราะทุกเฉดสีผิวต้องการการดูแลที่เข้าใจ 

เพราะสภาพผิวของแต่ละคนมีความต้องการที่ต่างกัน 𝐊𝐕𝐊 𝐂𝐋𝐈𝐍𝐈𝐂 จึงออกแบบโปรแกรมที่ช่วยดูแลผิวอย่างเป็นลำดับขั้นตอน เพื่อผลลัพธ์ที่ช่วยให้ผิวดูอิ่มน้ำ สดใส และเสริมเกราะป้องกันผิวให้แข็งแรงขึ้น

🔍 เจาะลึก 𝟑 ระดับการดูแล:

1️⃣ 𝐁𝐚𝐬𝐢𝐜 𝐏𝐫𝐨𝐠𝐫𝐚𝐦 (𝟏𝟓,𝟗𝟎𝟎.-)
เหมาะสำหรับผู้ที่ต้องการเริ่มต้นดูแลผิว เน้นการเติมความชุ่มชื้นและกระตุ้นการทำงานของเซลล์ผิวด้วย 𝐒𝐢𝐠𝐧𝐚𝐭𝐮𝐫𝐞 𝐏𝐫𝐨𝐠𝐫𝐚𝐦 และ 𝐒𝐩𝐞𝐞𝐝 𝐔𝐩 𝐁𝐨𝐨𝐬𝐭𝐞𝐫 รวม 𝟔 ครั้งในแพ็กเกจ

2️⃣ 𝐀𝐝𝐯𝐚𝐧𝐜𝐞 𝐏𝐫𝐨𝐠𝐫𝐚𝐦 (𝟐𝟐,𝟗𝟎𝟎.-)
อัปเกรดการดูแลให้ลึกยิ่งขึ้น เพิ่มการดูแลผิวด้วยโปรแกรม 𝐑𝐞𝐝𝐭𝐨𝐮𝐜𝐡 𝐏𝐫𝐨 และ 𝐏𝐃𝐑𝐍 𝐌𝐚𝐬𝐤 ที่ช่วยให้ผิวแลดูเรียบเนียน รูขุมขนแลดูกระชับ และผิวดูอิ่มฟูขึ้นอย่างเป็นธรรมชาติ

3️⃣ 𝐄𝐥𝐢𝐭𝐞 𝐏𝐫𝐨𝐠𝐫𝐚𝐦 (𝟑𝟑,𝟗𝟎𝟎.-)
ที่สุดของการปรนนิบัติผิวแบบ 𝐅𝐮𝐥𝐥 𝐂𝐨𝐮𝐫𝐬𝐞 ครบทุกขั้นตอนการดูแล พร้อมไฮไลท์พิเศษ ""𝟐𝟒𝐊 𝐆𝐨𝐥𝐝 𝐓𝐡𝐞𝐫𝐚𝐩𝐲"" ที่ช่วยให้ผิวดูเปล่งปลั่ง กระจ่างใส และแลดูอ่อนเยาว์ในแบบที่คุณสัมผัสได้

อย่าปล่อยให้ปัญหาผิวรบกวนความมั่นใจ จองโปรแกรมที่ใช่ในราคาที่ชอบได้เลยวันนี้!

🔥 โปรโมชั่นพิเศษ ซื้อคอร์สลดเพิ่ม 𝟏𝟒% 
📅 วันนี้ – 30 เมษายน 2569 เท่านั้น
📍 KVK Clinic ทุกสาขา

สนใจพิมพ์ ""สนใจ"" หรือสอบถามรายละเอียดเพิ่มเติมทาง 𝐈𝐧𝐛𝐨𝐱 ได้เลยค่ะ
📩 
.
.
.
ช่องทางติดต่อสอบถาม แอดมิน+ ปรึกษาแพทย์
𝐋𝐢𝐧𝐞 𝐎𝐀 เป็นช่องทางหลัก
สาขา 𝗞𝗼𝗿𝗮𝘁 : @1stkvk 
สาขา 𝗦𝗶𝗮𝗺  : @kvksiam
.
🔹 สาขา 𝗞𝗼𝗿𝗮𝘁 : โคราช (Head Qaurters)
สาขา3 : ติดโรงเรียน ปลูกปัญญา เส้นสุระ 2 
สาขา1 : ในปั้มปตท. ข้างเดอะมอลล์โคราช
📞 06 1956 5444
.
🔹 สาขา 𝗦𝗶𝗮𝗺 : KVK Siam Clinic
Centerpoint Siam Square ชั้น 2
📞 09 5791 5444
.
🌐𝐖𝐞𝐛𝐬𝐢𝐭𝐞 : https://kvkclinic.com
📺𝐘𝐨𝐮𝐭𝐮𝐛𝐞 : https://youtube.com/@kornvikkaclinic1234?si=PwiLo4SaaXs9J2DS
……………………………………………
#KVKClinic #DrKoong #DrJade 
#ยกมาตรฐานจริงใจล้ำสมัย
#RecoverySkinProgramByKVK
#โปรแกรมดูแลผิวพรีเมียม",,0,"04/20/2026 04:00",N/A,https://www.facebook.com/KVKClinic/posts/pfbid02ayNtFx7x7CEcyLyp1caxKg3DUYtJbtzCn81A35M1rdLDE7uUf7cPsipFFJvD3mjwl,0,0,รูปภาพ,,,,,อายุการใช้งาน,4616,2525,19,12,0,7,63,46,17,,,,,,,
1228246109393656,100066248360694,Kornvikkaclinic,"บรรยากาศส่วนหนึ่งจากงาน 𝐓𝐡𝐞 𝐏𝐫𝐨𝐜𝐭𝐨𝐫𝐬𝐡𝐢𝐩 𝐏𝐫𝐨𝐠𝐫𝐚𝐦 :  𝐓𝐡𝐞 𝐎𝐆𝐗 𝐌𝐚𝐬𝐭𝐞𝐫𝐜𝐥𝐚𝐬𝐬 𝐄𝐱𝐩𝐥𝐨𝐫𝐢𝐧𝐠 𝐓𝐡𝐞 𝐏𝐢𝐧𝐧𝐚𝐜𝐥𝐞 𝐎𝐟 𝐌𝐨𝐧𝐨𝐩𝐨𝐥𝐚𝐫 𝐑𝐅 ⚡️

.
โดย คุณหมอกุ้ง (พญ. กรวิกกา พัฒนะปราน ว38020) ที่ได้มาร่วมถ่ายทอดประสบการณ์และเจาะลึกเทคนิคการใช้พลังงาน 𝐌𝐨𝐧𝐨𝐩𝐨𝐥𝐚𝐫 𝐑𝐅 ซึ่งเน้นการถ่ายทอดองค์ความรู้จากประสบการณ์จริงสู่บุคลากรทางการแพทย์ 👩🏻‍⚕️🧑🏻‍⚕️

.

🔸ภายในงานมีการแชร์ข้อมูลเชิงลึกเกี่ยวกับ

• 𝐆𝐗 𝐃𝐮𝐚𝐥-𝐌𝐨𝐝𝐞: การเรียนรู้กลไกการทำงานของพลังงานเพื่อประสิทธิภาพที่แม่นยำ

• 𝐃𝐢𝐦𝐞𝐧𝐬𝐢𝐨𝐧𝐚𝐥 𝐋𝐢𝐟𝐭 𝐓𝐞𝐜𝐡𝐧𝐢𝐪𝐮𝐞: เทคนิคการดีไซน์และวางแผนการดูแลรูปหน้าเฉพาะบุคคล

• 𝐀𝐧𝐚𝐭𝐨𝐦𝐲 𝐅𝐨𝐜𝐮𝐬: การวิเคราะห์โครงสร้างผิวและชั้นไขมัน เพื่อความปลอดภัยและผลลัพธ์ที่เหมาะสม

.

การดูแลผิวไม่ใช่แค่การใช้เครื่องมือ แต่คือศิลปะของการวิเคราะห์โครงสร้างใบหน้า (𝐅𝐚𝐜𝐢𝐚𝐥 𝐌𝐚𝐩𝐩𝐢𝐧𝐠) และการเลือกใช้พลังงานให้เหมาะสมกับปัญหาผิวของแต่ละบุคคล

เพราะการเรียนรู้ไม่มีที่สิ้นสุด 𝐊𝐕𝐊𝐂𝐥𝐢𝐧𝐢𝐜 จึงให้ความสำคัญกับการอัปเดตความรู้และเทคนิคใหม่ๆ อยู่เสมอ เพื่อมาตรฐานการดูแลที่มั่นใจได้ 💪🏻🧡

………………………………………………..
#KVKClinic #DrKoong #DrJade
#ยกมาตรฐานจริงใจล้ำสมัย
#TheOGXmasterclass
#TheprotorshipProgram
#ProgramOligioX
#MonopolarRF
#ความรู้คู่ความงาม",,0,"02/27/2026 01:24",N/A,https://www.facebook.com/KVKClinic/posts/pfbid0fVhdnkFfeH7CmxGfSbTQKnpBARdysmdWwquK9wNjR4WDfJrBb1RAfeoXLFeMCRMCl,0,0,รูปภาพ,,,,,อายุการใช้งาน,2637,1606,12,12,0,0,19,12,7,,,,,,,
1228286846056249,100066248360694,Kornvikkaclinic,"อัปเดตเทรนด์งานผิวระดับ Pinnacle! ✨
หมอกุ้งพาบุกงาน The OG X Masterclass เจาะลึกนวัตกรรม Monopolar RF ที่กำลังมาแรงที่สุดตอนนี้

ปรึกษาเทคนิคการดูแลผิวกับคุณหมอได้ที่ KVK Clinic ทั้งสาขาโคราช และ สยาม นะคะ🫶💕

………………………………………………..
#KVKClinic #DrKoong #DrJade
#ยกมาตรฐานจริงใจล้ำสมัย
#TheOGXmasterclass
#TheprotorshipProgram
#ProgramOligioX
#MonopolarRF
#ความรู้คู่ความงาม","อัปเดตเทรนด์งานผิวระดับ Pinnacle! ✨
หมอกุ้งพาบุกงาน The OG X Masterclass เจาะลึกนวัตกรรม Monopolar RF ที่กำลังมาแรงที่สุดตอนนี้

ปรึกษาเทคนิคการดูแลผิวกับคุณหมอได้ที่ KVK Clinic ทั้งสาขาโคราช และ สยาม นะคะ🫶💕

………………………………………………..
#KVKClinic #DrKoong #DrJade
#ยกมาตรฐานจริงใจล้ำสมัย
#TheOGXmasterclass
#TheprotorshipProgram
#ProgramOligioX
#MonopolarRF
#ความรู้คู่ความงาม",117,"02/27/2026 02:36",N/A,https://www.facebook.com/reel/919389434021857/,0,0,วิดีโอ,,,,,อายุการใช้งาน,51241,13764,15,13,1,1,549,,302,246,1,107794.469,2.372,0,0,0
1228025022749098,100066248360694,Kornvikkaclinic,"ถุงไขมันใต้ตา 
ทำให้หน้าดูโทรมโดยไม่รู้ตัว !!!
.
ก่อนทำเคสนี้มีปัญหาถุงใต้ตานูนเล็กน้อย
เปลือกตาบนหย่อนลงมา ทำให้ชั้นตาไม่ชัด
ส่งผลให้ใบหน้าดูเหนื่อยและมีอายุเกินจริง
คุณหมอแก้ไขด้วยการผ่าตัดตาสองชั้น
ร่วมกับการผ่าตัดถุงไขมันใต้ตา
นำไขมันส่วนเกินออก เพื่อลดปัญหาถุงใต้ตาที่บวม
หลังทำทันทีใต้ตาดูแบนเรียบขึ้น ชั้นตาถูกเปิดขึ้นอย่างชัดเจน 
และช่วยแก้ปัญหาหนังตาตกได้ตรงจุด
.
ผ่าตัดตาสองชั้นที่ KVK Clinic
✅ ดูแลโดยแพทย์มากประสบการณ์
✅ ปรึกษากับคุณหมอก่อนเข้าห้องผ่าตัดทุกเคส
✅ ออกแบบชั้นตาให้เข้ากับแต่ละบุคคล แบบเคสต่อเคส
✅ ติดตามผลและดูแลหลังผ่าตัดอย่างต่อเนื่อง",,0,"02/26/2026 19:00",N/A,https://www.facebook.com/KVKClinic/posts/pfbid02y9KuM8V5peN8hrmQ3Z8aQPpg9HLFZGLAuuNnxhGvgXDiwUXrqnhoF3Ahn5y4kKzol,0,0,รูปภาพ,,,,,อายุการใช้งาน,2337,1489,4,3,1,0,2,1,1,,,,,,,
1228232139395053,100066248360694,Kornvikkaclinic,https://www.facebook.com/share/v/18FAZJn2GA/?mibextid=wwXIfr,,0,"02/27/2026 00:59",N/A,https://www.facebook.com/KVKClinic/posts/pfbid022bQDYshTs6Drx9uMpyz7Dt9jWYnCb4gePTYxbVyVcmbbHaNvtXFYLcYtpBa9h5Ubl,0,1,วิดีโอ,,,,,อายุการใช้งาน,8,1466,4,4,0,0,4,,3,1,,,,,,
