ID โพสต์,ID เพจ,ชื่อเพจ,ชื่อ,คำอธิบาย,ระยะเวลา (วินาที),เวลาที่เผยแพร่,ประเภทคำบรรยาย,ลิงก์ถาวร,เป็นโพสต์ข้าม,เป็นโพสต์ที่แชร์หรือไม่,ประเภทโพสต์,ภาษา,ป้ายกำกับแบบกำหนดเอง,สถานะเนื้อหาที่ได้รับการสนับสนุน,ความคิดเห็นเกี่ยวกับข้อมูล,วันที่,ยอดดู,การเข้าถึง,ความรู้สึก ความคิดเห็น และการแชร์,ความรู้สึก,ความคิดเห็น,การแชร์,การคลิกทั้งหมด,การคลิกอื่นๆ,การคลิกลิงก์,การใช้การกำหนดกลุ่มเป้าหมายที่ตรงกัน (Photo Click),การใช้การกำหนดกลุ่มเป้าหมายที่ตรงกัน (Video Click),จำนวนวินาทีที่รับชม,จำนวนวินาทีที่รับชมโดยเฉลี่ย,รายได้โดยประมาณ (ดอลลาร์สหรัฐ),CPM โฆษณา (ดอลลาร์สหรัฐ),อิมเพรสชั่นโฆษณา
1260576232827310,1.00066E+14,Kornvikkaclinic,"𝐊𝐕𝐊 𝐱 𝐀𝐥𝐥𝐞𝐫𝐠𝐚𝐧 𝐀𝐞𝐬𝐭𝐡𝐞𝐭𝐢𝐜𝐬: 𝐒𝐲𝐧𝐞𝐫𝐠𝐲 𝐨𝐟 𝐁𝐞𝐚𝐮𝐭𝐲 & 𝐀𝐫𝐭
ส่งต่อความมั่นใจ... ให้ทุกก้าวของคุณมีความหมายยิ่งกว่าเดิม🫶

อีกหนึ่งความสำเร็จและความเติบโตของ 𝐊𝐕𝐊 𝐂𝐥𝐢𝐧𝐢𝐜 คือความใส่ใจที่เรามอบให้ในทุกรายละเอียด 
วันนี้เราอยู่ที่งาน เฉลิมฉลอง 𝐀𝐥𝐥𝐞𝐫𝐠𝐚𝐧 𝐀𝐞𝐬𝐭𝐡𝐞𝐭𝐢𝐜𝐬 𝟐𝟎𝟐𝟓 @𝐏𝐚𝐫𝐚𝐠𝐨𝐧𝐒𝐢𝐚𝐦

นำทีมรับรางวัลโดย : 

🔸คุณหมอกุ้ง (พญ.กรวิกกา พัฒนะปราน ว38020)
แพทย์ประจำ 𝐊𝐕𝐊𝐂𝐥𝐢𝐧𝐢𝐜 สาขาโคราช/สาขาสยาม

🔸คุณหมอโบว์ (พญ.เสาวภาคย์ ตรีสุธรรมมาศ ว65557)
แพทย์ประจำ 𝐊𝐕𝐊𝐂𝐥𝐢𝐧𝐢𝐜 สาขาสยาม

ตอกย้ำมาตรฐานที่ได้รับความไว้วางใจกับรางวัล 

🏆 𝐃𝐢𝐚𝐦𝐨𝐧𝐝 𝐀𝐰𝐚𝐫𝐝𝐬 𝐁𝐢𝐨𝐬𝐭𝐢𝐦𝐮𝐥𝐚𝐭𝐨𝐫
🏆 𝐆𝐨𝐥𝐝 𝐀𝐰𝐚𝐫𝐝𝐬 𝐅𝐚𝐜𝐢𝐚𝐥 𝐀𝐞𝐬𝐭𝐡𝐞𝐭𝐢𝐜𝐬

ของ 𝐊𝐕𝐊 𝐂𝐥𝐢𝐧𝐢𝐜 ในการใช้ผลิตภัณฑ์และนวัตกรรม
จาก 𝐀𝐥𝐥𝐞𝐫𝐠𝐚𝐧 ไม่ว่าจะเป็นกลุ่มผลิตภัณฑ์ยกกระชับและฟื้นฟูคอลลาเจนไปพร้อมกัน 

สะท้อนถึงความมุ่งมั่นในการคัดสรรนวัตกรรมระดับโลกมาดูแลทุกรายละเอียดอย่างประณีต ขอบคุณพาร์ทเนอร์ที่ร่วมเดินทางสร้างสรรค์นิยามความดูดีไปพร้อมกับเราค่ะ 🤝💖

…………………………
#KVKClinic #DrKoong #DrJade
#ยกมาตรฐานจริงใจล้ำสมัย
#KVKxAllerganAesthetics
#AllerganAestheticsThailand
#TheArtOfAesthetics
#SkinQuality #FacialAesthetics",,0,04/10/2026 6:04,N/A,https://www.facebook.com/KVKClinic/posts/pfbid0wtUusm8xzY3TT1XUqe4j9z5uorscPR2gig5FTZQ4iVjLMYaq6VEqudVHAzxoGLydl,0,0,รูปภาพ,,,,,อายุการใช้งาน,4568,2491,18,17,0,1,98,14,,84,,,,,,
1261120916106175,1.00066E+14,Kornvikkaclinic,"ปรับทรงจมูกใหม่ มุมข้างเปลี่ยนชัด
ดูละมุนขึ้นแบบไม่โป๊ะ 👃✨
.
จมูกคนไข้มีลักษณะสันค่อนข้างต่ำ
และปลายจมูกมีความมนและตกเล็กน้อย
ทำให้มุมด้านข้างดูไม่ค่อยมีมิติ
เคสนี้แก้ไขด้วยโปรแกรมเสริมจมูก Open
เพื่อปรับทรงปลายจมูกให้ได้สัดส่วนมากขึ้น
หลังทำปลายจมูกดูยกและพุ่งขึ้นเล็กน้อย
ทำให้โครงหน้าดูมีมิติขึ้นอย่างเห็นได้ชัด 
โดยเฉพาะมุมด้านข้างที่ดูละมุนขึ้น

📌 โปรเสริมจมูกเริ่มต้น 15,900 บาท
จองโปรภายในวันนี้ - 16 เมษาเท่านั้น
.
ผ่าตัดเสริมจมูกที่ KVK Clinic
✅ ดูแลโดยแพทย์มากประสบการณ์
✅ ปรึกษากับคุณหมอก่อนเข้าห้องผ่าตัดทุกเคส
✅ ออกแบบทรงจมูกให้เข้ากับแต่ละบุคคล แบบเคสต่อเคส
✅ ติดตามผลและดูแลหลังผ่าตัดอย่างต่อเนื่อง",,0,04/11/2026 20:00,N/A,https://www.facebook.com/KVKClinic/posts/pfbid0fqMe5pGViTBHHWUv4Zhv88S5FvoTSmf12eNUmyPhnaiPZtYnmgNpnk5eNz5jFGQhl,0,0,รูปภาพ,,,,,อายุการใช้งาน,2852,1753,11,10,0,1,6,2,,4,,,,,,
1261775539374046,1.00066E+14,Kornvikkaclinic,"สรงน้ำพระอิ่มบุญ สุขใจรับปีใหม่ไทย ✨
ส่งต่อความสุขและคำขอบคุณจากใจทีมงาน KVK Clinic 

สงกรานต์ปีนี้ KVK Clinic ขอส่งมอบความปรารถนาดีผ่านสายน้ำเย็นฉ่ำแด่ลูกค้าทุกท่านที่ให้ความไว้วางใจและสนับสนุนเราเสมอมาค่ะ ขอให้เทศกาลนี้เป็นช่วงเวลาแห่งการพักผ่อนที่มีค่า ได้ใช้เวลาอย่างมีความสุขกับครอบครัวและคนที่คุณรักนะคะ

🚗 สำหรับท่านที่เดินทางไกล ขอให้เดินทางโดยสวัสดิภาพ ปลอดภัยทุกเส้นทางค่ะ

แล้วกลับมาพบกับบรรยากาศที่แสนอบอุ่นและบริการที่จริงใจได้ใหม่ใน
🗓 วันที่ 17 เมษายน 2569
เตรียมพบกับความสดใสหลังหยุดยาวได้เลยค่ะ 
…………………………
#KVKClinic #DrKoong #DrJade
#ยกมาตรฐานจริงใจล้ำสมัย
#เทศกาลสงกรานต์2569 #โปรฉ่ำๆที่KVK",,0,04/11/2026 21:40,N/A,https://www.facebook.com/KVKClinic/posts/pfbid021zzmvPUkYzenjDWLPV1qPLK2RT75MQerqAfHgAdA2GfNATqENZmbi3HihVPpg1Uyl,0,0,รูปภาพ,,,,,อายุการใช้งาน,4624,2648,35,34,0,1,118,25,,93,,,,,,
1261982392686694,1.00066E+14,Kornvikkaclinic,"สรุปจุดเด่นมาให้ดูกันชัดๆ เพื่อประกอบการตัดสินใจก่อนดูแลผิว⚡️

✨โปรแกรม  𝐔𝐥𝐭𝐡𝐞𝐫𝐚𝐩𝐲 𝐏𝐫𝐢𝐦𝐞 (รุ่นใหม่ล่าสุด):

▪️ความเร็ว: ดูแลผิวได้เร็วขึ้นถึง 𝟐𝟎% ประหยัดเวลามากขึ้น

▪️ความแม่นยำ: หน้าจอคมชัดขึ้น 𝟗𝟒% (𝟐𝟐𝟎𝟒 𝐏𝐢𝐱𝐞𝐥) ช่วยให้คุณหมอวางแผนการส่งพลังงานได้ละเอียด

▪️ความรู้สึก: สบายผิวกว่าเดิมด้วยระบบการปล่อยพลังงานที่สม่ำเสมอ (𝐏𝐚𝐢𝐧 𝐒𝐜𝐨𝐫𝐞 ต่ำ)

✨โปรแกรม  𝐔𝐥𝐭𝐡𝐞𝐫𝐚𝐩𝐲 𝐒𝐏𝐓 (รุ่นมาตรฐาน):

▪️นวัตกรรมยกกระชับผิวด้วยคลื่นอัลตราซาวด์ประสิทธิภาพสูงที่เป็นมาตรฐานระดับโลก

▪️เหมาะสำหรับผู้ที่ต้องการงานผิวดูเป็นธรรมชาติ ไม่ต้องพึ่งการผ่าตัด

ที่ 𝐊𝐕𝐊 𝐂𝐥𝐢𝐧𝐢𝐜 เราให้ความสำคัญกับความโปร่งใส ลูกค้าสามารถเช็กเครื่องแท้ได้ง่ายๆ:

✅ ตรวจสอบรายชื่อคลินิกผ่านเว็บไซต์ 𝐌𝐞𝐫𝐳 𝐀𝐞𝐬𝐭𝐡𝐞𝐭𝐢𝐜𝐬
✅ สแกน 𝐐𝐑 𝐂𝐨𝐝𝐞 หรือตรวจสอบ 𝐒𝐭𝐢𝐜𝐤𝐞𝐫 หน้าเครื่อง
✅ สังเกตการแสดงผลพลังงานแบบ 𝐑𝐞𝐚𝐥-𝐭𝐢𝐦𝐞 บนหน้าจอ
✅ รับ 𝐂𝐞𝐫𝐭𝐢𝐟𝐢𝐜𝐚𝐭𝐞 𝐨𝐟 𝐀𝐮𝐭𝐡𝐞𝐧𝐭𝐢𝐜𝐢𝐭𝐲 หลังรับบริการ

เพราะสภาพผิวของแต่ละคนต่างกัน ปรึกษาคุณหมอที่ 𝐊𝐕𝐊 𝐂𝐥𝐢𝐧𝐢𝐜 เพื่อเลือกโปรแกรมที่เหมาะสมที่สุดสำหรับคุณได้แล้ววันนี้
.
.
.
ช่องทางติดต่อสอบถาม แอดมิน+ ปรึกษาแพทย์
𝐋𝐢𝐧𝐞 𝐎𝐀 เป็นช่องทางหลัก
สาขา 𝗞𝗼𝗿𝗮𝘁 : @1stkvk 
สาขา 𝗦𝗶𝗮𝗺  : @kvksiam
.
🔹 สาขา 𝗞𝗼𝗿𝗮𝘁 : โคราช (Head Qaurters)
สาขา3 : ติดโรงเรียน ปลูกปัญญา เส้นสุระ 2 
สาขา1 : ในปั้มปตท. ข้างเดอะมอลล์โคราช
📞 06 1956 5444
.
🔹 สาขา 𝗦𝗶𝗮𝗺 : KVK Siam Clinic
Centerpoint Siam Square ชั้น 2
📞 09 5791 5444
.
🌐𝐖𝐞𝐛𝐬𝐢𝐭𝐞 : https://kvkclinic.com
📺𝐘𝐨𝐮𝐭𝐮𝐛𝐞 : https://youtube.com/@kornvikkaclinic1234?si=PwiLo4SaaXs9J2DS
……………………………………………
#KVKClinic #DrKoong #DrJade 
#ยกมาตรฐานจริงใจล้ำสมัย
#ProgramUltherapyPrime #ProgramUltherapySPT",,0,04/12/2026 3:47,N/A,https://www.facebook.com/KVKClinic/posts/pfbid045M7Ex6Z3ig7ysnbjqPUJExxfaEp2cN5i5Kfdq4d5GmBPJ9A5CunHu6gnMTUpnyJl,0,0,รูปภาพ,,,,,อายุการใช้งาน,3303,2014,9,6,0,3,17,3,2,12,,,,,,
1262246329326967,1.00066E+14,Kornvikkaclinic,"สวัสดีปีใหม่ไทย 𝟐𝟓𝟔𝟗 💦 
ในวาระดิถีขึ้นปีใหม่นี้ 𝐊𝐕𝐊 𝐂𝐥𝐢𝐧𝐢𝐜 ขอส่งความปรารถนาดี ผ่านทีมงานผู้เชี่ยวชาญทุกคน ให้ทุกท่านมีแต่ความสุข สุขภาพแข็งแรง และมีใบหน้าที่อ่อนเยาว์ สดใส มั่นใจในทุกมิติ เหมือนนวัตกรรมที่เราตั้งใจคัดสรรมาเพื่อคุณ

.
ขอให้ปีใหม่ไทยนี้เป็นปีที่สดใสสำหรับทุกคน สาดความสุข สาดความโชคดี และอย่าลืมรักษาสุขภาพผิวให้ชุ่มฉ่ำกันด้วยนะคะ

.
เตรียมพบกับโปรโมชั่นรับขวัญวันสงกรานต์หลังเปิดทำการ...เพราะความสวยรอไม่ได้! แล้วเจอกันนะคะชาว 𝐊𝐕𝐊 ทุกคน 💦💖

………………………………………………
#KVKClinic #DrKoong #DrJade 
#ยกมาตรฐานจริงใจล้ำสมัย 
#สงกรานต์2569",,0,04/12/2026 18:00,N/A,https://www.facebook.com/KVKClinic/posts/pfbid02uzHfA3iCqXPT7uShPUjxKbSQ28qvGwiZythjxG5LnT62S61rND3qPeDUf3BKYbcLl,0,0,รูปภาพ,,,,,อายุการใช้งาน,3575,2234,13,12,0,1,16,6,,10,,,,,,
1261130586105208,1.00066E+14,Kornvikkaclinic,"💦 สวัสดีวันสงกรานต์ปี 2569 💦
.
ขอให้ช่วงปีใหม่ไทยเป็นช่วงเวลาแห่งความสุข 
สดชื่น ปลอดภัย และเต็มไปด้วยรอยยิ้มของทุกคน 
ขอบคุณทุกความไว้วางใจที่ให้เราได้ดูแลเสมอมาครับ
.
เดินทางปลอดภัย 💙💙
เล่นน้ำกันอย่างมีความสุขนะครับ",,0,04/12/2026 19:00,N/A,https://www.facebook.com/KVKClinic/posts/pfbid02wqRX86kDQbLeDE6hEqk7pEEZZ6eS6MZnWJ3s6KbjUsq1JhTrvY5bP7VJn59LaNyel,0,0,รูปภาพ,,,,,อายุการใช้งาน,3755,2219,23,22,1,0,16,11,1,4,,,,,,
1260985269453073,1.00066E+14,Kornvikkaclinic,"จากไม่มีทรง ใส่อะไรก็ดูไม่เต็ม
สู่ลุคที่แต่งตัวได้สนุกขึ้น ✨
.
จะเห็นว่าคนไข้มีลักษณะหน้าอกค่อนข้างเล็ก 
ทำให้เวลาสวมใส่เสื้อผ้าจะดูไม่เต็มทรง 
โดยเฉพาะเสื้อสายเดี่ยวหรือเสื้อเข้ารูป
เคสนี้แก้ไข้ด้วยโปรแกรมเสริมหน้าอก
หลังทำไป 3 ปี จะเห็นได้ว่าทรงหน้าอกยังคงสวยชัด 
ดูเป็นธรรมชาติและเข้ากับสรีระ หน้าอกดูมีมิติขึ้นอย่างชัดเจน 
เวลาใส่เสื้อผ้าจะเห็นทรงที่ชัดขึ้น
.
ผ่าตัดเสริมหน้าอกที่ KVK Clinic
✅ ดูแลโดยแพทย์มากประสบการณ์
✅ ปรึกษากับคุณหมอก่อนเข้าห้องผ่าตัดทุกเคส
✅ ออกแบบข้างต่อข้างให้เข้ากับแต่ละบุคคล แบบเคสต่อเคส
✅ ติดตามผลและดูแลหลังผ่าตัดอย่างต่อเนื่อง",,0,04/13/2026 20:00,N/A,https://www.facebook.com/KVKClinic/posts/pfbid0fbVDuK4Defoos4RVd1hE7Aq6fzNoVUcaZwpjWUjSVBQphZDGqjTSSyx4b6WT6jHhl,0,0,รูปภาพ,,,,,อายุการใช้งาน,3401,1998,11,11,0,0,2,,1,1,,,,,,
1261177196100547,1.00066E+14,Kornvikkaclinic,"ตาที่เคยดูเรียบ ไม่ค่อยชัด
ปรับชั้นตาใหม่ให้ดูมีมิติมากขึ้น ✨
.
คนไข้มีลักษณะชั้นตาหลบในทั้งสองข้าง
ชั้นตาไม่เปิด ทำให้ดวงตาดูเล็ก ดูง่วง
คุณหมอเลือกแก้ไขด้วยการผ่าตัดตาสองชั้น
และออกแบบชั้นตาใหม่ให้เหมาะกับรูปตาเดิม
หลังทำครบ 1 เดือน ดวงตาดูเปิดกว้างอย่างเห็นได้ชัด
จากดวงตาที่เคยดูเศร้า กลายเป็นดวงตาที่ดูมั่นใจ
สดใสและแลดูเป็นชั้นตาธรรมชาติ
📌 โปรตาสองชั้นเริ่มต้น 20,000 บาท
จองโปรภายในวันนี้ - 16 เมษาเท่านั้น
.
ผ่าตัดตาสองชั้นที่ KVK Clinic
✅ ดูแลโดยแพทย์มากประสบการณ์
✅ ปรึกษากับคุณหมอก่อนเข้าห้องผ่าตัดทุกเคส
✅ ออกแบบชั้นตาให้เข้ากับแต่ละบุคคล แบบเคสต่อเคส
✅ ติดตามผลและดูแลหลังผ่าตัดอย่างต่อเนื่อง",,0,04/14/2026 20:00,N/A,https://www.facebook.com/KVKClinic/posts/pfbid0xYhuHvwBmEM84vpScp2iUwBNCYXAFvzuGis9VsiYJA1ghdx9Ug5L3s1FeKtPgiEgl,0,0,รูปภาพ,,,,,อายุการใช้งาน,3767,2027,8,8,0,0,2,,,2,,,,,,
1261156799435920,1.00066E+14,Kornvikkaclinic,"ไม่ต้องอด แค่คุมหิวได้ ✨✨
หุ่นก็เปลี่ยนไปไกลกว่าที่คิด
.
เคสนี้เริ่มต้น 64 กก. มีปัญหาหิวบ่อย 
คุมอาหารยาก ไขมันสะสมช่วงเอวและหน้าท้อง
ดูแลด้วยโปรแกรมลดน้ำหนัก 
ภายใต้การดูแลของคุณหมอ 
ช่วยให้อิ่มเร็ว คุมการกินง่ายขึ้น
ครบ 3 เดือน น้ำหนักเหลือ 49 กก. 
สัดส่วนกระชับขึ้นอย่างชัดเจน ใส่เสื้อผ้ามั่นใจขึ้น",,0,04/15/2026 19:00,N/A,https://www.facebook.com/KVKClinic/posts/pfbid0o8scbm8VvyZzNmrT4sGpL3CCCLcv713Co32Hi9FZfoy6e3eE1J2qYJu5fPiXmXJjl,0,0,รูปภาพ,,,,,อายุการใช้งาน,3616,2101,18,15,0,3,11,4,,7,,,,,,
1265601902324743,1.00066E+14,Kornvikkaclinic,"🤍 ร่วมย้อนชมบรรยากาศแห่งความประทับใจในงาน 𝐔𝐥𝐭𝐡𝐞𝐫𝐚𝐩𝐲 𝐏𝐫𝐢𝐦𝐞 𝟏 𝐘𝐞𝐚𝐫 𝐂𝐞𝐥𝐞𝐛𝐫𝐚𝐭𝐢𝐨𝐧 กับคุณ 𝐉𝐮𝐧 𝐉𝐢-𝐇𝐲𝐮𝐧 ต้นแบบความงามเหนือกาลเวลาที่สร้างแรงบันดาลใจให้ผู้หญิงทั่วโลกภูมิใจในผิวของตัวเอง ภายใต้แนวคิด ""𝐒𝐞𝐞 𝐌𝐲 𝐒𝐤𝐢𝐧 𝐥𝐢𝐟𝐭 𝐌𝐲 𝐖𝐚𝐲"" ✨

.
โดยตัวแทนเข้าร่วมงานในครั้งจาก 𝐊𝐕𝐊𝐂𝐥𝐢𝐧𝐢𝐜 
คุณนก และคุณวาวา (𝐊𝐕𝐊 𝐂𝐥𝐢𝐧𝐢𝐜 𝐅𝐢𝐞𝐥𝐝 𝐂𝐨𝐨𝐫𝐝𝐢𝐧𝐚𝐭𝐨𝐫) 

🍾ร่วมงานฉลองครบรอบ 𝟏 ปี ของ 𝐏𝐫𝐨𝐠𝐫𝐚𝐦 𝐔𝐥𝐭𝐡𝐞𝐫𝐚𝐩𝐲𝐏𝐫𝐢𝐦𝐞 นวัตถกรรมยกกระชับผิวระดับ 𝐆𝐨𝐥𝐝 𝐒𝐭𝐚𝐧𝐝𝐚𝐫𝐝 ของ 𝐌𝐞𝐫𝐳 𝐀𝐞𝐬𝐭𝐡𝐞𝐭𝐢𝐜𝐬  บอกเลยว่างานนี้ แฟนคลับซีรีส์เกาหลีอย่างพวกเรากรี้ดหนักมาก ที่ได้ใกล้ชิดแบบ 𝐄𝐱𝐜𝐥𝐮𝐬𝐢𝐯𝐞 กับงานในครั้งนี้ 

สะท้อนให้เห็นถึงภาพลักษณ์ความงามฉบับของคุณจอนจีฮยอน ที่ผ่านมาทุกช่วยวัย ผิวโกล์ว ผิวใส ผิวหน้ากระชับ เหมือนหยุดเวลาไว้ สมกับเป็น 𝐀𝐬𝐢𝐚-𝐏𝐚𝐜𝐢𝐟𝐢𝐜 𝐁𝐫𝐚𝐧𝐝 𝐀𝐦𝐛𝐚𝐬𝐬𝐚𝐝𝐨𝐫 𝐏𝐫𝐨𝐠𝐫𝐚𝐦 𝐔𝐥𝐭𝐡𝐞𝐫𝐚𝐩𝐲𝐏𝐫𝐢𝐦𝐞 สุดๆเลยค่ะ 👑

.
⏰เป็นเครื่องยืนยันว่า 𝐊𝐕𝐊 𝐂𝐥𝐢𝐧𝐢𝐜 ไม่เคยหยุดนิ่งที่จะอัปเดตเทรนด์และเทคนิคใหม่ๆ ไม่ว่าจะเป็นทีมแพทย์หรือบุคลากรของเรา พร้อมที่จะร่วมแลกเปลี่ยนความรู้และพัฒนาทักษะการใช้เทคโนโลยีอย่างต่อเนื่อง เพื่อให้ทุกการดูแลมีความละเอียดและตอบโจทย์ปัญหาผิวของคุณได้ตรงจุดที่สุด

เรามุ่งมั่นที่จะนำเสนอนวัตกรรมที่ได้รับการยอมรับในระดับสากล เพื่อให้คุณมั่นใจได้ว่า ทุกครั้งที่ก้าวเข้ามาที่ 𝐊𝐕𝐊 𝐂𝐥𝐢𝐧𝐢𝐜 คุณจะได้รับการดูแลที่ทันสมัยและปลอดภัยอยู่เสมอ💪🏻💕

........................................................
#KVKClinic #DrKoong #DrJade
#ยกมาตรฐานจริงใจล้ำสมัย
#UltherapyPrime  #UltherapyPrime1YearCelebration
#SeeMySkinMyWay
#KVKClinicxUltherapyPrime #JunJiHyun",,0,04/16/2026 21:39,N/A,https://www.facebook.com/KVKClinic/posts/pfbid02KnhriE6khWFpBdTMZfg3duVQq8eCbjcPhFt29YBsjNqu5q8CPABFH8iwh2XHVigCl,0,0,รูปภาพ,,,,,อายุการใช้งาน,3337,2038,9,9,0,0,27,11,,16,,,,,,
1265754398976160,1.00066E+14,Kornvikkaclinic,"𝐀 𝐍𝐢𝐠𝐡𝐭 𝐭𝐨 𝐑𝐞𝐦𝐞𝐦𝐛𝐞𝐫 ✨ ควันหลงภาพบรรยากาศสุดประทับใจจากงาน 
𝐊𝐕𝐊 𝐱 𝐇𝐀𝐔𝐒 𝐎𝐅 𝐀𝐋𝐋𝐔𝐑𝐄 𝐍𝐈𝐆𝐇𝐓 𝟐𝟎𝟐𝟔 ในธีม ‘𝐆𝐞𝐭 𝐔𝐩 & 𝐆𝐥𝐨𝐰’ 🥂
รวมภาพโมเมนต์สุดพิเศษจากค่ำคืนที่ผ่านมา พร้อมก้าวเข้าสู่ปี 𝟐𝟎𝟐𝟔 ด้วยความ 𝐆𝐥𝐨𝐰 และความมั่นใจขั้นสุด!

.
📚งานนี้คุณหมอกุ้ง (พญ.กรวิกกา พัฒนะปราน ว38020) แพทย์ประจำ 𝐊𝐕𝐊𝐂𝐋𝐈𝐍𝐈𝐂 สาขาโคราชและสาขาสยาม ได้ถูกเชิญเข้าร่วมงานในฐานะวิทยากร 𝐊𝐎𝐋 𝐎𝐅 𝐀𝐋𝐋𝐔𝐑𝐄 𝐀𝐄𝐒𝐓𝐇𝐄𝐓𝐈𝐂𝐒 ซึ่งงานนี้คุณหมอกุ้งเตรียมพรีเซนต์เป็นอย่างดีและเต็มที่มากๆ เพื่อเผยแพร่ข้อมูล เนื้อหาสาระสำคัญ ให้แก่บุคลากรทางการแพทย์จากหลากหลายคลินิก
และมาพร้อมภายใต้แนวคิด

“𝐆𝐫𝐞𝐚𝐭 𝐨𝐮𝐭𝐜𝐨𝐦𝐞 𝐚𝐫𝐞 𝐧𝐨𝐭 𝐝𝐞𝐟𝐢𝐧𝐞𝐝 𝐛𝐲 𝐝𝐞𝐯𝐢𝐜𝐞𝐬,𝐛𝐮𝐭 𝐛𝐲 𝐭𝐡𝐞 𝐝𝐞𝐜𝐢𝐬𝐢𝐨𝐧𝐬 𝐛𝐞𝐡𝐢𝐧𝐝 𝐭𝐡𝐞𝐦.“

•ผลลัพธ์ที่ยอดเยี่ยมไม่ได้ถูกกำหนดโดยเครื่องมือ แต่กำหนดโดยการตัดสินใจของผู้ใช้งานคือหัวใจสำคัญที่สุด

.
อีกหนึ่งไฮไลท์สำคัญแห่งความภาคภูมิใจ กับการการันตีคุณภาพและความเชี่ยวชาญบนเวทีระดับประเทศ! 𝐊𝐕𝐊 𝐂𝐋𝐈𝐍𝐈𝐂 ขอขอบพระคุณสำหรับรางวัลอันทรงเกียรติที่ได้รับในปีนี้ ซึ่งเป็นเครื่องยืนยันถึงความมุ่งมั่นในการยกระดับมาตรฐานความมั่นใจให้กับทุกท่าน

ทุกรางวัลคือแรงผลักดันให้ทีมแพทย์และบุคลากร 𝐊𝐕𝐊𝐂𝐋𝐈𝐍𝐈𝐂 ก้าวต่อไป เพื่อให้ทุกคนที่เดินเข้ามาหาเรา กลับออกไปพร้อมความมั่นใจและ ""𝐆𝐥𝐨𝐰"" ในแบบที่เป็นตัวเองที่สุด

ขอบพระคุณพาร์ทเนอร์และคนไข้ทุกท่านที่เชื่อใจ ให้ 𝐊𝐕𝐊𝐂𝐋𝐈𝐍𝐈𝐂  ดูแลคุณเสมอมา เราสัญญาว่าจะไม่หยุดพัฒนาเพื่อมอบสิ่งที่ดีที่สุดให้แก่คุณค่ะ💕

.......................................................
#KVKClinic #DrKoong #DrJade
#ยกมาตรฐานจริงใจล้ำสมัย
#AllureNight2026 #HausofAllure
#skinoclockmask #AestheticsAllureTH
#YouLookGetUpGlow",,0,04/17/2026 02:32,N/A,https://www.facebook.com/KVKClinic/posts/pfbid0kk4s4ArwyTgyUREmkfDNpEAq1sD8uRgDM3BtGwizv58ZXXy2gRyTtuwvi5sJYtHtl,0,0,รูปภาพ,,,,,อายุการใช้งาน,3781,2152,10,10,0,0,29,3,,26,,,,,,
1266290165589250,1.00066E+14,Kornvikkaclinic,"เปลี่ยนลุคหมวยเดิม ๆ 👁️👁️✨
ให้ดูอินเตอร์ขึ้นแบบเป็นธรรมชาติ
.
เคสนี้ก่อนทำคนไข้มีลักษณะตาชั้นเดียว 
ทำให้ตาดูเรียบและไม่ค่อยมีมิติ 
เวลาแต่งหน้าต้องใช้เวลาเยอะกว่าปกติ
คุณหมอแก้ไขด้วยโปรแกรมผ่าตัดตาสองชั้น
และออกแบบชั้นตาใหม่ให้เหมาะกับโครงตาเดิม 
เน้นให้ชั้นตาดูชัดขึ้นแต่ยังคงความเป็นธรรมชาติ 
อัปเดตครบ 6 เดือน ชั้นตาเริ่มเข้าที่ 
ดวงตาดูเปิดและกลมแลดูเป็นธรรมชาติ 
แต่งหน้าง่ายขึ้น และช่วยให้ลุคโดยรวมดูสดใส มีเสน่ห์มากขึ้น
.
ผ่าตัดตาสองชั้นที่ KVK Clinic
✅ ดูแลโดยแพทย์มากประสบการณ์
✅ ปรึกษากับคุณหมอก่อนเข้าห้องผ่าตัดทุกเคส
✅ ออกแบบชั้นตาให้เข้ากับแต่ละบุคคล แบบเคสต่อเคส
✅ ติดตามผลและดูแลหลังผ่าตัดอย่างต่อเนื่อง",,0,04/17/2026 20:00,N/A,https://www.facebook.com/KVKClinic/posts/pfbid02h2p9Wj26ZiGjRRejY5w192smVo5ju4aJfbo7gRwHZJULTadMBC1s9LP5wBii3wZUl,0,0,รูปภาพ,,,,,อายุการใช้งาน,3387,2017,10,10,0,0,3,1,,2,,,,,,
1266393345578932,1.00066E+14,Kornvikkaclinic,"งานผิวลูกรักพระเจ้า"" มีอยู่จริง!เจาะลึกความลับผิวเด้งด้วยพลัง“𝐑𝐞𝐝 𝐋𝐢𝐠𝐡𝐭“🔴✨

รู้หรือไม่? ความยาวคลื่น 𝟔𝟕𝟓 𝐧𝐦 คือช่วงคลื่นที่ถูกดูดซับโดยคอลลาเจนได้ดีที่สุด! โปรแกรม 𝐑𝐞𝐝𝐓𝐨𝐮𝐜𝐡 𝐏𝐫𝐨 จึงเป็นตัวช่วยสำคัญในการฟื้นบำรุงผิวจากภายในสู่ภายนอก

✨ 𝐁𝐑𝐈𝐆𝐇𝐓𝐄𝐍𝐈𝐍𝐆 (ดูแลความหมองคล้ำ): พลังงานเลเซอร์ช่วยลดเลือนเม็ดสีที่ผิดปกติ ให้ผิวกลับมาดูสว่าง กระจ่างใส มีออร่า

🧼 𝐒𝐌𝐎𝐎𝐓𝐇𝐄𝐍𝐈𝐍𝐆 (ฟื้นบำรุงผิวเรียบเนียน): ช่วยปรับ Texture ผิวให้ละเอียดขึ้น รูขุมขนแลดูเล็กลง ผิวดูเนียนกริบเหมือนใส่ฟิลเตอร์

🆙 𝐓𝐈𝐆𝐇𝐓𝐄𝐍𝐈𝐍𝐆 (ดูแลความกระชับ): เมื่อคอลลาเจนถูกกระตุ้น ผิวจะดูแน่นและยืดหยุ่นขึ้น ช่วยให้กรอบหน้าและผิวโดยรวมแลดูเฟิร์ม

ให้โปรแกรม 𝐑𝐞𝐝𝐓𝐨𝐮𝐜𝐡 𝐏𝐫𝐨 เป็นทางเลือกในการดูแลผิวของคุณ เพื่อผลลัพธ์ที่พิสูจน์ได้ด้วยตัวเองที่ 𝐊𝐕𝐊 𝐂𝐥𝐢𝐧𝐢𝐜 🏥 

💌สอบถามโปรโมชั่นพิเศษประจำเดือนนี้ ทักเลย!
.
.
.
ช่องทางติดต่อสอบถาม แอดมิน+ ปรึกษาแพทย์
𝐋𝐢𝐧𝐞 𝐎𝐀 เป็นช่องทางหลัก
สาขา 𝗞𝗼𝗿𝗮𝘁 : @1stkvk 
สาขา 𝗦𝗶𝗮𝗺  : @kvksiam
.
🔹 สาขา 𝗞𝗼𝗿𝗮𝘁 : โคราช (Head Qaurters)
สาขา3 : ติดโรงเรียน ปลูกปัญญา เส้นสุระ 2 
สาขา1 : ในปั้มปตท. ข้างเดอะมอลล์โคราช
📞 06 1956 5444
.
🔹 สาขา 𝗦𝗶𝗮𝗺 : KVK Siam Clinic
Centerpoint Siam Square ชั้น 2
📞 09 5791 5444
.
🌐𝐖𝐞𝐛𝐬𝐢𝐭𝐞 : https://kvkclinic.com
📺𝐘𝐨𝐮𝐭𝐮𝐛𝐞 : https://youtube.com/@kornvikkaclinic1234?si=PwiLo4SaaXs9J2DS
……………………………………………
#KVKClinic #DrKoong #DrJade 
#ยกมาตรฐานจริงใจล้ำสมัย
#RedtouchPro #เลเซอร์675nm  #RedTouchLaser
#เลเซอร์หน้าใส",,0,04/17/2026 22:56,N/A,https://www.facebook.com/KVKClinic/posts/pfbid0xqxgLiYUc3EGqzYWZ85958fu7Zz19oU5jbPaHHSxi1fPZZUSbGjV4JgZ2CJk92pYl,0,0,รูปภาพ,,,,,อายุการใช้งาน,3881,2310,17,12,2,3,22,11,,11,,,,,,
1267953052089628,1.00066E+14,Kornvikkaclinic,"𝐒𝐢𝐠𝐧𝐚𝐭𝐮𝐫𝐞 𝐏𝐫𝐨𝐠𝐫𝐚𝐦 𝟒 𝐒𝐭𝐞𝐩 
โปรแกรมพรีเมียม ปรับผิวใสเรียบเนียนแบบ 𝟑𝐃 สู่ผลลัพธ์ผิวที่มองเห็นได้ ✨

🤔เคยไหม? ทาครีมเท่าไหร่ก็ไม่เข้าหน้า ผิวดูหมองคล้ำเหมือนคนพักผ่อนไม่พอ... นั่นอาจเป็นเพราะเซลล์ผิวเก่าอุดตันและผิวขาดการกระตุ้นที่ล้ำลึก

ที่ 𝐊𝐕𝐊 𝐂𝐥𝐢𝐧𝐢𝐜 เรามี 𝐒𝐢𝐠𝐧𝐚𝐭𝐮𝐫𝐞 𝐏𝐫𝐨𝐠𝐫𝐚𝐦 ที่ออกแบบมาเพื่อการปรนนิบัติผิวแบบองค์รวม:

✨ 𝟒 ขั้นตอนเพื่อผิวที่ดูสุขภาพดี:
1️⃣ 𝐌𝐢𝐜𝐫𝐨𝐝𝐞𝐫𝐦𝐚𝐛𝐫𝐚𝐬𝐢𝐨𝐧: ผลัดเซลล์ผิวชั้นนอกอย่างอ่อนโยน เตรียมผิวให้พร้อมรับการบำรุง

2️⃣ 𝐁𝐢𝐩𝐨𝐥𝐚𝐫𝐑𝐅: ดูแลความหย่อยคล้อยด้วย 𝐁𝐢𝐩𝐨𝐥𝐚𝐫 𝐑𝐅 𝐇𝐚𝐧𝐝𝐥𝐞 ให้ผิวรู้สึกกระชับ ดูเรียบเนียน

3️⃣ 𝐂𝐨𝐥𝐝 𝐂𝐫𝐲𝐨𝐭𝐡𝐞𝐫𝐚𝐩𝐲: ผลักวิตามินเข้มข้นด้วยความเย็น ปลอบประโลมและกระชับรูขุมขน

4️⃣ 𝐒𝐞𝐥𝐞𝐜𝐭𝐞𝐝 𝐌𝐚𝐬𝐤: ปิดท้ายด้วยมาส์กสูตรเฉพาะที่มีให้เลือกถึง 𝟏𝟖 สูตร! เพื่อตอบโจทย์ทุกความต้องการของผิวคุณ

💦สัมผัสความผ่อนคลายและผลลัพธ์ผิวที่แลดูอิ่มน้ำได้แล้ววันนี้ที่ 𝐊𝐕𝐊 𝐂𝐥𝐢𝐧𝐢𝐜
💌สอบถามโปรโมชั่นพิเศษประจำเดือนนี้ ทักเลย!
.
.
.
ช่องทางติดต่อสอบถาม แอดมิน+ ปรึกษาแพทย์
𝐋𝐢𝐧𝐞 𝐎𝐀 เป็นช่องทางหลัก
สาขา 𝗞𝗼𝗿𝗮𝘁 : @1stkvk 
สาขา 𝗦𝗶𝗮𝗺  : @kvksiam
.
🔹 สาขา 𝗞𝗼𝗿𝗮𝘁 : โคราช (Head Qaurters)
สาขา3 : ติดโรงเรียน ปลูกปัญญา เส้นสุระ 2 
สาขา1 : ในปั้มปตท. ข้างเดอะมอลล์โคราช
📞 06 1956 5444
.
🔹 สาขา 𝗦𝗶𝗮𝗺 : KVK Siam Clinic
Centerpoint Siam Square ชั้น 2
📞 09 5791 5444
.
🌐𝐖𝐞𝐛𝐬𝐢𝐭𝐞 : https://kvkclinic.com
📺𝐘𝐨𝐮𝐭𝐮𝐛𝐞 : https://youtube.com/@kornvikkaclinic1234?si=PwiLo4SaaXs9J2DS
……………………………………………
#KVKClinic #DrKoong #หมอเจด
#ยกมาตรฐานจริงใจล้ำสมัย
#SignatureProgram #โปรแกรมพรีเมียม3D #โปรแกรมทรีตเมนต์KVK",,0,04/20/2026 00:56,N/A,https://www.facebook.com/KVKClinic/posts/pfbid02JsJR5tPrtURmEG7uYziZ7vT93PQNkKHtntGWL9PfWsqhCGg5hPzTmu5x5UBwKCxfl,0,0,รูปภาพ,,,,,อายุการใช้งาน,3402,1959,8,4,0,4,36,1,,35,,,,,,
1268048355413431,1.00066E+14,Kornvikkaclinic,"💫 ผิวที่แข็งแรง คือจุดเริ่มต้นของความมั่นใจ
ไม่ว่าผิวจะผ่านอะไรมา 𝐑𝐞𝐜𝐨𝐯𝐞𝐫𝐲 𝐒𝐤𝐢𝐧 𝐏𝐫𝐨𝐠𝐫𝐚𝐦  เผยความมั่นใจในแบบที่เป็นคุณ เพราะทุกเฉดสีผิวต้องการการดูแลที่เข้าใจ 

เพราะสภาพผิวของแต่ละคนมีความต้องการที่ต่างกัน 𝐊𝐕𝐊 𝐂𝐋𝐈𝐍𝐈𝐂 จึงออกแบบโปรแกรมที่ช่วยดูแลผิวอย่างเป็นลำดับขั้นตอน เพื่อผลลัพธ์ที่ช่วยให้ผิวดูอิ่มน้ำ สดใส และเสริมเกราะป้องกันผิวให้แข็งแรงขึ้น

🔍 เจาะลึก 𝟑 ระดับการดูแล:

1️⃣ 𝐁𝐚𝐬𝐢𝐜 𝐏𝐫𝐨𝐠𝐫𝐚𝐦 (𝟏𝟓,𝟗𝟎𝟎.-)
เหมาะสำหรับผู้ที่ต้องการเริ่มต้นดูแลผิว เน้นการเติมความชุ่มชื้นและกระตุ้นการทำงานของเซลล์ผิวด้วย 𝐒𝐢𝐠𝐧𝐚𝐭𝐮𝐫𝐞 𝐏𝐫𝐨𝐠𝐫𝐚𝐦 และ 𝐒𝐩𝐞𝐞𝐝 𝐔𝐩 𝐁𝐨𝐨𝐬𝐭𝐞𝐫 รวม 𝟔 ครั้งในแพ็กเกจ

2️⃣ 𝐀𝐝𝐯𝐚𝐧𝐜𝐞 𝐏𝐫𝐨𝐠𝐫𝐚𝐦 (𝟐𝟐,𝟗𝟎𝟎.-)
อัปเกรดการดูแลให้ลึกยิ่งขึ้น เพิ่มการดูแลผิวด้วยโปรแกรม 𝐑𝐞𝐝𝐭𝐨𝐮𝐜𝐡 𝐏𝐫𝐨 และ 𝐏𝐃𝐑𝐍 𝐌𝐚𝐬𝐤 ที่ช่วยให้ผิวแลดูเรียบเนียน รูขุมขนแลดูกระชับ และผิวดูอิ่มฟูขึ้นอย่างเป็นธรรมชาติ

3️⃣ 𝐄𝐥𝐢𝐭𝐞 𝐏𝐫𝐨𝐠𝐫𝐚𝐦 (𝟑𝟑,𝟗𝟎𝟎.-)
ที่สุดของการปรนนิบัติผิวแบบ 𝐅𝐮𝐥𝐥 𝐂𝐨𝐮𝐫𝐬𝐞 ครบทุกขั้นตอนการดูแล พร้อมไฮไลท์พิเศษ ""𝟐𝟒𝐊 𝐆𝐨𝐥𝐝 𝐓𝐡𝐞𝐫𝐚𝐩𝐲"" ที่ช่วยให้ผิวดูเปล่งปลั่ง กระจ่างใส และแลดูอ่อนเยาว์ในแบบที่คุณสัมผัสได้

อย่าปล่อยให้ปัญหาผิวรบกวนความมั่นใจ จองโปรแกรมที่ใช่ในราคาที่ชอบได้เลยวันนี้!

🔥 โปรโมชั่นพิเศษ ซื้อคอร์สลดเพิ่ม 𝟏𝟒% 
📅 วันนี้ – 30 เมษายน 2569 เท่านั้น
📍 KVK Clinic ทุกสาขา

สนใจพิมพ์ ""สนใจ"" หรือสอบถามรายละเอียดเพิ่มเติมทาง 𝐈𝐧𝐛𝐨𝐱 ได้เลยค่ะ
📩 
.
.
.
ช่องทางติดต่อสอบถาม แอดมิน+ ปรึกษาแพทย์
𝐋𝐢𝐧𝐞 𝐎𝐀 เป็นช่องทางหลัก
สาขา 𝗞𝗼𝗿𝗮𝘁 : @1stkvk 
สาขา 𝗦𝗶𝗮𝗺  : @kvksiam
.
🔹 สาขา 𝗞𝗼𝗿𝗮𝘁 : โคราช (Head Qaurters)
สาขา3 : ติดโรงเรียน ปลูกปัญญา เส้นสุระ 2 
สาขา1 : ในปั้มปตท. ข้างเดอะมอลล์โคราช
📞 06 1956 5444
.
🔹 สาขา 𝗦𝗶𝗮𝗺 : KVK Siam Clinic
Centerpoint Siam Square ชั้น 2
📞 09 5791 5444
.
🌐𝐖𝐞𝐛𝐬𝐢𝐭𝐞 : https://kvkclinic.com
📺𝐘𝐨𝐮𝐭𝐮𝐛𝐞 : https://youtube.com/@kornvikkaclinic1234?si=PwiLo4SaaXs9J2DS
……………………………………………
#KVKClinic #DrKoong #DrJade 
#ยกมาตรฐานจริงใจล้ำสมัย
#RecoverySkinProgramByKVK
#โปรแกรมดูแลผิวพรีเมียม",,0,04/20/2026 04:00,N/A,https://www.facebook.com/KVKClinic/posts/pfbid0WzHf6vAQ5EQDiDJSACy74qMpa2cu5tq3VKsrWcFqgPxnM9qo1jXACZzWPTdsgDyfl,0,0,รูปภาพ,,,,,อายุการใช้งาน,4558,2501,19,12,0,7,63,17,,46,,,,,,
1269381418613458,1.00066E+14,Kornvikkaclinic,"จากจมูกสั้น ดูไม่มีมิติ
2 เดือน ทรงละมุนขึ้นแบบเห็นได้ชัด 👃✨
.
ก่อนทำทรงจมูกคนไข้สันจมูกค่อนข้างต่ำ 
ปลายจมูกมีความสั้นและงุ้มลงเล็กน้อย
ทำให้รูปทรงจมูกดูทู่และขาดมิติ
เคสนี้แก้ไขด้วยโปรแกรมเสริมจมูก 
เพื่อปรับทรงปลายจมูกให้ได้สัดส่วนมากขึ้น
หลังทำครบ 2 เดือนทรงจมูกเริ่มเข้าที่มากขึ้น
ปลายจมูกดูยาวและยกขึ้นอย่างพอดี
ทำให้รูปทรงโดยรวมดูเรียว ละมุน
.
ผ่าตัดเสริมจมูกที่ KVK Clinic
✅ ดูแลโดยแพทย์มากประสบการณ์
✅ ปรึกษากับคุณหมอก่อนเข้าห้องผ่าตัดทุกเคส
✅ ออกแบบทรงจมูกให้เข้ากับแต่ละบุคคล แบบเคสต่อเคส
✅ ติดตามผลและดูแลหลังผ่าตัดอย่างต่อเนื่อง",,0,04/21/2026 22:05,N/A,https://www.facebook.com/KVKClinic/posts/pfbid0j8FoE5YYWBkkPmHEiA1eCbSjQn1Yo7wp3dkJob4qmRK1Y71CCXk8Wnjcyga2QDX6l,0,0,รูปภาพ,,,,,อายุการใช้งาน,2902,1657,5,5,0,0,6,4,,2,,,,,,
1269498821935051,1.00066E+14,Kornvikkaclinic,"📣เอาใจ BANGKOK CITY
.
🎉 เซอร์ไพรส์ดีลแรง! “สาขาสยาม” เท่านั้น 🎉
จองออนไลน์วันนี้ คุ้มสุดแบบที่คุณห้ามพลาด!
.
✨ ดีลพิเศษ เลือกได้ตามงบ
▪️ ยอดซื้อ < 20,000    
จองมัดจำ50%  ลดเพิ่ม  500.-
จองเต็มจำนวน  ลดเพิ่ม  1,000.-

▪️ ยอดซื้อ > 35,000.-
จองมัดจำ50%  ลดเพิ่ม  1,000.-
จองเต็มจำนวน  ลดเพิ่ม  2,000.-

▪️ ยอดซื้อ > 50,000.-
จองมัดจำ50%  ลดเพิ่ม  1,500.-
จองเต็มจำนวน  ลดเพิ่ม  3,000.-
.
💬 จองง่าย จ่ายน้อย สวยคุ้มกว่า
📍 เฉพาะสาขาสยาม เท่านั้น 
.
.
.
ช่องทางติดต่อสอบถาม แอดมิน+ ปรึกษาแพทย์
𝐋𝐢𝐧𝐞 𝐎𝐀 เป็นช่องทางหลัก
สาขา 𝗞𝗼𝗿𝗮𝘁 : @1stkvk
สาขา 𝗦𝗶𝗮𝗺  : @kvksiam
.
🔹 สาขา 𝗞𝗼𝗿𝗮𝘁 : โคราช (Head Qaurters)
สาขา3 : ติดโรงเรียน ปลูกปัญญา เส้นสุระ 2 
สาขา1 : ในปั้มปตท. ข้างเดอะมอลล์โคราช
📞 06 1956 5444
.
🔹 สาขา 𝗦𝗶𝗮𝗺 : KVK Siam Clinic
Centerpoint Siam Square ชั้น 2
📞 09 5791 5444
.
🌐𝐖𝐞𝐛𝐬𝐢𝐭𝐞 : https://kvkclinic.com
📺𝐘𝐨𝐮𝐭𝐮𝐛𝐞 : https://youtube.com/@kornvikkaclinic1234?si=PwiLo4SaaXs9J2DS
……………………………………………
#KVKClinic #DrKoong #หมอเจด
#ยกมาตรฐานจริงใจล้ำสมัย
#จองโปรออนไลน์",,0,04/22/2026 01:29,N/A,https://www.facebook.com/KVKClinic/posts/pfbid0AUZ1PpSWaNPySxsCq5Au91EtrhaF8tk2Kajdi5KatjRrXrJHfRRjyjx9D317LWHWl,0,0,รูปภาพ,,,,,อายุการใช้งาน,2897,1702,6,6,0,0,5,3,1,1,,,,,,
1269577451927188,1.00066E+14,Kornvikkaclinic,"🔥 ดีลแรง! ตัวท็อปยกกระชับ + ผิวโกลว์ ครบในโปรเดียว 🔥
.
ใครอยาก “หน้าตึง ผิวแน่น กรอบหน้าชัด ” ต้องจัดด่วน!
🔥𝗣𝗿𝗼𝗺𝗼𝘁𝗶𝗼𝗻 เพียง 𝟯𝟯,𝟵𝟬𝟬.-

✅ 𝗣𝗥𝗢𝗚𝗥𝗔𝗠 𝗢𝗟𝗜𝗚𝗜𝗢 𝗫 𝟲𝟬𝟬 𝗦𝗛𝗢𝗧 : เย็น ยก ยุบ นาน + เทคโนโลยี𝗚𝗫𝗚 ลงทุกชั้นผิว
✅ 𝗣𝗥𝗢𝗚𝗥𝗔𝗠 𝗨𝗟𝗧𝗥𝗔𝗙𝗢𝗥𝗠𝗘𝗥 𝗠𝗣𝗧 𝟯𝟬𝟬 𝗦𝗛𝗢𝗧𝗦 : เพิ่มพลังยกกระชับ 𝘅𝟮 เห็นผลลัพธ์ชัดขึ้น
.
.
✨ ไม่พอ! ยังได้อีก
แลกซื้อ 𝗣𝗥𝗢𝗚𝗥𝗔𝗠 𝗣𝗥𝗘𝗠𝗜𝗨𝗠 𝗕𝗔𝗕𝗬 𝗚𝗟𝗢𝗪 
ผิวใส ฉ่ำ โกลว์ แบบผิวลูกคุณ
🔥 ราคาเพียง 𝟭𝟱,𝟵𝟬𝟬.- (จากปกติ 25,000.-)
.
✨โปรนี้คือคำตอบ ทำครั้งเดียว ได้ทั้ง
• ยกกระชับ+หน้าเรียว+ผิวแน่น
• ผิวฟู อิ่มน้ำ ดูสุขภาพดี
• ผิวเนียนละเอียด แต่งหน้าง่ายขึ้น
.
.
.
ช่องทางติดต่อสอบถาม แอดมิน+ ปรึกษาแพทย์
𝐋𝐢𝐧𝐞 𝐎𝐀 เป็นช่องทางหลัก
สาขา 𝗞𝗼𝗿𝗮𝘁 : @1stkvk
สาขา 𝗦𝗶𝗮𝗺  : @kvksiam
.
🔹 สาขา 𝗞𝗼𝗿𝗮𝘁 : โคราช (Head Qaurters)
สาขา3 : ติดโรงเรียน ปลูกปัญญา เส้นสุระ 2 
สาขา1 : ในปั้มปตท. ข้างเดอะมอลล์โคราช
📞 06 1956 5444
.
🔹 สาขา 𝗦𝗶𝗮𝗺 : KVK Siam Clinic
Centerpoint Siam Square ชั้น 2
📞 09 5791 5444
.
🌐𝐖𝐞𝐛𝐬𝐢𝐭𝐞 : https://kvkclinic.com
📺𝐘𝐨𝐮𝐭𝐮𝐛𝐞 : https://youtube.com/@kornvikkaclinic1234?si=PwiLo4SaaXs9J2DS
……………………………………………
#KVKClinic #DrKoong #หมอเจด
#ยกมาตรฐานจริงใจล้ำสมัย
#OligioX #UltraformerMPT
#MPT #OGX #ยกกระชับ
#BabyGlowProgram",,0,04/22/2026 04:00,N/A,https://www.facebook.com/KVKClinic/posts/pfbid0MSvLRzvN2QrLAG4GsxCiUUhB8WckZ8upkwiAM92KdCyUWjbnw8yiPavkPqMKhF2Ul,0,0,รูปภาพ,,,,,อายุการใช้งาน,3248,2003,10,9,0,1,12,8,,4,,,,,,
1270091375209129,1.00066E+14,Kornvikkaclinic,"จากจมูกแบน มุมข้างที่เคยเรียบ 
วันนี้ดูมีมิติขึ้นแล้ว ✨
.
เคสนี้คนไข้มีลักษณะสันจมูกค่อนข้างแบน 
ปลายจมูกมีความสั้นและทู่เล็กน้อย ทำให้ทรงจมูกดูสั้น
เคสนี้แก้ไขด้วยโปรแกรมเสริมจมูก
พร้อมออกแบบทรงใหม่ให้รับกับใบหน้า 
และปรับปลายให้ดูยาวขึ้น
หลังทำจะเห็นว่าสันจมูกดูยกและชัดขึ้น
ปลายจมูกถูกปรับให้ยาว ทำให้ทรงจมูกดูเรียวขึ้น
มุมด้านข้างดูมีมิติแลดูเป็นธรรมชาติ
.
ผ่าตัดเสริมจมูกที่ KVK Clinic
✅ ดูแลโดยแพทย์มากประสบการณ์
✅ ปรึกษากับคุณหมอก่อนเข้าห้องผ่าตัดทุกเคส
✅ ออกแบบทรงจมูกให้เข้ากับแต่ละบุคคล แบบเคสต่อเคส
✅ ติดตามผลและดูแลหลังผ่าตัดอย่างต่อเนื่อง",,0,04/22/2026 20:15,N/A,https://www.facebook.com/KVKClinic/posts/pfbid02HvUev9Wzr3bkpR41YKEna44EVj9i4a5PhZeDx6epTehHod6V4xXrVnWpq1sBCf18l,0,0,รูปภาพ,,,,,อายุการใช้งาน,2598,1531,8,8,0,0,2,,,2,,,,,,
1270945828457017,1.00066E+14,Kornvikkaclinic,"🔆คืนสมดุลให้ผิว จัดการเม็ดสีลึกถึงต้นตอกับโปรแกรม
𝐏𝐢𝐜𝐨 𝐋𝐚𝐬𝐞𝐫 ทางเลือกใหม่ของการดูแลผิวระดับพรีเมียม ที่ 𝐊𝐕𝐊𝐂𝐥𝐢𝐧𝐢𝐜 

.
จุดเด่นของโปรแกรม 𝐏𝐢𝐜𝐨𝐥𝐚𝐬𝐞𝐫 ที่ 𝐊𝐕𝐊 𝐂𝐥𝐢𝐧𝐢𝐜🧬

1️⃣ พลังงานสลายเม็ดสีได้ละเอียดกว่า (𝐔𝐥𝐭𝐫𝐚-𝐇𝐢𝐠𝐡 𝐑𝐞𝐬𝐨𝐥𝐮𝐭𝐢𝐨𝐧)
ด้วยความเร็วระดับ 𝐏𝐢𝐜𝐨𝐬𝐞𝐜𝐨𝐧𝐝 ทำให้พลังงานเลเซอร์เข้าไปกระแทกเม็ดสีที่ผิดปกติ (𝐌𝐞𝐥𝐚𝐧𝐢𝐧) ให้แตกละเอียด ซึ่งเล็กกว่าเลเซอร์รุ่นเก่าๆ มาก ทำให้ร่างกายกำจัดออกได้ง่ายและรวดเร็วขึ้น

2️⃣ ดูแลปัญหาผิวได้แบบ ""𝐌𝐮𝐥𝐭𝐢𝐭𝐚𝐬𝐤𝐢𝐧𝐠""
โปรแกรมเดียวแต่ครอบคลุมหลายปัญหาผิว ไม่ว่าจะเป็นการจัดการรอยดำ รอยแดงจากสิว ฝ้า กระ แดด รวมไปถึงการลบรอยสัก และยังช่วยปรับสีผิวที่ไม่สม่ำเสมอให้กลับมาดูดีขึ้นอย่างเป็นธรรมชาติ

3️⃣ กระตุ้นคอลลาเจน ฟื้นฟูผิวจากภายใน
ไม่ใช่แค่การลบจุดด่างดำ แต่ 𝐏𝐢𝐜𝐨 𝐋𝐚𝐬𝐞𝐫 ยังมีโหมดที่ช่วยสร้างช่องว่างเล็กๆ ใต้ผิว (𝐋𝐈𝐎𝐁) ซึ่งเป็นการส่งสัญญาณให้ร่างกายเร่งสร้าง 𝐂𝐨𝐥𝐥𝐚𝐠𝐞𝐧 และ 𝐄𝐥𝐚𝐬𝐭𝐢𝐧 ขึ้นมาใหม่ ช่วยให้รูขุมขนกระชับและผิวหน้าดูเรียบเนียน )𝐒𝐤𝐢𝐧 𝐑𝐞𝐣𝐮𝐯𝐞𝐧𝐚𝐭𝐢𝐨𝐧) ขึ้น

4️⃣ ไม่สะสมความร้อน ผิวไม่ไหม้ (𝐞𝐬𝐬 𝐓𝐡𝐞𝐫𝐦𝐚𝐥 𝐃𝐚𝐦𝐚𝐠𝐞)
ต่างจากเลเซอร์ยุคก่อนที่ใช้ความร้อนสูงในการสลายเม็ดสี 𝐏𝐢𝐜𝐨 𝐋𝐚𝐬𝐞𝐫 ใช้หลักการ 𝐏𝐡𝐨𝐭𝐨𝐚𝐜𝐨𝐮𝐬𝐭𝐢𝐜 (พลังงานแสงเปลี่ยนเป็นแรงดัน) จึงแทบไม่ทิ้งความร้อนสะสมบนผิว ช่วยลดความเสี่ยงผิวไหม้เบิร์น หรือปัญหาหน้าคล้ำหลังทำ (𝐏𝐈𝐇) ได้เป็นอย่างดี

5️⃣ พักฟื้นสั้น ใช้ชีวิตต่อได้ทันที
เนื่องจากเป็นการทำร้ายผิวชั้นบนน้อยมาก (𝐍𝐨𝐧-𝐚𝐛𝐥𝐚𝐭𝐢𝐯𝐞) หลังทำอาจมีอาการแดงเพียงเล็กน้อยและจางไปเองอย่างรวดเร็ว ทำให้ไม่ต้องหยุดงานหรือพักหน้าเป็นเวลานาน ตอบโจทย์ไลฟ์สไตล์ของคนยุคใหม่ที่ต้องการความรวดเร็วและเห็นผลลัพธ์ที่น่าพึงพอใจ

.
✨คืนความสดใสให้ผิวหน้าด้วยเทคโนโลยีมาตรฐานระดับโลกที่ 𝐊𝐕𝐊 𝐂𝐥𝐢𝐧𝐢𝐜

💌สอบถามรับสิทธิพิเศษของวันนี้ได้ที่นี่ 👇
.
.
.
ช่องทางติดต่อสอบถาม แอดมิน+ ปรึกษาแพทย์
𝐋𝐢𝐧𝐞 𝐎𝐀 เป็นช่องทางหลัก
สาขา 𝗞𝗼𝗿𝗮𝘁 : @1stkvk
สาขา 𝗦𝗶𝗮𝗺  : @kvksiam
.
🔹 สาขา 𝗞𝗼𝗿𝗮𝘁 : โคราช (Head Qaurters)
สาขา3 : ติดโรงเรียน ปลูกปัญญา เส้นสุระ 2 
สาขา1 : ในปั้มปตท. ข้างเดอะมอลล์โคราช
📞 06 1956 5444
.
🔹 สาขา 𝗦𝗶𝗮𝗺 : KVK Siam Clinic
Centerpoint Siam Square ชั้น 2
📞 09 5791 5444
.
🌐𝐖𝐞𝐛𝐬𝐢𝐭𝐞 : https://kvkclinic.com
📺𝐘𝐨𝐮𝐭𝐮𝐛𝐞 : https://youtube.com/@kornvikkaclinic1234?si=PwiLo4SaaXs9J2DS
……………………………………………
#KVKClinic #DrKoong #หมอเจด
#ยกมาตรฐานจริงใจล้ำสมัย
#ProgramPicoLaser #PicosecondLaser
#SkinRevitalization #เลเซอร์ผิว",,0,04/23/2026 21:51,N/A,https://www.facebook.com/KVKClinic/posts/pfbid0W47uEPpBbpMF1pRVYG7B4G9dtprvKFBCR9DCbtBfUN3WsyL4hzbVtaCBFrtTfwsul,0,0,รูปภาพ,,,,,อายุการใช้งาน,2827,1641,10,8,2,0,16,2,1,13,,,,,,
1271683008383299,1.00066E+14,Kornvikkaclinic,"จากตาปรือ ดูง่วงตลอดเวลา
ปรับชั้นตาใหม่ให้ดูสดใสกว่าเดิม 👁️👁️
.
เคสนี้ตาข้างขวามีภาวะกล้ามเนื้อตาอ่อนแรง
และทำให้ตาดูปรือ ทำให้รู้สึกตาดูง่วงตลอดเวลา
เคสนี้เลือกแก้ไขด้วยการผ่าตัดตาสองชั้น
ร่วมกับการแก้ไขปรับกล้ามเนื้อตา 
ที่ช่วยให้เปลือกตาดูยกขึ้นและได้ชั้นตาที่ดูชัดขึ้น
หลังทำครบ 6 เดือน ดวงตาเปิดขึ้นอย่างเป็นธรรมชาติ
ช่วยให้ดวงตาดูสดใส ชั้นตาชัดขึ้น
.
ผ่าตัดตาสองชั้นที่ KVK Clinic
✅ ดูแลโดยแพทย์มากประสบการณ์
✅ ปรึกษากับคุณหมอก่อนเข้าห้องผ่าตัดทุกเคส
✅ ออกแบบชั้นตาให้เข้ากับแต่ละบุคคล แบบเคสต่อเคส
✅ ติดตามผลและดูแลหลังผ่าตัดอย่างต่อเนื่อง",,0,04/24/2026 20:00,N/A,https://www.facebook.com/KVKClinic/posts/pfbid027PEDMpGQm4wpYdQhQ3pGqhtR5KauUp9QggynzPFo3gyszQv4pTXMenYX6KLrawEul,0,0,รูปภาพ,,,,,อายุการใช้งาน,2206,1386,7,6,1,0,2,,,2,,,,,,
1271732088378391,1.00066E+14,Kornvikkaclinic,"🤭สัมผัสประสบการณ์การดูแลผิวระดับพรีเมียมกับ 𝐏𝐫𝐨𝐠𝐫𝐚𝐦 𝐔𝐥𝐭𝐡𝐞𝐫𝐚 𝐏𝐫𝐢𝐦𝐞 ที่ออกแบบมาเพื่อตอบโจทย์ 𝟑 ผลลัพธ์ในหนึ่งเดียว 𝟑𝟎𝟎𝐋𝐢𝐧𝐞 เพียง 𝟑𝟗,𝟗𝟎𝟎.-‼️
.
🔸𝐏𝐫𝐞𝐜𝐢𝐬𝐢𝐨𝐧 𝐋𝐢𝐟𝐭𝐢𝐧𝐠: พลังงานอัลตราซาวด์ที่มีความแม่นยำสูง ลงลึกถึงจุดที่ต้องการ แก้ไขปัญหาความหย่อนคล้อยได้อย่างตรงจุด
🔸𝐂𝐨𝐥𝐥𝐚𝐠𝐞𝐧 𝐁𝐨𝐨𝐬𝐭: กระตุ้นการสร้างคอลลาเจนใหม่ ให้ผิวค่อยๆ ดูฟูและเรียบเนียนขึ้นอย่างเป็นธรรมชาติ
🔸𝐒𝐤𝐢𝐧 𝐐𝐮𝐚𝐥𝐢𝐭𝐲: ไม่ใช่แค่ยก แต่ยังช่วยให้ Texture ของผิวดูละเอียดและมีความยืดหยุ่น (Elasticity) มากยิ่งขึ้น

🎯 ทำไมต้อง 𝟑𝟎𝟎 Line?
จำนวน Line ที่พอเหมาะสำหรับเน้นเฉพาะจุด เช่น กรอบหน้า หรือ แก้ม เพื่อการเก็บรายละเอียดที่เห็นผลชัดเจน ภายใต้การดูแลของทีมแพทย์ 𝐊𝐕𝐊𝐂𝐥𝐢𝐧𝐢𝐜
.
📍 สนใจปรึกษาหรือจองสิทธิ์ ทักแชทพิมพ์ “𝐏𝐑𝐈𝐌𝐄𝟑𝟎𝟎” รับสิทธิพิเศษทีมแอดมินสแตนด์บายดูแลคุณอยู่
.
.
.
ช่องทางติดต่อสอบถาม แอดมิน+ ปรึกษาแพทย์
𝐋𝐢𝐧𝐞 𝐎𝐀 เป็นช่องทางหลัก
สาขา 𝗞𝗼𝗿𝗮𝘁 : @1stkvk
สาขา 𝗦𝗶𝗮𝗺  : @kvksiam
.
🔹 สาขา 𝗞𝗼𝗿𝗮𝘁 : โคราช (Head Qaurters)
สาขา3 : ติดโรงเรียน ปลูกปัญญา เส้นสุระ 2 
สาขา1 : ในปั้มปตท. ข้างเดอะมอลล์โคราช
📞 06 1956 5444
.
🔹 สาขา 𝗦𝗶𝗮𝗺 : KVK Siam Clinic
Centerpoint Siam Square ชั้น 2
📞 09 5791 5444
.
🌐𝐖𝐞𝐛𝐬𝐢𝐭𝐞 : https://kvkclinic.com
📺𝐘𝐨𝐮𝐭𝐮𝐛𝐞 : https://youtube.com/@kornvikkaclinic1234?si=PwiLo4SaaXs9J2DS
……………………………………………
#KVKClinic #DrKoong #หมอเจด
#ยกมาตรฐานจริงใจล้ำสมัย
#ProgramUltherapyPrime #โปรโมชั่นสุดพรีเมียม",,0,04/24/2026 20:38,N/A,https://www.facebook.com/KVKClinic/posts/pfbid02hXD33RFVwUY3ikcihhF2mmVBUNVocfMzKtG4m6tC5SmNHjq6aEPLbCAwcnTzq1Arl,0,0,รูปภาพ,,,,,อายุการใช้งาน,2543,1547,8,7,0,1,8,6,,2,,,,,,
1271795168372083,1.00066E+14,Kornvikkaclinic,"เติมความมั่นใจให้กรอบหน้า... อีกหนึ่งความประทับใจจากผู้ใช้จริงที่อยากส่งต่อกับโปรแกรม 𝐔𝐥𝐭𝐡𝐞𝐫𝐚𝐩𝐲𝐏𝐫𝐢𝐦𝐞 💛

.
🧬ด้วยเทคโนโลยี 𝐌𝐢𝐜𝐫𝐨-𝐅𝐨𝐜𝐮𝐬𝐞𝐝 𝐔𝐥𝐭𝐫𝐚𝐬𝐨𝐮𝐧𝐝 𝐰𝐢𝐭𝐡 𝐕𝐢𝐬𝐮𝐚𝐥𝐢𝐳𝐚𝐭𝐢𝐨𝐧 ที่ทำให้เราสามารถมองเห็นชั้นผิวผ่านหน้าจอขณะทำได้อย่างเรียลไทม์ ช่วยให้การส่งพลังงานลงไปมีความแม่นยำสูง กระตุ้นการสร้างคอลลาเจนใหม่จากภายในสู่ภายนอก

สิ่งที่คุณจะสัมผัสได้: 👋

✅ กรอบหน้า (Jawline) ที่แลดูคมชัดขึ้น

✅ ผิวบริเวณพวงแก้มดูยกกระชับ ไม่หย่อนคล้อยตามแรงโน้มถ่วง

✅ หางตาและคิ้วดูยกขึ้น ช่วยให้ดวงตาดูสดใส

*ผลลัพธ์ที่ได้ขึ้นอยู่กับสภาพผิวและการตอบสนองของแต่ละบุคคล แนะนำให้เข้ามาปรึกษาเพื่อประเมินจำนวนไลน์ที่เหมาะสมก่อนรับบริการนะคะ 🫶👩🏻‍⚕
.
.
.
ช่องทางติดต่อสอบถาม แอดมิน+ ปรึกษาแพทย์
𝐋𝐢𝐧𝐞 𝐎𝐀 เป็นช่องทางหลัก
สาขา 𝗞𝗼𝗿𝗮𝘁 : @1stkvk
สาขา 𝗦𝗶𝗮𝗺  : @kvksiam
.
🔹 สาขา 𝗞𝗼𝗿𝗮𝘁 : โคราช (Head Qaurters)
สาขา3 : ติดโรงเรียน ปลูกปัญญา เส้นสุระ 2 
สาขา1 : ในปั้มปตท. ข้างเดอะมอลล์โคราช
📞 06 1956 5444
.
🔹 สาขา 𝗦𝗶𝗮𝗺 : KVK Siam Clinic
Centerpoint Siam Square ชั้น 2
📞 09 5791 5444
.
🌐𝐖𝐞𝐛𝐬𝐢𝐭𝐞 : https://kvkclinic.com
📺𝐘𝐨𝐮𝐭𝐮𝐛𝐞 : https://youtube.com/@kornvikkaclinic1234?si=PwiLo4SaaXs9J2DS
……………………………………………
#KVKClinic #DrKoong #หมอเจด
#ยกมาตรฐานจริงใจล้ำสมัย
#ProgramUltherapyPrime",,0,04/25/2026 00:00,N/A,https://www.facebook.com/KVKClinic/posts/pfbid024nC4Nm7CfWawTCQTdo6VNcWCyY8pAGw5pi67b5k75CZMseQJN58JRQdsYFeipyBUl,0,0,รูปภาพ,,,,,อายุการใช้งาน,2829,1673,5,4,0,1,22,2,,20,,,,,,
1271925485025718,1.00066E+14,Kornvikkaclinic,"จมูกแบน ปลายทู่ ปีกกว้าง
ปรับทรงใหม่ให้เรียวชัดขึ้น ✨
.
เคสนี้สันจมูกค่อนข้างต่ำ ทำให้มุมข้างดูเรียบ
ปลายจมูกมีเนื้อเยอะ ทำให้ทรงดูทู่ 
และปีกจมูกค่อนข้างกว้าง
คุณหมอจึงแก้ไขด้วยโปรแกรมเสริมจมูก
โดยทำร่วมกับการตัดปีก เพื่อปรับสันให้ดูชัดขึ้น 
และลดความกว้างของฐานจมูก
หลังทำทันทีจะเห็นได้ชัดว่าทรงจมูกดูเรียวขึ้น
ปลายจมูกถูกปรับให้ดูเล็กและได้รูปมากขึ้น
.
ผ่าตัดเสริมจมูกที่ KVK Clinic
✅ ดูแลโดยแพทย์มากประสบการณ์
✅ ปรึกษากับคุณหมอก่อนเข้าห้องผ่าตัดทุกเคส
✅ ออกแบบทรงจมูกให้เข้ากับแต่ละบุคคล แบบเคสต่อเคส
✅ ติดตามผลและดูแลหลังผ่าตัดอย่างต่อเนื่อง",,0,04/25/2026 20:00,N/A,https://www.facebook.com/KVKClinic/posts/pfbid02j9tkVtxzzjyM7J4b6Vj1ExwA86jL61NkV2abjRpdEFJoPzABQmATrPBTAM3P1CLPl,0,0,รูปภาพ,,,,,อายุการใช้งาน,2791,1632,13,10,1,2,17,10,,7,,,,,,
1272660514952215,1.00066E+14,Kornvikkaclinic,"พาชมเบื้องหลังนวัตกรรมความงาม... เพื่อความเหมาะสมในทุกมุมมอง ✨
เคยสงสัยไหมคะว่า ทำไมผลิตภัณฑ์แต่ละรุ่นถึงมีเนื้อสัมผัสที่ไม่เหมือนกัน? 🤔

จากการที่ทีมงานได้เข้าศึกษาดูงานที่ Lab วิจัยระดับโลก ทำให้เราเห็นความสำคัญของการควบคุมกระบวนการ Crosslink เพื่อสร้างเนื้อเจลที่มีคุณสมบัติเฉพาะตัว:

✅ความยืดหยุ่น: เพื่อการขยับเขยื้อนที่เป็นธรรมชาติ

✅ความคงตัว: เพื่อความเหมาะสมในจุดที่ต้องการความชัดเจน

✅ความละเอียด: เพื่อความเรียบเนียนกลืนไปกับผิว

.
เราให้ความสำคัญกับการคัดสรรเนื้อสัมผัส (Rheology) ที่มีความหลากหลาย เพื่อให้เหมาะสมกับความต้องการที่แตกต่างกันในแต่ละบุคคล ตั้งแต่ความละเอียดของเส้นใย HA Fibers ไปจนถึงความยืดหยุ่นของเนื้อเจลมาตรฐานสากล

การเลือกสิ่งที่เหมาะสม คือพื้นฐานของความมั่นใจที่คุณวางใจได้🫶

...................................................
#KVKClinic #DrKoong #หมอเจด
#ยกมาตรฐานจริงใจล้ำสมัย
#โปรแกรมฟิลเลอร์",,0,04/26/2026 01:00,N/A,https://www.facebook.com/KVKClinic/posts/pfbid0ADbDx43PPTFwovaUgiPBsHTfEHSEBAqQX6icQmhABftbgnS214Y6GTQoZMtrujbpl,0,0,รูปภาพ,,,,,อายุการใช้งาน,3038,1753,8,7,0,1,14,1,,13,,,,,,
1273584614859805,1.00066E+14,Kornvikkaclinic,"𝐏𝐫𝐨𝐠𝐫𝐚𝐦 𝐗𝐓𝐇𝐄𝐑𝐌𝐀 นวัตกรรมยกกระชับ ที่ออกแบบมาเพื่อผลลัพธ์ที่ “ดูดีแบบงานผิวระดับพรีเมียม“ ตอบโจทย์ชีวิตที่เร่งรีบ ⚡️

.
🧬 ดูแลผิวหน้าและผิวกายแบบเจาะลึกด้วยเทคโนโลยี 𝐌𝐨𝐧𝐨𝐩𝐨𝐥𝐚𝐫 𝐑𝐅 ความถี่ 𝟔.𝟕𝟖 𝐌𝐇𝐳 ที่ส่งพลังงานความร้อนลงสู่ชั้นผิวได้อย่างแม่นยำ พร้อมนวัตกรรม ”𝟕 𝐂𝐨𝐨𝐥𝐢𝐧𝐠 𝐏𝐮𝐥𝐬𝐞“ ปลอบประโลมผิวขณะทำ ให้ความรู้สึกสบาย ไม่เจ็บอย่างที่คิด

✅ ครอบคลุม 𝟑 บริเวณสำคัญ:
• 𝐄𝐲𝐞𝐬:  ดูแลผิวรอบดวงตาให้ดูสดใส
• 𝐅𝐚𝐜𝐞:  ปรับรูปหน้าให้ดูมีมิติ ลดปัญหาแก้มคล้อยและเหนียงใต้คาง
• 𝐁𝐨𝐝𝐲:  ดูแลผิวพรรณทั่วเรือนร่างให้เนียนกระชับ

.
✨ ทำไมต้อง 𝐏𝐫𝐨𝐠𝐫𝐚𝐦 𝐗𝐭𝐡𝐞𝐫𝐦𝐚 ที่ 𝐊𝐕𝐊 𝐂𝐥𝐢𝐧𝐢𝐜?

• 𝟕 𝐂𝐨𝐨𝐥𝐢𝐧𝐠 𝐏𝐮𝐥𝐬𝐞: นวัตกรรมปล่อยความเย็นสลับพลังงานความร้อน ปลอบประโลมผิวให้รู้สึกสบายตลอดการทำ

• 𝐃𝐞𝐞𝐩 𝐇𝐞𝐚𝐭𝐢𝐧𝐠: ส่งความร้อนลงลึกเพื่อช่วยให้ผิวดูอิ่มน้ำ ยืดหยุ่น และแลดูอ่อนเยาว์อย่างเป็นธรรมชาติ

• 𝟑 𝐒𝐩𝐞𝐜𝐢𝐟𝐢𝐜 𝐓𝐢𝐩𝐬: ดูแลได้ครอบคลุมทั้งรอบดวงตา (Eyes), ใบหน้า (Face) และลำตัว (Body) ด้วยหัวทิปเฉพาะจุด

⏱ เร็วกว่าเดิม ประสิทธิภาพมากขึ้น: ด้วยหัวทิปขนาดใหม่ 5 cm^2 (กว้างขึ้น 20%) ช่วยให้ใช้เวลาในการทำน้อยลง แต่ส่งพลังงานได้ครอบคลุมและแม่นยำยิ่งขึ้น
เหมาะสำหรับผู้ที่มีปัญหาแก้มห้อย มีเหนียง หรือต้องการฟื้นฟูผิวให้กลับมาแน่นฟูอีกครั้ง

*ผลลัพธ์ขึ้นอยู่กับสภาพผิวของแต่ละบุคคล
📍 สนใจปรึกษาประเมินรูปหน้าก่อนทำ ทักแชทหาแอดมินได้เลย
.
.
.
ช่องทางติดต่อสอบถาม แอดมิน+ ปรึกษาแพทย์
𝐋𝐢𝐧𝐞 𝐎𝐀 เป็นช่องทางหลัก
สาขา 𝗞𝗼𝗿𝗮𝘁 : @1stkvk 
.
🔹 สาขา 𝗞𝗼𝗿𝗮𝘁 : โคราช (Head Qaurters)
สาขา3 : ติดโรงเรียน ปลูกปัญญา เส้นสุระ 2 
สาขา1 : ในปั้มปตท. ข้างเดอะมอลล์โคราช
📞 06 1956 5444
.
🌐𝐖𝐞𝐛𝐬𝐢𝐭𝐞 : https://kvkclinic.com
📺𝐘𝐨𝐮𝐭𝐮𝐛𝐞 : https://youtube.com/@kornvikkaclinic1234?si=PwiLo4SaaXs9J2DS
............................................
#KVKClinic #DrKoong #DrJade 
#ยกมาตรฐานจริงใจล้ำสมัย 
#ProgramXTherma 
#โปรแกรมยกกระชับ",,0,04/27/2026 01:28,N/A,https://www.facebook.com/KVKClinic/posts/pfbid02kE2uKDQmEx8Ky8XgbU7zEfaDib3JZhzAJhwjoKs9anzXH32aZx759N53Gci2a8P3l,0,0,รูปภาพ,,,,,อายุการใช้งาน,2969,1763,9,6,0,3,17,2,1,14,,,,,,
1273506384867628,1.00066E+14,Kornvikkaclinic,"จากตาที่เคยปรือไม่เท่ากัน
ครบ 1 เดือน ชั้นชัดแลดูธรรมชาติ ✨
.
เคสนี้ก่อนทำมีภาวะกล้ามเนื้อตาอ่อนแรง
ทำให้ตาไม่เท่ากันและตาดูเล็ก
คุณหมอแก้ไขด้วยการผ่าตัดตาสองชั้น
ร่วมกับปรับกล้ามเนื้อตา พร้อมออกแบบชั้นตาใหม่
หลังทำครบ 1 เดือนชั้นตาเริ่มเข้าที่ 
ดูใกล้เคียงกันทั้งสองข้างมากขึ้น 
ดวงตาดูเปิดขึ้นแลดูเป็นธรรมชาติ
.
ผ่าตัดตาสองชั้นที่ KVK Clinic
✅ ดูแลโดยแพทย์มากประสบการณ์
✅ ปรึกษากับคุณหมอก่อนเข้าห้องผ่าตัดทุกเคส
✅ ออกแบบชั้นตาให้เข้ากับแต่ละบุคคล แบบเคสต่อเคส
✅ ติดตามผลและดูแลหลังผ่าตัดอย่างต่อเนื่อง",,0,04/27/2026 20:00,N/A,https://www.facebook.com/KVKClinic/posts/pfbid0KnbZN1c3N5VUBPVqPZB9u9A5ogjScMD35o1WLsdiCJW4X6sfu1xWyeDEwRBFFfXTl,0,0,รูปภาพ,,,,,อายุการใช้งาน,2461,1571,9,7,1,1,5,4,,1,,,,,,
1274225164795750,1.00066E+14,Kornvikkaclinic,"ประกาศรายชื่อผู้โชคดี 𝑳𝒖𝒄𝒌𝒚 𝑭𝒂𝒏𝒔 เพื่อเข้าร่วมงาน 𝑬𝒙𝒄𝒍𝒖𝒔𝒊𝒗𝒆 𝑭𝒂𝒏 𝑩𝒆𝒏𝒆𝒇𝒊𝒕 ""𝑳𝒊𝒇𝒕 𝒀𝒐𝒖𝒓 𝑳𝒖𝒄𝒌 กับเก่ง-น้ำปิง"" วันที่ 13 พฤษภาคม 2569 ที่ centralwOrld✨
.
✨ ขอแสดงความยินดีด้วยนะคะ

รายชื่อผู้โชคดี 3 ท่าน 
คุณ จิญาXX  แก้วXXX
คุณ ธนรXX  โพธิ์ทองXXX
คุณ รัตนาXX ทองXXXX
. 
.
📍 เงื่อนไขเพิ่มเติม:

* ผู้โชคดีต้องแจ้ง ยืนยันสิทธิ์ภายใน 5 วัน นับจากวันประกาศผล หากไม่ยืนยันสิทธิ์ในระยะเวลาที่กำหนดไว้ จะถือว่าสละสิทธิ์ และทางบริษัทขอสงวนสิทธิ์ไว้ให้ผู้โชคดีลำดับถัดไป
*สิทธิ์เข้าร่วม 𝑳𝒖𝒄𝒌𝒚 𝑭𝒂𝒏𝒔 ไม่สามารถโอนให้ผู้อื่น แลกเปลี่ยน หรือทอนเป็นเงินสดได้
*บริษัทฯ ขอสงวนสิทธิ์เปลี่ยนแปลงเงื่อนไขโดยไม่แจ้งล่วงหน้า
*การตัดสินใจของบริษัทฯ ถือเป็นที่สิ้นสุด

--------------------
#KVKClinic #DrKoong #หมอเจด
#ยกมาตรฐานจริงใจล้ำสมัย
#KengNampingLuckyFan #KengNamping
#LinearZ #Density #เก่งน้ำปิง #ยกหน้าGenใหม่",,0,04/27/2026 20:01,N/A,https://www.facebook.com/KVKClinic/posts/pfbid02sPU9WARSkxBoXdGvEcrvDxoEhyduPhWywsX8LNXXExSW9FXnDaZBrja4EBKCwZG7l,0,0,รูปภาพ,,,,,อายุการใช้งาน,2706,1749,6,6,0,0,4,4,,,,,,,,
1274422348109365,1.00066E+14,Kornvikkaclinic,"แค่เปลี่ยนชั้นตา ลุคก็ดูละมุนขึ้นทันที ✨
.
ก่อนทำมีปัญหาชั้นตาไม่ชัด ชั้นตาซ้อนกันหลายชั้น 
และชั้นตาหลบในข้างซ้าย ทำให้รู้สึกตาดูง่วง
เคสนี้เลือกแก้ไขด้วยการผ่าตัดตาสองชั้น
หลังทำทันทีจะเห็นว่าชั้นตาชั้นขึ้น 
รูปตาดูเปิดและดวงตาดูโตสดใสขึ้น
แลดูเป็นธรรมชาติ
.
ผ่าตัดตาสองชั้นที่ KVK Clinic
✅ ดูแลโดยแพทย์มากประสบการณ์
✅ ปรึกษากับคุณหมอก่อนเข้าห้องผ่าตัดทุกเคส
✅ ออกแบบชั้นตาให้เข้ากับแต่ละบุคคล แบบเคสต่อเคส
✅ ติดตามผลและดูแลหลังผ่าตัดอย่างต่อเนื่อง",,0,04/28/2026 20:00,N/A,https://www.facebook.com/KVKClinic/posts/pfbid0ZrBG9XxxRo8PuTE6FUexDp2Fzpn32Lsjy6rTyYvqE6d8hS2KgLFdcm759HVv7qvgl,0,0,รูปภาพ,,,,,อายุการใช้งาน,2997,1789,12,11,1,0,13,7,2,4,,,,,,
1276884931196440,1.00066E+14,Kornvikkaclinic,"5.5 MASSIVE SALE จัดหนัก จัดเต็ม!
""ยิ่งซื้อ ยิ่งได้"" ยิ่งซื้อเยอะ ยิ่งคุ้มเว่อร์!
.
🎯 หมุนวงล้อ Digital ลุ้นรางวัล แบบจัดเต็ม
ซื้อครบ 25,000.-     หมุน 1 ครั้ง 
ซื้อครบ 50,000.-     หมุน 2 ครั้ง

🎯 ยิ่งซื้อ ยิ่งคุ้ม ลดเพิ่มสูงสุด 15%
1 คอร์ส ลดเพิ่ม 10% 
2 คอร์ส ลดเพิ่ม 15% 

🎯 Buy 1 Get 1 Free 
โปรแกรมยกกระชับ combine ผิวยก+หน้าแน่น เฟิร์ม
.
✨ รวมโปรตัวฮิต:
💉 Program Filler Lifting ฟรีโบเกาหลี Upper Face
💆‍♀️ โปรแกรมยกกระชับ 17 Brands ที่ควรทำยกมาที่นี่
💥 โปรแกรมPico Laser รับสิทธิ์แลกซื้อราคาพิเศษ
✨ BABY Glow Program ซื้อ 3 แถม 1 คุ้มมาก!!
.
💳 ผ่อน 0% นานสูงสุด 10 เดือน
📆 โปรถึง 31 พ.ค. นี้เท่านั้น!

🔥 ใครเล็งอะไรไว้ รีบทักเลย
เพราะโปรนี้…ไม่ได้มีบ่อย!
.
.
.
ช่องทางติดต่อสอบถาม แอดมิน+ ปรึกษาแพทย์
𝐋𝐢𝐧𝐞 𝐎𝐀 เป็นช่องทางหลัก
สาขา 𝗞𝗼𝗿𝗮𝘁 : @1stkvk 
.
🔹 สาขา 𝗞𝗼𝗿𝗮𝘁 : โคราช (Head Qaurters)
สาขา3 : ติดโรงเรียน ปลูกปัญญา เส้นสุระ 2 
สาขา1 : ในปั้มปตท. ข้างเดอะมอลล์โคราช
📞 06 1956 5444
.
🌐𝐖𝐞𝐛𝐬𝐢𝐭𝐞 : https://kvkclinic.com
📺𝐘𝐨𝐮𝐭𝐮𝐛𝐞 : https://youtube.com/@kornvikkaclinic1234?si=PwiLo4SaaXs9J2DS
............................................
#KVKClinic #DrKoong #หมอเจด
#ยกมาตรฐานจริงใจล้ำสมัย 
#KVKMASSIVESALE #โปรโมชั่นเดือนพฤษภาคมKVK #โปรนี้มีแต่คุ้ม",,0,05/01/2026 2:44,N/A,https://www.facebook.com/KVKClinic/posts/pfbid0CzZpCnXBodqumA3AwfkdTZdNbJguZK5ZhFDQUwCebtErXBd6q9UsXSWNSmorudBil,0,0,รูปภาพ,,,,,อายุการใช้งาน,5468,2255,14,12,0,2,171,26,1,144,,,,,,
1278441177707482,1.00066E+14,Kornvikkaclinic,"🚨 KVK Ultimate Lift Program เตือนแล้วนะ!
ใครยังไม่จองโปร 1 FREE  1 แบรนด์ชั้นนำ ระวังคิวเต็ม!

.
รวมพลความงามครั้งใหญ่กับ 17 แบรนด์ดังชั้นนำ พร้อมตอบโจทย์ทุกความต้องการเรื่องหน้ายก ผิวแน่นเฟิร์ม รวบรวมมาไว้ให้คุณเลือกสรรที่นี่แล้ว! 

✅ จ่าย 1 ได้ถึง 2 คุ้มกว่านี้ไม่มีอีกแล้ว
✅ เลือกแบรนด์ชั้นนำได้ตามใจชอบจากทั้งหมด 17 แบรนด์มาตรฐาน
✅ มั่นใจในคุณภาพและผลลัพธ์โดยทีมแพทย์ KVK
.
📲 สอบถามรายละเอียด/ส่งรูปประเมินผิวฟรีทาง Inbox
อย่าปล่อยให้ผิวต้องรอ... สวยก่อนใคร ทักแชทเลยค่ะ!

📅 วันนี้ – 31 พฤษภาคม 2569 เท่านั้น
📍 KVK Clinic ทุกสาขา
.
.
.
ช่องทางติดต่อสอบถาม แอดมิน+ ปรึกษาแพทย์
𝐋𝐢𝐧𝐞 𝐎𝐀 เป็นช่องทางหลัก
สาขา 𝗞𝗼𝗿𝗮𝘁 : @1stkvk 
สาขา 𝗦𝗶𝗮𝗺  : @kvksiam
.
🔹 สาขา 𝗞𝗼𝗿𝗮𝘁 : โคราช (Head Qaurters)
สาขา3 : ติดโรงเรียน ปลูกปัญญา เส้นสุระ 2 
สาขา1 : ในปั้มปตท. ข้างเดอะมอลล์โคราช
📞 06 1956 5444
.
🔹 สาขา 𝗦𝗶𝗮𝗺 : KVK Siam Clinic
Centerpoint Siam Square ชั้น 2
📞 09 5791 5444
-------------------
#KVKClinic #DrKoong #หมอเจด
#ยกมาตรฐานจริงใจล้ำสมัย 
#KVKFutureLifting
#Promotion #โปรโมชั่นสุดคุ้ม",,0,05/03/2026 3:23,N/A,https://www.facebook.com/KVKClinic/posts/pfbid0fiavMFUU9tR3SDh6Pracv2ithewdhSnW4a1piaR9PvpFc2N55CGLMstLsfufBucFl,0,0,รูปภาพ,,,,,อายุการใช้งาน,3588,1835,12,9,0,3,135,33,,102,,,,,,
1279106137640986,1.00066E+14,Kornvikkaclinic,"🩺𝐒𝐏𝐄𝐂𝐈𝐀𝐋 𝐓𝐇𝐀𝐍𝐊𝐒 𝐅𝐎𝐑 𝐇𝐄𝐀𝐋𝐓𝐇𝐂𝐀𝐑𝐄 𝐇𝐄𝐑𝐎𝐄𝐒! 👩‍⚕️👨‍⚕️

𝐊𝐕𝐊 𝐂𝐥𝐢𝐧𝐢𝐜 จัดให้! สิทธิพิเศษเพื่อเพื่อนร่วมวิชาชีพทางการแพทย์และสาธารณสุขโดยเฉพาะ ด้วยโปรโมชันสุดพิเศษที่จัดมาให้ ""คนสายกาวน์""

.
🎁 รายละเอียด 𝐏𝐫𝐢𝐯𝐢𝐥𝐞𝐠𝐞 สำหรับเพื่อนร่วมวิชาชีพ:

𝟏. กลุ่มคอร์สดูแลผิว: รับส่วนลดสูงสุด 15%
𝟐. กลุ่มงานยกกระชับ: รับส่วนลด 5-10%
𝟑. กลุ่มหัตถการงานฉีด: รับส่วนลดสูงสุด 10%

📝 กติกาการรับสิทธิ์ง่ายๆ:

• เพียงแสดงบัตรวิชาชีพ หรือหลักฐานการทำงานในสายการแพทย์ก่อนรับบริการ

• สิทธิ์นี้เฉพาะการเข้ารับบริการที่ 𝐊𝐕𝐊 𝐂𝐥𝐢𝐧𝐢𝐜 เท่านั้น
.
.
.
ช่องทางติดต่อสอบถาม แอดมิน+ ปรึกษาแพทย์
𝐋𝐢𝐧𝐞 𝐎𝐀 เป็นช่องทางหลัก
สาขา 𝗞𝗼𝗿𝗮𝘁 : @1stkvk 
สาขา 𝗦𝗶𝗮𝗺  : @kvksiam
.
🔹 สาขา 𝗞𝗼𝗿𝗮𝘁 : โคราช (Head Qaurters)
สาขา3 : ติดโรงเรียน ปลูกปัญญา เส้นสุระ 2 
สาขา1 : ในปั้มปตท. ข้างเดอะมอลล์โคราช
📞 06 1956 5444
.
🔹 สาขา 𝗦𝗶𝗮𝗺 : KVK Siam Clinic
Centerpoint Siam Square ชั้น 2
📞 09 5791 5444
-------------------
#KVKClinic #DrKoong #หมอเจด
#ยกมาตรฐานจริงใจล้ำสมัย 
#สิทธิพิเศษคนสวมกาวน์
#โปรโมชั่นKVK",,0,05/03/2026 23:44,N/A,https://www.facebook.com/KVKClinic/posts/pfbid0GTWjzvsbqtVRJ2G5NjX2q74puAPrcnTafm8dSJ8GZ4rpgykqZjkD4cdMjERoRbkZl,0,0,รูปภาพ,,,,,อายุการใช้งาน,114509,47578,115,102,3,10,1294,691,548,55,,,,,,
1279156827635917,1.00066E+14,Kornvikkaclinic,"ตาที่เคยปรือไม่เท่ากัน
ปรับแล้วดูสดใสขึ้นชัดเจน 👁️👁️
.
คนไข้มีปัญหาหนังตาตก ร่วมกับกล้ามเนื้อตาอ่อนแรง 
ทำให้ตาทั้งสองข้างไม่เท่ากันและดูปรือ 
ส่งผลให้ดวงตาดูเล็กและไม่สดใส
คุณหมอแก้ไขด้วยโปรแกรมผ่าตัดตาสองชั้น
โดยทำร่วมกับการแก้ไข้กล้ามเนื้อตา 
หลังทำทันทีชั้นตาคมชัดและมีความเท่ากันมากขึ้น
เปลือกตาถูกยกให้ตากว้างขึ้นอย่างเป็นธรรมชาติ
.
ผ่าตัดตาสองชั้นที่ KVK Clinic
✅ ดูแลโดยแพทย์มากประสบการณ์
✅ ปรึกษากับคุณหมอก่อนเข้าห้องผ่าตัดทุกเคส
✅ ออกแบบชั้นตาให้เข้ากับแต่ละบุคคล แบบเคสต่อเคส
✅ ติดตามผลและดูแลหลังผ่าตัดอย่างต่อเนื่อง",,0,05/04/2026 19:00,N/A,https://www.facebook.com/KVKClinic/posts/pfbid02CXouP9MLmELmQk3xG4kZ1KiuKssKjDTqHLcmhvgS4qdwQpUUdM1EmhhjAFo6ZDDCl,0,0,รูปภาพ,,,,,อายุการใช้งาน,1945,1166,6,6,0,0,2,1,,1,,,,,,
1279804280904505,1.00066E+14,Kornvikkaclinic,"𝐊𝐕𝐊 𝐂𝐥𝐢𝐧𝐢𝐜 𝐗 𝐀𝐥𝐦𝐚 𝐀𝐜𝐚𝐝𝐞𝐦𝐲 𝟐𝟎𝟐𝟔 | 𝟏 ในคลินิกจากประเทศไทย บินลัดฟ้าเปิดประสบการณ์ใหม่ระดับเวิลด์คลาส! ที่งาน 𝐀𝐥𝐦𝐚 𝐀𝐜𝐚𝐝𝐞𝐦𝐲 เมืองลิสบอน ประเทศโปรตุเกส บรรยากาศที่ลิสบอนเต็มไปด้วยพลังแห่งการเรียนรู้ เมื่อแพทย์และผู้เชี่ยวชาญ 𝟒𝟓𝟎 ท่าน จาก 𝟒𝟓 ประเทศทั่วโลกมารวมตัวกันเพื่อแลกเปลี่ยนเทคนิคที่ใช้งานได้ผลจริง 🌏✨

👩🏻‍⚕️ ทริปนี้คุณหมอกุ้ง (พญ.กรวิกกา พัฒนะปราน ว 𝟑𝟖𝟎𝟐𝟎) ตัวแทนทีมแพทย์ 𝐊𝐕𝐊𝐂𝐥𝐢𝐧𝐢𝐜 เดินทางมาไกลถึงเมืองลิสบอน เพื่อร่วมงาน 𝐀𝐥𝐦𝐚 𝐀𝐜𝐚𝐝𝐞𝐦𝐲 𝟐𝟎𝟐𝟔 ภายใต้คอนเซปต์ 𝐒𝐭𝐞𝐩 𝐁𝐞𝐲𝐨𝐧𝐝 𝐋𝐢𝐦𝐢𝐭𝐬, 𝐒𝐡𝐚𝐩𝐞 𝐭𝐡𝐞 𝐍𝐞𝐰 𝐒𝐭𝐚𝐧𝐝𝐚𝐫𝐝, บรรยากาศในงานเต็มไปด้วยพลังของคนรักความงามและการเรียนรู้เทคนิคใหม่ๆ ที่น่าทึ่งมาก🧬

ภายในงานมีการพูดคุยอย่างตรงไปตรงมาถึงผลลัพธ์ทางคลินิก (𝐂𝐥𝐢𝐧𝐢𝐜𝐚𝐥 𝐈𝐧𝐬𝐢𝐠𝐡𝐭𝐬) และการสาธิตเคสจริง (𝐋𝐢𝐯𝐞 𝐂𝐚𝐬𝐞𝐬) เพื่อให้มั่นใจว่าเทคโนโลยีอย่าง 𝐒𝐨𝐩𝐫𝐚𝐧𝐨 𝐓𝐢𝐭𝐚𝐧𝐢𝐮𝐦 หรือ 𝐀𝐥𝐦𝐚 𝐏𝐫𝐢𝐦𝐞𝐗 จะถูกนำมาใช้ดูแลผิวพรรณของคนไข้อย่างมีประสิทธิภาพสูงสุด📈

𝐀𝐥𝐦𝐚 𝐋𝐚𝐬𝐞𝐫𝐬 เป็นบริษัทผู้ผลิตและพัฒนานวัตกรรมเครื่องมือแพทย์ระดับโลกที่มีประสบการณ์มากกว่า 𝟐𝟓 ปี ความเชี่ยวชาญด้านเทคโนโลยีเลเซอร์ (𝐋𝐚𝐬𝐞𝐫), แสง (𝐋𝐢𝐠𝐡𝐭-𝐛𝐚𝐬𝐞𝐝), คลื่นวิทยุ (𝐑𝐚𝐝𝐢𝐨𝐟𝐫𝐞𝐪𝐮𝐞𝐧𝐜𝐲 - 𝐑𝐅), พลาสมา (𝐏𝐥𝐚𝐬𝐦𝐚) และอัลตราซาวด์ (𝐔𝐥𝐭𝐫𝐚𝐬𝐨𝐮𝐧𝐝) เพื่อใช้ในอุตสาหกรรมการแพทย์ความงามและการผ่าตัด 🩺💊

📚 ซึ่งไม่ใช่เพียงแค่งานอีเวนต์ แต่คือ ""𝐌𝐨𝐯𝐞𝐦𝐞𝐧𝐭"" หรือการสร้างชุมชนระดับโลกที่รวมแพทย์ผู้เชี่ยวชาญมาแชร์เทคนิคการใช้งานจริง การสาธิตเคส (𝐋𝐢𝐯𝐞 𝐂𝐚𝐬𝐞𝐬) และการอัปเดตงานวิจัยล่าสุด เพื่อยกระดับมาตรฐานการดูแลคนไข้ให้ดียิ่งขึ้น

และยังมีช่วงเวลาสุดประทับใจในงานเลี้ยง 𝐆𝐚𝐭𝐬𝐛𝐲 𝐆𝐚𝐥𝐚 ที่แสนหรูหรา และโลกแห่งจินตนาการใน 𝐀𝐥𝐦𝐚 𝐢𝐧 𝐖𝐨𝐧𝐝𝐞𝐫𝐥𝐚𝐧𝐝 นี่คือสังคมแห่งการแบ่งปันที่ไม่หยุดพัฒนาและพร้อมจะก้าวไปข้างหน้าด้วยกัน 🪩

การได้รับเชิญในครั้งนี้เป็นเครื่องยืนยันว่า 𝐊𝐕𝐊 𝐂𝐥𝐢𝐧𝐢𝐜 ไม่เคยหยุดก้าวเดินไปพร้อมกับนวัตกรรมระดับโลก เพื่อให้คนไข้ของเราได้รับสิ่งที่ดีที่สุดอยู่เสมอ🫶💕

............................................
#KVKClinic #DrKoong #หมอเจด
#ยกมาตรฐานจริงใจล้ำสมัย 
#AlmaAcademy2026 #AlmaPrimeX
#KVKJourneyToLisbon
#FutureOfLifting #SopranoTitanium
#TheNewAgeOfLongevity",,0,05/04/2026 23:30,N/A,https://www.facebook.com/KVKClinic/posts/pfbid0TqaYEcrM53MNQZnhvBgymQ3wiuaAZh9g6xiADwxS46ViFbmUtXwyx8oS4yvSdKFSl,0,0,รูปภาพ,,,,,อายุการใช้งาน,2214,1318,6,6,0,0,17,4,,13,,,,,,
1280550100829923,1.00066E+14,Kornvikkaclinic,"5.5 MASSIVE SALE จัดหนัก จัดเต็ม!
""ยิ่งซื้อ ยิ่งได้"" ยิ่งซื้อเยอะ ยิ่งคุ้มเว่อร์!
.
🎯 หมุนวงล้อ Digital ลุ้นรางวัล แบบจัดเต็ม
ซื้อครบ 25,000.-     หมุน 1 ครั้ง 
ซื้อครบ 50,000.-     หมุน 2 ครั้ง

🎯 ยิ่งซื้อ ยิ่งคุ้ม ลดเพิ่มสูงสุด 15%
1 คอร์ส ลดเพิ่ม 10% 
2 คอร์ส ลดเพิ่ม 15% 

🎯 Buy 1 Get 1 Free 
โปรแกรมยกกระชับ combine ผิวยก+หน้าแน่น เฟิร์ม
.
✨ รวมโปรตัวฮิต:
💉 Program Filler Lifting ฟรีโบเกาหลี Upper Face
💆‍♀️ โปรแกรมยกกระชับ 17 Brands ที่ควรทำยกมาที่นี่
💥 โปรแกรมPico Laser รับสิทธิ์แลกซื้อราคาพิเศษ
✨ BABY Glow Program ซื้อ 3 แถม 1 คุ้มมาก!!
.
💳 ผ่อน 0% นานสูงสุด 10 เดือน
📆 โปรถึง 31 พ.ค. นี้เท่านั้น!

🔥 ใครเล็งอะไรไว้ รีบทักเลย
เพราะโปรนี้…ไม่ได้มีบ่อย!
.
.
.
ช่องทางติดต่อสอบถาม แอดมิน+ ปรึกษาแพทย์
𝐋𝐢𝐧𝐞 𝐎𝐀 เป็นช่องทางหลัก
สาขา 𝗞𝗼𝗿𝗮𝘁 : @1stkvk 
.
🔹 สาขา 𝗞𝗼𝗿𝗮𝘁 : โคราช (Head Qaurters)
สาขา3 : ติดโรงเรียน ปลูกปัญญา เส้นสุระ 2 
สาขา1 : ในปั้มปตท. ข้างเดอะมอลล์โคราช
📞 06 1956 5444
.
🌐𝐖𝐞𝐛𝐬𝐢𝐭𝐞 : https://kvkclinic.com
📺𝐘𝐨𝐮𝐭𝐮𝐛𝐞 : https://youtube.com/@kornvikkaclinic1234?si=PwiLo4SaaXs9J2DS
............................................
#KVKClinic #DrKoong #หมอเจด
#ยกมาตรฐานจริงใจล้ำสมัย 
#KVKMASSIVESALE #โปรโมชั่นเดือนพฤษภาคมKVK #โปรนี้มีแต่คุ้ม",,0,05/05/2026 21:01,N/A,https://www.facebook.com/KVKClinic/posts/pfbid02mWQV1EPHTZNXByApk4KkqNH52J3SkjqEqZNbAiTAiNebKRYGwCbTPGnfZKJdrkXGl,0,0,รูปภาพ,,,,,อายุการใช้งาน,5349,2090,7,6,0,1,104,23,,81,,,,,,
1280553077496292,1.00066E+14,Kornvikkaclinic,"จากหน้าอกที่ดูเรียบ เนินไม่ชัด
วันนี้มีทรงที่พอดีตัว แต่งอะไรก็มั่นใจ ✨✨
.
คนไข้มีลักษณะหน้าอกค่อนข้างเล็ก ฐานหน้าอกแคบ
เนินอกไม่ชัด ทำให้ทรงโดยรวมดูแบน
เวลาสวมเสื้อผ้าจะไม่ค่อยเห็นทรวดทรง
เคสนี้แก้ไขด้วยโปรแกรมเสริมหน้าขนาดไซซ์ 350 CC
อัปเดทหลังทำ 3 ปี มีทรงหน้าอกและมีเนินชัดขึ้น
สนุกกับการแต่งตัวและช่วยเพิ่มความมั่นใจ
.
ผ่าตัดเสริมหน้าอกที่ KVK Clinic
✅ ดูแลโดยแพทย์มากประสบการณ์
✅ ปรึกษากับคุณหมอก่อนเข้าห้องผ่าตัดทุกเคส
✅ ออกแบบข้างต่อข้างให้เข้ากับแต่ละบุคคล แบบเคสต่อเคส
✅ ติดตามผลและดูแลหลังผ่าตัดอย่างต่อเนื่อง",,0,05/05/2026 22:00,N/A,https://www.facebook.com/KVKClinic/posts/pfbid0gXKxBzW1VoLhJzSFjRtEEDxsWwkRn2FZVx3HvuETMJmZ2sFgwVR6J4qf3QRH8M8Wl,0,0,รูปภาพ,,,,,อายุการใช้งาน,2719,1520,6,6,0,0,5,3,,2,,,,,,
1280705487481051,1.00066E+14,Kornvikkaclinic,"ยกชั้นตาให้เปิดชัด
ดวงตาดูสดใสขึ้นทันที ✨
.
คนไข้มีปัญหาหนังตาหย่อนคล้อย
ทำให้หางตาตกและดูเศร้าเล็กน้อย
ส่งผลให้ดวงตาดูอ่อนล้า ดูมีอายุ และชั้นตาไม่ชัด
คุณหมอแก้ไขด้วยโปรแกรมผ่าตัดตาสองชั้น
หลังทำทันทีเห็นได้ว่าชั้นตาถูกยกขึ้นและเปิดชัดขึ้น 
หนังตาที่เคยตกถูกยกขึ้น ดวงตาดูสดใสมากขึ้น 
.
ผ่าตัดตาสองชั้นที่ KVK Clinic
✅ ดูแลโดยแพทย์มากประสบการณ์
✅ ปรึกษากับคุณหมอก่อนเข้าห้องผ่าตัดทุกเคส
✅ ออกแบบชั้นตาให้เข้ากับแต่ละบุคคล แบบเคสต่อเคส
✅ ติดตามผลและดูแลหลังผ่าตัดอย่างต่อเนื่อง",,0,05/06/2026 20:00,N/A,https://www.facebook.com/KVKClinic/posts/pfbid02XUF8CLqSTvjxHwjR6FW7G3KWBQ1dERUBbQBic3giTDBsvDsGtYzavBbuKshBwgfDl,0,0,รูปภาพ,,,,,อายุการใช้งาน,2545,1464,12,12,0,0,9,4,1,4,,,,,,
1282064340678499,1.00066E+14,Kornvikkaclinic,"#ทำไมต้องOligioXโปรแกรมที่KVK 🧐

ตัวนี้ไม่ใช่แค่การยกกระชับทั่วไป แต่ใช้เทคโนโลยี GXG (Gas-Liquid Cooling & High-Frequency) ที่ส่งพลังงานความร้อนลงลึกถึงชั้นผิวเพื่อกระตุ้นการสร้างคอลลาเจนใหม่ พร้อมกับระบบทำความเย็นอัจฉริยะที่ช่วยปกป้องผิวชั้นบน

ผลลัพธ์ที่พิสูจน์ได้:
✅ Skin Tightening: ผิวแน่น อิ่มฟู รูขุมขนกระชับ
✅ Face Contouring: สลายไขมันส่วนเกินบริเวณแก้มและเหนียง
✅ No Downtime: หลังทำผิวอาจมีรอยชมพูระเรื่อเล็กน้อย และหายไปเองในเวลาสั้นๆ แต่งหน้าต่อได้เลย!

เปลี่ยนหน้าบานให้เป็นหน้าวี ด้วยความละมุนที่เหนือกว่าเดิม 💎
.
.
.
ช่องทางติดต่อสอบถาม แอดมิน+ ปรึกษาแพทย์
𝐋𝐢𝐧𝐞 𝐎𝐀 เป็นช่องทางหลัก
สาขา 𝗞𝗼𝗿𝗮𝘁 : @1stkvk 
.
🔹 สาขา 𝗞𝗼𝗿𝗮𝘁 : โคราช (Head Qaurters)
สาขา3 : ติดโรงเรียน ปลูกปัญญา เส้นสุระ 2 
สาขา1 : ในปั้มปตท. ข้างเดอะมอลล์โคราช
📞 06 1956 5444
.
🌐𝐖𝐞𝐛𝐬𝐢𝐭𝐞 : https://kvkclinic.com
📺𝐘𝐨𝐮𝐭𝐮𝐛𝐞 : https://youtube.com/@kornvikkaclinic1234?si=PwiLo4SaaXs9J2DS
............................................
#KVKClinic #DrKoong #หมอเจด
#ยกมาตรฐานจริงใจล้ำสมัย 
#ProgramOligioX #โปรแกรมยกกระชับ",,0,05/07/2026 21:07,N/A,https://www.facebook.com/KVKClinic/posts/pfbid0WVM5DyX2DXDTYJYKrp91FxaUfo9g9UsRvUu6bY5Yu92Fxd2kdPJZhPzW1z6kbFwyl,0,0,รูปภาพ,,,,,อายุการใช้งาน,2350,1374,6,5,0,1,35,6,1,28,,,,,,
1282243690660564,1.00066E+14,Kornvikkaclinic,"สวยแบบพอดี... ไม่จำเป็นต้อง ""ล้น""
เบรกก่อนล้น! ใครที่รู้สึกว่าหน้าเริ่มตึงเกินไป หรือสัดส่วนดูไม่เป็นธรรมชาติ มาทำความรู้จักกับภาวะ Overfilled Syndrome กันค่ะ
.
📝เช็กตัวเองด่วน! ถ้ามีอาการเหล่านี้:
👁️Sunset Eye: ร่องใต้ตาที่เติมจนเต็มเกินไปจนเบียดลูกตาให้เล็กลง
🫡Flowerhorn Forehead: หน้าผากที่โหนกนูนออกมาคล้ายปลาหมอสี
👃Broad Nose: สันจมูกที่กว้างขึ้นเรื่อยๆ จากการเติมซ้ำๆ
.
📝 ทางเลือกในการแก้ไข:
ปัจจุบันเราสามารถปรับสมดุลใหม่ได้ด้วยการใช้เอนไซม์สลายสารเติมเต็มเดิม (สำหรับกลุ่ม HA) เพื่อเคลียร์พื้นที่ผิวให้กลับมาเรียบเนียน ก่อนจะออกแบบสัดส่วนใหม่ให้ดูละมุนและเป็นธรรมชาติกว่าที่เคย
.
เปลี่ยนงานยากให้เป็นงานละเอียด ปรับสมดุลใบหน้าให้ลงตัวในแบบที่เป็นคุณได้แล้ววันที่ KVK ดูแลคุณโดยแพทย์ผู้เชี่ยวชาญทุกเคส 👩‍⚕️
............................................
#KVKClinic #DrKoong #หมอเจด
#ยกมาตรฐานจริงใจล้ำสมัย 
#OverfilledSyndrome #ภาวะหน้าล้นฟิลเลอร์",,0,05/08/2026 2:43,N/A,https://www.facebook.com/KVKClinic/posts/pfbid02iU98bMt8us72uFkVqUA8z6ZQWFLq3G6ETw2WCrs1vfrmMhY9h5NYdhZz6j89gox8l,0,0,รูปภาพ,,,,,อายุการใช้งาน,2065,1331,5,5,0,0,12,2,,10,,,,,,
1282266600658273,1.00066E+14,Kornvikkaclinic,"📣ทำไมคนรักผิวต้องเลือก Program Ultheraprime ที่ KVKClinic 

.
Program Ultherapy PRIME คือการพัฒนาเทคโนโลยี Micro-Focused Ultrasound with Visualization (MFU-V) ซึ่งเป็นการส่งผ่านพลังงานคลื่นเสียงความถี่สูงที่มีความแม่นยำลงลึกถึงชั้น SMAS (ชั้นกล้ามเนื้อส่วนบนที่เป็นชั้นเดียวกับการผ่าตัดดึงหน้า) เพื่อกระตุ้นการสร้างคอลลาเจนและอีลาสตินใหม่จากภายใน ✨

.
💖 จุดเด่นที่ทำให้ Ultherapy PRIME เหนือกว่ารุ่นเดิม

✅Vivid Visualization (ชัดเจนกว่าเดิม 94%): หน้าจอใหม่ขนาด 19 นิ้ว ให้ภาพคมชัดระดับ Full HD ช่วยให้มองเห็นโครงสร้างผิวใต้หน้าจอได้ละเอียดที่สุด ทำให้ทุกช็อตที่ยิงมีความแม่นยำเพิ่มขึ้นอีก

✅Advanced Processing (เร็วขึ้น 20%): ระบบประมวลผลที่รวดเร็วทำให้ระยะเวลาในการรับบริการสั้นลง แต่ประสิทธิภาพการสะสมความร้อนในชั้นผิวเป้าหมายยังคงเดิม

✅Comfort Care Experience: ด้วยการปล่อยพลังงานที่เสถียรและสม่ำเสมอมากขึ้น ช่วยลดความรู้สึกไม่สบายผิวขณะทำ (Pain Score ต่ำ) ทำให้ผู้รับบริการรู้สึกผ่อนคลายกว่ารุ่นก่อนๆ

.
👑สัมผัสประสบการณ์ความงามระดับ Gold Standard ได้แล้ววันนี้ ที่ KVK Clinic เพื่อประเมินสภาพผิวของคุณเบื้องต้นฟรี‼️
.
.
.
ช่องทางติดต่อสอบถาม แอดมิน+ ปรึกษาแพทย์
𝐋𝐢𝐧𝐞 𝐎𝐀 เป็นช่องทางหลัก
สาขา 𝗞𝗼𝗿𝗮𝘁 : @1stkvk 
.
🔹 สาขา 𝗞𝗼𝗿𝗮𝘁 : โคราช (Head Qaurters)
สาขา3 : ติดโรงเรียน ปลูกปัญญา เส้นสุระ 2 
สาขา1 : ในปั้มปตท. ข้างเดอะมอลล์โคราช
📞 06 1956 5444
.
🌐𝐖𝐞𝐛𝐬𝐢𝐭𝐞 : https://kvkclinic.com
📺𝐘𝐨𝐮𝐭𝐮𝐛𝐞 : https://youtube.com/@kornvikkaclinic1234?si=PwiLo4SaaXs9J2DS
............................................
#KVKClinic #DrKoong #หมอเจด
#ยกมาตรฐานจริงใจล้ำสมัย 
#ProgramUltherapyPrime #โปรแกรมยกกระชับผิว",,0,05/08/2026 3:20,N/A,https://www.facebook.com/KVKClinic/posts/pfbid02DvBqh5CNCizT9ZBSFKf5b4ioxJe3MCY8qcwdFDcGXrKvXdXtUCi94ecRKwVHD2Lsl,0,0,รูปภาพ,,,,,อายุการใช้งาน,2064,1295,3,3,0,0,4,1,,3,,,,,,
1282270847324515,1.00066E+14,Kornvikkaclinic,Kornvikkaclinic ได้อัพเดตรูปภาพหน้าปก,,0,05/08/2026 3:26,N/A,https://www.facebook.com/photo.php?fbid=1282270847324515&set=a.572624921622448&type=3,0,0,รูปภาพ,,,,,อายุการใช้งาน,0,0,2,2,0,0,0,,,,,,,,,
1282291730655760,1.00066E+14,Kornvikkaclinic,"🥤 Double Refreshment! สองเมนูใหม่ที่พร้อมเปลี่ยนวันของคุณให้สดใสกว่าเดิม By KVK 

ไม่ใช่แค่เครื่องดื่ม แต่คือความใส่ใจที่เราคัดสรรมาเพื่อ ""คนพิเศษ"" ของเราโดยเฉพาะ กับ 2 เมนู Signature ที่ออกแบบมาเพื่อสร้างความประทับใจตั้งแต่จิบแรก

.
☁️🍃 Matcha Caramel Cloud 
ละมุนเหมือนก้อนเมฆ หอมหวานเหมือนความฝัน
สัมผัสความเข้มข้นของมัทฉะเกรดพรีเมียมที่ค่อยๆ ละลายในปาก ผสานความหอมกรุ่นจากบราวน์ชูการ์ ท็อปด้วยวิปครีมนุ่มฟูและบัตเตอร์คุกกี้กรุบกรอบ... แก้วนี้คือคำนิยามของคำว่า ""ความสุขที่ลงตัว""

🍯🍋 Scarlet Honey Breeze
เติมพลังความเฟรช ด้วยรสชาติของซัมเมอร์
เปลี่ยนบ่ายที่ร้อนระอุให้กลายเป็นความจี๊ดจ๊าด! ด้วยความเปรี้ยวอมหวานของเลมอนสดและน้ำผึ้งแท้ ไล่เฉดสีสวยสะดุดตาเหมือนแสงสุดท้ายของวัน ยิ่งจิบยิ่งสดชื่น ปลุกความสดใสให้เต็มร้อย

รับเครื่องดื่มสุดพิเศษประจำเดือนนี้ได้แล้วที่ KVK เท่านั้น💓
.
✅เพียงมียอดซื้อ 15,000 บาท ขึ้นไป รับฟรี 1 แก้ว
.
👑 Exclusive พิเศษสำหรับลูกค้า VIP Privilege
🍹รับ Special Menu ฟรี! เพียงมีนัดเข้ารับบริการเท่านั้น
.
*เฉพาะ KVK Clinic สาขา 3

............................................
#KVKClinic #DrKoong #หมอเจด
#ยกมาตรฐานจริงใจล้ำสมัย 
#KVKSpecialMenu #KVKSignature",,0,05/08/2026 4:00,N/A,https://www.facebook.com/KVKClinic/posts/pfbid0hx7GMcbBCfTuhBJ4tEDeqTBT2VVZNNvVVY4CQ3pJf4s26apyDDc76mCb8iiKqJ2pl,0,0,รูปภาพ,,,,,อายุการใช้งาน,2531,1518,3,3,0,0,11,6,,5,,,,,,
1282281537323446,1.00066E+14,Kornvikkaclinic,"V-Shape แบบตะโกน! รีวิวงานโปรแกรมฟิลเลอร์คางที่จริงใจจาก KVK 🫶
ใครว่าแค่เติมคางจะเปลี่ยนหน้าไม่ได้? บอกเลยว่าคิดผิด! เพราะการมีคางที่ได้รูป คือกุญแจสำคัญที่ทำให้หน้าดูมีมิติ และดูเรียวสวยแบบไม่ต้องพึ่งฟิลเตอร์เลยค่ะ

.
✨ ทำไมต้องโปรแกรมฟิลเลอร์คางที่ KVK Clinic?

✅ ทรงสวยรับรูปหน้า: คุณหมอปั้นทรงได้ละมุนมาก เชื่อมต่อกับแนวกรามแบบไร้รอยต่อ ดูไม่ออกเลยว่าเติมมา

✅ หน้าดูเรียวทันที: หลังทำเสร็จเห็นเลยว่ารูปหน้าเปลี่ยนไปในทางที่ดีขึ้น หน้าดู V-Shape ชัดขึ้น แต่ยังดูเป็นธรรมชาติ

✅ เทคนิคเฉพาะตัว: คุณหมอมือเบาสุดๆ และใช้ฟิลเลอร์รุ่นที่คงตัวสูง ทำให้ทรงคางอยู่หมัด ไม่บาน ไม่ย้อย

.
เราเน้นความประณีตและการออกแบบใบหน้าแบบเคสต่อเคส เพราะโครงหน้าของแต่ละคนไม่เหมือนกัน คุณหมอจะวิเคราะห์สัดส่วนอย่างละเอียด เพื่อให้มั่นใจว่าคางใหม่จะช่วยเสริมจุดเด่นและปิดจุดด้อยของคุณได้อย่างสมบูรณ์แบบ🧡

⚠️ หมายเหตุ: ผลลัพธ์ขึ้นอยู่กับแต่ละบุคคล (เคสรีวิว)
.
.
.
ช่องทางติดต่อสอบถาม แอดมิน+ ปรึกษาแพทย์
𝐋𝐢𝐧𝐞 𝐎𝐀 เป็นช่องทางหลัก
สาขา 𝗞𝗼𝗿𝗮𝘁 : @1stkvk 
.
🔹 สาขา 𝗞𝗼𝗿𝗮𝘁 : โคราช (Head Qaurters)
สาขา3 : ติดโรงเรียน ปลูกปัญญา เส้นสุระ 2 
สาขา1 : ในปั้มปตท. ข้างเดอะมอลล์โคราช
📞 06 1956 5444
.
🌐𝐖𝐞𝐛𝐬𝐢𝐭𝐞 : https://kvkclinic.com
📺𝐘𝐨𝐮𝐭𝐮𝐛𝐞 : https://youtube.com/@kornvikkaclinic1234?si=PwiLo4SaaXs9J2DS
............................................
#KVKClinic #DrKoong #หมอเจด
#ยกมาตรฐานจริงใจล้ำสมัย 
#โปรแกรมฟิลเลอร์คาง #ปรับรูปหน้าด้วยฟิลเลอร์",,0,05/08/2026 20:00,N/A,https://www.facebook.com/KVKClinic/posts/pfbid02NgT9GHjUqST8c6xk3pmGuNKGF3BL5HSVC5a4CijpZ4AaKiQJyhz6JEz8sAQ3PfG9l,0,0,รูปภาพ,,,,,อายุการใช้งาน,2389,1380,3,3,0,0,10,1,,9,,,,,,
1282840383934228,1.00066E+14,Kornvikkaclinic,"บอกลาวงจรรอยสิวซ้ำซาก! จบปัญหา PIH และ PIE ด้วยโปรแกรม PICOV x KVK 

.
ใครที่กำลังลังเลบอกเลยว่าหยุด! เพราะโปรนี้แรงจนคิวเต็มไวมาก 🔥 จัดการปัญหารอยดำ (PIH) และรอยแดง (PIE) ด้วยโปรแกรม PicoSure Pro และโปรแกรม  Derma V ที่รวมตัวกันมาเพื่อกู้หน้าคุณโดยเฉพาะ!

📣 1 ครั้ง: ราคาลองใจ 12,900.-

📣 3 ครั้ง: จ่ายเพียง 35,000.- (เฉลี่ยครั้งละ 11,666.-)

📣 5 ครั้ง: คุ้มสุดใจ 49,000.- (เฉลี่ยครั้งละ  9,800.-)

🎁 ทุกแพ็กเกจรับฟรีไอเทมเสริมทัพผิวใส ทั้ง PDRN MASK, GF KBOOSTER ให้ผิวฟื้นฟูไวแบบติดสปีด!

.
เริ่มต้นเพียง 12,900.- ก็เปลี่ยนคุณเป็นคนใหม่ที่มั่นใจกว่าเดิม!
👉 ทักถามแอดมิน: ""สนใจโปร PICOV"" รับสิทธิ์ทันที!
.
.
.
ช่องทางติดต่อสอบถาม แอดมิน+ ปรึกษาแพทย์
𝐋𝐢𝐧𝐞 𝐎𝐀 เป็นช่องทางหลัก
สาขา 𝗞𝗼𝗿𝗮𝘁 : @1stkvk 
.
🔹 สาขา 𝗞𝗼𝗿𝗮𝘁 : โคราช (Head Qaurters)
สาขา3 : ติดโรงเรียน ปลูกปัญญา เส้นสุระ 2 
สาขา1 : ในปั้มปตท. ข้างเดอะมอลล์โคราช
📞 06 1956 5444
.
🌐𝐖𝐞𝐛𝐬𝐢𝐭𝐞 : https://kvkclinic.com
📺𝐘𝐨𝐮𝐭𝐮𝐛𝐞 : https://youtube.com/@kornvikkaclinic1234?si=PwiLo4SaaXs9J2DS
............................................
#KVKClinic #DrKoong #หมอเจด
#ยกมาตรฐานจริงใจล้ำสมัย 
#ProgramPICOV #PIH #PIE",,0,05/08/2026 21:00,N/A,https://www.facebook.com/KVKClinic/posts/pfbid02pH457Mbm6E2eK8HfDq7saZ2yw2b12JE591VzmTvvebNbVEy6F6CBLMpsookA7B9el,0,0,รูปภาพ,,,,,อายุการใช้งาน,2629,1487,4,3,0,1,15,7,1,7,,,,,,
1283968793821387,1.00066E+14,Kornvikkaclinic,"🔐ปลดล็อกความลับผิวดูอ่อนเยาว์และมีมิติ ด้วยนวัตกรรมระดับ 𝐄𝐱𝐜𝐥𝐮𝐬𝐢𝐯𝐞

.
ครบจบเรื่องการดูแลผิว ให้ผิวแลดูแน่น เฟิร์ม กระชับ พร้อมความฉ่ำโกลว์ที่ทุกคนต้องทัก! 😱

🔥 𝐃𝐨𝐮𝐛𝐥𝐞 𝐋𝐢𝐟𝐭𝐢𝐧𝐠 𝐄𝐟𝐟𝐞𝐜𝐭: ( Program OligioX 600 Shots + Program Ultraformer MPT 300 Shots) 

🔥 พิเศษ! สิทธิ์แลกซื้อ𝐏𝐫𝐨𝐠𝐫𝐚𝐦 𝐁𝐚𝐛𝐲 𝐆𝐥𝐨𝐰 โปรแกรมงานผิวพรีเมียม

✨ ทั้งหมดนี้ในราคาเพียง 𝟑𝟑,𝟗𝟎𝟎.-

👩🏻‍⚕️ดูแลโดยทีมแพทย์ผู้เชี่ยวชาญ วิเคราะห์ปัญหาผิวแบบเคสต่อเคส

สัมผัสความเปลี่ยนแปลงด้วยตัวคุณเอง ที่ KVK Clinic ได้แล้ววันนี้ 📍
.
.
.
ช่องทางติดต่อสอบถาม แอดมิน+ ปรึกษาแพทย์
𝐋𝐢𝐧𝐞 𝐎𝐀 เป็นช่องทางหลัก
สาขา 𝗞𝗼𝗿𝗮𝘁 : @1stkvk 
.
🔹 สาขา 𝗞𝗼𝗿𝗮𝘁 : โคราช (Head Qaurters)
สาขา3 : ติดโรงเรียน ปลูกปัญญา เส้นสุระ 2 
สาขา1 : ในปั้มปตท. ข้างเดอะมอลล์โคราช
📞 06 1956 5444
.
🌐𝐖𝐞𝐛𝐬𝐢𝐭𝐞 : https://kvkclinic.com
📺𝐘𝐨𝐮𝐭𝐮𝐛𝐞 : https://youtube.com/@kornvikkaclinic1234?si=PwiLo4SaaXs9J2DS
............................................
#KVKClinic #DrKoong #หมอเจด
#ยกมาตรฐานจริงใจล้ำสมัย 
#ExclusiveProgram #OligioX #UltraformerMPT",,0,05/10/2026 5:45,N/A,https://www.facebook.com/KVKClinic/posts/pfbid0MjdU11Pt4q245yBWXW2R5U79VYyZcQ9QojTWfJDkTaiQ9d1JhQfyA5Ux6Yevt7xnl,0,0,รูปภาพ,,,,,อายุการใช้งาน,4921,3434,4,3,0,1,35,11,23,1,,,,,,
1283979300487003,1.00066E+14,Kornvikkaclinic,"📣✨ มั่นใจเรื่องปัญหาฝ้า กระ จุดด่างดำ ด้วยพลัง Program PICO LASER ที่ KVK Clinic ✨📣

🔬 ความแตกต่างเมื่อทำที่ KVK Clinic:

✅ เราใส่ใจในการดูแลโดยทีมแพทย์ที่มีประสบการณ์และเข้าใจสภาพผิวของแต่ละบุคคล

✅ ใช้เครื่องโปรแกรม PICO LASER แบรนด์มาตรฐานเพื่อผลลัพธ์ในการรักษาที่ดีที่สุดสำหรับคุณ

✅ เรามุ่งเน้นการรักษาที่ปลอดภัยและเห็นผลจริงจากผู้ใช้บริการของเรา

💡 เริ่มต้นการดูแลผิวให้กระจ่างใสอย่างเป็นธรรมชาติ ปรึกษาเราได้เลยวันนี้!

*หมายเหตุ: ผลลัพธ์ขึ้นอยู่กับแต่ละบุคคล และภาพรีวิวได้รับการอนุญาตจากคนไข้แล้ว
.
.
.
ช่องทางติดต่อสอบถาม แอดมิน+ ปรึกษาแพทย์
𝐋𝐢𝐧𝐞 𝐎𝐀 เป็นช่องทางหลัก
สาขา 𝗞𝗼𝗿𝗮𝘁 : @1stkvk 
.
🔹 สาขา 𝗞𝗼𝗿𝗮𝘁 : โคราช (Head Qaurters)
สาขา3 : ติดโรงเรียน ปลูกปัญญา เส้นสุระ 2 
สาขา1 : ในปั้มปตท. ข้างเดอะมอลล์โคราช
📞 06 1956 5444
.
🌐𝐖𝐞𝐛𝐬𝐢𝐭𝐞 : https://kvkclinic.com
📺𝐘𝐨𝐮𝐭𝐮𝐛𝐞 : https://youtube.com/@kornvikkaclinic1234?si=PwiLo4SaaXs9J2DS
............................................
#KVKClinic #DrKoong #หมอเจด
#ยกมาตรฐานจริงใจล้ำสมัย 
#PicosecondLaser #KVKReview",,0,05/10/2026 5:59,N/A,https://www.facebook.com/KVKClinic/posts/pfbid0Z8ZwJKQpid57QUerQ5oB7NEX8vEJsRh8D5MEScrKBQKEpxEksd7E68viy38wcq9Cl,0,0,รูปภาพ,,,,,อายุการใช้งาน,2069,1216,2,2,0,0,15,1,1,13,,,,,,
1283924407159159,1.00066E+14,Kornvikkaclinic,"จบวงจรหน้ามัน สยบสิวซ้ำซากด้วยเทคโนโลยี 1450 nm 💡
เพราะเรื่องสิวรอไม่ได้! เลือกโปรแกรมที่ใช่ ในราคาที่คุ้มกว่าเดิม กับ 3 แพ็กเกจยอดฮิตที่ดูแลตั้งแต่การเคลียร์ผิวไปจนถึงการบำรุง

.
✨ Promotion พิเศษ! ✨

🔹 4 Steps (Program Acni Clear Laser): เน้นคุมมัน เคลียร์สิวอุดตัน | 3 ครั้ง 5,900.-

🔹 5 Steps (Program Acni Clear Laser + Program IPL): ลดสิว เพิ่มความกระจ่างใส ลดรอยแดง | 3 ครั้ง 7,500.-

🔹 7 Steps (Program Pico Red & Program Acne Bright): ขั้นสุดของการดูแลสิว รอยดำ+รอยแดง | 3 ครั้ง 15,500.-

💥ราคาเริ่มต้นเพียง 999.- เท่านั้น (จากปกติ 1,500.-)

อยากหน้าใสแบบไม่ต้องพึ่งแอปซับมัน ทักแชทสอบถามคิวได้เลยค่ะ📩
.
.
.
ช่องทางติดต่อสอบถาม แอดมิน+ ปรึกษาแพทย์
𝐋𝐢𝐧𝐞 𝐎𝐀 เป็นช่องทางหลัก
สาขา 𝗞𝗼𝗿𝗮𝘁 : @1stkvk 
.
🔹 สาขา 𝗞𝗼𝗿𝗮𝘁 : โคราช (Head Qaurters)
สาขา3 : ติดโรงเรียน ปลูกปัญญา เส้นสุระ 2 
สาขา1 : ในปั้มปตท. ข้างเดอะมอลล์โคราช
📞 06 1956 5444
.
🌐𝐖𝐞𝐛𝐬𝐢𝐭𝐞 : https://kvkclinic.com
📺𝐘𝐨𝐮𝐭𝐮𝐛𝐞 : https://youtube.com/@kornvikkaclinic1234?si=PwiLo4SaaXs9J2DS
............................................
#KVKClinic #DrKoong #หมอเจด
#ยกมาตรฐานจริงใจล้ำสมัย 
#โปรแกรมรักษาสิว #AcniClearLaserProgram",,0,05/10/2026 6:00,N/A,https://www.facebook.com/KVKClinic/posts/pfbid02JmQPrBH8bX46qa5tusxJs8Wc9PxmrNSGxuNyqnVfb1YApXtnhDQLFv9kqAYnE6w4l,0,0,รูปภาพ,,,,,อายุการใช้งาน,2390,1292,6,3,0,3,32,7,,25,,,,,,
1284500033768263,1.00066E+14,Kornvikkaclinic,"🌟 𝐏𝐑𝐈𝐌𝐄 𝐎𝐍𝐄 𝐏𝐑𝐈𝐂𝐄 ดีลสุดคุ้มที่ทุกคนรอคอย
จ่ายเพียง 𝟓𝟗,𝟎𝟎𝟎.- บาท ก็ได้จับคู่เครื่องนวัตกรรมระดับพรีเมียม!
ชอบแบบไหน เลือกได้เลย 💖
.
🔍 เลือกคู่ที่ใช่... ให้ผลลัพธ์ที่ชอบ
ชอบผลลัพธ์แบบไหน เลือกคู่ที่ตอบโจทย์ได้เลย:

🔹ยก+ผิวสวย+กระชับ : 𝐏𝐫𝐨𝐠𝐫𝐚𝐦 𝐔𝐥𝐭𝐡𝐞𝐫𝐚 𝐏𝐫𝐢𝐦𝐞 (𝟓𝟎𝟎 𝐥𝐢𝐧𝐞) + 𝐏𝐫𝐨𝐠𝐫𝐚𝐦 𝐕𝐨𝐥𝐧𝐞𝐰𝐦𝐞𝐫 (𝟑𝟎𝟎 𝐬𝐡𝐨𝐭)

🔹ยก+หด+ยุบ+นาน : 𝐏𝐫𝐨𝐠𝐫𝐚𝐦 𝐔𝐥𝐭𝐡𝐞𝐫𝐚 𝐏𝐫𝐢𝐦𝐞 (𝟓𝟎𝟎 𝐥𝐢𝐧𝐞) + 𝐏𝐫𝐨𝐠𝐫𝐚𝐦 𝐃𝐞𝐧𝐬𝐢𝐭𝐲 (𝟑𝟎𝟎 𝐬𝐡𝐨𝐭)

🔹ยก+กระชับแน่น+ฟู : 𝐏𝐫𝐨𝐠𝐫𝐚𝐦 𝐔𝐥𝐭𝐡𝐞𝐫𝐚 𝐏𝐫𝐢𝐦𝐞 (𝟓𝟎𝟎 𝐥𝐢𝐧𝐞) + 𝐏𝐫𝐨𝐠𝐫𝐚𝐦 𝐗𝐞𝐫𝐟 (𝟑𝟎𝟎 𝐬𝐡𝐨𝐭)

🔹ยก+ผิวสวย+กระชับ : 𝐏𝐫𝐨𝐠𝐫𝐚𝐦 𝐔𝐥𝐭𝐡𝐞𝐫𝐚 𝐏𝐫𝐢𝐦𝐞 (𝟓𝟎𝟎 𝐥𝐢𝐧𝐞) + 𝐏𝐫𝐨𝐠𝐫𝐚𝐦 𝐎𝐥𝐢𝐠𝐢𝐨𝐗 (𝟓𝟎𝟎 𝐬𝐡𝐨𝐭)

.
💬 สนใจจับคู่ไหน หรืออยากปรึกษาเพิ่มเติม
ทักแชทสอบถามรายละเอียดได้เลยค่ะ
.
.
.
ช่องทางติดต่อสอบถาม แอดมิน+ ปรึกษาแพทย์
𝐋𝐢𝐧𝐞 𝐎𝐀 เป็นช่องทางหลัก
สาขา 𝗞𝗼𝗿𝗮𝘁 : @1stkvk 
.
🔹 สาขา 𝗞𝗼𝗿𝗮𝘁 : โคราช (Head Qaurters)
สาขา3 : ติดโรงเรียน ปลูกปัญญา เส้นสุระ 2 
สาขา1 : ในปั้มปตท. ข้างเดอะมอลล์โคราช
📞 06 1956 5444
.
🌐𝐖𝐞𝐛𝐬𝐢𝐭𝐞 : https://kvkclinic.com
📺𝐘𝐨𝐮𝐭𝐮𝐛𝐞 : https://youtube.com/@kornvikkaclinic1234?si=PwiLo4SaaXs9J2DS
............................................
#KVKClinic #DrKoong #หมอเจด
#ยกมาตรฐานจริงใจล้ำสมัย 
#PrimeOnePriceKVK #โปรโมชั่นสุดคุ้ม #ยกกระชับหน้า",,0,05/10/2026 20:12,N/A,https://www.facebook.com/KVKClinic/posts/pfbid0frtKSeqLi9dQAM8XPYuq7m2di5MMKJQxQNK21dqvXpcDE3FjpB9yEE4wjt8TyJHWl,0,0,รูปภาพ,,,,,อายุการใช้งาน,3124,1641,13,9,0,4,139,42,62,35,,,,,,
1284592447092355,1.00066E+14,Kornvikkaclinic,"สเต็ปดูแลผิวหลังทำโปรแกรม Ultherapy Prime ให้ผลลัพธ์เป๊ะกว่าเดิม✨
ภาพนี้สรุปมาให้แล้วว่าในแต่ละเดือน ผิวเราจะ ""Upgrade"" ไปถึงจุดไหนบ้าง ใครที่เพิ่งทำมา หรือกำลังวางแผนจะทำ เซฟรูปนี้เก็บไว้เตือนตัวเองได้เลย!

.
👉Day 0-3: เน้นความอ่อนโยน เลี่ยงความร้อนจัด

👉Week 1-2: เติมความชุ่มชื้นให้ผิวฉ่ำวาว

👉Month 1-2: ช่วงเวลาทองของการปรนนิบัติผิวให้แลดูแน่นกระชับ

👉Month 2-3: ผิวแลดูอ่อนเยาว์อย่างเป็นธรรมชาติ พร้อมปกป้องผิวจากแสงแดดเสมอ

เพราะงานผิวต้องใช้เวลา ให้โปรแกรม Ultherapy Prime ที่ KVKClinic ช่วยดูแลความมั่นใจในระยะยาวนะคะ💛
............................................
#KVKClinic #DrKoong #หมอเจด
#ยกมาตรฐานจริงใจล้ำสมัย 
#ProgramUltherapyPrime #ดูแลผิวหลังทำ",,0,05/10/2026 23:40,N/A,https://www.facebook.com/KVKClinic/posts/pfbid034EX5tmLQ1N6gym7QatnU8Yu3uvvHC8vSvJLWtB6fNBkuy1v3YGukegSgy1embVRxl,0,0,รูปภาพ,,,,,อายุการใช้งาน,2075,1207,6,6,0,0,2,,,2,,,,,,
1284609183757348,1.00066E+14,Kornvikkaclinic,"💎 เจาะลึกนวัตกรรมดูแลเม็ดสี ด้วย Program PicoLaser ที่ KVK Clinic เพราะปัญหาผิวของแต่ละคนมีเลเยอร์ที่ต่างกัน การใช้เครื่องมือที่หลากหลายจึงเป็นหัวใจสำคัญในการดูแลให้ตรงจุด

.
✨ จุดเด่นของเทคโนโลยีที่เราเลือกใช้

🔸ความหลากหลายของช่วงคลื่น: มีให้เลือกทั้ง 532nm, 1064nm และ 755nm เพื่อความเหมาะสมกับประเภทเม็ดสี (Pigment) ของแต่ละบุคคล

🔸ความแม่นยำสูง: ส่งพลังงานความเร็วสูงในระดับ Picosecond ช่วยจัดการเม็ดสีที่ผิดปกติได้อย่างเฉพาะเจาะจง

🔸ถนอมผิว: กระบวนการทำงานเน้นการดูแลผิวอย่างอ่อนโยน ลดการสะสมความร้อนส่วนเกินใต้ชั้นผิว

🔸ดูแลได้ครบวงจร: ครอบคลุมทั้งปัญหาฝ้า (Melasma) กระ จุดด่างดำ และรอยหมองคล้ำ

👩‍⚕️ มั่นใจกับการดูแลที่ออกแบบมาเพื่อคุณ
ที่ KVK Clinic เราให้ความสำคัญกับการวิเคราะห์สภาพผิวอย่างละเอียด เพื่อเลือกใช้เครื่องมือที่เหมาะสมกับปัญหาและไลฟ์สไตล์ของคุณที่สุด เพื่อผลลัพธ์ที่ดูเป็นธรรมชาติและยั่งยืน

.
📍 สอบถามรายละเอียดเพิ่มเติมหรือนัดหมายปรึกษาได้ที่ KVK Clinic
ผลลัพธ์ที่ได้ขึ้นอยู่กับสภาพผิวและการตอบสนองของแต่ละบุคคล
.
.
.
ช่องทางติดต่อสอบถาม แอดมิน+ ปรึกษาแพทย์
𝐋𝐢𝐧𝐞 𝐎𝐀 เป็นช่องทางหลัก
สาขา 𝗞𝗼𝗿𝗮𝘁 : @1stkvk 
.
🔹 สาขา 𝗞𝗼𝗿𝗮𝘁 : โคราช (Head Qaurters)
สาขา3 : ติดโรงเรียน ปลูกปัญญา เส้นสุระ 2 
สาขา1 : ในปั้มปตท. ข้างเดอะมอลล์โคราช
📞 06 1956 5444
.
🌐𝐖𝐞𝐛𝐬𝐢𝐭𝐞 : https://kvkclinic.com
📺𝐘𝐨𝐮𝐭𝐮𝐛𝐞 : https://youtube.com/@kornvikkaclinic1234?si=PwiLo4SaaXs9J2DS
............................................
#KVKClinic #DrKoong #หมอเจด
#ยกมาตรฐานจริงใจล้ำสมัย 
#ReviewPicoLaser #เลเซอร์หน้าใส",,0,05/11/2026 20:00,N/A,https://www.facebook.com/KVKClinic/posts/pfbid0YNmxEHQJHFfqtUdCsynTkKBaC6CDL7u4YYyGGbxQRNiHKRxTxoWiy6uHMYntKN2El,0,0,รูปภาพ,,,,,อายุการใช้งาน,1803,1083,1,1,0,0,9,,1,8,,,,,,
1285405457011054,1.00066E+14,Kornvikkaclinic,"💙 KVK GOLDEN PASS
“New Journey” เปิดประสบการณ์ความงามบทใหม่ ที่ยิ่งดูแล…ยิ่งคุ้มกว่าเดิม ✈️
.
เพราะทุกการลงทุนเพื่อความสวย ควรได้รับมากกว่าความคุ้มค่า
KVK Clinic จัดเต็มสิทธิพิเศษสำหรับสมาชิก Golden Pass ทั้ง 4 ระดับ ให้คุณเลือกได้ตามไลฟ์สไตล์

🛫 KVK Economy Route
เติมบิล 10,000.- รับวงเงินเพิ่ม 1,000.-

🛫 KVK Premium Eco Route
เติมบิล 20,000.- รับวงเงินเพิ่ม 2,000.-

🛫 KVK Business Route
เติมบิล 40,000.- รับวงเงินเพิ่ม 4,000.-

🛫 KVK First Class Route
เติมบิล 50,000.- รับวงเงินเพิ่ม 5,000.-

🎁 พร้อมสิทธิพิเศษแบบจัดเต็ม
✨ ชวนเพื่อนเปิดบิล รับ X2 Point
✨ รับฟรีโปรแกรมดูแลผิว
✨ ส่วนลดสูงสุด 15%
✨ สิทธิ์แลกซื้อราคาพิเศษเฉพาะสมาชิก
.
ยกระดับความคุ้มค่า ให้ทุก Journey ของความสวย…พิเศษกว่าที่เคย 💫
🗓️ วันนี้ - 30 มิถุนายน 2569
----------
#KVKClinic #DrKoong #หมอเจด
#ยกมาตรฐานจริงใจล้ำสมัย 
#KVKGoldenPass
#GoldenPassNewJourney
#เติมความสวยแบบคุ้มกว่า",,0,05/11/2026 23:28,N/A,https://www.facebook.com/KVKClinic/posts/pfbid035ggZBEei73kE8EwRUuGD6uJhkq3MMzvyePpuZbvugYjaPcsGZik9HjzN4A2dsvul,0,0,รูปภาพ,,,,,อายุการใช้งาน,6902,5534,2,2,0,0,59,13,28,18,,,,,,
1285459093672357,1.00066E+14,Kornvikkaclinic,"เปลี่ยนจากตาหลบใน
เป็นดวงตาที่ดูสดใสขึ้นแบบเห็นได้ 👁️👁️✨
.
คนไข้มีปัญหาชั้นตาหลบในร่วมกับหนังตาตกเล็กน้อย 
ทำให้ดวงตาดูเล็ก ดูไม่สดใส และเวลาลืมตาจะเห็นชั้นตาไม่ชัด 
ส่งผลให้ใบหน้าโดยรวมดูเหนื่อยและมีอายุ
เคสนี้แก้ไขด้วยโปรแกรมผ่าตัดตาสองชั้น 
โดยทำร่วมกับการแก้ไข้กล้ามเนื้อตา
หลังทำครบ 1 เดือน จะเห็นว่าชั้นตาดูเปิดและชัดขึ้นอย่างเป็นธรรมชาติ 
ดวงตาดูโตขึ้นและช่วยให้ใบหน้าดูสดใสอย่างเห็นได้ชัด
.
ผ่าตัดตาสองชั้นที่ KVK Clinic
✅ ดูแลโดยแพทย์มากประสบการณ์
✅ ปรึกษากับคุณหมอก่อนเข้าห้องผ่าตัดทุกเคส
✅ ออกแบบชั้นตาให้เข้ากับแต่ละบุคคล แบบเคสต่อเคส
✅ ติดตามผลและดูแลหลังผ่าตัดอย่างต่อเนื่อง",,0,05/12/2026 4:00,N/A,https://www.facebook.com/KVKClinic/posts/pfbid0c2yFaqDJGAgzb1rBFUa1BdJ9F8g4bxATNPJfzXiDiq9Hs6EhfvPodaLBZR9EwoSbl,0,0,รูปภาพ,,,,,อายุการใช้งาน,1930,1187,7,7,0,0,3,1,,2,,,,,,
1284642577087342,1.00066E+14,Kornvikkaclinic,"☀️ 𝐆𝐞𝐭 𝐘𝐨𝐮𝐫 𝐒𝐮𝐦𝐦𝐞𝐫 𝐆𝐥𝐨𝐰 | เผยผิวสวยสู้แสง มั่นใจทุกองศา

ดูแลผิวช่วงซัมเมอร์แบบตัวแม่! ด้วย 4 โปรแกรมดูแลผิวระดับ Gold Standard ที่ KVK Clinic คัดสรรมาเพื่อฟื้นฟูและยกระดับงานผิวให้ดูดีที่สุดในแบบที่เป็นคุณ ไม่ว่าจะเน้นความฉ่ำวาว หรือเน้นโครงสร้างผิวให้ดูเป๊ะ

.
💎𝐏𝐫𝐨𝐠𝐫𝐚𝐦 𝐇𝐀𝐫𝐦𝐨𝐧𝐲𝐂𝐚 (𝐇𝐲𝐛𝐫𝐢𝐝 𝐅𝐢𝐥𝐥𝐞𝐫)
▪️จุดเด่น: ดูแลแบบ 2 in 1 ทั้งเติมเต็มความอิ่มฟูและช่วยให้ผิวดูยกกระชับในหลอดเดียว
▪️ราคา: 19,000.- / Syringe (1 ml)

💧𝐏𝐫𝐨𝐠𝐫𝐚𝐦 𝐏𝐑𝐎𝐅𝐇𝐈𝐋𝐎 (𝐁𝐢𝐨-𝐑𝐞𝐦𝐨𝐝𝐞𝐥𝐥𝐢𝐧𝐠)
▪️จุดเด่น: นวัตกรรมเติมความชุ่มชื้นลึกถึงระดับโครงสร้างผิว ให้ผิวดูโกลว์ใส ฉ่ำวาวแบบสุขภาพดี
▪️ราคา: 19,000.- / Syringe (2 ml)

🧬𝐏𝐫𝐨𝐠𝐫𝐚𝐦 𝐒𝐂𝐔𝐋𝐏𝐓𝐑𝐀 (𝐓𝐡𝐞 𝐎𝐫𝐢𝐠𝐢𝐧𝐚𝐥 𝐂𝐨𝐥𝐥𝐚𝐠𝐞𝐧 𝐁𝐢𝐨𝐬𝐭𝐢𝐦𝐮𝐥𝐚𝐭𝐨𝐫)
▪️จุดเด่น: กระตุ้นการสร้างงานผิวจากภายใน ให้ผิวดูแน่น อิ่มฟู และแลดูอ่อนเยาว์อย่างเป็นธรรมชาติในระยะยาว
▪️สิทธิพิเศษ: รับฟรี! Cash Voucher มูลค่า 6,000.-

🛡️𝐏𝐫𝐨𝐠𝐫𝐚𝐦 𝐑𝐀𝐃𝐈𝐄𝐒𝐒𝐄 𝐏𝐋𝐔𝐒
▪️จุดเด่น: เน้นคุณภาพผิว (Skin Quality) เพิ่มความยืดหยุ่น และดูแลปัญหาริ้วรอยร่องลึกตามวัยให้ผิวดูเรียบเนียน
▪️สิทธิพิเศษ: รับฟรี! Cash Voucher มูลค่า 6,000.-

หมายเหตุ: ผลลัพธ์ขึ้นอยู่กับสภาพผิวของแต่ละบุคคลและเทคนิคการรักษาของแพทย์
.
.
.
ช่องทางติดต่อสอบถาม แอดมิน+ ปรึกษาแพทย์
𝐋𝐢𝐧𝐞 𝐎𝐀 เป็นช่องทางหลัก
สาขา 𝗞𝗼𝗿𝗮𝘁 : @1stkvk 
.
🔹 สาขา 𝗞𝗼𝗿𝗮𝘁 : โคราช (Head Qaurters)
สาขา3 : ติดโรงเรียน ปลูกปัญญา เส้นสุระ 2 
สาขา1 : ในปั้มปตท. ข้างเดอะมอลล์โคราช
📞 06 1956 5444
.
🌐𝐖𝐞𝐛𝐬𝐢𝐭𝐞 : https://kvkclinic.com
📺𝐘𝐨𝐮𝐭𝐮𝐛𝐞 : https://youtube.com/@kornvikkaclinic1234?si=PwiLo4SaaXs9J2DS
............................................
#KVKClinic #DrKoong #หมอเจด
#ยกมาตรฐานจริงใจล้ำสมัย 
#SummerGlow #งานผิว #Profhilo #Sculptra #HArmonyCa #RadiessePlus",,0,05/12/2026 19:00,N/A,https://www.facebook.com/KVKClinic/posts/pfbid0gBT9xLn8NcuzTUipDgUmAjWBoY2RpvUAjXFGCv7RYW6qbKGQzrPWjz4Ax93hR45bl,0,0,รูปภาพ,,,,,อายุการใช้งาน,1834,1063,3,3,0,0,13,1,,12,,,,,,
1286235190261414,1.00066E+14,Kornvikkaclinic,"จากจมูกที่ดูแบนและไม่มีมิติ
วันนี้มุมข้างดูละมุนขึ้นชัดเจน 👃✨
.
เคสนี้จะเห็นได้ว่าฐานจมูกค่อนข้างแบน สันจมูกไม่ชัด 
และเนื้อปลายจมูกมีค่อนข้างน้อย 
ทำให้มองในมุมด้านข้าง ใบหน้าดูขาดมิติ 
คุณหมอแก้ไขด้วยโปรแกรมเสริมจมูก
ร่วมกับการใช้กระดูกอ่อนหลังหูรองปลายจมูก
เพื่อช่วยเพิ่มความแข็งแรง 
หลังทำครบ 14 วันจะเห็นว่าสันจมูกดูชัดขึ้น
ปลายจมูกดูพุ่งละมุน และช่วยให้ใบหน้า
โดยรวมดูมีมิติมากขึ้นอย่างเป็นธรรมชาติ
.
ผ่าตัดเสริมจมูกที่ KVK Clinic
✅ ดูแลโดยแพทย์มากประสบการณ์
✅ ปรึกษากับคุณหมอก่อนเข้าห้องผ่าตัดทุกเคส
✅ ออกแบบทรงจมูกให้เข้ากับแต่ละบุคคล แบบเคสต่อเคส
✅ ติดตามผลและดูแลหลังผ่าตัดอย่างต่อเนื่อง",,0,05/12/2026 22:04,N/A,https://www.facebook.com/KVKClinic/posts/pfbid02rcN9qhMdBVqfQv3GjYVp7RaFXZpQEXrFDFNKfzQYsVJAfJg32bqsMAtfmjDu2qEbl,0,0,รูปภาพ,,,,,อายุการใช้งาน,1883,1136,3,2,1,0,1,,,1,,,,,,
1286406836910916,1.00066E+14,Kornvikkaclinic,"ใบหน้าที่เริ่มหย่อนคล้อยตามวัย
วันนี้กลับมาดูสดใสและกระชับขึ้นอีกครั้ง ✨
.
ก่อนทำเคสนี้มีปัญหาแก้มและกรอบหน้าหย่อนคล้อย
ร่วมกับชั้นตาตกและถุงใต้ตาที่เริ่มชัดขึ้น
ทำให้ใบหน้าโดยรวมดูเหนื่อยและมีอายุ
คุณหมอแก้ไขด้วยโปรแกรมดึงหน้า
ด้วยการตัดผิวหนังส่วนเกินที่หย่อนคล้อยออกแล้ว
เก็บยกผิวหนังทั้งสองชั้น ทำให้ผิวหน้าตึงกระชับมากขึ้น
หลังทำครบ 3 ปีจะเห็นว่าใบหน้ายังดูยกกระชับ
กรอบหน้าคม ร่องแก้มดูตื้นลง ดวงตาดูเปิดและสดใสมากขึ้น 
ทำให้ภาพรวมใบหน้าสดใสแลดูธรรมชาติ
.
ผ่าตัดดึงหน้าที่ KVK Clinic
✅ ดูแลโดยแพทย์มากประสบการณ์
✅ ปรึกษากับคุณหมอก่อนเข้าห้องผ่าตัดทุกเคส
✅ ออกแบบและแก้ปัญหาหน้าหย่อนคล้อยได้ตรงจุด
✅ ติดตามผลและดูแลหลังผ่าตัดอย่างต่อเนื่อง",,0,05/13/2026 19:00,N/A,https://www.facebook.com/KVKClinic/posts/pfbid02QK8tA165jPKBNuCdwNMVLZSirrS5BGD2t3XSeCS38zmZiG2rDq81WLWsitkRPmGPl,0,0,รูปภาพ,,,,,อายุการใช้งาน,1661,1036,7,6,0,1,2,1,,1,,,,,,
1287123970172536,1.00066E+14,Kornvikkaclinic,"#ใครอยากรู้จักRouteใหม่
#ใครอยากเป็นส่วนหนึ่งของKVK 

เริ่มต้นที่ Route นี้!!!!!! 

💛 KVK GOLDEN PASS – New Journey
KVK Clinic เปิดเส้นทางใหม่ของการดูแลตัวเอง ในแบบที่คุ้มขึ้นทุกครั้งที่กลับมา 💳✈️

🌟 เลือกเส้นทางความสวยได้ถึง 5 Route
ยิ่ง Journey สูง Privilege ยิ่งเหนือระดับ

✈️ KVK Economy Route
เปิดบิลครบ 10,000.- รับวงเงินเพิ่ม 1,000.-

✈️ KVK Premium Eco Route
เปิดบิลครบ 20,000.- รับวงเงินเพิ่ม 2,000.-

✈️ KVK Business Route
เปิดบิลครบ 40,000.- รับวงเงินเพิ่ม 4,000.-

✈️ KVK First Class Route
เปิดบิลครบ 50,000.- รับวงเงินเพิ่ม 5,000.-

✈️ KVK  Private Jet Route
เปิดบิลครบ 100,000.- รับวงเงินเพิ่ม 10,000.-

ทุก Route รับสิทธิพิเศษแบบจัดเต็ม
✨ ชวนเพื่อนใหม่เปิดบิล รับ Point X2
✨ รับฟรีโปรแกรมดูแลผิว
✨ ส่วนลดกลุ่มฉีด / ยกกระชับ / เลเซอร์
✨ พร้อมสิทธิแลกซื้อโปรแกรมราคาพิเศษเฉพาะสมาชิก

🗓️ วันนี้ - 30 มิถุนายน 2569

￼ช่องทางติดต่อสอบถาม แอดมิน+ ปรึกษาแพทย์
𝐋𝐢𝐧𝐞 𝐎𝐀 เป็นช่องทางหลัก
สาขา 𝗞𝗼𝗿𝗮𝘁 : @1stkvk 
.
 สาขา 𝗞𝗼𝗿𝗮𝘁 : โคราช (Head Qaurters)
สาขา3 : ติดโรงเรียน ปลูกปัญญา เส้นสุระ 2 
สาขา1 : ในปั้มปตท. ข้างเดอะมอลล์โคราช
 06 1956 5444
.
🌐 𝐖𝐞𝐛𝐬𝐢𝐭𝐞 : https://kvkclinic.com
📺 𝐘𝐨𝐮𝐭𝐮𝐛𝐞 : https://youtube.com/@kornvikkaclinic1234?si=PwiLo4SaaXs9J2DS
----------
#KVKClinic #DrKoong #หมอเจด
#ยกมาตรฐานจริงใจล้ำสมัย 
#KVKGoldenPass
#GoldenPassNewJourney
#เติมความสวยแบบคุ้มกว่า",,0,05/13/2026 22:40,N/A,https://www.facebook.com/KVKClinic/posts/pfbid038MoGBaKWDvLzyDRfvmU4fjS2y4Se9ZcjCrctMBNgz5EKLjfT2qQTXDfJpnnHrLLLl,0,0,รูปภาพ,,,,,อายุการใช้งาน,2125,1292,12,9,0,3,15,6,,9,,,,,,
1287282880156645,1.00066E+14,Kornvikkaclinic,"💙 ชวนเพื่อนมา..สวยคุ้ม X2 ได้ทั้งเรา ได้ทั้งเพื่อน ✨
.
KVK Referral System
แค่ชวน “เพื่อนใหม่” ที่ยังไม่เคยเป็นลูกค้า KVK Clinic
มาซื้อคอร์สพร้อมกัน รับเลย Point X2 ทั้งผู้แนะนำ + เพื่อน 🎉

✨ รับวงเงินเพิ่ม 10%
✨ ได้ Point X2 ทั้งคู่
✨ ยิ่งชวน ยิ่งคุ้ม ยิ่งสวยไปด้วยกัน
.
✨ เพราะความสวย แชร์กันได้
ชวนเพื่อนมาอัปความมั่นใจไปพร้อมกันที่ KVK Clinic 💙
.
📍วันนี้ – 30 มิ.ย. 69 เท่านั้น
.............................................
#KVKClinic #DrKoong #หมอเจด
#ยกมาตรฐานจริงใจล้ำสมัย 
#KVKReferralSystem 
#เพื่อนชวนเพื่อน #สวยแพ็คคู่",,0,05/14/2026 03:16,N/A,https://www.facebook.com/KVKClinic/posts/pfbid0Qhk7sBDbLMLXwEfKW3JXrmXoJThMjeM1afG8ML2hej3P8EaZLCzP4Bb3KbLtSrtkl,0,0,รูปภาพ,,,,,อายุการใช้งาน,1629,1036,3,3,0,0,2,1,,1,,,,,,
1287288436822756,1.00066E+14,Kornvikkaclinic,"#ยิ่งสะสมยิ่งคุ้ม #พร้อมสิทธิพิเศษเหนือระดับ
.
✈️ WELCOME TO KVK BEAUTY PASSPORT 🤍
เปิดประสบการณ์การดูแลความสวยในแบบที่ “ยิ่งทำ ยิ่งคุ้ม” 💙
.
ใช้จ่ายทุก 10,000.- รับ 1 POINT
สะสมครบ รับฟรีโปรแกรมยอดฮิตแบบไม่ต้องลุ้น 🎟️
.
🔸 สะสมครบ  10 Points
เลือกรับฟรีโปรแกรมดูแลผิว / โปรแกรมฉีด Botulinum Toxin
หรือ Skincare Set

🔸 สะสมครบ  30 Points
อัปเกรดสู่โปรแกรมยกกระชับ / โปรแกรมเลเซอร์ หรือ โปรแกรมฉีด Filler

🔸 สะสมครบ  50 Points
ปลดล็อกโปรแกรมตัวท็อปทั้ง โปรแกรมยกกระชับ / โปรแกรมเลเซอร์ / โปรแกรมงานผิว และอีกมากมาย
.
📍KVK Beauty Passport พร้อมพาคุณไปสู่เวอร์ชันที่ดีกว่าเดิม 🤍
เริ่ม Journey ของคุณได้แล้ววันนี้ที่ KVK Clinic
.
.
.
ช่องทางติดต่อสอบถาม แอดมิน+ ปรึกษาแพทย์
𝐋𝐢𝐧𝐞 𝐎𝐀 เป็นช่องทางหลัก
สาขา 𝗞𝗼𝗿𝗮𝘁 : @1stkvk 
.
สาขา 𝗞𝗼𝗿𝗮𝘁 : (Head Qaurters)
สาขา3 : ติดโรงเรียน ปลูกปัญญา เส้นสุระ 2 
📞 061 956 5444
สาขา1 : ในปั้มปตท. ข้างเดอะมอลล์โคราช
📞 087 870 5888
.
🌐 𝐖𝐞𝐛𝐬𝐢𝐭𝐞 : https://kvkclinic.com
📺 𝐘𝐨𝐮𝐭𝐮𝐛𝐞 : https://youtube.com/@kornvikkaclinic1234?si=PwiLo4SaaXs9J2DS
----------
#KVKClinic #DrKoong #หมอเจด
#ยกมาตรฐานจริงใจล้ำสมัย 
#KVKBeautyPassport 
#KVKNewJourney
#สะสมแต้มรับpoint",,0,05/14/2026 03:25,N/A,https://www.facebook.com/KVKClinic/posts/pfbid0efeUBPyKxyYsFdeQt83No5V5jAXSqLkWGn6oKjBbQDB2aZBUWDBT3DJvXaVfzZiLl,0,0,รูปภาพ,,,,,อายุการใช้งาน,2215,1196,3,3,0,0,18,10,1,7,,,,,,
1287310270153906,1.00066E+14,Kornvikkaclinic,"🚨 KVK Ultimate Lift Program
รวมที่สุดแห่งโปรแกรมยกกระชับจาก 17 แบรนด์ชั้นนำ
.
พร้อมตอบโจทย์ทุกความต้องการเรื่องหน้ายก ผิวแน่นเฟิร์ม รวบรวมมาไว้ให้คุณเลือกสรรที่นี่แล้ว แบบจัดเต็ม!! 
.
🔥 พิเศษ จ่าย 1 ได้ถึง 2 คุ้มกว่าที่เคย
✅ เลือกแบรนด์ชั้นนำได้ตามใจ จากทั้งหมด 17 แบรนด์มาตรฐาน
✅ โปรแกรมยกกระชับครบทุกเทคโนโลยี
✅ ดูแลโดยทีมแพทย์ KVK เพื่อผลลัพธ์ที่มั่นใจได้
.
💬 เพราะ “ความยกกระชับ” ที่ดี ต้องเหมาะกับผิวของคุณที่สุด
ให้ KVK ช่วยออกแบบโปรแกรมที่ใช่สำหรับคุณ ✨
.
📅 วันนี้ – 30 มิถุนายน 2569 เท่านั้น
.
.
.
ช่องทางติดต่อสอบถาม แอดมิน+ ปรึกษาแพทย์
𝐋𝐢𝐧𝐞 𝐎𝐀 เป็นช่องทางหลัก
สาขา 𝗞𝗼𝗿𝗮𝘁 : @1stkvk 
.
สาขา 𝗞𝗼𝗿𝗮𝘁 : (Head Qaurters)
สาขา3 : ติดโรงเรียน ปลูกปัญญา เส้นสุระ 2 
📞 061 956 5444
สาขา1 : ในปั้มปตท. ข้างเดอะมอลล์โคราช
📞 087 870 5888
.
🌐 𝐖𝐞𝐛𝐬𝐢𝐭𝐞 : https://kvkclinic.com
📺 𝐘𝐨𝐮𝐭𝐮𝐛𝐞 : https://youtube.com/@kornvikkaclinic1234?si=PwiLo4SaaXs9J2DS
-------------------
#KVKClinic #DrKoong #หมอเจด
#ยกมาตรฐานจริงใจล้ำสมัย 
#KVKFutureLifting
#Promotion #เครื่องยกกระชับ
#Ultherapy #XERF #OligioX",,0,05/14/2026 04:01,N/A,https://www.facebook.com/KVKClinic/posts/pfbid04x2CJDw5ec8QP8MWznAcE8yuPFxoJt7RgRBQgxCBrf31EFkauyupW4xwEbZz1u8Vl,0,0,รูปภาพ,,,,,อายุการใช้งาน,2707,1316,9,8,0,1,62,20,,42,,,,,,
1287313993486867,1.00066E+14,Kornvikkaclinic,"✈️ KVK GOLDEN PASS “New Journey”
Beauty Passport ที่รวมทุกความคุ้มค่าไว้ครบในใบเดียว 💙
.
เลือก PASS ได้ตามไลฟ์สไตล์ ตั้งแต่ 10,000.- ถึง 100,000.-
พร้อมสิทธิพิเศษที่ยิ่งดูแล…ยิ่งได้มากกว่าเดิม ✨
.
.
🎁 GOLDEN PASS ROUTE
รับวงเงินเพิ่ม / รับโปรแกรมฟรี / คะแนนสะสม
ส่วนลดบิลถัดไปสูงสุด 15% / สิทธิ์แลกซื้อราคาพิเศษ

🎁 BEAUTY PASSPORT POINTS
สะสม POINT แลกรับโปรแกรมยอดฮิต
ทุกยอดใช้จ่าย 10,000.- รับทันที 1 POINT

🎁 KVK WISDOM PRIVILEGE
เปิดวงเงินสุดคุ้ม FREE หัตถการตัวท็อป
เลือกได้ 1 โปรแกรม*

🎁 REFERRAL SYSTEM
ชวนเพื่อนใหม่มาเป็นครอบครัว KVK Clinic
รับ POINT X2 ได้ทั้งผู้แนะนำและเพื่อน 💫
.
เพราะทุกการดูแลตัวเอง…ควรได้รับ Privilege ที่มากกว่า
เริ่มต้น Journey ใหม่ไปกับ KVK Clinic วันนี้ ✈️
.
📅 วันนี้ – 30 มิถุนายน 2569
.
.
.
ช่องทางติดต่อสอบถาม แอดมิน+ ปรึกษาแพทย์
𝐋𝐢𝐧𝐞 𝐎𝐀 เป็นช่องทางหลัก
สาขา 𝗞𝗼𝗿𝗮𝘁 (Head Qaurters) : @1stkvk 
.
สาขา3 : ติดโรงเรียน ปลูกปัญญา เส้นสุระ 2 
📞 061 956 5444
สาขา1 : ในปั้มปตท. ข้างเดอะมอลล์โคราช
📞 087 870 5888
.
🌐 𝐖𝐞𝐛𝐬𝐢𝐭𝐞 : https://kvkclinic.com
📺 𝐘𝐨𝐮𝐭𝐮𝐛𝐞 : https://youtube.com/@kornvikkaclinic1234?si=PwiLo4SaaXs9J2DS
----------
#KVKClinic #DrKoong #หมอเจด
#ยกมาตรฐานจริงใจล้ำสมัย 
#KVKGoldenPass
#KVKBeautyPassport 
#KVKNewJourney
#KVKWisdomPrivilege",,0,05/14/2026 04:05,N/A,https://www.facebook.com/KVKClinic/posts/pfbid02MKVXVm4Rd61jKNpWWX3oycsm463ZeE6QyUzq1mZy9zuD2yeMtEpBvGv2RZ1hii8Rl,0,0,รูปภาพ,,,,,อายุการใช้งาน,5052,1977,5,3,0,2,61,1,,60,,,,,,
1287928936758706,1.00066E+14,Kornvikkaclinic,"#หน้าดูเพลีย #แต่งหน้าไม่ติด... ให้โปรแกรม ""Baby Glow"" ช่วยดูแล 💖
สัมผัสประสบการณ์การดูแลผิวที่เน้นความชุ่มชื้นเป็นหลัก ด้วยส่วนผสมที่ออกแบบมาเพื่อฟื้นบำรุงผิวที่ดูอ่อนล้า

.
✨โปรแกรมนี้ผสานพลังระหว่าง RD1 และ VITARAN ที่มีคุณสมบัติ:

▪️เสริมปราการผิว: ช่วยดูแลผิวจากความแห้งกร้าน

▪️คืนความสดใส: เหมาะสำหรับผู้ที่มีปัญหาผิวดูไม่สดชื่นจากการพักผ่อนน้อย

▪️มิติของผิว: ช่วยให้ผิวแลดูเรียบเนียน และดูอิ่มน้ำอย่างเป็นธรรมชาติ

.
📍 รายละเอียดโปรแกรม:

▪️Basic Program : RD1 1CC + VITARAN 1 Syringe (15,900.-)

▪️Advance Program : RD1 2CC + VITARAN 1 Syringe (19,900.-)

(**ผลลัพธ์ขึ้นอยู่กับสภาพผิวเดิมของแต่ละบุคคล)
ทักแชทจองคิววันนี้ ผิวสวยก่อนใครไม่ต้องรอ! 📩
.
.
.
ช่องทางติดต่อสอบถาม แอดมิน+ ปรึกษาแพทย์
𝐋𝐢𝐧𝐞 𝐎𝐀 เป็นช่องทางหลัก
สาขา 𝗞𝗼𝗿𝗮𝘁 (Head Qaurters) : @1stkvk 
.
สาขา3 : ติดโรงเรียน ปลูกปัญญา เส้นสุระ 2 
📞 061 956 5444
สาขา1 : ในปั้มปตท. ข้างเดอะมอลล์โคราช
📞 087 870 5888
.
🌐 𝐖𝐞𝐛𝐬𝐢𝐭𝐞 : https://kvkclinic.com
📺 𝐘𝐨𝐮𝐭𝐮𝐛𝐞 : https://youtube.com/@kornvikkaclinic1234?si=PwiLo4SaaXs9J2DS
----------
#KVKClinic #DrKoong #หมอเจด
#ยกมาตรฐานจริงใจล้ำสมัย 
#BabyGlowProgram #GlassSkin #SkinBooster",,0,05/14/2026 23:00,N/A,https://www.facebook.com/KVKClinic/posts/pfbid024S6YWEba1B8qdifPiQJkjg34fmR8MYuqtgpe713Fws3X11ybhicdubWSMdBDxk8Wl,0,0,รูปภาพ,,,,,อายุการใช้งาน,2126,1216,4,4,0,0,7,2,,5,,,,,,
1288082416743358,1.00066E+14,Kornvikkaclinic,"กรอบหน้ากลับมาอีกครั้ง! ✨✨
แค่เอาเหนียงออกก็เหมือนได้หน้าใหม่
.
คนไข้มีไขมันสะสมบริเวณใต้คางและลำคอ
ทำให้มุมหน้าดูตัน กรอบหน้าไม่ชัด 
และผิวใต้คางมีความหย่อนคล้อย
คุณหมอแก้ไขด้วยโปรแกรมผ่าตัดดูดเหนียง 
เพื่อนำไขมันบางส่วนออก
และเย็บกระชับกล้ามเนื้อ ช่วยลดปัญหาเหนียง
และความหย่อนคล้อยผิวหนัง
หลังทำทันทีเห็นการเปลี่ยนแปลงได้ชัดเหนียงลดลง
กรอบหน้าคมขึ้นอย่างเป็นธรรมชาติ
.
ผ่าตัดดูดเหนียงที่ KVK Clinic
✅ ดูแลโดยแพทย์มากประสบการณ์
✅ ปรึกษากับคุณหมอก่อนเข้าห้องผ่าตัดทุกเคส
✅ ติดตามผลและดูแลหลังผ่าตัดอย่างต่อเนื่อง",,0,05/15/2026 19:00,N/A,https://www.facebook.com/KVKClinic/posts/pfbid024RzD82qo5NWj6dmQvAdKz9bxnkZdNhv4ZseQFeUKjBNkAx62LWG1ReVVvLgH4wVxl,0,0,รูปภาพ,,,,,อายุการใช้งาน,1821,1048,6,5,1,0,5,1,1,3,,,,,,
1288720566679543,1.00066E+14,Kornvikkaclinic,"💋 เปลี่ยนลุคใหม่ให้มั่นใจยิ่งขึ้น… ออกแบบมิติริมฝีปากในสไตล์ที่เป็นคุณ
เพราะ “ริมฝีปาก” คือหนึ่งในจุดโฟกัสสำคัญบนใบหน้าที่ช่วยเสริมสร้างบุคลิกและความมั่นใจได้อย่างน่าดึงดูด 

.
✨ ทำไมต้องโปรแกรมดูแลริมฝีปากที่ KVKClinic?

✅ดีไซน์เฉพาะบุคคล (Customized Design): 
ปรับแต่งรูปปากให้เข้ากับโครงหน้าและบุคลิกของคุณ ไม่ว่าจะเป็นสไตล์สายเกาหลีดูอวบอิ่ม สไตล์สายฝอมีมิติคมชัด หรือทรงปากเรียบเนียนดูเป็นธรรมชาติ

✅สัมผัสเรียบเนียน:
ด้วยคุณสมบัติของเนื้อเจลที่มีความยืดหยุ่นสูง จึงช่วยให้ผลลัพธ์ดูสมดุล ไม่รู้สึกเป็นก้อน ยามขยับริมฝีปากหรืออมยิ้ม

✅เติมเต็มความชุ่มชื้น:
ช่วยดูแลปัญหาปากแห้ง แตกเป็นร่อง ให้กลับมาดูฉ่ำวาวและมีสุขภาพดีขึ้นอย่างเห็นได้ชัด

.
""เพราะความมั่นใจเริ่มต้นที่ความลงตัว""
มาร่วมออกแบบรอยยิ้มใหม่ที่สะท้อนความเป็นคุณได้อย่างเต็มที่ ที่ KVKClinic 🫶
.
.
.
ช่องทางติดต่อสอบถาม แอดมิน+ ปรึกษาแพทย์
𝐋𝐢𝐧𝐞 𝐎𝐀 เป็นช่องทางหลัก
สาขา 𝗞𝗼𝗿𝗮𝘁 (Head Qaurters) : @1stkvk 
.
สาขา3 : ติดโรงเรียน ปลูกปัญญา เส้นสุระ 2 
📞 061 956 5444
สาขา1 : ในปั้มปตท. ข้างเดอะมอลล์โคราช
📞 087 870 5888
.
🌐 𝐖𝐞𝐛𝐬𝐢𝐭𝐞 : https://kvkclinic.com
📺 𝐘𝐨𝐮𝐭𝐮𝐛𝐞 : https://youtube.com/@kornvikkaclinic1234?si=PwiLo4SaaXs9J2DS
----------
#KVKClinic #DrKoong #หมอเจด
#ยกมาตรฐานจริงใจล้ำสมัย 
#โปรแกรมฟิลเลอร์ปาก",,0,05/15/2026 22:00,N/A,https://www.facebook.com/KVKClinic/posts/pfbid0VzJBQ4kyGWQy4p1PMgxYrAp3dtXBvwDThhBnf3PphW4SZJFC1ndDd21WQ4j8BEzal,0,0,รูปภาพ,,,,,อายุการใช้งาน,1967,1091,5,5,0,0,12,2,,10,,,,,,
1289648429920090,1.00066E+14,Kornvikkaclinic,"🚀KVK WISDOM | มอบสิทธิพิเศษให้คุณดูแลตัวเองได้มากกว่าที่เคย
สิทธิประโยชน์เหนือระดับสำหรับสมาชิก KVK WISDOM เท่านั้น กับแคมเปญ ""คุ้ม 3 ต่อ"" ที่ให้คุณเลือกดูแลตัวเองได้หลากหลายโปรแกรมชั้นนำ ไม่ว่าจะเป็นงานยกกระชับหรืองานผิว

.
✨ สัมผัสความคุ้มค่า 3 ต่อ ที่คุณออกแบบเองได้:

1️⃣ รับ Credit เพิ่มทันที: เมื่อเปิดวงเงินสมาชิก รับส่วนต่างเพิ่มสูงสุดถึง 80,000.- สำหรับใช้บริการโปรแกรมต่างๆ ในคลินิก

2️⃣ Expert Care: ร่วมดูแลและวางแผนความงามโดยทีมงานดูแลครอบคลุมทุกความต้องการภายใต้มาตรฐาน KVK Clinic 

3️⃣ Bonus Privilege: เลือกรับบริการ ""โปรแกรมตัวท็อป"" เพิ่มฟรี 1 รายการ 

💎 เลือกเอกสิทธิ์ WISDOM ที่เหมาะกับคุณ:  

▪️VIP 200,000.- | รับเพิ่ม 25,000.- + เลือกบริการท็อปได้ 1 รายการ

▪️VVIP 300,000.- | รับเพิ่ม 40,000.- + เลือกบริการท็อปได้ 1 รายการ

▪️ELITE VVIP 400,000.- | รับเพิ่ม 60,000.- + เลือกบริการท็อปได้ 1 รายการ

▪️ROYAL VVIP 500,000.- | รับเพิ่ม 80,000.- + เลือกบริการท็อปได้ 1 รายการ

🎁 ความพิเศษที่มากกว่า:
นอกจากวงเงินที่ได้รับเพิ่มแล้ว คุณยังได้รับสิทธิ์เข้าร่วมโปรแกรมพิเศษกับ Dr.Koong ที่จะช่วยออกแบบความสวยให้เป็นเอกลักษณ์ในแบบของคุณเอง

📍 สนใจสอบถามรายละเอียดเพิ่มเติม หรือนัดหมายล่วงหน้าได้ที่ Inbox
.
.
.
ช่องทางติดต่อสอบถาม แอดมิน+ ปรึกษาแพทย์
𝐋𝐢𝐧𝐞 𝐎𝐀 เป็นช่องทางหลัก
สาขา 𝗞𝗼𝗿𝗮𝘁 (Head Qaurters) : @1stkvk 
.
สาขา3 : ติดโรงเรียน ปลูกปัญญา เส้นสุระ 2 
📞 061 956 5444
สาขา1 : ในปั้มปตท. ข้างเดอะมอลล์โคราช
📞 087 870 5888
.
🌐 𝐖𝐞𝐛𝐬𝐢𝐭𝐞 : https://kvkclinic.com
📺 𝐘𝐨𝐮𝐭𝐮𝐛𝐞 : https://youtube.com/@kornvikkaclinic1234?si=PwiLo4SaaXs9J2DS
----------
#KVKClinic #DrKoong #หมอเจด
#ยกมาตรฐานจริงใจล้ำสมัย 
#KVKWisdom #ExclusivePrivilege",,0,05/17/2026 00:05,N/A,https://www.facebook.com/KVKClinic/posts/pfbid027wE8XCQNmkzg9HEwu1MwqKDk7emqsEpuDk2FD5tzXPGytVkt9efmxbTwZDZzjkrkl,0,0,รูปภาพ,,,,,อายุการใช้งาน,1707,923,6,6,0,0,39,6,,33,,,,,,
1289663853251881,1.00066E+14,Kornvikkaclinic,"💫มิติใหม่ของความละมุน... Design Your Own Beauty ที่ KVK Clinic 
เหนื่อยจากงานแต่ไม่อยากให้หน้าดูเหนื่อยตาม... มาปรับลุคให้ดูละมุน สดใสขึ้น ด้วยเทคนิคการเติมเต็มอย่างตรงจุดที่ KVK Clinic

.
เราเน้นการแก้ปัญหาที่ต้นเหตุ ไม่ว่าจะเป็นเงาใต้ตาที่ทำให้ดูโทรม หรือโครงหน้าที่ดูไม่อ่อนหวาน เพื่อผลลัพธ์ที่กลมกลืน ดูไม่ออกว่าทำอะไรมา แต่ดูดีขึ้นจนคนทัก

✅ ลดเงาคล้ำใต้ตา ให้หน้าดูไบร์ท
✅ เติมขมับให้รับกับรูปหน้า
✅ ปรับสมดุลใบหน้าให้ดูซอฟต์ อ่อนโยน

👀ดีไซน์ความสวยแบบ Personalize เพื่อลุคที่ดูเป็นธรรมชาติที่สุดสำหรับคุณ
มาดีไซน์ความละมุนไปด้วยกันที่ KVK Clinic... เราพร้อมดูแลทุกรายละเอียดเพื่อคุณ🫶
.
.
.
ช่องทางติดต่อสอบถาม แอดมิน+ ปรึกษาแพทย์
𝐋𝐢𝐧𝐞 𝐎𝐀 เป็นช่องทางหลัก
สาขา 𝗞𝗼𝗿𝗮𝘁 (Head Qaurters) : @1stkvk 
.
สาขา3 : ติดโรงเรียน ปลูกปัญญา เส้นสุระ 2 
📞 061 956 5444
สาขา1 : ในปั้มปตท. ข้างเดอะมอลล์โคราช
📞 087 870 5888
.
🌐 𝐖𝐞𝐛𝐬𝐢𝐭𝐞 : https://kvkclinic.com
📺 𝐘𝐨𝐮𝐭𝐮𝐛𝐞 : https://youtube.com/@kornvikkaclinic1234?si=PwiLo4SaaXs9J2DS
----------
#KVKClinic #DrKoong #หมอเจด
#ยกมาตรฐานจริงใจล้ำสมัย 
#ProgramFiller #โปรแกรมปรับรูปหน้า",,0,05/17/2026 01:00,N/A,https://www.facebook.com/KVKClinic/posts/pfbid0ctYyNqryk6censNXanQoZVto22xdY4vhnyfMKruPo1jQk7AptHYDFoG2RuuREyDDl,0,0,รูปภาพ,,,,,อายุการใช้งาน,1464,841,2,2,0,0,15,1,2,12,,,,,,
1289794406572159,1.00066E+14,Kornvikkaclinic,"เมื่อ ""ความรู้"" มาเจอกับ ""น้ำชายามบ่าย"" บรรยากาศก็จะละมุนประมาณนี้ค่ะ! 🍰✨

เก็บภาพบรรยากาศความประทับใจจากงาน Haus of Allure Teatime มาฝากค่ะ งานนี้ คุณหมอกุ้ง (พญ.กรวิกกา พัฒนะปราน ว38020) ได้รับเกียรติรับเชิญเป็น Doctor Speaker 👩‍⚕️

📚 ร่วมแบ่งปันข้อมูลความรู้และเจาะลึกรายละเอียดเกี่ยวกับผลิตภัณฑ์ (Product Information) ในกลุ่ม Mask เพื่อการดูแลผิวอย่างตรงจุด ภายในบรรยากาศที่อบอุ่นและเป็นกันเอง ณ ABBA BKK เมื่อวันที่ 8 พฤษภาคมที่ผ่านมา

บรรยากาศงานน่ารักใจฟูมาก คุณหมอแฮปปี้สุดๆ ที่ได้แชร์ข้อมูลเจาะลึกเรื่อง Mask ให้ทุกคนได้ฟังกันแบบใกล้ชิดท่ามกลางกลิ่นหอมของน้ำชา ขอบคุณทุกคนที่มาร่วมจิบชาและเก็บเกี่ยวสาระความสวยไปด้วยกันนะคะ!
🫶🩵
............................................
#KVKClinic #DrKoong #หมอเจด
#ยกมาตรฐานจริงใจล้ำสมัย 
#JebanTeatime #HausOfAllure #สวยบอกต่อ",,0,05/17/2026 04:30,N/A,https://www.facebook.com/KVKClinic/posts/pfbid0NHjiYbHd1G4mnSgbwFdfW9dSQiN3TSZfwjMSgQWkEwwh9Uz51c9toUicwSK53j1fl,0,0,รูปภาพ,,,,,อายุการใช้งาน,2048,1171,16,12,0,4,58,11,,47,,,,,,
1289810593237207,1.00066E+14,Kornvikkaclinic,"โปรแกรม Morphues 8 Prime 
#ดีกว่าเดิมยังไง!!!! ต้องลอง

 💥 ดีลใหญ่ที่ทุกคนรอคอย! กู้ผิวพังให้กลับมาสตรองด้วยเทคโนโลยีล่าสุด
โปรแกรม 𝐌𝐨𝐫𝐩𝐡𝐞𝐮𝐬 𝟖 𝐏𝐫𝐢𝐦𝐞 (𝐍𝐞𝐰 𝐆𝐞𝐧𝐞𝐫𝐚𝐭𝐢𝐨𝐧) เจ็บน้อยลง...แต่ผลลัพธ์ทรงพลังกว่าเดิม!

.
✨ 𝐏𝐫𝐨𝐠𝐫𝐚𝐦 𝐌𝐨𝐫𝐩𝐡𝐞𝐮𝐬 𝟖 𝐏𝐫𝐢𝐦𝐞 ดีกว่ารุ่นเดิมยังไง?

Scale Mode นวัตกรรมล่าสุด : ปรับระดับการส่งพลังงานได้แม่นยำและสมดุลขึ้น พร้อมทั้งช่วยลด Pain Score (ความเจ็บ) ลงอย่างเห็นได้ชัด สบายผิวขึ้นระหว่างทำ

ผลลัพธ์คูณสอง : ถึงจะเจ็บน้อยลง แต่ส่งพลังงานลงลึกกระตุ้นการเรียงตัวใหม่ของชั้นผิวได้ดีกว่าเดิม แก้ปัญหาผิวหย่อนคล้อย รูขุมขน และรอยสิวได้อย่างตรงจุด

.
💎 𝐓𝐡𝐞 𝐔𝐥𝐭𝐢𝐦𝐚𝐭𝐞 𝐆𝐥𝐨𝐰 𝐂𝐨𝐦𝐛𝐨 | เพียง 𝟐𝟗,𝟗𝟎𝟎.-

คุ้มที่สุดเพราะเราให้ครบ ไม่ต้องเลือก! สิ่งที่คุณจะได้รับในแพ็กเกจนี้:
▪️ 𝐏𝐫𝐨𝐠𝐫𝐚𝐦 𝐌𝐨𝐫𝐩𝐡𝐞𝐮𝐬 𝟖 𝐏𝐫𝐢𝐦𝐞 : 𝐅𝐚𝐜𝐞 & 𝐍𝐞𝐜𝐤 
▪️ 𝐏𝐫𝐨𝐠𝐫𝐚𝐦 𝐈𝐧𝐦𝐨𝐝𝐞 𝐋𝐢𝐟𝐭𝐢𝐧𝐠 
▪️ 𝐏𝐫𝐨𝐠𝐫𝐚𝐦 𝐕𝐢𝐭𝐚𝐫𝐚𝐧 (1 syr.)
▪️ 𝐏𝐫𝐨𝐠𝐫𝐚𝐦 𝐆 𝐅𝐚𝐜𝐭𝐨𝐫 
▪️ 𝐏𝐫𝐨𝐠𝐫𝐚𝐦 𝐒𝐤𝐢𝐧 𝐎𝐜𝐥𝐨𝐜𝐤 & 𝐒𝐤𝐢𝐧 𝐂𝐚𝐫𝐞 

.
🤔 ทำไมต้องเลือกทำ 𝐏𝐫𝐨𝐠𝐫𝐚𝐦  𝐌𝐨𝐫𝐩𝐡𝐞𝐮𝐬 𝟖 𝐏𝐫𝐢𝐦𝐞 ที่ 𝐊𝐕𝐊 𝐂𝐥𝐢𝐧𝐢𝐜?

เพราะเราไม่เพียงแค่ทำเสร็จแล้วจบไป แต่เราออกแบบระบบ Pre-care & Post-care มาให้ครบในแพ็กเกจเดียว เพื่อช่วยซัพพอร์ตการฟื้นตัวของผิว (Downtime สั้นลง) และเสริมประสิทธิภาพการทำงานของตัวเครื่องให้ได้ผลลัพธ์สูงสุด

👩‍⚕️ ดูแลโดยทีมแพทย์ผู้เชี่ยวชาญ ใส่ใจและออกแบบการวางพลังงาน (Energy Design) ตามสภาพผิวและการตอบสนองของแต่ละบุคคลโดยเฉพาะ
(หมายเหตุ: การรักษาแต่ละครั้งขึ้นอยู่กับการวินิจฉัยของแพทย์และสภาพผิวรายบุคคล)

📩 ไม่อยากพลาดดีลสุดคุ้มนี้?
ทัก Inbox เพื่อจองคิว หรือส่งรูปมาให้คุณหมอช่วยประเมินผิวเบื้องต้นก่อนได้เลยค่ะ! 👉

.
.
.
ช่องทางติดต่อสอบถาม แอดมิน+ ปรึกษาแพทย์
𝐋𝐢𝐧𝐞 𝐎𝐀 เป็นช่องทางหลัก
สาขา 𝗞𝗼𝗿𝗮𝘁 : @1stkvk 
.
🔹 สาขา 𝗞𝗼𝗿𝗮𝘁 : โคราช (Head Qaurters)
สาขา3 : ติดโรงเรียน ปลูกปัญญา เส้นสุระ 2 
สาขา1 : ในปั้มปตท. ข้างเดอะมอลล์โคราช
📞 06 1956 5444
.
🌐𝐖𝐞𝐛𝐬𝐢𝐭𝐞 : https://kvkclinic.com
📺𝐘𝐨𝐮𝐭𝐮𝐛𝐞 : https://youtube.com/@kornvikkaclinic1234?si=PwiLo4SaaXs9J2DS
............................................
#KVKClinic #DrKoong #หมอเจด
#ยกมาตรฐานจริงใจล้ำสมัย 
#ProgramMorpheus8Prime",,0,05/17/2026 05:00,N/A,https://www.facebook.com/KVKClinic/posts/pfbid02mcxXyPfmALyLSZQK7Jk76vGWFabQTqPMfc3sm86sGMjTytyRC2xZhht6jB3MMzj3l,0,0,รูปภาพ,,,,,อายุการใช้งาน,1521,925,3,3,0,0,5,,,5,,,,,,
1290431036508496,1.00066E+14,Kornvikkaclinic,"🌟 𝐑𝐞𝐯𝐞𝐚𝐥 𝐘𝐨𝐮𝐫 𝐁𝐞𝐬𝐭 𝐒𝐤𝐢𝐧: 𝟑 ทางเลือกอัปเกรดผิวสวยที่ 𝐊𝐕𝐊 𝐂𝐥𝐢𝐧𝐢𝐜 
เพราะผิวแต่ละแบบต้องการดูแลที่ไม่เหมือนกัน... พบกับ 𝐃𝐢𝐬𝐜𝐨𝐯𝐞𝐫𝐲 𝐏𝐫𝐨𝐠𝐫𝐚𝐦 เซตคู่หูสุดพิเศษที่รวม ""เทคโนโลยีมาตรฐาน"" มาดูแลผิวคุณให้กลับมาดูสดใส มั่นใจอีกครั้ง ในราคาพิเศษที่สุด!

.
🔍 เลือกแมตช์โปรแกรมที่ตอบโจทย์คุณ:

🔴𝐓𝐡𝐞 𝐒𝐩𝐨𝐭 𝐄𝐫𝐚𝐬𝐞𝐫 | 𝐏𝐫𝐨𝐠𝐫𝐚𝐦 𝐏𝐢𝐜𝐨𝐬𝐮𝐫𝐞 𝐏𝐫𝐨 + 𝐏𝐫𝐨𝐠𝐫𝐚𝐦 𝐕𝐢𝐭𝐚𝐫𝐚𝐧
จัดการปัญหาจุดด่างดำ รอยจากสิว และความหมองคล้ำ ให้ผิวดูสว่างกระจ่างใสขึ้น พร้อมฟื้นฟูผิวให้แข็งแรงไปพร้อมๆ กัน

🟠𝐓𝐡𝐞 𝐆𝐥𝐨𝐰 𝐁𝐨𝐨𝐬𝐭𝐞𝐫 | 𝐏𝐫𝐨𝐠𝐫𝐚𝐦 𝐑𝐞𝐝𝐓𝐨𝐮𝐜𝐡 𝐏𝐫𝐨 + 𝐏𝐫𝐨𝐠𝐫𝐚𝐦 𝐕𝐢𝐭𝐚𝐫𝐚𝐧
เน้นงานผิวละเอียด กระชับรูขุมขน พร้อมเติมสารอาหารให้ผิวดูอิ่มน้ำ สุขภาพดีจากภายใน เหมาะมากสำหรับใครที่อยากได้ผิวฟูดูโกลว์

🟡𝐓𝐡𝐞 𝐒𝐤𝐢𝐧 𝐑𝐞𝐟𝐢𝐧𝐞𝐫 | 𝐏𝐫𝐨𝐠𝐫𝐚𝐦 𝐃𝐞𝐫𝐦𝐚𝐕 + 𝐏𝐫𝐨𝐠𝐫𝐚𝐦 𝐕𝐢𝐭𝐚𝐫𝐚𝐧
เน้นการปรับสีผิวให้สม่ำเสมอ ลดรอยแดง และปลอบประโลมผิวให้เรียบเนียน เหมาะสำหรับผิวที่ต้องการการดูแลอย่างอ่อนโยนแต่ล้ำลึก

.
💳 𝐒𝐩𝐞𝐜𝐢𝐚𝐥 𝐎𝐟𝐟𝐞𝐫: เพียง 𝟏𝟎,𝟗𝟎𝟎.- เท่านั้น!
📍 สิทธิ์พิเศษ: จำกัด 𝟏 ท่าน / 𝟏 สิทธิ์ (จำนวนจำกัดในแต่ละสาขา)

⭐ 𝐄𝐱𝐜𝐥𝐮𝐬𝐢𝐯𝐞 𝐂𝐡𝐨𝐢𝐜𝐞: สำหรับท่านที่ต้องการปรึกษาและดูแลโดย ""คุณหมอกุ้ง""
(มีค่าดูแลเพิ่มเติม: สาขาสยาม +2,000.- / สาขาโคราช +1,000.-)

ให้เทคโนโลยีระดับพรีเมียมเป็นตัวช่วยดูแลผิวคุณวันนี้

💬 สอบถามคิวว่างหรือปรึกษาเพิ่มเติม ทักแชทได้เลยค่ะ
.
.
.
ช่องทางติดต่อสอบถาม แอดมิน+ ปรึกษาแพทย์
𝐋𝐢𝐧𝐞 𝐎𝐀 เป็นช่องทางหลัก
สาขา 𝗞𝗼𝗿𝗮𝘁 : @1stkvk 
.
🔹 สาขา 𝗞𝗼𝗿𝗮𝘁 : โคราช (Head Qaurters)
สาขา3 : ติดโรงเรียน ปลูกปัญญา เส้นสุระ 2 
สาขา1 : ในปั้มปตท. ข้างเดอะมอลล์โคราช
📞 06 1956 5444
.
🌐𝐖𝐞𝐛𝐬𝐢𝐭𝐞 : https://kvkclinic.com
📺𝐘𝐨𝐮𝐭𝐮𝐛𝐞 : https://youtube.com/@kornvikkaclinic1234?si=PwiLo4SaaXs9J2DS
............................................
#KVKClinic #DrKoong #หมอเจด
#ยกมาตรฐานจริงใจล้ำสมัย 
#DiscoveryProgram #SkinDesign",,0,05/17/2026 22:29,N/A,https://www.facebook.com/KVKClinic/posts/pfbid0J2GRg7RDUsJjHCBbkjuSnEMuAc8XMPYYWuoHwFfy1prjUbqrsgt3K2GknjLiu2GCl,0,0,รูปภาพ,,,,,อายุการใช้งาน,3237,2079,5,3,0,2,64,40,17,7,,,,,,
1290478063170460,1.00066E+14,Kornvikkaclinic,"⚡️ อัปเกรดงานผิวขั้นสุดกับโปรแกรม Morpheus8 PROMAX | นิยามใหม่ของผิวแลดูอ่อนเยาว์อย่างเป็นธรรมชาติ

นวัตกรรมระดับโกลด์สแตนดาร์ดที่ช่วยปลุกพลังคอลลาเจนและอีลาสตินจากภายใน ให้ผิวกลับมาแลดูมีชีวิตชีวาอีกครั้ง! 🚀

.
🔥 ทำไม Program Morpheus8 PROMAX ถึงเป็นทอล์กออฟเดอะทาวน์?

รอบนี้จัดเต็มกว่าเดิมด้วยไอเทมหัวทิปใหม่ถึง 2 สไตล์ ที่ออกแบบมาเพื่อดูแลสภาพผิวได้อย่างตรงจุด:

1️⃣ Program Morpheus 24pin (ทิปยอดฮิตเพื่อความเฟิร์ม)
• ส่งพลังงานคลื่นความถี่วิทยุ (RF) ลงลึกสู่ชั้นผิวอย่างแม่นยำ
• ปลุกการทำงานของคอลลาเจนและอีลาสตินให้ตื่นตัว
• เน้นงานผิวช้อนกระชับ ดูแลผิวที่หย่อนคล้อยให้กลับมาเรียบเนียน ได้รูป

2️⃣ Program Resurfacing (NEW TIP! ทิปใหม่เพื่องานผิวเนียนละเอียด)
• ปัดเป่าความหมองคล้ำ ฟื้นบำรุงผิวชั้นบนให้แลดูเรียบเนียน
• ปรับเลเยอร์ผิวให้ดูสม่ำเสมอ เผยสัมผัสที่นุ่มนวล น่าสัมผัส

.
💡 Tips: สัมผัสความเปลี่ยนแปลงของงานผิวที่ดูเล็กลง ละเอียดขึ้น และเปล่งประกายในแบบที่เป็นคุณ

💬 สอบถามคิวว่างหรือปรึกษาเพิ่มเติม ทักแชทได้เลยค่ะ
.
.
.
ช่องทางติดต่อสอบถาม แอดมิน+ ปรึกษาแพทย์
𝐋𝐢𝐧𝐞 𝐎𝐀 เป็นช่องทางหลัก
สาขา 𝗞𝗼𝗿𝗮𝘁 : @1stkvk 
.
🔹 สาขา 𝗞𝗼𝗿𝗮𝘁 : โคราช (Head Qaurters)
สาขา3 : ติดโรงเรียน ปลูกปัญญา เส้นสุระ 2 
สาขา1 : ในปั้มปตท. ข้างเดอะมอลล์โคราช
📞 06 1956 5444
.
🌐𝐖𝐞𝐛𝐬𝐢𝐭𝐞 : https://kvkclinic.com
📺𝐘𝐨𝐮𝐭𝐮𝐛𝐞 : https://youtube.com/@kornvikkaclinic1234?si=PwiLo4SaaXs9J2DS
............................................
#KVKClinic #DrKoong #หมอเจด
#ยกมาตรฐานจริงใจล้ำสมัย 
#ProgramMorpheus8PROMAX #คลื่นความถี่วิทยุRF",,0,05/18/2026 00:30,N/A,https://www.facebook.com/KVKClinic/posts/pfbid02vxrmT2fTjQN2KqhuRvXPSPBMZ1nbhnn5fCxc7BgnEoU1VGwYPnNAuPf88owb23Jil,0,0,รูปภาพ,,,,,อายุการใช้งาน,1300,762,2,2,0,0,29,7,1,21,,,,,,
1291201573098109,1.00066E+14,Kornvikkaclinic,"จากไม่มีทรง ใส่อะไรก็ดูไม่เต็ม
สู่ลุคที่แต่งตัวได้สนุกขึ้น ✨
.
จะเห็นว่าคนไข้มีลักษณะหน้าอกค่อนข้างเล็ก
ทำให้เวลาสวมใส่เสื้อผ้าจะดูไม่เต็มทรง
โดยเฉพาะเสื้อสายเดี่ยวหรือเสื้อเข้ารูป
เคสนี้แก้ไข้ด้วยโปรแกรมเสริมหน้าอก
หลังทำไป 3 ปี จะเห็นได้ว่าทรงหน้าอกยังคงสวยชัด
ดูเป็นธรรมชาติและเข้ากับสรีระ หน้าอกดูมีมิติขึ้นอย่างชัดเจน
เวลาใส่เสื้อผ้าจะเห็นทรงที่ชัดขึ้น
.
ผ่าตัดเสริมหน้าอกที่ KVK Clinic
✅ ดูแลโดยแพทย์มากประสบการณ์
✅ ปรึกษากับคุณหมอก่อนเข้าห้องผ่าตัดทุกเคส
✅ ออกแบบข้างต่อข้างให้เข้ากับแต่ละบุคคล แบบเคสต่อเคส
✅ ติดตามผลและดูแลหลังผ่าตัดอย่างต่อเนื่อง",,0,05/18/2026 22:00,N/A,https://www.facebook.com/KVKClinic/posts/pfbid02rA3b9cpqc4sFPvJswzCz7biJBzhDMmMx7TCQgBjgTGRL6JHgsAQHvZTodV8Ssw26l,0,0,รูปภาพ,,,,,อายุการใช้งาน,979,597,4,3,0,1,0,,,,,,,,,
1291424886409111,1.00066E+14,Kornvikkaclinic,"🛑 หยุดสาดโปรแกรมฟิลเลอร์ใส่ร่องแก้ม!
เจาะลึกโครงสร้างร่องแก้ม กับ #เทคนิคการดีไซน์ของหมอกุ้ง
(พญ.กรวิกกา พัฒนะปราน ว38020) ที่ KVKClinic 

🧐เคยสังเกตไหมคะ? บางคนเติมร่องแก้มมาแล้วหน้าเปลี่ยนไปเลย ดูละมุน อ่อนเยาว์ แต่บางคนเติมแล้วกลับรู้สึกว่าหน้าดูอูม ยิ้มแล้วดูไม่เป็นธรรมชาติ
นั่นเป็นเพราะ “ร่องแก้มลึก” เป็นเพียงปลายเหตุค่ะ แต่ต้นเหตุใต้ชั้นผิวของแต่ละคนนั้น... แตกต่างกันอย่างสิ้นเชิง

.
1️⃣ ฐานทรุด (กระดูกส่วนกลางใบหน้ายุบตัว)

🔸อาการ: เป็นแอ่งลึกก้นกระทะตรงข้างปีกจมูกชัดเจน

🔸วิธีแก้: คุณหมอจะใช้ฟิลเลอร์เนื้อพุ่ง คงตัวสูง เติมเสริมแทนที่ฐานกระดูกที่ทรุดตัวโดยตรง ปรับมิติใบหน้าส่วนกลางให้อิ่มฟู ดูอ่อนเยาว์อย่างเป็นธรรมชาติ

🔸ปริมาณประมาณ: 1 - 2 cc (รวม 2 ข้าง)

2️⃣ บนคล้อย (โครงสร้างใต้ตาและหน้าแก้มฝ่อตัว)

🔸อาการ: หน้าแก้มแบน ผิวหย่อนคล้อยลงมากองทับจนเกิดเป็นเส้นร่องแก้ม

🔸วิธีแก้: เติมตรงๆ หน้าจะล้น เทคนิคคือ ""ต้องพยุงข้างบน ก่อนเก็บข้างล่าง"" คุณหมอจะใช้ฟิลเลอร์เนื้อแน่น แรงยกสูง พยุงหน้าแก้มให้ยกกระชับขึ้นก่อน แล้วค่อยเก็บรายละเอียดร่องแก้มอย่างเบามือ

🔸ปริมาณประมาณ: 1 - 3 cc (รวม 2 ข้าง)

3️⃣ เอ็นหย่อน (เส้นเอ็นยึดผิว ZCL เสื่อมสภาพตามวัย)

🔸อาการ: อายุเริ่มเยอะ ผิวขาดความยืดหยุ่น เนื้อแก้มห้อยพับเป็นชั้น

🔸วิธีแก้: ต้องดูแลแบบองค์รวม โดยใช้เทคนิค Filler Lifting ควบคู่กับกลุ่มเครื่องยกกระชับ หรือไหมละลาย เพื่อช่วยกระตุ้นคอลลาเจนตามธรรมชาติ คืนความแน่นเฟิร์มให้ชั้นผิวในระยะยาว

🔸ปริมาณประมาณ: 2 - 3 cc (รวม 2 ข้าง)

.
👩‍⚕️ทริคเล็กๆจากหมอกุ้ง : ปัญหาร่องแก้มของบางท่านอาจเกิดจากหลายสาเขตร่วมกัน การเข้ามาตรวจเช็กโครงสร้างใบหน้าโดยละเอียด จะช่วยให้เราออกแบบการรักษาได้แม่นยำและได้ผลลัพธ์ที่ละมุนที่สุดค่ะ🫶
*ผลลัพธ์ที่ได้ขึ้นอยู่กับแต่ละบุคคล
............................................
#KVKClinic #DrKoong #หมอเจด
#ยกมาตรฐานจริงใจล้ำสมัย
#เทคนิคปรับรูปหน้า #FacialDesign #โปรแกรมฟิลเลอร์",,0,05/19/2026 04:11,N/A,https://www.facebook.com/KVKClinic/posts/pfbid032LYXySgFJCaNJtPQqMaW6HZZHZNtF54cCnURrbVYSk3WPutDNdWvdTp3sRnecW8Ql,0,0,รูปภาพ,,,,,อายุการใช้งาน,3798,2110,34,31,0,3,183,84,48,51,,,,,,
1291437353074531,1.00066E+14,Kornvikkaclinic,"ทำไม…โปรแกรมฟิลเลอร์ปรับรูปหน้า” ที่ KVK Clinic ถึงครองใจทุกคน?

🥰ไม่ต้องพึ่งกระแสโฆษณา แต่ยืนหนึ่งด้วยผลลัพธ์และความประทับใจจริง เพราะใครที่ได้เข้ามาสัมผัสประสบการณ์ดีไซน์ใบหน้าและการดูแลอย่างใส่ใจที่นี่ ต่างบอกเป็นเสียงเดียวกันว่า  ""ประทับใจจนต้องกลับมาดูแลอย่างต่อเนื่อง""

.
ทำไม “โปรแกรมฟิลเลอร์ปรับรูปหน้า” ที่ KVK Clinic ถึงครองใจทุกคน?

✅ Customized Design (การออกแบบเฉพาะบุคคล)
: เพราะโครงสร้างใบหน้าของแต่ละคนมีมิติและเนื้อผิวที่ต่างกัน คุณหมอจะตรวจประเมินอย่างละเอียดแบบ Case by Case ไม่ใช่การเติมตามบล็อก แต่เป็นการดีไซน์เพื่อดึงเอกลักษณ์ความสวยในแบบที่เป็นคุณออกมาให้ดีที่สุด

✅ Anatomical Precision (ความแม่นยำชั้นสูง)
: มั่นใจในทุกมิติด้วยเทคนิคการวางตำแหน่งผลิตภัณฑ์ที่ถูกต้อง แม่นยำตรงชั้นผิว เพื่อผลลัพธ์ที่เรียบเนียน ดูละมุน พลิกฟื้นความอ่อนเยาว์อย่างเป็นธรรมชาติ ไม่แข็ง ไม่ดูล้น

✅ Premium Selection (คัดสรรสิ่งที่ดีที่สุด)
: เราเลือกใช้เฉพาะผลิตภัณฑ์ฟิลเลอร์พรีเมียมระดับโลก (World-class Brand) ผ่านการรับรองมาตรฐานสากล โดยคุณหมอจะเลือกเนื้อเจลที่มีโมเลกุลเหมาะสมกับแต่ละชั้นผิวและแต่ละปัญหาอย่างตรงจุดที่สุด

.
ไม่ว่าจะเป็นการปรับมิติส่วนกลางใบหน้า, การเติมเต็มฐานโครงสร้างที่ยุบตัว, หรือการพยุงชั้นผิวเพื่อความยกกระชับ... ให้ความเชี่ยวชาญและการออกแบบอย่างประณีตจากทีมแพทย์ KVK Clinic ดูแลคุณนะคะ🫶🩵

💬 สอบถามคิวว่างหรือปรึกษาเพิ่มเติม ทักแชทได้เลยค่ะ
.
.
.
ช่องทางติดต่อสอบถาม แอดมิน+ ปรึกษาแพทย์
𝐋𝐢𝐧𝐞 𝐎𝐀 เป็นช่องทางหลัก
สาขา 𝗞𝗼𝗿𝗮𝘁 : @1stkvk 
.
🔹 สาขา 𝗞𝗼𝗿𝗮𝘁 : โคราช (Head Qaurters)
สาขา3 : ติดโรงเรียน ปลูกปัญญา เส้นสุระ 2 
สาขา1 : ในปั้มปตท. ข้างเดอะมอลล์โคราช
📞 06 1956 5444
.
🌐𝐖𝐞𝐛𝐬𝐢𝐭𝐞 : https://kvkclinic.com
📺𝐘𝐨𝐮𝐭𝐮𝐛𝐞 : https://youtube.com/@kornvikkaclinic1234?si=PwiLo4SaaXs9J2DS
............................................
#KVKClinic #DrKoong #หมอเจด
#ยกมาตรฐานจริงใจล้ำสมัย 
#เทคนิคปรับรูปหน้า #FacialDesign #โปรแกรมฟิลเลอร์",,0,05/19/2026 05:05,N/A,https://www.facebook.com/KVKClinic/posts/pfbid0BBWMP476YytqDwfqNEwcnh4kNn7G9gTCbrKYThsvhwAr6sQq47VyuyXYggMtXwbMl,0,0,รูปภาพ,,,,,อายุการใช้งาน,899,584,1,1,0,0,4,,,4,,,,,,
1291332966418303,1.00066E+14,Kornvikkaclinic,"เปลี่ยนมุมข้างให้ดูละมุนขึ้น 👃✨
จมูกมีมิติขึ้น ลุคก็เปลี่ยนทันที
.
ก่อนทำเคสนี้สันจมูกค่อนข้างต่ำ
ปลายจมูกมีความมนและสั้นเล็กน้อย
ทำให้เวลามองด้านข้าง ใบหน้าดูเรียบและขาดมิติ
คุณหมอแก้ไขด้วยโปรแกรมเสริมจมูก
พร้อมออกแบบทรงจมูกให้เหมาะกับรูปหน้า
หลังทำจะเห้นได้ชัดว่าจมูกดูเรียวขึ้น มุมข้างดูมีมิติขึ้น
ปรับปลายจมูกให้ดูพุ่งขึ้นอย่างพอดีแลดูธรรมชาติ
ช่วยให้ลุคโดยรวมดูหวานเข้ากับใบหน้า
.
ผ่าตัดเสริมจมูกที่ KVK Clinic
✅ ดูแลโดยแพทย์มากประสบการณ์
✅ ปรึกษากับคุณหมอก่อนเข้าห้องผ่าตัดทุกเคส
✅ ออกแบบทรงจมูกให้เข้ากับแต่ละบุคคล แบบเคสต่อเคส
✅ ติดตามผลและดูแลหลังผ่าตัดอย่างต่อเนื่อง",,0,05/19/2026 19:00,N/A,https://www.facebook.com/KVKClinic/posts/pfbid02Facvi2dMxGvcyCgyKzoAHJPA3mjhkbcMKp1jmKJvq6nsaH9hyhZitSUWmhmKiv7il,0,0,รูปภาพ,,,,,อายุการใช้งาน,706,436,1,1,0,0,2,,,2,,,,,,
1292158979669035,1.00066E+14,Kornvikkaclinic,"ล็อคความมั่นใจแบบคูณสอง! ทั้งเติมมิติผิวและเก็บริ้วรอยในครั้งเดียว 💖
กับโปรแกรม Filler Lifting ที่ KVK CLINIC 

.
📌 เลือกโปรแกรมที่ใช่สำหรับคุณ:

🔹 PROGRAM ฟิลเลอร์ TEOXANE 1 CC ➡️ 15,900.-

🔹 PROGRAM LIFTING FULL FACE 3 CC ➡️ 44,500.-

🎁 สิทธิพิเศษสุดคุ้ม (เมื่อซื้อ 3 CC ขึ้นไป):
1️⃣ FREE! โปรแกรมดูแลริ้วรอยช่วงบน ( Bo Upper Face 1 ครั้ง)
2️⃣ FREE! สิทธิ์เข้ารับบริการร่วมรายการกับ Dr. Koong (โดยไม่มีค่าใช้จ่ายเพิ่มเติม)

(หมายเหตุ:  หากเลือกรับบริการกับ Dr. Koong มีค่าบริการเพิ่มเติม +1,500.- / CC )
 *** ผลลัพธ์ขึ้นอยู่กับสภาพผิวและการประเมินของแพทย์เฉพาะบุคคล

📍 ร่วมออกแบบมิติใบหน้าเฉพาะบุคคลได้แล้ววันนี้ที่ KVK CLINIC และ ทัก Inbox เพื่อสำรองคิวล่วงหน้าได้เลยค่ะ 📩
.
.
.
ช่องทางติดต่อสอบถาม แอดมิน+ ปรึกษาแพทย์
𝐋𝐢𝐧𝐞 𝐎𝐀 เป็นช่องทางหลัก
สาขา 𝗞𝗼𝗿𝗮𝘁 : @1stkvk 
.
🔹 สาขา 𝗞𝗼𝗿𝗮𝘁 : โคราช (Head Qaurters)
สาขา3 : ติดโรงเรียน ปลูกปัญญา เส้นสุระ 2 
สาขา1 : ในปั้มปตท. ข้างเดอะมอลล์โคราช
📞 06 1956 5444
.
🌐𝐖𝐞𝐛𝐬𝐢𝐭𝐞 : https://kvkclinic.com
📺𝐘𝐨𝐮𝐭𝐮𝐛𝐞 : https://youtube.com/@kornvikkaclinic1234?si=PwiLo4SaaXs9J2DS
............................................
#KVKClinic #DrKoong #หมอเจด
#ยกมาตรฐานจริงใจล้ำสมัย 
#ProgramFillerLifting #ปรับมิติใบหน้า #ฟิลเลอร์ยกกระชับ",,0,05/20/2026 00:37,N/A,https://www.facebook.com/KVKClinic/posts/pfbid02wSpLt9WsEWzQZFuEtDrSf5u99mBBtnSp4cZKiGZV3VTomLoPkEcAAeyHRhrk945fl,0,0,รูปภาพ,,,,,อายุการใช้งาน,673,429,1,1,0,0,1,,,1,,,,,,
1292180133000253,1.00066E+14,Kornvikkaclinic,"ล็อคความมั่นใจแบบคูณสอง! ทั้งเติมมิติผิวและเก็บริ้วรอยในครั้งเดียว 💖
กับโปรแกรม Filler Lifting ที่ KVK CLINIC 
.
📌 เลือกโปรแกรมที่ใช่สำหรับคุณ:
🔹 PROGRAM ฟิลเลอร์เกาหลี 1 CC ➡️ 8,500.-
🔹 PROGRAM LIFTING FULL FACE 3 CC ➡️ 22,500.-

.
🎁 สิทธิพิเศษสุดคุ้ม (เมื่อซื้อ 3 CC ขึ้นไป):
1️⃣ FREE! โปรแกรมดูแลริ้วรอยช่วงบน ( Bo Upper Face 1 ครั้ง)
2️⃣ FREE! สิทธิ์เข้ารับบริการร่วมรายการกับ Dr. Koong (โดยไม่มีค่าใช้จ่ายเพิ่มเติม)
(หมายเหตุ:  หากเลือกรับบริการกับ Dr. Koong มีค่าบริการเพิ่มเติม +1,500.- / CC )
 *** ผลลัพธ์ขึ้นอยู่กับสภาพผิวและการประเมินของแพทย์เฉพาะบุคคล

📍 ร่วมออกแบบมิติใบหน้าเฉพาะบุคคลได้แล้ววันนี้ที่ KVK CLINIC และ ทัก Inbox เพื่อสำรองคิวล่วงหน้าได้เลยค่ะ 📩
.
.
.
ช่องทางติดต่อสอบถาม แอดมิน+ ปรึกษาแพทย์
𝐋𝐢𝐧𝐞 𝐎𝐀 เป็นช่องทางหลัก
สาขา 𝗞𝗼𝗿𝗮𝘁 : @1stkvk 
.
🔹 สาขา 𝗞𝗼𝗿𝗮𝘁 : โคราช (Head Qaurters)
สาขา3 : ติดโรงเรียน ปลูกปัญญา เส้นสุระ 2 
สาขา1 : ในปั้มปตท. ข้างเดอะมอลล์โคราช
📞 06 1956 5444
.
🌐𝐖𝐞𝐛𝐬𝐢𝐭𝐞 : https://kvkclinic.com
📺𝐘𝐨𝐮𝐭𝐮𝐛𝐞 : https://youtube.com/@kornvikkaclinic1234?si=PwiLo4SaaXs9J2DS
............................................
#KVKClinic #DrKoong #หมอเจด
#ยกมาตรฐานจริงใจล้ำสมัย 
#ProgramFillerLifting #ปรับมิติใบหน้า #ฟิลเลอร์ยกกระชับ",,0,05/20/2026 01:12,N/A,https://www.facebook.com/KVKClinic/posts/pfbid022SYyVp61no2GimhLNL8anJwDTKJ7mMJ3H4EM9txitSsMuh2MNVbEfaizT3Sa7sVFl,0,0,รูปภาพ,,,,,อายุการใช้งาน,643,431,3,3,0,0,1,,,1,,,,,,
1292164999668433,1.00066E+14,Kornvikkaclinic,"🔐ปลดล็อกความลับผิวดูอ่อนเยาว์และมีมิติ ด้วยนวัตกรรมระดับ 𝐄𝐱𝐜𝐥𝐮𝐬𝐢𝐯𝐞

.
ครบจบเรื่องการดูแลผิว ให้ผิวแลดูแน่น เฟิร์ม กระชับ พร้อมความฉ่ำโกลว์ที่ทุกคนต้องทัก! 😱

🔥 𝐃𝐨𝐮𝐛𝐥𝐞 𝐋𝐢𝐟𝐭𝐢𝐧𝐠 𝐄𝐟𝐟𝐞𝐜𝐭: ( Program OligioX 600 Shots + Program Ultraformer MPT 300 Shots) 

🔥 พิเศษ! สิทธิ์แลกซื้อ𝐏𝐫𝐨𝐠𝐫𝐚𝐦 𝐁𝐚𝐛𝐲 𝐆𝐥𝐨𝐰 โปรแกรมงานผิวพรีเมียม

✨ ทั้งหมดนี้ในราคาเพียง 𝟑𝟑,𝟗𝟎𝟎.-

👩🏻‍⚕️ดูแลโดยทีมแพทย์ผู้เชี่ยวชาญ วิเคราะห์ปัญหาผิวแบบเคสต่อเคส

สัมผัสความเปลี่ยนแปลงด้วยตัวคุณเอง ที่ KVK Clinic ได้แล้ววันนี้ 📍
.
.
.
ช่องทางติดต่อสอบถาม แอดมิน+ ปรึกษาแพทย์
𝐋𝐢𝐧𝐞 𝐎𝐀 เป็นช่องทางหลัก
สาขา 𝗞𝗼𝗿𝗮𝘁 : @1stkvk 
.
🔹 สาขา 𝗞𝗼𝗿𝗮𝘁 : โคราช (Head Qaurters)
สาขา3 : ติดโรงเรียน ปลูกปัญญา เส้นสุระ 2 
สาขา1 : ในปั้มปตท. ข้างเดอะมอลล์โคราช
📞 06 1956 5444
.
🌐𝐖𝐞𝐛𝐬𝐢𝐭𝐞 : https://kvkclinic.com
📺𝐘𝐨𝐮𝐭𝐮𝐛𝐞 : https://youtube.com/@kornvikkaclinic1234?si=PwiLo4SaaXs9J2DS
............................................
#KVKClinic #DrKoong #หมอเจด
#ยกมาตรฐานจริงใจล้ำสมัย 
#ExclusiveProgram #ProgramOligioX #ProgramUltraformerMPT",,0,05/20/2026 01:20,N/A,https://www.facebook.com/KVKClinic/posts/pfbid02cbd7aCykQzqAd9bCuPRsAYLNyFfcKYE2qj8y62kVcuttyfizG6idwPgchhq4Swmvl,0,0,รูปภาพ,,,,,อายุการใช้งาน,734,460,3,3,0,0,3,,,3,,,,,,
1292219279663005,1.00066E+14,Kornvikkaclinic,"#ทำไมต้องโปรแกรมOligioXโปรแกรมที่KVK 🧐

ตัวนี้ไม่ใช่แค่การยกกระชับทั่วไป แต่ใช้เทคโนโลยี GXG (Gas-Liquid Cooling & High-Frequency) ที่ส่งพลังงานความร้อนลงลึกถึงชั้นผิวเพื่อกระตุ้นการสร้างคอลลาเจนใหม่ พร้อมกับระบบทำความเย็นอัจฉริยะที่ช่วยปกป้องผิวชั้นบน

.
ผลลัพธ์ที่พิสูจน์ได้:
✅ Skin Tightening: ผิวแน่น อิ่มฟู รูขุมขนกระชับ
✅ Face Contouring: สลายไขมันส่วนเกินบริเวณแก้มและเหนียง
✅ No Downtime: หลังทำผิวอาจมีรอยชมพูระเรื่อเล็กน้อย และหายไปเองในเวลาสั้นๆ แต่งหน้าต่อได้เลย!

เปลี่ยนหน้าบานให้เป็นหน้าวี ด้วยความละมุนที่เหนือกว่าเดิม 💎
.
.
.
ช่องทางติดต่อสอบถาม แอดมิน+ ปรึกษาแพทย์
𝐋𝐢𝐧𝐞 𝐎𝐀 เป็นช่องทางหลัก
สาขา 𝗞𝗼𝗿𝗮𝘁 : @1stkvk 
.
🔹 สาขา 𝗞𝗼𝗿𝗮𝘁 : โคราช (Head Qaurters)
สาขา3 : ติดโรงเรียน ปลูกปัญญา เส้นสุระ 2 
สาขา1 : ในปั้มปตท. ข้างเดอะมอลล์โคราช
📞 06 1956 5444
.
🌐𝐖𝐞𝐛𝐬𝐢𝐭𝐞 : https://kvkclinic.com
📺𝐘𝐨𝐮𝐭𝐮𝐛𝐞 : https://youtube.com/@kornvikkaclinic1234?si=PwiLo4SaaXs9J2DS
............................................
#KVKClinic #DrKoong #หมอเจด
#ยกมาตรฐานจริงใจล้ำสมัย 
#ProgramOligioX #โปรแกรมยกกระชับ",,0,05/20/2026 03:00,N/A,https://www.facebook.com/KVKClinic/posts/pfbid02V332EHxr5oJk7FyeqWYye6ARLsw36nRRBzWjaTLT8XsK9MXQCthaz4kU7G7kwiWJl,0,0,รูปภาพ,,,,,อายุการใช้งาน,727,449,1,1,0,0,11,3,1,7,,,,,,
1291336689751264,1.00066E+14,Kornvikkaclinic,"จากตาชั้นเดียวที่ดูเรียบ 👁️👁️
วันนี้กลายเป็นลุคหมวยอินเตอร์ที่ดูละมุนขึ้น
.
ก่อนทำคนไข้มีลักษณะตาชั้นเดียว
ทำให้ดวงตาดูไม่ค่อยเปิดและแต่งตาค่อนข้างยาก
เวลาถ่ายรูปหรือแต่งหน้าจะรู้สึกว่าตาดูไม่มีมิติ
คุณหมอจึงออกแบบชั้นตาใหม่ให้เข้ากับรูปตาเดิม
เน้นให้ชั้นตาดูชัดขึ้นแบบพอดี
อัปเดตครบ 2 เดือน ชั้นตาเริ่มเข้าที่มากขึ้น
ดวงตาดูเปิดและมีมิติมากขึ้น
ช่วยให้แต่งหน้าง่ายขึ้นและลุคโดยรวมดูสดใสขึ้นแบบเห็นได้ชัด
.
ผ่าตัดตาสองชั้นที่ KVK Clinic
✅ ดูแลโดยแพทย์มากประสบการณ์
✅ ปรึกษากับคุณหมอก่อนเข้าห้องผ่าตัดทุกเคส
✅ ออกแบบชั้นตาให้เข้ากับแต่ละบุคคล แบบเคสต่อเคส
✅ ติดตามผลและดูแลหลังผ่าตัดอย่างต่อเนื่อง",,0,05/20/2026 05:00,N/A,https://www.facebook.com/KVKClinic/posts/pfbid0LQkB56RSerKKb6g1PU3PgsYtsEkPV9TAdSbHn8f7kFfxMLfdhCt5uyMBJgdhJdBil,0,0,รูปภาพ,,,,,อายุการใช้งาน,946,639,5,3,1,1,5,1,,4,,,,,,
1291337586417841,1.00066E+14,Kornvikkaclinic,"ทรงสวยกำลังดี ดูละมุนแบบธรรมชาติ
ช่วยเพิ่มความมั่นใจในทุกลุค 
.
เคสนี้คนไข้หน้าอกค่อนข้างเล็ก ฐานอกแคบ
เวลาใส่เสื้อผ้าดูไม่ค่อยมีสัดส่วน
คนไข้เลือกแก้ไขด้วยโปรแกรมเสริมหน้าอกไซซ์ 300 cc 
หลังทำทรงหน้าอกดูชัดขึ้น ไซซ์ขนาดพอดีกับลำตัว 
ร่องอกดูเป็นธรรมชาติ ไม่แข็งหรือล้นเกินไป 
สามารถใส่เสื้อผ้าได้หลากหลายลุคอย่างมั่นใจ
.
ผ่าตัดเสริมหน้าอกที่ KVK Clinic
✅ ดูแลโดยแพทย์มากประสบการณ์
✅ ปรึกษากับคุณหมอก่อนเข้าห้องผ่าตัดทุกเคส
✅ ออกแบบข้างต่อข้างให้เข้ากับแต่ละบุคคล แบบเคสต่อเคส
✅ ติดตามผลและดูแลหลังผ่าตัดอย่างต่อเนื่อง",,0,05/20/2026 19:00,N/A,https://www.facebook.com/KVKClinic/posts/pfbid036c1oQguYz7hQMRsKVcKL6aDmfAp4MrbG422jEw8766Z4ixgKaWsbPaV6tmTtv5Ztl,0,0,รูปภาพ,,,,,อายุการใช้งาน,586,395,7,5,0,2,0,,,,,,,,,
1292828479602085,1.00066E+14,Kornvikkaclinic,"หยุดความกังวลเรื่องผิว แล้วปล่อยให้โปรแกรม Red Touch Pro ดูแล🔴

.

ไม่ว่าคุณจะมีสภาพผิวหรือสีผิวโทนไหน ก็สามารถมีผิวที่แลดูเนียนนุ่ม สุขภาพดีด้วย นวัตกรรมพลังงานแสงสีแดงความยาวคลื่น 675 nm ที่ออกแบบมาเพื่อดูแลผิวอย่างอ่อนโยน

🧬 มาพร้อม 2 รูปแบบการดูแลที่ตอบโจทย์อย่างครอบคลุม:

🔸 Moveo Mode: สัมผัสความเรียบเนียนอย่างทั่วถึง สม่ำเสมอทั่วใบหน้า

🔸 Stamp Mode: ดูแลเฉพาะจุดอย่างแม่นยำ ตรงจุดที่มีความกังวล

มั่นใจในมาตรฐานความปลอดภัย ดูแลโดยผู้เชี่ยวชาญเพื่อผลลัพธ์ผิวแลดูโกลว์ใสในระยะยาว

.
💬 ทักแชทสอบถามรายละเอียดเพิ่มเติมหรือนัดหมายคิวได้เลยค่ะ
***ผลลัพธ์ที่ได้ขึ้นอยู่กับสภาพผิวของแต่ละบุคคล

.
.
.
ช่องทางติดต่อสอบถาม แอดมิน+ ปรึกษาแพทย์
𝐋𝐢𝐧𝐞 𝐎𝐀 เป็นช่องทางหลัก
สาขา 𝗞𝗼𝗿𝗮𝘁 : @1stkvk 
.
🔹 สาขา 𝗞𝗼𝗿𝗮𝘁 : โคราช (Head Qaurters)
สาขา3 : ติดโรงเรียน ปลูกปัญญา เส้นสุระ 2 
สาขา1 : ในปั้มปตท. ข้างเดอะมอลล์โคราช
📞 06 1956 5444 
.
🌐𝐖𝐞𝐛𝐬𝐢𝐭𝐞 : https://kvkclinic.com
📺𝐘𝐨𝐮𝐭𝐮𝐛𝐞 : https://youtube.com/@kornvikkaclinic1234?si=PwiLo4SaaXs9J2DS
............................................
#KVKClinic #DrKoong #หมอเจด
#ยกมาตรฐานจริงใจล้ำสมัย 
#ProgramRedTouchPro #เลเซอร์แสงสีแดง",,0,05/20/2026 20:30,N/A,https://www.facebook.com/KVKClinic/posts/pfbid0HoGf7zc31Ezw2BvHSCs9K4aUqE3JxE2NNydVEPFX6PH9NuSs5SiujrxLpGeN65XUl,0,0,รูปภาพ,,,,,อายุการใช้งาน,781,503,4,4,0,0,10,4,1,5,,,,,,
1292923739592559,1.00066E+14,Kornvikkaclinic,"บูสต์ผิวแน่น...แบบไม่ต้องพักหน้า ด้วยนวัตกรรมพลังงานแสง 675 nm ✨

อยากดูแลผิวให้กระชับ เรียบเนียน แต่กลัวผิวลอก กลัวต้องหลบแดด... ปัญหานี้จะหมดไปด้วย โปรแกรม RedtouchPro

นวัตกรรมคลื่นแสงความยาวคลื่นเฉพาะ 675 nm ที่ส่งตรงลงลึกถึงชั้นผิว (Dermis) เพื่อดูแลเรื่องคอลลาเจนโดยตรง โดยไม่ทำร้ายผิวชั้นบน ไม่ลอก ไม่ตกสะเก็ด🧬

.
🔴 ทำไมต้องเลือกโปรแกรม RedtouchPro ?

▪️ดูแลลึกถึงต้นเหตุ: ช่วยดูแลกระบวนการสร้างคอลลาเจนตามธรรมชาติ

▪️ผิวแลดูเนียนกระชับ: ช่วยให้ผิวดูยืดหยุ่น ริ้วรอยเล็กๆ แลดูจางลง

▪️ปรับมิติผิว: ช่วยดูแลปัญหารูขุมขนกว้าง และสีผิวที่ดูไม่สม่ำเสมอ

▪️ถนอมผิวขั้นสุด: ไม่ทำให้ผิวบางลง คืนความชุ่มชื้นและฟื้นบำรุงผิวหมองคล้ำจากแสงแดดและอายุที่มากขึ้น

.
📌จุดเด่นที่ใครก็หลงรัก (No Downtime)
▪️หลังทำเสร็จ สามารถแต่งหน้าและใช้ชีวิตประจำวันได้ทันที
▪️หน้าไม่แดง ไม่ทิ้งสะเก็ด
▪️อ่อนโยนและตอบโจทย์กับทุกเฉดผิว

💡Tips การดูแลหลังทำ:
ทากันแดด SPF 50+ สม่ำเสมอ / เน้นทามอยซ์เจอไรเซอร์ให้ผิวฉ่ำ / เลี่ยงแดดจัดและงดสครับผิว 3-5 วัน เพื่อผลลัพธ์การฟื้นบำรุงที่เต็มประสิทธิภาพ

💬 สอบถามคิวว่างหรือปรึกษาเพิ่มเติม ทักแชทได้เลยค่ะ
.
.
.
ช่องทางติดต่อสอบถาม แอดมิน+ ปรึกษาแพทย์
𝐋𝐢𝐧𝐞 𝐎𝐀 เป็นช่องทางหลัก
สาขา 𝗞𝗼𝗿𝗮𝘁 : @1stkvk 
.
🔹 สาขา 𝗞𝗼𝗿𝗮𝘁 : โคราช (Head Qaurters)
สาขา3 : ติดโรงเรียน ปลูกปัญญา เส้นสุระ 2 
สาขา1 : ในปั้มปตท. ข้างเดอะมอลล์โคราช
📞 06 1956 5444
.
🌐𝐖𝐞𝐛𝐬𝐢𝐭𝐞 : https://kvkclinic.com
📺𝐘𝐨𝐮𝐭𝐮𝐛𝐞 : https://youtube.com/@kornvikkaclinic1234?si=PwiLo4SaaXs9J2DS
............................................
#KVKClinic #DrKoong #หมอเจด
#ยกมาตรฐานจริงใจล้ำสมัย 
#ProgramRedtouchpro #เลเซอร์แสงสีแดง",,0,05/21/2026 00:01,N/A,https://www.facebook.com/KVKClinic/posts/pfbid029dxG1eKjrmHamw7Teh4TvhM7Lkt6mAPmFv3cG7ZQMjENWAMt3ozXM742cWoQnapFl,0,0,รูปภาพ,,,,,อายุการใช้งาน,611,374,5,5,0,0,2,1,,1,,,,,,
1293137896237810,1.00066E+14,Kornvikkaclinic,"บอกลาปากแห้งกร้าน หมองคล้ำ! คืนความชุ่มชื้นให้ริมฝีปากดูอวบอิ่มอมชมพูเป็นธรรมชาติทันทีด้วยโปรแกรม Redtouchpro (Pink Plump) 👄✨

.
จากภาพรีวิวจะเห็นเลยว่า หลังทำทันทีริมฝีปากดูเรียบเนียน ร่องปากลึก ๆ ดูตื้นขึ้น และได้สีปากที่ดูสดใสสุขภาพดีขึ้นอย่างเห็นได้ชัด!

ทำไมต้องโปรแกรม Redtouchpro (Pink Plump)ที่ KVKClinic 🧐

🔹 ฟื้นฟูลึกถึงระดับคอลลาเจน:
ตัวเครื่องจะส่งพลังงานลงไปกระตุ้นการสร้างคอลลาเจนและอีลาสตินใต้ผิวริมฝีปากโดยเฉพาะ

🔹 กระตุ้นการไหลเวียน:
ช่วยปรับสภาพผิวริมฝีปากที่เคยหมองคล้ำให้กลับมาดูอมชมพู ระเรื่อ ดูมีเลือดฝาด

🔹 เติมความชุ่มชื้น ลดร่องลึก:
เปลี่ยนปากที่แห้งแตก ให้กลับมาดูนุ่มฟู เรียบเนียน ทาลิปสติกแบบไหนก็สวย ไม่ตกร่อง

.
เพราะที่นี่เราให้ความสำคัญกับ Personalized Analysis ทุกเคสจะได้รับการดูแลอย่างละเอียดเพื่อออกแบบการปรับสภาพผิวริมฝีปากให้เข้ากับคุณที่สุด มั่นใจได้ในผลลัพธ์ที่ดูเป็นธรรมชาติ และดูแลโดยผู้เชี่ยวชาญที่มีประสบการณ์ สะอาด ปลอดภัย ได้มาตรฐาน

👄 อยากเปลี่ยนปากซีด ปากแห้ง ให้เป็นปากนุ่มฟูดูสุขภาพดี?
💬ทักแชทสอบถามข้อมูลเพิ่มเติมได้เลยวันนี้!

.
.
.
ช่องทางติดต่อสอบถาม แอดมิน+ ปรึกษาแพทย์
𝐋𝐢𝐧𝐞 𝐎𝐀 เป็นช่องทางหลัก
สาขา 𝗞𝗼𝗿𝗮𝘁 : @1stkvk 
.
🔹 สาขา 𝗞𝗼𝗿𝗮𝘁 : โคราช (Head Qaurters)
สาขา3 : ติดโรงเรียน ปลูกปัญญา เส้นสุระ 2 
สาขา1 : ในปั้มปตท. ข้างเดอะมอลล์โคราช
📞 06 1956 5444
.
🌐𝐖𝐞𝐛𝐬𝐢𝐭𝐞 : https://kvkclinic.com
📺𝐘𝐨𝐮𝐭𝐮𝐛𝐞 : https://youtube.com/@kornvikkaclinic1234?si=PwiLo4SaaXs9J2DS
............................................
#KVKClinic #DrKoong #หมอเจด
#ยกมาตรฐานจริงใจล้ำสมัย 
#ProgramRedtouchpro #PinkPlump #รีวิวโปรแกรมRedtouchpro #ริมฝีปากอมชมพู",,0,05/21/2026 05:00,N/A,https://www.facebook.com/KVKClinic/posts/pfbid02BWj5rGQAg5uo8iuCPQSWCzd5u4Qe4oG5Ep6F1MWozpsfAFRCyW8S9KwRS41tHWnql,0,0,รูปภาพ,,,,,อายุการใช้งาน,506,308,3,3,0,0,2,,,2,,,,,,
1291340896417510,1.00066E+14,Kornvikkaclinic,"จากรูปร่างที่ดูอวบและเหนื่อยง่าย
วันนี้กลับมามั่นใจขึ้นในเวลา 2 เดือน ✨
.
ก่อนเข้าคอร์สคนไข้มีปัญหาน้ำหนักสะสม
โดยเฉพาะช่วงหน้าท้อง ต้นแขน
ทำให้เวลาถ่ายรูปหรือใส่เสื้อผ้าหลายแบบ
จะรู้สึกว่ารูปร่างดูตันและไม่ค่อยมั่นใจ
คุณหมอจึงวางแผนดูแลน้ำหนักแบบเป็นระบบ
ทั้งเรื่องโภชนาการ และการติดตามผลอย่างต่อเนื่อง
เพื่อให้เหมาะกับร่างกายของคนไข้แต่ละคน
อัปเดตครบ 2 เดือน น้ำหนักลดลง 10 กิโลกรัม
รูปร่างดูเล็กลงอย่างชัดเจน ใบหน้าดูสดใสขึ้น
ช่วยให้ลุคโดยรวมดูคล่องตัวและมั่นใจมากขึ้น
.
คอร์ส Metabolic Program ที่ KVK Clinic
✅ วางแผนดูแลโดยแพทย์แบบเคสต่อเคส
✅ ประเมินปัญหาและพฤติกรรมการใช้ชีวิตก่อนเริ่มโปรแกรม
✅ ออกแบบแนวทางดูแลให้เหมาะกับร่างกายของแต่ละบุคคล
✅ ติดตามผลและปรับแผนอย่างต่อเนื่อง
✅ เน้นดูแลสุขภาพและรูปร่างแบบยั่งยืน",,0,05/21/2026 05:00,N/A,https://www.facebook.com/KVKClinic/posts/pfbid02iLH52mYN4zH5XA4MoeDd6TyKw2LZrVVSLhiAWH5dANx6NSM5DC4BACcAM34u1DtMl,0,0,รูปภาพ,,,,,อายุการใช้งาน,572,344,2,2,0,0,2,2,,,,,,,,
1291342383084028,1.00066E+14,Kornvikkaclinic,"ครบ 3 เดือนแล้วกับชั้นตาใหม่ ✨
แต่งหน้าง่ายขึ้น มั่นใจขึ้นทุกวัน
.
ก่อนทำตาเคสนี้ชั้นตาเล็กและชั้นตาไม่ชัด
ทำให้เวลาแต่งหน้าต้องกรีดอายไลน์เนอร์
เพื่อให้ตาดูโตขึ้นและชั้นตาชัดขึ้น
เคสนี้แก้ไขด้วยการผ่าตัดตาสองชั้น เพื่อปรับชั้นตาให้ชัดขึ้น
หลังทำครบ 3 เดือนเห็นชั้นตาชัด ปรับดวงตาดูกลมโต
และช่วยให้แต่งหน้าได้ง่ายขึ้นกว่าเดิมเยอะ
.
ผ่าตัดตาสองชั้นที่ KVK Clinic
✅ ดูแลโดยแพทย์มากประสบการณ์
✅ ปรึกษากับคุณหมอก่อนเข้าห้องผ่าตัดทุกเคส
✅ ออกแบบชั้นตาให้เข้ากับแต่ละบุคคล แบบเคสต่อเคส
✅ ติดตามผลและดูแลหลังผ่าตัดอย่างต่อเนื่อง",,0,05/21/2026 19:00,N/A,https://www.facebook.com/KVKClinic/posts/pfbid02mkGvcyEfN45dbBCnSwUCkVoDaCRNboEe4qVxzs7dgcxH2MN5jdDVWex3igBVgz5ml,0,0,รูปภาพ,,,,,อายุการใช้งาน,376,237,2,2,0,0,0,,,,,,,,,
1260278756190391,1.00066E+14,Kornvikkaclinic,"“𝐊𝐕𝐊𝐂𝐥𝐢𝐧𝐢𝐜 𝟏𝟒𝐭𝐡 𝐀𝐧𝐧𝐢𝐯𝐞𝐫𝐬𝐚𝐫𝐲 ปีนี้จะเกิดขึ้นไม่ได้เลย หากไม่มีคุณ""🤝

🥂จากวันแรกจนถึงวันนี้ สิ่งที่ทำให้เราก้าวมาได้ไกลขนาดนี้ ไม่ใช่แค่ผลลัพธ์ที่น่าประทับใจ แต่คือ 'ความเชื่อใจ' ที่ทุกคนมอบให้

ขอบคุณทุกคำชม ทุกคำแนะนำ และทุกรอยยิ้มที่เป็นแรงผลักดันให้เราไม่หยุดพัฒนา🏆

ขอบคุณทุกความไว้วางใจที่มอบให้กับ 𝐊𝐕𝐊 𝐂𝐥𝐢𝐧𝐢𝐜 ตลอด 𝟏𝟒 ปีที่ผ่านมา พวกเราทีมงานทุกคนซาบซึ้งและพร้อมจะดูแลความมั่นใจของทุกคนด้วยความจริงใจและใส่ใจอย่างที่สุดค่ะ🙏รักและขอบคุณจากใจจริง💕

………………………………………………
#KVKClinic #DrKoong #DrJade 
#ยกมาตรฐานจริงใจล้ำสมัย 
#KVKAnniversary14th
#ฉลองครบรอบ14ปีKVKClinic #ขอบคุณผู้ใช้บริการKVK",,0,04/09/2026 20:29,N/A,https://www.facebook.com/KVKClinic/posts/pfbid02Eqox5pQosa76XAZ6SFiELyagmx2DaZSMog5aC2md3CiA5NrC5ZrfQQbEEMq1A8yAl,0,0,รูปภาพ,,,,,อายุการใช้งาน,3971,2270,18,15,0,3,108,48,,60,,,,,,
1224903026394631,1.00066E+14,Kornvikkaclinic,"จากจมูกไร้มิติ ⭐👃
สู่ทรงพุ่งละมุน ดูมีเสน่ห์ขึ้นทันที
.
ปัญหาเคสนี้ก่อนทำมีสันจมูกค่อนข้างแบน
ปลายจมูกกลมและหนาเล็กน้อย ปลายไม่พุ่ง
ทำให้มุมด้านข้างดูไม่มีมิติ
แก้ด้วยผ่าตัดโปรแกรมเสริมจมูก
หลังทำทันทีสันจมูกถูกปรับให้มีความสูง
มีความโค้งละมุนรับกับใบหน้า ทำให้มุมด้านข้างดูคมชัดขึ้น
ปลายจมูกปรับให้เรียวและพุ่งขึ้นเล็กน้อย
.
ผ่าตัดเสริมจมูกที่ KVK Clinic
✅ ดูแลโดยแพทย์มากประสบการณ์
✅ ปรึกษากับคุณหมอก่อนเข้าห้องผ่าตัดทุกเคส
✅ ออกแบบทรงจมูกให้เข้ากับแต่ละบุคคล แบบเคสต่อเคส
✅ ติดตามผลและดูแลหลังผ่าตัดอย่างต่อเนื่อง",,0,02/22/2026 23:31,N/A,https://www.facebook.com/KVKClinic/posts/pfbid0TiNUyF3DoKdpSaDxi6t8bhiGgvZmsNtvWKvxvHykpaEUYHvLTH77yftNX6iw7AF2l,0,0,รูปภาพ,,,,,อายุการใช้งาน,3355,2038,9,7,0,2,6,4,,2,,,,,,
1224174403134160,1.00066E+14,Kornvikkaclinic,"KVK team กำลังบินไปเติมพลังที่ฟูก๊วก 🌊  เพื่อกลับมาดูแลทุกคนให้ดีที่สุดกว่าเดิม
.
📍คลินิกปิดให้บริการ วันที่ 24 – 26 ก.พ. 2569
และเปิดให้บริการตามปกติ วันที่ 27 ก.พ. 2569
.
ขอบคุณที่ให้เราได้พัก เติมพลัง
แล้วกลับมามอบผลลัพธ์ที่ดีที่สุดให้คนไข้ทุกคนเสมอ 🤍🐳🧡
.
See you with brighter skin & brighter energy ✨

#แน่นอนการพักครั้งนี้จะกลับมาFreshแน่นอน
#เพื่อการดูแลคนไข้ที่ดีขึ้นกว่าเดิม 
#และทีมที่ดีที่สุดที่นี่",,0,02/22/2026 01:16,N/A,https://www.facebook.com/KVKClinic/posts/pfbid0amFhdGQXTJMcuWLGDsuach5zC2B9EZu2YQbKF9CTAuebRN8sHG36RozcSE5YYtNol,0,0,รูปภาพ,,,,,อายุการใช้งาน,6062,3314,49,31,9,9,100,79,,21,,,,,,
1256680573216876,1.00066E+14,Kornvikkaclinic,"🏆 𝗣𝗥𝗢𝗚𝗥𝗔𝗠 𝗣𝗜𝗖𝗢𝗦𝗨𝗥𝗘 𝗣𝗥𝗢 (𝟳𝟱𝟱 𝗻𝗺)
.
โปรแรง! เฉพาะสาขาโคราช เท่านั้น!!
𝟭 𝗙𝗥𝗘𝗘 𝟭 เพียง 𝟭𝟮,𝟵𝟬𝟬.- 
.
✅ได้ครบทุกโหมด และทุกปัญหาบนหน้า !!!! 
✅ไม่มีจำกัด Shot 
✅และคุณหมอประเมินเองทุกเคส
.
💎 เหมาะกับคนที่มีปัญหา
• กระ ฝ้า จุดด่างดำ
• กระชับรูขุมขน
• ลดรอยสิว / รอยดำ
• ผิวเนียนใส สุขภาพดีขึ้น
.
📌 ยิงได้ทุกสภาพผิว
📌 สามารถใช้หน้าได้ในวันรุ่งขึ้น ไม่มีเลือดสาด 
📌 ดูแลโดยแพทย์ KVK Clinic
และติดตามผลผ่านเครื่อง Facial Analysis 
.
📅 วันนี้ – 30 เมษายน 2569 เท่านั้น
.
.
.
ช่องทางติดต่อสอบถาม แอดมิน+ ปรึกษาแพทย์
𝐋𝐢𝐧𝐞 𝐎𝐀 เป็นช่องทางหลัก
สาขา 𝗞𝗼𝗿𝗮𝘁 : @1stkvk 
สาขา 𝗦𝗶𝗮𝗺  : @kvksiam
.
🔹 สาขา 𝗞𝗼𝗿𝗮𝘁 : โคราช (Head Qaurters)
สาขา3 : ติดโรงเรียน ปลูกปัญญา เส้นสุระ 2 
สาขา1 : ในปั้มปตท. ข้างเดอะมอลล์โคราช
📞 06 1956 5444
.
🔹 สาขา 𝗦𝗶𝗮𝗺 : KVK Siam Clinic
Centerpoint Siam Square ชั้น 2
📞 09 5791 5444
-------------------
#KVKClinic #DrKoong #DrJade 
#ยกมาตรฐานจริงใจล้ำสมัย 
#Buy1Get1 #เลเซอร์หน้าใส
#ลดฝ้ากระ #PicoSurePro",,0,04/04/2026 23:17,N/A,https://www.facebook.com/KVKClinic/posts/pfbid06R6W4sER1ec5avP9Rxa3jvT572fzsdaMFxh1UAM7C4EHXLYKDX8Tis5yqC4BYiZol,0,0,รูปภาพ,,,,,อายุการใช้งาน,3636,1969,11,9,0,2,14,11,,3,,,,,,
1256581869893413,1.00066E+14,Kornvikkaclinic,"หน้าโทรมเพราะถุงไขมันใต้ตา
แก้จุดเดียว เปลี่ยนทั้งหน้า 👀✨
.
ก่อนทำจะเห็นได้ว่าคนไข้มีปัญหา 
ถุงไขมันใต้ตาบวมค่อนข้างชัด 
ทำให้ใต้ตาดูป่องและหย่อนคล้อย 
ส่งผลให้ใบหน้าดูโทรม อ่อนล้า และดูมีอายุ
เคสนี้แก้ไขด้วยการผ่าตัดถุงไขมันใต้ตา
หลังทำครบ 1 เดือนใต้ตาดูเรียบขึ้นอย่างชัดเจน 
ความบวมของถุงไขมันหายไป ทำให้ผิวใต้ตาดูกระชับ
ส่งผลให้ใบหน้าดูสดใสแลดูเป็นธรรมชาติ
.
ผ่าตัดถุงไขมันใต้ตาที่ KVK Clinic
✅ ดูแลโดยแพทย์มากประสบการณ์
✅ ปรึกษากับคุณหมอก่อนเข้าห้องผ่าตัดทุกเคส
✅ ออกแบบชั้นตาให้เข้ากับแต่ละบุคคล แบบเคสต่อเคส
✅ ติดตามผลและดูแลหลังผ่าตัดอย่างต่อเนื่อง",,0,04/04/2026 20:07,N/A,https://www.facebook.com/KVKClinic/posts/pfbid0zLM292YCwnTdMkD3GKARMBApLEnwA4D22EWAJJriA9CvQJ8t98ZJzq3vCVtNkDBEl,0,0,รูปภาพ,,,,,อายุการใช้งาน,3445,1925,13,9,2,2,11,8,1,2,,,,,,
1255961163288817,1.00066E+14,Kornvikkaclinic,"✨ 𝗞𝗩𝗞 𝗖𝗹𝗶𝗻𝗶𝗰 𝟭𝟰𝘁𝗵 𝗔𝗻𝗻𝗶𝘃𝗲𝗿𝘀𝗮𝗿𝘆
""สุดคุ้มแห่งปี"" ฉลองครบรอบ 14ปี KVK Clinic” 🎉
.
เปิดตัว 4 เทคโนโลยีใหม่ 
ยกระดับการดูแลผิวแบบ 4D Layer OF Lifting By KVK 

🏆 โปรแกรมยกกระชับ BUY 1 GET 1 FREE 
🏆 โปรแกรมฟิลเลอร์ ซื้อ 2 FREE 1
🏆 โปรแกรมโบTox ซื้อคู่ ลดทันที 14%
🏆 ซื้อคอร์ส ลดเพิ่มทันที สูงสุด 14%
🏆 เปิดวงเงิน KVK Wisdom รับสิทธิ์ Exclusive สุดคุ้ม!
.
เพราะความสวยที่ดี…ต้องมาพร้อม “ความคุ้มค่า” ที่ดีที่สุด
.
📅 วันนี้ – 30 เมษายน 2569 เท่านั้น
📍 KVK Clinic ทุกสาขา
.
.
.
ช่องทางติดต่อสอบถาม แอดมิน+ ปรึกษาแพทย์
𝐋𝐢𝐧𝐞 𝐎𝐀 เป็นช่องทางหลัก
สาขา 𝗞𝗼𝗿𝗮𝘁 : @1stkvk 
สาขา 𝗦𝗶𝗮𝗺  : @kvksiam
.
🔹 สาขา 𝗞𝗼𝗿𝗮𝘁 : โคราช (Head Qaurters)
สาขา3 : ติดโรงเรียน ปลูกปัญญา เส้นสุระ 2 
สาขา1 : ในปั้มปตท. ข้างเดอะมอลล์โคราช
📞 06 1956 5444
.
🔹 สาขา 𝗦𝗶𝗮𝗺 : KVK Siam Clinic
Centerpoint Siam Square ชั้น 2
📞 09 5791 5444
-------------------
#KVKClinic #DrKoong #DrJade 
#ยกมาตรฐานจริงใจล้ำสมัย 
#14thAnniversaryKVK
#KVKFutureLifting
#Promotion #โปรโมชั่นสุดคุ้ม",,0,04/04/2026 0:38,N/A,https://www.facebook.com/KVKClinic/posts/pfbid0Ut5gJtyVPPMKXsbXAcyBPSiFsET5KAY9FdW8S1qpTSeXjTia14FHFqBRWBmGJ4hYl,0,0,รูปภาพ,,,,,อายุการใช้งาน,11125,4142,22,19,0,3,177,21,,156,,,,,,
1255100686708198,1.00066E+14,Kornvikkaclinic,"☀️ 𝗦𝗽𝗲𝗰𝗶𝗮𝗹 𝗠𝗲𝗻𝘂 เติมความสดชื่นให้ซัมเมอร์นี้ 💦
.
เดือนเมษา ร้อนๆแบบนี้ต้องมีอะไรเย็น ๆ ให้ใจฟู 💛
KVK Clinic ชวนคุณมาสัมผัส 2 เมนูพิเศษ ที่ทั้งหอม หวาน สดชื่นแบบลงตัวสุด ๆ🍹
.
🥭 Royal Mango Smoothie
สมูทตี้มะม่วงสุกปั่นเนื้อเนียน หอมหวานจากมะม่วงแท้ ให้รสชาติสดชื่น ดื่มแล้วรู้สึกเย็นชื่นใจ เหมาะกับอากาศร้อนๆในช่วงซัมเมอร์

🍑 Peachy Bubble Rush
โซดาพีชลิ้นจี่หอมหวาน สดชื่นซ่าเบา ๆ ออนท็อปด้วยมุกป๊อปผลไม้แตกฉ่ำ เพิ่มความสนุกทุกคำ
.
💫 อร่อย ฟิน สดชื่น ในทุกแก้ว พร้อมเสิร์ฟแล้ววันนี้ที่ KVK 
✅เพียงมียอดซื้อ 15,000 บาท ขึ้นไป รับฟรี 1 แก้ว
.
👑 Exclusive พิเศษสำหรับลูกค้า VIP Privilege
🍹รับ Special Menu ฟรี! เพียงมีนัดเข้ารับบริการเท่านั้น
.
*เฉพาะ KVK Clinic สาขา 3
-----------------------
#KVKClinic #DrKoong #DrJade 
#ยกมาตรฐานจริงใจล้ำสมัย 
#SpecialMenu 
#PeachyBubbleRush 
#RoyalMangoSmoothie
#สดชื่นทุกแก้ว",,0,04/02/2026 22:36,N/A,https://www.facebook.com/KVKClinic/posts/pfbid088hHBhYsgiQRjUm5wM3o6gXErfcgrtwz6zADpfxWwyhriU3oZ5r4R2mQovCfLWsAl,0,0,รูปภาพ,,,,,อายุการใช้งาน,2382,1796,7,6,0,1,14,8,,6,,,,,,
1254213776796889,1.00066E+14,Kornvikkaclinic,"คลินิกคู่คนอีสาน • และคนไทย 
.
และจะเป็นแบบนี้ตลอดไป....
.
เราจะพัฒนาอย่างไม่หยุด และจะเป็นผู้นำในทุกๆ ด้านให้ทุกคน

https://www.facebook.com/share/p/1EDtQuR1ri/?mibextid=wwXIfr",,0,04/01/2026 19:46,N/A,https://www.facebook.com/KVKClinic/posts/pfbid027wSoHbuvdV2QBeXBvEP3hGDic97xic7E531d2Agoj6inAQ4mMwHuuTaukeuYvTyjl,0,1,รูปภาพ,,,,,อายุการใช้งาน,4935,3654,50,48,1,1,114,83,,31,,,,,,
1254165286801738,1.00066E+14,Kornvikkaclinic,"✨ เซอร์ไพรส์! 𝐄𝐱𝐜𝐥𝐮𝐬𝐢𝐯𝐞 𝐆𝐢𝐟𝐭 เฉพาะคุณที่ 𝐊𝐕𝐊 ✨
ของขวัญสุดพรีเมียม! 𝐋𝐢𝐦𝐢𝐭𝐞𝐝 𝐄𝐝𝐢𝐭𝐢𝐨𝐧 𝟏𝟒𝐭𝐡 𝐀𝐧𝐧𝐢𝐯𝐞𝐫𝐬𝐚𝐫𝐲

.
🎁 ฉลองครบรอบ 𝟏𝟒 ปี 𝐊𝐕𝐊 𝐂𝐥𝐢𝐧𝐢𝐜 อย่างเป็นทางการ! ตลอดเวลาที่ผ่านมา ทุกความไว้วางใจคือแรงผลักดันให้เราพัฒนาไม่หยุด เพื่อเป็นการขอบคุณลูกค้าที่รัก

.
𝐊𝐕𝐊 ตั้งใจเตรียม ""𝐆𝐈𝐅𝐓 𝐅𝐎𝐑 𝐘𝐎𝐔"" เซ็ตของขวัญสุดพรีเมียมที่จัดทำขึ้นเฉพาะสำหรับปีนี้ เพื่อมอบเป็นที่ระลึกสำหรับลูกค้า 𝐊𝐕𝐊 𝐖𝐈𝐒𝐃𝐎𝐌 ทุกท่าน

💥 มาเปิดประสบการณ์ความสวยและรับของขวัญสุดว้าวนี้ ตั้งแต่วันที่ 1-4 เมษายนนี้ เท่านั้น! (ของมีจำนวนจำกัดนะคะ)

💌 ทักแชทสอบถามข้อมูลเพิ่มเติมได้เลย!

📍 ทั้งสาขาโคราช และ สาขาสยาม
🗓️ วันที่ 𝟭-𝟰 เมษายน 𝟮𝟱𝟲𝟵
---------------
#KVKClinic #DrKoong #DrJade
#ยกมาตรฐานจริงใจล้ำสมัย
#14thAnniversaryKVK
#KVKFutureLifting
#Thefutureoflifting
#KVKBigSurprise",,0,04/01/2026 19:00,N/A,https://www.facebook.com/KVKClinic/posts/pfbid02SkzzRGVKgftrWw4bxCKGYVQu6LhoL87sxi6VQvFvAUd6EyjkKjobJ1G31LQAKjrCl,0,0,รูปภาพ,,,,,อายุการใช้งาน,2609,1789,11,9,2,0,15,7,,8,,,,,,
1252667336951533,1.00066E+14,Kornvikkaclinic,"ตาปรือ ดูเศร้า เพราะลืมตาได้ไม่สุด
ปรับชั้นตาให้ใหม่ สดใสขึ้นทันที 👀✨
.
ก่อนทำคนไข้มีภาวะกล้ามเนื้อตาอ่อนแรง 
ทำให้ลืมตาได้ไม่สุด หนังตาตกเล็กน้อย 
ส่งผลให้ดวงตาดูปรือ ดูเศร้า และไม่สดใส 
เคสนี้แก้ไขด้วยโปรแกรมตาสองชั้น
โดยทำร่วมกับการแก้ไขกล้ามเนื้อตา 
เพื่อช่วยให้ลืมตาได้ดีขึ้น พร้อมออกแบบชั้นตาใหม่
หลังทำดวงตาเปิดกว้างขึ้นอย่างชัดเจน 
กล้ามเนื้อตาทำงานได้เต็มที่
ทำให้ลืมตาได้เบิกกว้าง 
ชั้นตาคมชัดขึ้นแลดูเป็นธรรมชาติ  
และส่งผลให้ใบหน้าดูสดใสขึ้น
.
ผ่าตัดตาสองชั้นที่ KVK Clinic
✅ ดูแลโดยแพทย์มากประสบการณ์
✅ ปรึกษากับคุณหมอก่อนเข้าห้องผ่าตัดทุกเคส
✅ ออกแบบชั้นตาให้เข้ากับแต่ละบุคคล แบบเคสต่อเคส
✅ ติดตามผลและดูแลหลังผ่าตัดอย่างต่อเนื่อง",,0,03/30/2026 21:02,N/A,https://www.facebook.com/KVKClinic/posts/pfbid0JSjHRWUjSFtTxnxtZfPvJq4mGsNV5eVdgTL6vhvA7xaR4D2QfdhnbqhwmdFdnWZFl,0,0,รูปภาพ,,,,,อายุการใช้งาน,2385,1599,8,8,0,0,1,,,1,,,,,,
1252046297013637,1.00066E+14,Kornvikkaclinic,"👑 14th Anniversary KVK Clinic
ฉลองใหญ่ 4 วันติด !!!
🗓️ วันที่ 𝟭-𝟰 เมษายน 𝟮𝟱𝟲𝟵
.
ครบรอบ 14 ปี KVK Clinic อย่างยิ่งใหญ่สมศักดิ์ศรี!✨
. 
"" The future of lifting 4D Layer By KVK "" 
.
🎯 มาร่วมงาน วันที่ 1-4 เม.ย.นี้ ได้อะไรบ้าง!!
.
🎁 สิทธิพิเศษภายในงาน
1️⃣ รับ KVK BAG ฟรี! เพียง Check-in & Review
2️⃣ รับฟรี โบเกาหลี 50 U เมื่อมียอด 20,000.- ขึ้นไป ;สุดมาก!
3️⃣ รับฟรี Anniversary Gift Set (มูลค่า 2,500.-) เมื่อมียอด 35,000.-
4️⃣ หมุนวงล้อยักษ์ลุ้นโชค รับฟรี!! โปรแกรมEmface , Prime , OGX , Xerf , MPT , Xtherma และรางวัลอื่นๆอีกมากมาย!  (จะบอกว่าคุ้มมาก)
5️⃣ ฟรี Mini Cupcake สำหรับทุกท่านที่มาร่วมงาน
6️⃣ Check-in: มุมถ่ายรูปสวยๆ ไว้อวดโซเชียลเรียกไลค์แบบฉ่ำๆ
7️⃣ Big Sale: ทั้งคลินิก ลดแหลก ดีลแรงที่สุดเท่าที่เคยมีมา! (ซื้อเก็บ!! เลย) 
.
📍 แล้วพบกัน ทั้งสาขาโคราช และ สาขาสยาม
🗓️ วันที่ 𝟭-𝟰 เมษายน 𝟮𝟱𝟲𝟵
---------------
#KVKClinic #DrKoong #DrJade
#ยกมาตรฐานจริงใจล้ำสมัย
#14thAnniversaryKVK
#KVKFutureLifting
#Thefutureoflifting
#KVKBigSurprise",,0,03/30/2026 00:33,N/A,https://www.facebook.com/KVKClinic/posts/pfbid02EQ9R8C3mhy4wzVG5gdW6J8MRw8ETtkRUiAAsEjMeaGhRezSJufnTYzr9quqvb1FXl,0,0,รูปภาพ,,,,,อายุการใช้งาน,4210,2322,46,31,0,15,98,27,,71,,,,,,
1250613013823632,1.00066E+14,Kornvikkaclinic,ขอบคุณ คุณจิ้บมากๆค่ะ  ที่ไว้ใจให้ KVK ดูแลความเป๊ะ สวยมากๆเลยค่ะ🫶🥰,,0,03/28/2026 04:24,N/A,https://www.facebook.com/KVKClinic/posts/pfbid02Sod1c8buxwDsmx2SFycLwm5uTqwVWxg6Nz2pmR4bSkFEWqbAMycDjcpTxmkdyB2xl,0,1,รูปภาพ,,,,,อายุการใช้งาน,5185,3201,9,7,2,0,273,80,,193,,,,,,
1250514967166770,1.00066E+14,Kornvikkaclinic,"💎✨All Together Right Here! 
ไม่ต้องเลือก...เพราะเราคัดมาให้ครบ! 

.
รวมที่สุดของนวัตกรรม 4 โปรแกรมยกกระชับ พร้อมโปรแกรมเลเซอร์ตัวท็อป เครื่องที่ 2 KVK@Siam 

🏆 THE ELITE SELECTION

• Program Titanium Lifting 
• Program Xtherma
• Program OptimusMax
• Program Volnewmer 
• Program Picosurepro เครื่องที่ 2 KVK@Siam

 🧬สัมผัสความอลังการของเทคโนโลยีความงามได้แล้ววันนี้ที่ KVK Clinic 
📍 พบกันที่ KVK Clinic & KVK @Siam
🗓 วันที่ 4 เมษายนนี้

…………………………………….
#KVKClinic #DrKoong #DrJade
#14thAnniversaryKVK
#KVKFutureLifting #สวยคุ้มที่KVK",,0,03/28/2026 01:26,N/A,https://www.facebook.com/KVKClinic/posts/pfbid02gmrLdiysYCavsDznY7KZJt8of7rwDUBupu4oCb8tRyB1KrCy4YFPopMr8A13JMECl,0,0,รูปภาพ,,,,,อายุการใช้งาน,2739,1746,8,6,0,2,16,11,,5,,,,,,
1249525077265759,1.00066E+14,Kornvikkaclinic,"แก้มตก ร่องชัด หน้าเริ่มดูมีอายุ
ยกใหม่ให้ตึง กรอบหน้าคมขึ้นทันที
.
คนไข้มีปัญหาผิวหน้าหย่อนคล้อยตามวัย 
โดยเฉพาะช่วงแก้มและกรอบหน้า 
มีความตกของเนื้อบริเวณแก้ม ทำให้เกิดร่องแก้มชัดขึ้น  
เคสนี้แก้ไขด้วยโปรแกรมดึงหน้า
ด้วยการตัดผิวหนังส่วนเกินที่หย่อนคล้อยออกแล้ว
เก็บยกผิวหนังทั้งสองชั้น
หลังทำใบหน้าดูยกขึ้นอย่างชัดเจน 
แก้มที่เคยตกดูยกกระชับขึ้น ร่องแก้มดูตื้นลง 
กรอบหน้าคมชัดขึ้น ผิวดูแน่นและเรียบเนียนขึ้น 
และทำให้ใบหน้าดูสดใส
.
ผ่าตัดดึงหน้าที่ KVK Clinic
✅ ดูแลโดยแพทย์มากประสบการณ์
✅ ปรึกษากับคุณหมอก่อนเข้าห้องผ่าตัดทุกเคส
✅ ออกแบบให้เข้ากับแต่ละบุคคล แบบเคสต่อเคส
✅ ติดตามผลและดูแลหลังผ่าตัดอย่างต่อเนื่อง",,0,03/26/2026 20:10,N/A,https://www.facebook.com/KVKClinic/posts/pfbid0zeuqDUqtmS2MHCPvfWxtEKVkWDERoQVe3C2TW4tZtM2HJhgY9yqSrK5AdCc7nuMjl,0,0,รูปภาพ,,,,,อายุการใช้งาน,3036,1930,6,5,0,1,10,6,1,3,,,,,,
1249483897269877,1.00066E+14,Kornvikkaclinic,"KVK Clinic reporting from Wave Global 2026 at COEX, Seoul! 🇰🇷 #GlobalwithOGX

.
ทริปนี้ คุณหมอกุ้ง (พญ.กรวิกกา พัฒนะปราน ว38020) แพทย์จาก KVKClinic 👩🏻‍⚕️บินลัดฟ้ามาร่วมงานในฐานะThailand Speaker  และ  Medical Representative จากไทย
เพื่ออัปเดตนวัตกรรมและทิศทางใหม่ๆ ของวงการความงามระดับโลก  

.
ภายในงานมีการเปิดตัวภาพลักษณ์ใหม่ (New CI) และแคมเปญร่วมกับ Global Ambassador คุณวอนจีอัน (Won Ji-an) สุดจะ Exclusive 🫶

.
พร้อมทั้งเป็นโอกาสอันดีในการแลกเปลี่ยนความรู้ด้านนวัตกรรมร่วมกับบุคลากรทางการแพทย์และพันธมิตรกว่า 250 ท่าน จาก 10 ประเทศทั่วโลก

.
เพื่อนำความรู้และประสบการณ์ระดับสากล มาปรับใช้ในการดูแลผู้เข้ารับบริการที่ KVK Clinic อย่างเหมาะสมและทันสมัยสม่ำเสมอค่ะ และมีเทคนิคที่ได้ผลลัพธ์ที่ดีที่สุด ที่นี่ ก่อนใครค่า 
……………………………………
#KVKClinic #DrKoong #DrJade
#ยกมาตรฐานจริงใจล้ำสมัย
#WonTechAsia #WaveGlobal2026
#GlobalStandard #Oligio #OligioX #AestheticUpdate #WonTech #WISEExperience #ProfessionalDevelopmen",,0,03/26/2026 18:34,N/A,https://www.facebook.com/KVKClinic/posts/pfbid02cdopfViLpXrMwHCcmebeMR7nGj3YRJZTNRSs1qHhkYfL2z5j1y34fhVSVPhwhJ4el,0,0,รูปภาพ,,,,,อายุการใช้งาน,3612,2258,23,21,0,2,74,17,,57,,,,,,
1247947907423476,1.00066E+14,Kornvikkaclinic,"เมื่อก่อนใส่อะไรก็ไม่เต็มทรง
ตอนนี้ใส่อะไรก็มั่นใจขึ้นทันที 👗✨
.
ก่อนทำคนไข้มีหน้าอกค่อนข้างน้อย 
ทำให้เวลาใส่เสื้อผ้าดูไม่เต็มทรง
และเวลาแต่งตัวดูไม่ค่อยมั่นใจ
เคสนี้แก้ไขด้วยโปรแกรมเสริมหน้าอกขนาด 255 cc 
โดยเน้นไซซ์ที่พอดีตัวไม่ใหญ่เกินไป เพื่อให้เข้ากับสรีระ
หลังทำ 1 ปีหน้าอกดูมีทรงมากขึ้นอย่างชัดเจน 
เพิ่มความมีน้ำมีนวลให้กับรูปร่าง ใส่เสื้อผ้าแล้วดูเต็มขึ้น 
และที่สำคัญคือความมั่นใจที่กลับมาในทุกลุค
.
ผ่าตัดเสริมหน้าอกที่ KVK Clinic
✅ ดูแลโดยแพทย์มากประสบการณ์
✅ ปรึกษากับคุณหมอก่อนเข้าห้องผ่าตัดทุกเคส
✅ ออกแบบข้างต่อข้างให้เข้ากับแต่ละบุคคล แบบเคสต่อเคส
✅ ติดตามผลและดูแลหลังผ่าตัดอย่างต่อเนื่อง",,0,03/25/2026 00:00,N/A,https://www.facebook.com/KVKClinic/posts/pfbid0bqwVvMz4VrfGq7Tzf7wbGETcne3PYSAKspw7gajAtv2NcDgppiooiUQTH5eN9jYdl,0,0,รูปภาพ,,,,,อายุการใช้งาน,2782,1867,7,6,0,1,4,2,,2,,,,,,
1247953234089610,1.00066E+14,Kornvikkaclinic,"The Mystery of Lifting 5 Program…ทายถูกรับรางวัลทันที! ✨
KVK Clinic ท้าให้ทาย! เงาที่เห็นอยู่นี้ คือเครื่องยกกระชับนวัตกรรมไหนบ้าง?🤔

เห็นแค่ Silhouette ก็รู้เลยว่าตัวแม่เรื่องงานผิวแน่นอน! ใครแฟนพันธุ์แท้เครื่องแท้ที่ KVK ห้ามพลาด!!!

🎁 แจกฟรี! รางวัลสุดพิเศษ 20 รางวัล สำหรับผู้ที่ทายถูก

กติกาง่ายๆ: 🎯
1. คอมเมนต์ชื่อเครื่องทั้ง 5 เครื่อง
2. กด Like & Share โพสต์นี้ (เปิดสาธารณะ)
3. Tag เพื่อนที่อยากชวนมาสวยด้วยกัน 1 คน

มาร่วมสนุกกันเยอะๆ นะคะ ใบ้ให้ว่า... ยกจริง ตึงจริง ไม่ต้องพักฟื้น! 🫣

……………………………………
#KVKClinic #DrKoong #DrJade
#ยกมาตรฐานจริงใจล้ำสมัย
#14thAnniversaryKVK
#KVKFutureLifting
#TheLift #SkinInnovation
#CanYouGuessTheLift
#BeautyInnovation #Lifting",,0,03/24/2026 23:34,N/A,https://www.facebook.com/KVKClinic/posts/pfbid0q25oQRs8JR1obHjym5FJpzXmbwbTm9Lpze8LSNFohF7KDfjqX7M6zwoJcLd4wBHPl,0,0,รูปภาพ,,,,,อายุการใช้งาน,62574,35707,217,115,68,34,1138,671,296,171,,,,,,
1247381734146760,1.00066E+14,Kornvikkaclinic,"Celebrate the Extraordinary. Witness the Unveiling.👑

ความเลอค่าไม่ได้เกิดขึ้นเพียงชั่วข้ามคืน แต่ถูกบ่มเพาะผ่านกาลเวลาและความละเอียดอ่อน... 14 Years of Elegance.💎
ตลอดระยะเวลาที่ผ่านมา KVKClinic ไม่เคยหยุดนิ่งที่จะพัฒนามาตรฐานเพื่อส่งมอบสิ่งที่ดีที่สุดให้กับทุกท่าน

.
✨และในวาระพิเศษครบรอบ 14 ปีนี้  KVKClinic พร้อมแล้วที่จะยกระดับนิยามความพิเศษให้เหนือระดับยิ่งกว่าเดิม Something extraordinary is unfolding.

เตรียมพบกับปรากฏการณ์ “Big Surprise” ที่ KVKClinic บรรจงรังสรรค์ขึ้นเพื่อแทนคำขอบคุณ และเพื่อมอบประสบการณ์สุดเอ็กซ์คลูซีฟที่คุณไม่เคยสัมผัสที่ไหนมาก่อน🫶

.
🥂 The wait is almost over. Are you ready for the BIG SURPRISE?
Unlock the surprise of a lifetime. โปรดเตรียมติดตามรายละเอียดความเคลื่อนไหวให้ดี เพราะความพิเศษระดับ Masterpiece นี้... มีไว้สำหรับผู้ที่เฝ้ารอเท่านั้น

📍 Save the Date: 04.04.2026

……………………………………

#KVKClinic #DrKoong #DrJade
#ยกมาตรฐานจริงใจล้ำสมัย
#KVKAnniversary #BigSurprise
#KVK14th #TheBigReveal #LuxuryService #KVKClinicSurprise #14thAnniversaryKVK
#KVKFutureLifting",,0,03/24/2026 06:31,N/A,https://www.facebook.com/KVKClinic/posts/pfbid02Y9ZS1JYJgHjC7TCkcAb5QQUVQhRu8dxEw6KmrS75RGggwRhpS3TXfmDBBPQpgjVyl,0,0,รูปภาพ,,,,,อายุการใช้งาน,3448,2187,18,15,0,3,31,26,,5,,,,,,
1247007020850898,1.00066E+14,Kornvikkaclinic,"มีเนื้อหน้าอก แต่ทรงไม่ชัด
แค่ปรับไซซ์ให้พอดี ทรงสวยขึ้นแบบธรรมชาติ ✨
.
เคสนี้เป็นคนที่มีเนื้อหน้าอกเดิมอยู่แล้ว 
แต่ปัญหาหลักคือทรงไม่ชัด 
เวลาใส่เสื้อผ้าจะดูแบน ไม่ค่อยเต็ม
คุณหมอแก้ไขด้วยโปรแกรมเสริมหน้าอกขนาด 350 cc
หลังทำและอัปเดตครบ 3 ปีทรงหน้าอกดูเข้ารูปมากขึ้น 
ใส่เสื้อผ้าแล้วดูเต็มขึ้น ยังคงความพอดี ไม่ใหญ่จนเกินตัว
และทรงหน้าอกดูมีมิติมากขึ้นเป็นธรรมชาติ
.
ผ่าตัดเสริมหน้าอกที่ KVK Clinic
✅ ดูแลโดยแพทย์มากประสบการณ์
✅ ปรึกษากับคุณหมอก่อนเข้าห้องผ่าตัดทุกเคส
✅ ออกแบบข้างต่อข้างให้เข้ากับแต่ละบุคคล แบบเคสต่อเคส
✅ ติดตามผลและดูแลหลังผ่าตัดอย่างต่อเนื่อง",,0,03/23/2026 20:00,N/A,https://www.facebook.com/KVKClinic/posts/pfbid033DmGWVeYhsfDQd3PJ8TUdAKP4uz8VaiXoU53TYfDMwzWDMbLHAEygd4d62amxMTCl,0,0,รูปภาพ,,,,,อายุการใช้งาน,2877,1870,10,8,0,2,3,2,,1,,,,,,
1256715356546731,1.00066E+14,Kornvikkaclinic,"✨ 𝗕𝗨𝗬 𝟭 𝗚𝗘𝗧 𝟭 𝗙𝗥𝗘𝗘 | 𝗘𝗫𝗖𝗟𝗨𝗦𝗜𝗩𝗘 𝗕𝗬 𝗞𝗩𝗞 𝗖𝗟𝗜𝗡𝗜𝗖
โปรโมชั่น “คุ้มที่สุดแห่งปี” กลับมาอีกครั้ง!
.
ดูแลผิวใส ฝ้า กระ จุดด่างดำ พร้อมฟื้นฟูผิวให้เรียบเนียน 💎
.
💥 ซื้อ 𝟭𝗙𝗥𝗘𝗘𝟭 (ไม่จำกัดสิทธิ์)
📅 วันนี้ - 𝟯𝟬 เมษายน 𝟮𝟱𝟲𝟵
.
🔸 PROGRAM 𝗣𝗜𝗖𝗢 𝗣𝗟𝗨𝗦 
เพียง 𝟲,𝟵𝟬𝟬.- (เฉลี่ย 3,450.-/ครั้ง)

🔸 PROGRAM 𝗣𝗜𝗖𝗢𝗦𝗨𝗥𝗘 𝗣𝗥𝗢 (โคราช)
เพียง 𝟭𝟮,𝟵𝟬𝟬.- (เฉลี่ย 6,450.-/ครั้ง)

🔸 PROGRAM 𝗥𝗘𝗗𝗧𝗢𝗨𝗖𝗛 𝗣𝗥𝗢
เพียง 𝟭𝟮,𝟵𝟬𝟬.- (เฉลี่ย 6,450.-/ครั้ง)
.
.
.
ช่องทางติดต่อสอบถาม แอดมิน+ ปรึกษาแพทย์
𝐋𝐢𝐧𝐞 𝐎𝐀 เป็นช่องทางหลัก
สาขา 𝗞𝗼𝗿𝗮𝘁 : @1stkvk 
สาขา 𝗦𝗶𝗮𝗺  : @kvksiam
.
🔹 สาขา 𝗞𝗼𝗿𝗮𝘁 : โคราช (Head Qaurters)
สาขา3 : ติดโรงเรียน ปลูกปัญญา เส้นสุระ 2 
สาขา1 : ในปั้มปตท. ข้างเดอะมอลล์โคราช
📞 06 1956 5444
.
🔹 สาขา 𝗦𝗶𝗮𝗺 : KVK Siam Clinic
Centerpoint Siam Square ชั้น 2
📞 09 5791 5444
-------------------
#KVKClinic #DrKoong #DrJade 
#ยกมาตรฐานจริงใจล้ำสมัย 
#Buy1Get1 #เลเซอร์หน้าใส #ลดฝ้ากระ
#PicoSurePro #PicoPlus 
#RedTouchPro #Pico75nm",,0,04/05/2026 0:27,N/A,https://www.facebook.com/KVKClinic/posts/pfbid02wuuDpQgyUEMMYDAZ9q368vx829zzHHMxmTpxke9LHsbrs2CkmApv41q94Rhb4w2Al,0,0,รูปภาพ,,,,,อายุการใช้งาน,3545,1905,14,10,2,2,23,2,,21,,,,,,
1256844529867147,1.00066E+14,Kornvikkaclinic,"✨ 𝟭𝟳 𝗕𝗥𝗔𝗡𝗗𝗦 𝗨𝗟𝗧𝗜𝗠𝗔𝗧𝗘 𝗟𝗜𝗙𝗧
โปรแกรมยกกระชับตัวท็อป รวมไว้ที่ KVK Clinic👑
.
🔥 จัดเต็มโปรสุดคุ้มแบบ 𝗕𝗨𝗬 𝟭 𝗚𝗘𝗧 𝟭 𝗙𝗥𝗘𝗘
เปิดตัวนวัตกรรม โปรแกรมยกกระชับ แบบ 4D
"" The future of lifting 4D Layer By KVK "" 
.
🏆Program Volnewmer 
“กระชับผิว แน่น อิ่มฟู  แบบมีคุณภาพผิวที่ดีขึ้น”

🏆Program XTherma
“ยกจริง กรอบหน้าชัด ระดับโครงสร้างผิว”

🏆 Program Morpheus 8 Prime
“บอกลาผิวยับ ยกกระชับ ปรับคุณภาพผิว ”
.
หน้าเฟิร์ม กรอบหน้าชัด ผิวแน่นขึ้นแบบเห็นผล ✨
📅 วันนี้ - 𝟯𝟬 เมษายน 𝟮𝟱𝟲𝟵
.
.
.
ช่องทางติดต่อสอบถาม แอดมิน+ ปรึกษาแพทย์
𝐋𝐢𝐧𝐞 𝐎𝐀 เป็นช่องทางหลัก
สาขา 𝗞𝗼𝗿𝗮𝘁 : @1stkvk 
สาขา 𝗦𝗶𝗮𝗺  : @kvksiam
.
🔹 สาขา 𝗞𝗼𝗿𝗮𝘁 : โคราช (Head Qaurters)
สาขา3 : ติดโรงเรียน ปลูกปัญญา เส้นสุระ 2 
สาขา1 : ในปั้มปตท. ข้างเดอะมอลล์โคราช
📞 06 1956 5444
.
🔹 สาขา 𝗦𝗶𝗮𝗺 : KVK Siam Clinic
Centerpoint Siam Square ชั้น 2
📞 09 5791 5444
-------------------
#KVKClinic #DrKoong #DrJade 
#ยกมาตรฐานจริงใจล้ำสมัย 
#KVKFutureLifting
#UltimateLift
#โปรแกรมยกกระชับ",,0,04/05/2026 4:30,N/A,https://www.facebook.com/KVKClinic/posts/pfbid0LB6QDm5ccE2HmV1gNbkWDPwQU7ve6xXSMfuA9sFpUMdT5YjtQ2LviDcysugApNKkl,0,0,รูปภาพ,,,,,อายุการใช้งาน,10794,4120,21,17,0,4,179,16,,163,,,,,,
1245730824311851,1.00066E+14,Kornvikkaclinic,"🫶🏻🏆

https://www.facebook.com/share/1TUwzBVhhD/?mibextid=wwXIfr",,0,03/22/2026 05:55,N/A,https://www.facebook.com/KVKClinic/posts/pfbid0e2QVD3y5YxX4JYqfyFerYaVaJRqz6EbKK1ttFMhjyzMNtWmBMqceVi8NyNEFjrRsl,0,1,รูปภาพ,,,,,อายุการใช้งาน,3342,2014,10,9,1,0,68,19,,49,,,,,,
1244603711091229,1.00066E+14,Kornvikkaclinic,"ปัญหาชั้นตาหลบใน ตาดูดุ
แค่ปรับชั้นตาใหม่ ลุคก็สดใสขึ้นทันที 👀✨
.
ก่อนทำคนไข้มีชั้นตาหลบใน ทำให้ชั้นตาไม่ชัด 
โดยเฉพาะช่วงหัวตาและกลางตา 
และทำให้ชั้นตาทั้งสองข้างยังดูไม่เท่ากันเล็กน้อย 
คุณหมอแก้ไขด้วยโปรแกรมผ่าตัดตาสองชั้น
เพื่อปรับชั้นตาใหม่ร่วมกับออกแบบชั้นตาใหม่
ให้เหมาะกับโครงตาเดิมของคนไข้
หลังทำครบ 1 เดือนชั้นตาคมชัดขึ้นอย่างเห็นได้ชัด 
ทำให้ดวงตาดูเปิดและทำให้ใบหน้าโดยรวม
ดูสดใสและมีชีวิตชีวามากขึ้น
.
ผ่าตัดตาสองชั้นที่ KVK Clinic
✅ ดูแลโดยแพทย์มากประสบการณ์
✅ ปรึกษากับคุณหมอก่อนเข้าห้องผ่าตัดทุกเคส
✅ ออกแบบชั้นตาให้เข้ากับแต่ละบุคคล แบบเคสต่อเคส
✅ ติดตามผลและดูแลหลังผ่าตัดอย่างต่อเนื่อง",,0,03/21/2026 20:00,N/A,https://www.facebook.com/KVKClinic/posts/pfbid0Mu8WsQRAzX4RTFYcZT99YCqpGkQqVRiKbgegRo7NugRzRMxFxQfe645JFAMa4xgrl,0,0,รูปภาพ,,,,,อายุการใช้งาน,2616,1646,6,6,0,0,2,,,2,,,,,,
1244394147778852,1.00066E+14,Kornvikkaclinic,"ไปร่วมสนุกกันค่า 

ทาง Alma มีรางวัลให้ค่า

https://www.facebook.com/share/p/16zVbKc9cB/?mibextid=wwXIfr",,0,03/20/2026 15:58,N/A,https://www.facebook.com/KVKClinic/posts/pfbid0jqRnYV5aVxfF2hvhjwaeTN87df9PyVFiqTFeLWS3RRpLsgjNk197gG3pnmR6ETQGl,0,1,รูปภาพ,,,,,อายุการใช้งาน,2767,1670,3,3,0,0,11,3,,8,,,,,,
1243922281159372,1.00066E+14,Kornvikkaclinic,"𝐓𝐡𝐞 𝐍𝐞𝐱𝐭 𝐋𝐞𝐯𝐞𝐥 𝐨𝐟 𝐏𝐞𝐫𝐟𝐞𝐜𝐭𝐢𝐨𝐧 𝐢𝐬 𝐂𝐨𝐦𝐢𝐧𝐠! 👑
ไม่ใช่แค่ 𝟏 แต่มาถึง 𝟒! กับอาวุธลับบทใหม่ที่ 𝐊𝐕𝐊 𝐂𝐥𝐢𝐧𝐢𝐜 ลงพร้อมกันทุกสาขา!!!

🧐 ลองทายกันดูสิว่า... ภายใต้เงาสุดอลังการนี้ คือ 'อาวุธลับ' ชิ้นไหนบ้าง?

.
⚡️ การรวมตัวครั้งที่ยิ่งใหญ่ที่สุดของ 𝟒 เทคโนโลยีระดับ 𝐖𝐨𝐫𝐥𝐝 𝐂𝐥𝐚𝐬𝐬 ที่จะมาเปลี่ยนมาตรฐานการยกกระชับให้ไม่เหมือนเดิมอีกต่อไป

.
ใครทายถูกครบทั้ง 𝟒 เครื่อง... เตรียมรับเซอร์ไพรส์ใหญ่เร็วๆ นี้! 📍𝐊𝐕𝐊𝐂𝐥𝐢𝐧𝐢𝐜
………………………………………….
#KVKClinic #DrKoong #DrJade
#ยกระดับมาตรฐานจริงใจล้ำสมัย
#TheNewEra #GuessTheMachine #NewLifting
#ทายชื่อเครื่อง #ยกกระชับ",,0,03/20/2026 03:44,N/A,https://www.facebook.com/KVKClinic/posts/pfbid02TVhgXkEJWxb1mepW8gX3z23owtmPvfiHyDTFyUVUbpc3Ai61GYgD4k1h9TbaP3Ldl,0,0,รูปภาพ,,,,,อายุการใช้งาน,9211,4120,45,28,12,5,189,157,,32,,,,,,
1243683901183210,1.00066E+14,Kornvikkaclinic,"จากจมูกสั้น ปลายทู่ ดูไม่มีมิติ 👃✨
ปรับทรงใหม่ให้สันชัด ปลายพุ่งละมุน
.
ก่อนทำทรงจมูกคนไข้สันจมูกค่อนข้างต่ำ 
ปลายจมูกมีความสั้นและงุ้มลงเล็กน้อย
ทำให้รูปทรงจมูกดูทู่และขาดมิติ
เคสนี้แก้ไขด้วยโปรแกรมเสริมจมูก 
เพื่อปรับทรงปลายจมูกให้ได้สัดส่วนมากขึ้น
หลังทำครบ 1 เดือนจะเห็นสันจมูกดูชัดขึ้น
ปลายจมูกปรับให้ดูยาวและยกขึ้นเล็กน้อย
ทำให้รูปทรงจมูกดูเรียวละมุนและรับกับใบหน้ามากขึ้น
.
ผ่าตัดเสริมจมูกที่ KVK Clinic
✅ ดูแลโดยแพทย์มากประสบการณ์
✅ ปรึกษากับคุณหมอก่อนเข้าห้องผ่าตัดทุกเคส
✅ ออกแบบทรงจมูกให้เข้ากับแต่ละบุคคล แบบเคสต่อเคส
✅ ติดตามผลและดูแลหลังผ่าตัดอย่างต่อเนื่อง",,0,03/19/2026 21:30,N/A,https://www.facebook.com/KVKClinic/posts/pfbid0u47xkkG9o8dJhW2Qv4uhyqzyraowtpLLwtMdUd6rPnUraS6xmXcEG8K1E7FwVmZ8l,0,0,รูปภาพ,,,,,อายุการใช้งาน,3079,1900,8,5,1,2,3,1,,2,,,,,,
1242884811263119,1.00066E+14,Kornvikkaclinic,"𝐊𝐕𝐊𝐂𝐋𝐈𝐍𝐈𝐂 𝐎𝐟𝐟𝐢𝐜𝐢𝐚𝐥 𝐏𝐚𝐫𝐭𝐧𝐞𝐫𝐬𝐡𝐢𝐩 𝐑𝐞𝐜𝐨𝐠𝐧𝐢𝐭𝐢𝐨𝐧 𝟐𝟎𝟐𝟓 🎖️

อีกหนึ่งความภูมิใจของ KVK Clinic กับรางวัลเกียรติยศจากงาน Galderma Partnership Recognition

🏆 รางวัล: Top 100 Value Partnership 2025
รางวัลนี้เป็นเครื่องยืนยันว่า KVK Clinic เป็น 1 ใน 100 คลินิกทั่วประเทศไทยที่มียอดการใช้ผลิตภัณฑ์แท้มาตรฐานระดับโลกจาก Galderma

.
ตัวแทนรับรางวัลในครั้งนี้ นำทีมโดย💪🏻

👩🏻‍⚕️คุณหมอป๊อบ (พญ.ณิชกุล วัฒน์ธนาภินันท์ ว71949)
แพทย์ประจำ KVKClinic สาขาโคราช

👩🏻‍⚕️คุณหมอโบว์ (พญ.เสาวภาคย์ ตรีสุธรรมาศ ว65557)
แพทย์ประจำ KVKClinic สาขาสยาม

🪞สะท้อนความสำเร็จผ่านมาตรฐานระดับสากล ✨
KVK Clinic ตอกย้ำความเชื่อมั่นในฐานะ พันธมิตรอย่างเป็นทางการ (Official Partner) ที่เลือกใช้เฉพาะผลิตภัณฑ์มาตรฐานระดับโลกจาก Galderma ครบวงจร

✨ ไม่ว่าจะเป็นกลุ่มเติมเต็มผิวโปรแกรม Restylane, งานผิวระดับลึกโปรแกรม Sculptra ผลิตภัณฑ์ที่เราเลือกใช้ ผ่านการคัดสรรมาเพื่อผลลัพธ์ที่ตอบโจทย์และปลอดภัยที่สุด
ตอบโจทย์ทุกมิติของความงามและคุณภาพชีวิต (Aesthetic Lives) 

🫶 ขอบพระคุณทุกความไว้วางใจจากผู้รับบริการทุกท่าน ที่ให้ 𝐊𝐕𝐊 𝐂𝐥𝐢𝐧𝐢𝐜 ดูแลเสมอมา เราสัญญาจะรักษามาตรฐานนี้เพื่อส่งมอบประสบการณ์ที่ดีที่สุดให้คุณในทุกครั้งที่มาเยือน💖

………………………..
#KVKClinic #DrKoong #DrJade
#ยกระดับมาตรฐานจริงใจล้ำสมัย
#หมอณิชาKVK #หมอโบว์KVK
#GaldermaThailand #Restylane #Sculptra
#OfficialPartner #มาตรฐานระดับโลก",,0,03/18/2026 21:10,N/A,https://www.facebook.com/KVKClinic/posts/pfbid0yXiKgVGSXhdLLX1KcJTNHLkhNfwYkioFFxUouhFcKJ46NrSmPjp3MjnF61gQ7x9al,0,0,รูปภาพ,,,,,อายุการใช้งาน,3398,2019,14,12,0,2,20,3,,17,,,,,,
1242130064671927,1.00066E+14,Kornvikkaclinic,"จากตาง่วง ดูเหนื่อยตลอดเวลา
อัปเดต 3 เดือน ดวงตาดูเปิดและสดใสขึ้น ✨
.
เคสนี้มีภาวะกล้ามเนื้อตาอ่อนแรงได้ชัด
เปลือกตาบนตกลงมาบดบังตาดำบางส่วน
ส่งผลให้ตาดูง่วง ดูอ่อนล้า และดูไม่สดใส
คุณหมอแก้ไขด้วยโปรแกรมผ่าตัดตาสองชั้น
โดยทำร่วมกับการแก้ไขกล้ามเนื้อตา
หลังทำจะเห็นได้ว่าดวงตาดูเปิดมากขึ้น
ลืมตาขึ้นได้ชัดเจน ชั้นตาดูชัดและเป็นธรรมชาติ
.
ผ่าตัดตาสองชั้นที่ KVK Clinic
✅ ดูแลโดยแพทย์มากประสบการณ์
✅ ปรึกษากับคุณหมอก่อนเข้าห้องผ่าตัดทุกเคส
✅ ออกแบบชั้นตาให้เข้ากับแต่ละบุคคล แบบเคสต่อเคส
✅ ติดตามผลและดูแลหลังผ่าตัดอย่างต่อเนื่อง",,0,03/17/2026 20:30,N/A,https://www.facebook.com/KVKClinic/posts/pfbid0CkohyFRaqF4SSaUqDTWhCgxycyYko9xDx1pAjqYq3m9wBLnXvDTW4qF1Z1oNm28Pl,0,0,รูปภาพ,,,,,อายุการใช้งาน,3387,2074,7,6,1,0,10,5,1,4,,,,,,
1240661538152113,1.00066E+14,Kornvikkaclinic,"อัปเดตเสริมหน้าอกครบ 1 ปี 
ทรงยังสวย ดูละมุนเป็นธรรมชาติ ✨
.
ก่อนทำเคสนี้มีเนื้อหน้าอกค่อนข้างน้อย
โดยเฉพาะช่วงเนินอกด้านบนที่ค่อนข้างเรียบ 
ทำให้เวลาใส่เสื้อผ้าดูไม่ค่อยมีสัดส่วน
เคสนี้คุณหมอประเมินสรีระและโครงสร้างของคนไข้
เพื่อเลือกขนาดและซิลิโคนที่เหมาะกับสัดส่วน 
โดยเน้นให้หน้าอกดูสวยเป็นธรรมชาติและเข้ากับตัว
หลังการทำจะเห็นว่าเนินหน้าอกดูชัดขึ้นและมีมิติมากขึ้น
แต่ยังคงความละมุนและดูเป็นธรรมชาติ
.
ผ่าตัดเสริมหน้าอกที่ KVK Clinic
✅ ดูแลโดยแพทย์มากประสบการณ์
✅ ปรึกษากับคุณหมอก่อนเข้าห้องผ่าตัดทุกเคส
✅ ออกแบบข้างต่อข้างให้เข้ากับแต่ละบุคคล แบบเคสต่อเคส
✅ ติดตามผลและดูแลหลังผ่าตัดอย่างต่อเนื่อง",,0,03/16/2026 20:00,N/A,https://www.facebook.com/KVKClinic/posts/pfbid0cGx421TYw8VqnueayfBjPDv7UUuSnghEHoUGjpnZFG2Pv6rqjceVG9u3aA7s9xSWl,0,0,รูปภาพ,,,,,อายุการใช้งาน,3699,2240,6,5,0,1,2,,,2,,,,,,
1240579061493694,1.00066E+14,Kornvikkaclinic,"จากดวงตาที่ดูเหนื่อยและไม่สดใส
ปรับชั้นตาใหม่ให้กลับสดใสอีกครั้ง !!!
.
เคสนี้มีปัญหาชั้นตาค่อนข้างหลบในและหนังตาตกเล็กน้อย 
ทำให้ชั้นตาดูไม่ชัด นอกจากนี้ยังมี ถุงใต้ตาค่อนข้างชัด
และมีความหย่อนคล้อยของผิวใต้ตา ทำให้ใต้ตาดูบวมคล้ำ 
ใบหน้าดูอ่อนล้าและดูมีอายุ 
เคสนี้คุณหมอแก้ไขด้วยโปรแกรมผ่าตัดตาสองชั้น
ร่วมกับการตัดถุงไขมันใต้ตา
หลังทำทันทีจะเห็นว่าชั้นตาชัดขึ้นอย่างเป็นธรรมชาติ 
ดวงตาดูเปิดกว้างและดูสดใสขึ้น ใต้ตาดูเรียบขึ้น 
ทำให้ใบหน้าสดใสและดูไม่โทรมเหมือนก่อนทำ
.
ผ่าตัดตาสองชั้นที่ KVK Clinic
✅ ดูแลโดยแพทย์มากประสบการณ์
✅ ปรึกษากับคุณหมอก่อนเข้าห้องผ่าตัดทุกเคส
✅ ออกแบบชั้นตาให้เข้ากับแต่ละบุคคล แบบเคสต่อเคส
✅ ติดตามผลและดูแลหลังผ่าตัดอย่างต่อเนื่อง",,0,03/15/2026 20:00,N/A,https://www.facebook.com/KVKClinic/posts/pfbid06Au4JX7iKhY6cFaY4n96eXB3ay6TnKP8abLUnUr5sYv7xnGCYrxyZ7R9wD4SBuSol,0,0,รูปภาพ,,,,,อายุการใช้งาน,3536,2135,5,4,1,0,6,3,,3,,,,,,
1239819348236332,1.00066E+14,Kornvikkaclinic,"เปลี่ยนจากหน้าที่ดูเรียบ ให้ดูมีมิติขึ้น ✨ 
ด้วยโปรแกรมตาสองชั้น + เสริมจมูก
.
ก่อนทำคนไข้มีปัญหาตาหลบใน ทำให้ชั้นตาดูไม่ชัด 
ส่งผลให้ดวงตาดูเล็กและดูไม่ค่อยสดใส 
นอกจากนี้จมูกเดิมมีลักษณะ 
สันจมูกค่อนข้างต่ำและฐานจมูกดูกว้างเล็กน้อย
เคสนี้คุณหมอแก้ไขด้วยโปรแกรมผ่าตัด
ตาสองชั้นร่วมกับการเสริมจมูก 
หลังทำทันทีจะเห็นว่าชั้นตาชัดขึ้น ดวงตาดูเปิดและสดใสขึ้น 
ส่วนจมูกมีสันที่ชัดขึ้น ทรงดูเรียวละมุนมากขึ้น 
ทำให้ใบหน้าดูมีมิติ โดยรวมดูหวานขึ้นและแลดูเป็นธรรมชาติ
.
ผ่าตัดตาสองชั้นที่ KVK Clinic
✅ ดูแลโดยแพทย์มากประสบการณ์
✅ ปรึกษากับคุณหมอก่อนเข้าห้องผ่าตัดทุกเคส
✅ ออกแบบชั้นตาให้เข้ากับแต่ละบุคคล แบบเคสต่อเคส
✅ ติดตามผลและดูแลหลังผ่าตัดอย่างต่อเนื่อง",,0,03/14/2026 20:15,N/A,https://www.facebook.com/KVKClinic/posts/pfbid0SvcTaKoep1rVqCUKMx3STvrne2bPNHQBaJyYsHjwZnhSqEHL6ssMcAbu6zRi6f1hl,0,0,รูปภาพ,,,,,อายุการใช้งาน,4184,2542,8,7,0,1,7,3,,4,,,,,,
1239183808299886,1.00066E+14,Kornvikkaclinic,"KVK Clinic รู้สึกเป็นเกียรติและภาคภูมิใจอย่างยิ่ง
จากงาน “The Runway We Walk Together” 💫

.
อีกหนึ่งความภาคภูมิใจของ KVK Clinic! คุณหมอกุ้ง ( พญ.กรวิกกา พัฒนะปราน ว 38020 )และทีมงาน รู้สึกเป็นเกียรติอย่างยิ่งที่ได้รับรางวัล

กับ 2 รางวัลอันทรงเกียรติ

🏆The Master X iconic (academic mentor) 2025
และ
🏆 The excellence center award 2025 

รางวัลนี้สะท้อนถึงความร่วมมือและการเติบโตที่เกิดขึ้นจากการก้าวเดินไปด้วยกันของทุกภาคส่วน ภูมิใจที่ได้เป็นส่วนหนึ่งของการบอกต่อสิ่งดีๆ ให้กับ Paragoncare ไปถึงคนไข้  รวมถึงความไว้วางใจและการสนับสนุนจากทุกท่านที่มีให้กับ KVK Clinic มาโดยตลอด🫶🏾💙

.
และแน่นอนสิ่งเหล่านี้ บอกว่า KVKclinic มุ่งมั่นพัฒนาทุกด้านอย่างต่อเนื่อง ทั้ง ทีมแพทย์ การบริการ เครื่องมือ และเทคนิค รวมถึงการมองปัญหาคนไข้เป็นองค์รวม เพื่อแก้ไขปัญหาอย่างยั่งยืน และเราคือ KVK Team 

.
🙏ขอขอบพระคุณ ParagonCare ที่เชื่อมั่นและเดินเคียงข้างกันมาโดยตลอด เราจะยังคงก้าวเดินต่อไปด้วยกัน  KVKclinic  พร้อมส่งมอบความมั่นใจให้กับทุกคน💪

.......................................................................
#KVKClinic #DrKoong #DrJade
#ยกระดับมาตรฐานจริงใจล้ำสมัย
#StrongerTogether
#TheRunwayWeWalkTogether #ExcellentPartnerAward2025
#ParagonCare #Anniversary #SuccessJourney",,0,03/13/2026 22:24,N/A,https://www.facebook.com/KVKClinic/posts/pfbid09wD6XeqC8bdj6D62dh1Gm2dWX2XDYZPCC4AS9GBonXmo4BTebPtY5DNdfgtKmeMLl,0,0,รูปภาพ,,,,,อายุการใช้งาน,4576,2648,12,12,0,0,63,12,,51,,,,,,
1237626701788930,1.00066E+14,Kornvikkaclinic,"อัปเดต 2 เดือน 👃✨
เพิ่มมิติให้ใบหน้าด้วยการปรับทรงจมูก
.
ก่อนทำคนไข้มีปัญหาปลายจมูกค่อนข้างสั้น
และมีลักษณะชมพู่เล็กน้อย 
ทำให้เวลาถ่ายรูปมุมด้านข้างใบหน้าดูไม่ค่อยมีมิติ 
เส้นไลน์จมูกไม่เด่นชัด
อัปเดตหลังทำครบ 2 เดือน
ทรงจมูกเริ่มเข้าที่มากขึ้น สันจมูกดูชัดขึ้น ปลายจมูกดูยาวและพุ่งขึ้นอย่างเป็นธรรมชาติ ทำให้ใบหน้าโดยรวมดูมีมิติและละมุนขึ้นกว่าเดิม
.
ผ่าตัดเสริมจมูกที่ KVK Clinic
✅ ดูแลโดยแพทย์มากประสบการณ์
✅ ปรึกษากับคุณหมอก่อนเข้าห้องผ่าตัดทุกเคส
✅ ออกแบบทรงจมูกให้เข้ากับแต่ละบุคคล แบบเคสต่อเคส
✅ ติดตามผลและดูแลหลังผ่าตัดอย่างต่อเนื่อง",,0,03/11/2026 20:43,N/A,https://www.facebook.com/KVKClinic/posts/pfbid0VXYL3eVHf6RBtHcjXSPGvPgCHLRArM5ppBhXcJNPLtayyLghkyL3LNFZ435n6Yb2l,0,0,รูปภาพ,,,,,อายุการใช้งาน,3975,2408,11,9,0,2,14,7,,7,,,,,,
1236341305250803,1.00066E+14,Kornvikkaclinic,"ตาหวานขึ้นแบบไม่โป๊ะ
สวยในเวอร์ชันที่เป็นตัวเอง 👀 ✨
.
จากปัญหาชั้นตาหลบในทั้งสองข้างและมีความไม่เท่ากัน 
ทำให้ชั้นตาดูไม่ชัด โดยเฉพาะช่วงหัวตา
และกลางตาค่อนข้างเรียบ ทำให้ดวงตาดูเล็กและขาดมิติ 
อัปเดตหลังทำครบ 7 วัน ชั้นตาเริ่มเข้ารูปและดูชัดขึ้น 
ดวงตาดูเปิดและสดใสมากขึ้น 
ทำให้ใบหน้าโดยรวมดูหวานและมีมิติมากกว่าเดิม
.
ผ่าตัดตาสองชั้นที่ KVK Clinic
✅ ดูแลโดยแพทย์มากประสบการณ์
✅ ปรึกษากับคุณหมอก่อนเข้าห้องผ่าตัดทุกเคส
✅ ออกแบบชั้นตาให้เข้ากับแต่ละบุคคล แบบเคสต่อเคส
✅ ติดตามผลและดูแลหลังผ่าตัดอย่างต่อเนื่อง",,0,03/10/2026 20:00,N/A,https://www.facebook.com/KVKClinic/posts/pfbid02L8h1mKDWbFdEbd8YGt99xAGbH2w42JTkCaYnsUwNjBSUzmY3TsSHKQv4pUMEPyUsl,0,0,รูปภาพ,,,,,อายุการใช้งาน,3455,2074,15,13,0,2,7,2,,5,,,,,,
1235853035299630,1.00066E+14,Kornvikkaclinic,"ชาวสยามเตรียมหน้าใส! ✨โปรแกรม 𝐏𝐢𝐜𝐨𝐬𝐮𝐫𝐞 𝐏𝐫𝐨 ตัวดังระดับโลก เครื่องที่ 𝟐 เตรียมแลนด์ดิ้ง  𝐊𝐕𝐊 @𝐒𝐢𝐚𝐦 เร็วๆนี้ค่ะ🎉🎉🎉

.
🚗 ไม่ต้องเดินทางไกล ก็สัมผัสเทคโนโลยีเลเซอร์ที่ดีที่สุดในการจัดการ •ฝ้า •กระ •จุดด่างดำ •งานผิว 𝐆𝐥𝐚𝐬𝐬 𝐒𝐤𝐢𝐧
📍ได้ที่ 𝐊𝐕𝐊@𝐒𝐢𝐚𝐦 | 𝐂𝐞𝐧𝐭𝐞𝐫𝐩𝐨𝐢𝐧𝐭 𝐨𝐟 𝐒𝐢𝐚𝐦 𝐒𝐪𝐮𝐚𝐫𝐞 ชั้น 𝟐

.
🔥 𝐏𝐫𝐞-𝐒𝐚𝐥𝐞 𝐍𝐨𝐰! เปิดจองสิทธิ์โปรแกรม 𝐏𝐢𝐜𝐨𝐬𝐮𝐫𝐞 𝐏𝐫𝐨 ราคาพิเศษต้อนรับเครื่องใหม่

🔍ใครเล็งไว้อย่าช้า ช้าหมดอดโปรหน้าใสแบบจัดเต็มนะจ๊ะ ทักแชทจองคิวหรือสอบถามโปรโมชั่นได้เลย!

.
.
.
ช่องทางติดต่อสอบถาม แอดมิน+ ปรึกษาแพทย์
𝐋𝐢𝐧𝐞 𝐎𝐀 เป็นช่องทางหลัก
สาขา 𝗞𝗼𝗿𝗮𝘁 : @1stkvk 
สาขา 𝗦𝗶𝗮𝗺  : @kvksiam

.
🔹 สาขา 𝗞𝗼𝗿𝗮𝘁 : โคราช (Head Qaurters)
สาขา3 : ติดโรงเรียน ปลูกปัญญา เส้นสุระ 2 
สาขา1 : ในปั้มปตท. ข้างเดอะมอลล์โคราช
📞 06 1956 5444

.
🔹 สาขา 𝗦𝗶𝗮𝗺 : KVK Siam Clinic
Centerpoint Siam Square ชั้น 2
📞 09 5791 5444

………………………………………………

#KVKClinic #DrKoong #DrJade
#ยกมาตรฐานจริงใจล้ำสมัย 
#KVKSiam #NewArrival
#PreSale #PicosureProKVKSiam
#ProgramPicosurePro",,0,03/09/2026 7:54,N/A,https://www.facebook.com/KVKClinic/posts/pfbid037rK2prYMZcu8RbpdTXnoP4Skx8nh2RJDGoPZU77ge5TozTxzP5hSPGNGiqnzFbV8l,0,0,รูปภาพ,,,,,อายุการใช้งาน,4221,2276,31,20,7,4,31,26,,5,,,,,,
1235738281977772,1.00066E+14,Kornvikkaclinic,ชาวสยามเตรียมเฮ🎉 หลังจากที่เรียกร้องกันมาหลายเสียง โปรแกรม Picosurepro เร็วๆนี้ KVK Siam Clinic 🫶💕,,0,03/09/2026 4:23,N/A,https://www.facebook.com/KVKClinic/posts/pfbid02xaZVtvE6GhpBrDvcee6jzdkS5aLAY8Q9zd32Pv155cKLaXiTqibf6Rjn5915PAVZl,0,1,รูปภาพ,,,,,อายุการใช้งาน,3158,1902,5,4,0,1,14,11,,3,,,,,,
1233518108866456,1.00066E+14,Kornvikkaclinic,"จากอกเล็ก สู่อกสวยดูเป็นธรรมชาติ ✨
อัปเดตผลลัพธ์ 5 ปี ยังทรงสวย มั่นใจทุกลุค
.
ก่อนทำคนไข้มีหน้าอกค่อนข้างเล็ก เนินอกไม่ชัด 
ทำให้สัดส่วนช่วงบนดูตรงและขาดมิติ 
เวลาใส่เสื้อผ้าจะดูไม่ค่อยมีทรงทำให้ความมั่นใจลดลง 
แก้ไขด้วยโปรแกรมเสริมหน้าอก 
ออกแบบให้เหมาะกับโครงสร้าง
อัปเดตผลลัพธ์หลังทำ 5 ปี หน้าอกยังคงรูปสวย เนินอกชัด 
ทรงดูนุ่มละมุนและเข้ากับรูปร่างมากขึ้น 
ช่วยให้บุคลิกดูมั่นใจและแต่งตัวได้หลากหลายขึ้น
.
ผ่าตัดเสริมหน้าอกที่ KVK Clinic
✅ ดูแลโดยแพทย์มากประสบการณ์
✅ ปรึกษากับคุณหมอก่อนเข้าห้องผ่าตัดทุกเคส
✅ ออกแบบข้างต่อข้างให้เข้ากับแต่ละบุคคล แบบเคสต่อเคส
✅ ติดตามผลและดูแลหลังผ่าตัดอย่างต่อเนื่อง",,0,03/08/2026 20:00,N/A,https://www.facebook.com/KVKClinic/posts/pfbid0UAN3WiJgbA2Vn8HziZRp4tZSpoW34Z9yGpSQ4KJvC2ppbq8qTcFbmoP7bnWaK5VQl,0,0,รูปภาพ,,,,,อายุการใช้งาน,2737,1772,4,4,0,0,2,,1,1,,,,,,
1234881672063433,1.00066E+14,Kornvikkaclinic,"𝐊𝐕𝐊 𝐂𝐥𝐢𝐧𝐢𝐜 คว้ารางวัลเกียรติยศระดับประเทศจาก 𝐆𝐚𝐥𝐝𝐞𝐫𝐦𝐚 𝐓𝐡𝐚𝐢𝐥𝐚𝐧𝐝 บริษัทใหญ่จากทางยุโรป 𝟕 ปีซ้อน ✨
อีกหนึ่งก้าวสำคัญแห่งความภาคภูมิใจของ 𝐊𝐕𝐊𝐂𝐥𝐢𝐧𝐢𝐜 กับรางวัล 

🏆 𝐓𝐨𝐩 𝟏𝟎𝟎 𝐕𝐚𝐥𝐮𝐞 𝐏𝐚𝐫𝐭𝐧𝐞𝐫𝐬𝐡𝐢𝐩 𝟐𝟎𝟐𝟓
จากงาน 𝐆𝐚𝐥𝐝𝐞𝐫𝐦𝐚 𝐏𝐚𝐫𝐭𝐧𝐞𝐫𝐬𝐡𝐢𝐩 𝐑𝐞𝐜𝐨𝐠𝐧𝐢𝐭𝐢𝐨𝐧

• ตัวแทนรับรางวัลครั้งนี้นำทีมโดย

👩🏻‍⚕️คุณหมอป๊อบ (พญ.ณิชกุล วัฒน์ธนาภินันท์ ว71949)
แพทย์ประจำ 𝐊𝐕𝐊𝐂𝐥𝐢𝐧𝐢𝐜 สาขาโคราช/สาขาสยาม

👩🏻‍⚕️คุณหมอโบว์ (พญ.เสาวภาคย์ ตรีสุธรรมมาศ ว65557)
แพทย์ประจำ 𝐊𝐕𝐊𝐂𝐥𝐢𝐧𝐢𝐜 สาขาสยาม

Galderma มีผลิตภัณฑ์มากมาย เช่น กลุ่มโปรแกรมฉีด Filler,กลุ่มโปรแกรมฉีดBiostimulator และ กลุ่มโปรแกรมฉีด Botulinum Toxin เป็นต้น 

ความสำเร็จครั้งนี้เกิดขึ้นไม่ได้เลยหากขาดการสนับสนุนจากลูกค้าทุกท่านที่วางใจให้ 𝐊𝐕𝐊 𝐂𝐥𝐢𝐧𝐢𝐜 ดูแลเสมอมา เราสัญญาว่าจะมุ่งมั่นพัฒนาคุณภาพการบริการ และรักษาความถูกต้องแม่นยำในการเลือกใช้ผลิตภัณฑ์ที่มีมาตรฐาน เพื่อให้ทุกท่านมั่นใจทุกครั้งที่มาหาเรา

#KVKClinic #DrKoong #DrJade
#ยกมาตรฐานจริงใจล้ำสมัย 
#GaldermaThailand #Top100ValuePartnership #7YearsConsecutiveAward",,0,03/07/2026 22:22,N/A,https://www.facebook.com/KVKClinic/posts/pfbid0LTUZ5Pvuhjf5Ytkj56yMCWs7JesjiLT4ycY9nTrxr39ArMNiXPELxgJ8rnxsogoLl,0,0,รูปภาพ,,,,,อายุการใช้งาน,3498,2052,9,9,0,0,31,6,,25,,,,,,
1233433218874945,1.00066E+14,Kornvikkaclinic,"แค่ปรับทรงจมูก มุมหน้าก็เปลี่ยน
สันชัด ปลายพุ่ง หน้าดูมีมิติขึ้นทันที ✨

เคสนี้คนไข้ปัญหาปลายจมูกทู่ สันจมูกค่อนข้างต่ำ
เมื่อมองด้านข้างทำให้ใบหน้าดูแบนและขาดมิติเล็กน้อย
คุณหมอแก้ไขด้วยการออกแบบทรงจมูกใหม่ให้เหมาะกับโครงหน้า
โดยปรับโครงสร้างสันจมูกให้มีมิติ 
พร้อมยกและปรับปลายจมูกให้พุ่งขึ้นเล็กน้อย
หลังทำทันทีจะเห็นว่าทรงจมูกดูชัดขึ้น
มุมด้านข้างทำให้ใบหน้าดูมีมิติและละมุนขึ้นอย่างเห็นได้ชัด
.
ผ่าตัดเสริมจมูกที่ KVK Clinic
✅ ดูแลโดยแพทย์มากประสบการณ์
✅ ปรึกษากับคุณหมอก่อนเข้าห้องผ่าตัดทุกเคส
✅ ออกแบบทรงจมูกให้เข้ากับแต่ละบุคคล แบบเคสต่อเคส
✅ ติดตามผลและดูแลหลังผ่าตัดอย่างต่อเนื่อง",,0,03/07/2026 19:00,N/A,https://www.facebook.com/KVKClinic/posts/pfbid0j6HnLRxbnuYhYZcLhQAbTuf9aTYPvmo1Rhq2XtGtXxGhSLLhx4z5pLN36NbeaNC7l,0,0,รูปภาพ,,,,,อายุการใช้งาน,3178,1974,2,1,0,1,3,1,,2,,,,,,
1234099532141647,1.00066E+14,Kornvikkaclinic,,,0,03/06/2026 20:22,N/A,https://www.facebook.com/KVKClinic/posts/pfbid037aFuZ4bV6PRVaTFr29E1zLSGgMZwmS7oine3q3prtk4HpXq2HmKqkttXNFU9vwzql,0,1,รูปภาพ,,,,,อายุการใช้งาน,3229,1862,3,3,0,0,11,5,,6,,,,,,
1233431085541825,1.00066E+14,Kornvikkaclinic,"จากหน้าท้องยื่น สู่เวอร์ชั่นใหม่ของตัวเอง
6 เดือน ลดไป 33 กิโล 🔥
.
จากเดิมคนไข้มีภาวะน้ำหนักเกินชัดเจน 
ไขมันสะสมบริเวณหน้าท้องและรอบเอวมาก 
ทำให้หน้าท้องยื่น รูปร่างดูตันและเคลื่อนไหวไม่คล่อง 
แม้พยายามลดน้ำหนักหลายวิธีก็ยังคุมความหิวได้ยาก
หลังเข้าคอร์สและดูแลต่อเนื่อง 6 เดือน 
น้ำหนักลดลงถึง 33 กิโลกรัม หน้าท้องยุบลง 
รอบเอวเล็กลง รูปร่างกระชับและสมส่วนขึ้นอย่างเห็นได้ชัด",,0,03/06/2026 19:00,N/A,https://www.facebook.com/KVKClinic/posts/pfbid0ZaT92MHQk3A3Kiq5j9mpRwry3afKpEnXzcxKDcFshMDnM4Mxmzoimh679g3PdYcvl,0,0,รูปภาพ,,,,,อายุการใช้งาน,3316,1964,12,11,0,1,9,5,,4,,,,,,
1233318628886404,1.00066E+14,Kornvikkaclinic,"จากชั้นตาหลบในทั้งสองข้างไม่เท่ากัน
ปรับชั้นตาใหม่สดใสขึ้นกว่าเดิม ✨
.
คนไข้มีปัญหาชั้นตาหลบใน ทำให้ชั้นตาดูไม่ชัด 
โดยเฉพาะช่วงหัวตาและกลางตา เปลือกตาบนค่อนข้างเรียบ 
ทำให้ดวงตาดูเล็กลงและชั้นตาทั้งสองข้างไม่เท่ากัน
เคสนี้แก้ไขด้วยโปรแกรมผ่าตัดตาสองชั้น เพื่อปรับชั้นตาใหม่
หลังทำทันทีชั้นตาคมชัดและมีความเท่ากันมากขึ้น
ดวงตาดูเปิดและกลมโตขึ้นอย่างเป็นธรรมชาติ
.
ผ่าตัดตาสองชั้นที่ KVK Clinic
✅ ดูแลโดยแพทย์มากประสบการณ์
✅ ปรึกษากับคุณหมอก่อนเข้าห้องผ่าตัดทุกเคส
✅ ออกแบบชั้นตาให้เข้ากับแต่ละบุคคล แบบเคสต่อเคส
✅ ติดตามผลและดูแลหลังผ่าตัดอย่างต่อเนื่อง",,0,03/05/2026 19:00,N/A,https://www.facebook.com/KVKClinic/posts/pfbid0v6J87em5AgErbXMSMQ53RvncQ4A5zH2sZAy7bv1D2RC6tUBQtBbmqdgCkxQa2chNl,0,0,รูปภาพ,,,,,อายุการใช้งาน,2707,1707,6,5,0,1,2,1,,1,,,,,,
1232780585606875,1.00066E+14,Kornvikkaclinic,"✨ สิวขึ้นซ้ำ ๆ รักษายังไงก็ไม่หาย?
เพราะการรักษาสิวต้องแก้ ทุกสาเหตุของสิว ไม่ใช่แค่กดสิวออก
.
💎 KVK CLINIC จัดโปรแกรมรักษาสิวแบบครบ 7 Steps
ดูแลตั้งแต่ต้นเหตุ → ลดอักเสบ → ลดรอย → ฟื้นฟูผิว
.
🔹 7 STEP ACNI CLEAR PROGRAM
1️⃣Program Plasmalis ผลัดเซลล์ผิวอย่างอ่อนโยน ลดเชื้อ C.acne
2️⃣ Program กดสิว / ฉีดสิว
3️⃣ Program IPL คลื่นแสงความเข้มข้นสูง ช่วยลดสิว ลดรอยสิวได้ดี
4️⃣ Program Acni-Laser 1450 nm ลดการทำงานต่อมไขมัน ลดปัญหาสิว
5️⃣ Program Pico Laser (Pico Red & Acne Bright) ลดรอยดำ+รอยแดง ปรับโทนสีผิวที่ดูเรียบเนียนขึ้น
6️⃣ Mask VCA ปลอบประโลมผิว ผิวแข็งแรง มอบความชุ่มชื้น
7️⃣ ยาทาสิวเฉพาะบุคคล

💬 เหมาะสำหรับ
✔ สิวอักเสบ
✔ สิวอุดตัน
✔ สิวขึ้นซ้ำไม่หาย
✔ มีรอยแดง รอยดำจากสิว

🔥 โปรพิเศษเฉพาะเดือน มี.ค. นี้
💙 คอร์ส 3 แถม 1 ครั้ง 15,500.-
💙 คอร์ส 5 แถม 1 ครั้ง 17,900.-
.
.
.
ช่องทางติดต่อสอบถาม แอดมิน+ ปรึกษาแพทย์
𝐋𝐢𝐧𝐞 𝐎𝐀 เป็นช่องทางหลัก
สาขา 𝗞𝗼𝗿𝗮𝘁 : @1stkvk 
สาขา 𝗦𝗶𝗮𝗺  : @kvksiam
.
🔹 สาขา 𝗞𝗼𝗿𝗮𝘁 : โคราช (Head Qaurters)
สาขา3 : ติดโรงเรียน ปลูกปัญญา เส้นสุระ 2 
สาขา1 : ในปั้มปตท. ข้างเดอะมอลล์โคราช
📞 06 1956 5444
.
🔹 สาขา 𝗦𝗶𝗮𝗺 : KVK@Siam Clinic
Centerpoint Siam Square ชั้น 2
📞 09 5791 5444
………………………………………………
#KVKClinic #DrKoong #DrJade
#ยกมาตรฐานจริงใจล้ำสมัย
#รักษาสิว #โปรรักษาสิว
#รักษาสิวโคราช
#สิวหายหน้าใส
#สิวอักเสบ #สิวอุดตัน
#รอยสิว #หน้าใสไร้สิว",,0,03/05/2026 0:02,N/A,https://www.facebook.com/KVKClinic/posts/pfbid02by9ViWu2LcyEN3dVpbujSmay7oV2PUMQBNzUytV9LzMWtLhugT2sbJExKggp3YgEl,0,0,รูปภาพ,,,,,อายุการใช้งาน,3074,1880,11,7,0,4,28,5,,23,,,,,,
1231951355689798,1.00066E+14,Kornvikkaclinic,"ไม่ใช่แค่การยกคิ้ว 
แต่คือการยกความมั่นใจกลับมา ✨
.
จะเห็นได้ชัดว่าคนไข้มีปัญหาหนังตาตก
และผิวหนังบริเวณหางตาหย่อนคล้อย
หนังตาส่วนเกินทับลงมาบริเวณชั้นตา ทำให้ชั้นตาดูไม่ชัด
เคสนี้แก้ไขด้วยการผ่าตัดยกคิ้ว 
เพื่อเก็บหนังตาส่วนเกินแนวใต้คิ้วออก
หลังทำทันทีเปลือกตาบนถูกยกขึ้น
และชั้นตาที่เคยถูกหนังตาทับเปิดขึ้นชัดเจน
ดวงตาดูสดใสขึ้นแลดูเป็นธรรมชาติมากขึ้น
.
ผ่าตัดตาสองชั้นที่ KVK Clinic
✅ ดูแลโดยแพทย์มากประสบการณ์
✅ ปรึกษากับคุณหมอก่อนเข้าห้องผ่าตัดทุกเคส
✅ ออกแบบชั้นตาให้เข้ากับแต่ละบุคคล แบบเคสต่อเคส
✅ ติดตามผลและดูแลหลังผ่าตัดอย่างต่อเนื่อง",,0,03/03/2026 20:00,N/A,https://www.facebook.com/KVKClinic/posts/pfbid0ckaaS3mRyJsUiB3jMWxL35qzE3QMtYgWSayvLdNkE9F1sfQ6YDEPukqRLNLhQJP4l,0,0,รูปภาพ,,,,,อายุการใช้งาน,2675,1739,10,9,0,1,5,5,,,,,,,,
1231950315689902,1.00066E+14,Kornvikkaclinic,"ไม่ใช่แค่การยกคิ้ว 
แต่คือการยกความมั่นใจกลับมา ✨
.
จะเห็นได้ชัดว่าคนไข้มีปัญหาหนังตาตก
และผิวหนังบริเวณหางตาหย่อนคล้อยลงมาค่อนข้างมาก
หนังตาส่วนเกินทับลงมาบริเวณชั้นตา ทำให้ชั้นตาดูไม่ชัด
เคสนี้แก้ไขด้วยการผ่าตัดยกคิ้ว เพื่อเก็บหนังตาส่วนเกินแนวใต้คิ้วออก
หลังทำทันทีเปลือกตาบนถูกยกขึ้นและชั้นตาที่เคยถูกหนังตาทับเปิดขึ้นชัดเจน
ดวงตาดูสดใสขึ้นแลดูเป็นธรรมชาติมากขึ้น
.
ผ่าตัดตาสองชั้นที่ KVK Clinic
✅ ดูแลโดยแพทย์มากประสบการณ์
✅ ปรึกษากับคุณหมอก่อนเข้าห้องผ่าตัดทุกเคส
✅ ออกแบบชั้นตาให้เข้ากับแต่ละบุคคล แบบเคสต่อเคส
✅ ติดตามผลและดูแลหลังผ่าตัดอย่างต่อเนื่อง",,0,03/03/2026 20:00,N/A,https://www.facebook.com/KVKClinic/posts/pfbid0hUb3tYPyFckVEphUvhiGNagYKHNCR5WisS3inc41aiDXajGo7Y66VBt1aSq149KMl,0,0,รูปภาพ,,,,,อายุการใช้งาน,2635,1593,3,3,0,0,0,,,,,,,,,
1230644589153808,1.00066E+14,Kornvikkaclinic,"ด่วน! โปร 𝟏𝐅𝐑𝐄𝐄 𝟏 ครั้งแรกของปีกับโปรแกรม 𝐑𝐞𝐝 𝐓𝐨𝐮𝐜𝐡 𝐏𝐫𝐨 🔥

.
ยกระดับการดูแลผิวด้วยเทคโนโลยีโปรแกรม  𝐑𝐞𝐝𝐓𝐨𝐮𝐜𝐡𝐏𝐫𝐨 ที่ออกแบบมาเพื่อดูแลปัญหาผิวในทุกโหมดที่กังวล พร้อมตัวช่วยพิเศษสำหรับผู้ที่ต้องการความกระจ่างใสอย่างเป็นธรรมชาติ

💥𝐑𝐞𝐝 𝐓𝐨𝐮𝐜𝐡 𝐏𝐫𝐨: จัดรายการพิเศษ 𝟏 แถม 𝟏 (เฉลี่ยเพียง 𝟔,𝟒𝟓𝟎.- / ครั้ง) เมื่อชำระเพียง 𝟏𝟐,𝟗𝟎𝟎.-

🔖 สิทธิ์แลกซื้อสุดคุ้ม: รับสิทธิ์แลกซื้อ 𝐏𝐫𝐨𝐠𝐫𝐚𝐦 𝐁𝐚𝐛𝐲 𝐆𝐥𝐨𝐰 ผิวใสดูสุขภาพดี ในราคาเพียง 𝟏𝟓,𝟗𝟎𝟎.- (จากปกติ 𝟏𝟗,𝟗𝟎𝟎.-)

.
คุ้มขนาดนี้ต้องรีบจอง! ให้รางวัลตัวเองด้วยผิวที่ดูสุขภาพดีที่ 𝐊𝐕𝐊 𝐂𝐥𝐢𝐧𝐢𝐜

📩 สนใจรับสิทธิ์ทัก 𝐈𝐧𝐛𝐨𝐱 หรือคอมเมนต์ ""สนใจ"" ใต้โพสต์นี้ได้เลยค่าาา 

.
.
.
ช่องทางติดต่อสอบถาม แอดมิน+ ปรึกษาแพทย์
𝐋𝐢𝐧𝐞 𝐎𝐀 เป็นช่องทางหลัก
สาขา 𝗞𝗼𝗿𝗮𝘁 : @1stkvk 
สาขา 𝗦𝗶𝗮𝗺  : @kvksiam
.
🔹 สาขา 𝗞𝗼𝗿𝗮𝘁 : โคราช (Head Qaurters)
สาขา3 : ติดโรงเรียน ปลูกปัญญา เส้นสุระ 2 
สาขา1 : ในปั้มปตท. ข้างเดอะมอลล์โคราช
📞 06 1956 5444
.
🔹 สาขา 𝗦𝗶𝗮𝗺 : KVK@Siam Clinic
Centerpoint Siam Square ชั้น 2
📞 09 5791 5444
………………………………………………
#KVKClinic #DrKoong #DrJade
#ยกมาตรฐานจริงใจล้ำสมัย
#ProgramRedtouchpro
#แลกซื้อโปรโมชั่นKVKสุดคุ้ม",,0,03/02/2026 1:15,N/A,https://www.facebook.com/KVKClinic/posts/pfbid0FdgLtvfDNu9Wije2duArvWqSVdBMKmFK1Ja444BQe5goeQcY4nJcWyk1dpwmJhxBl,0,0,รูปภาพ,,,,,อายุการใช้งาน,14082,4487,8,6,0,2,296,231,46,19,,,,,,
1230591135825820,1.00066E+14,Kornvikkaclinic,ขอบคุณรีวิวสวยๆค่าาาา โซ้ะมาก จึ้งมากกกละมุนสุดๆ💕🫶☺️,,0,03/01/2026 23:30,N/A,https://www.facebook.com/KVKClinic/posts/pfbid035hvRFFY9zWGV54unYkpWrFqeHApmATUo5bsjsGjKDXYpQMTnzSoofjaxiRDSmmccl,0,1,รูปภาพ,,,,,อายุการใช้งาน,3520,2066,6,6,0,0,29,18,,11,,,,,,
1230482389170028,1.00066E+14,Kornvikkaclinic,"แก้ตาสองชั้นร่วมยกคิ้ว เปิดชั้นตาให้ชัดขึ้น
ดวงตาดูสดใสขึ้นอย่างเป็นธรรมชาติ ✨
.
เคสนี้คนไข้เข้ามาปรึกษาด้วยปัญหา
หนังตาบนหย่อนคล้อยชัดเจน 
โดยเฉพาะบริเวณหางตาที่ตกลง ทำให้ดวงตาดูเศร้าและอ่อนล้า 
แก้ไขด้วยโปรแกรมผ่าตัดทำตาสองชั้นร่วมกับการยกคิ้ว 
โดยการเก็บหนังส่วนเกินใต้แนวคิ้วออก 
เพื่อช่วยยกชั้นหนังตาที่ตกขึ้นให้ดวงตาดูกว้าง
และปรับชั้นตาใหม่ช่วยให้ชั้นชัดขึ้น
หลังทำทันทีชั้นตาชัดขึ้นอย่างเป็นธรรมชาติ 
หางตาที่เคยตกถูกยกขึ้นพอดี 
ทำให้ดวงตาดูสดใสและมีมิติมากขึ้น
.
ผ่าตัดตาสองชั้นที่ KVK Clinic
✅ ดูแลโดยแพทย์มากประสบการณ์
✅ ปรึกษากับคุณหมอก่อนเข้าห้องผ่าตัดทุกเคส
✅ ออกแบบชั้นตาให้เข้ากับแต่ละบุคคล แบบเคสต่อเคส
✅ ติดตามผลและดูแลหลังผ่าตัดอย่างต่อเนื่อง",,0,03/01/2026 20:30,N/A,https://www.facebook.com/KVKClinic/posts/pfbid0tHfyPViynrdmdRvAG7bES8ZXvXgPYHKkET4twhjan1sNXYLLdZag9LNCxMr44FSLl,0,0,รูปภาพ,,,,,อายุการใช้งาน,2862,1688,6,5,0,1,12,8,,4,,,,,,
1229677725917161,1.00066E+14,Kornvikkaclinic,"💎 PRIME ONE PRICE 59,000.-
คุ้มสุด✨ “คู่เครื่องไหนก็ราคาเดียว”
.
ยก • กระชับ • ฟู • เก็บเหนียง • หน้าเรียวชัด
เลือกโปรแกรมได้ตามปัญหา ในงบเดียวแบบไม่ต้องคิดเยอะ
.
✨ อยากยกกรอบหน้า → Program Ulthera Prime 
✨ อยากผิวฟู+แน่น → Program Oligio 
✨ อยากเก็บเหนียง หน้าเรียว→ Program XERF 
✨ อยากหน้ายก + แน่นลึก → Program Density 
.
ปัญหาต่างกัน แต่จบได้ในงบเดียว
🔥ด่วน!! รีบสวยก่อนใคร
พิมพ์ “𝗣𝗥𝗜𝗠𝗘” เพื่อรับสิทธิ์ทันที 
.
.
.
ช่องทางติดต่อสอบถาม แอดมิน+ ปรึกษาแพทย์
𝐋𝐢𝐧𝐞 𝐎𝐀 เป็นช่องทางหลัก
สาขา 𝗞𝗼𝗿𝗮𝘁 : @1stkvk 
สาขา 𝗦𝗶𝗮𝗺  : @kvksiam
.
🔹 สาขา 𝗞𝗼𝗿𝗮𝘁 : โคราช (Head Qaurters)
สาขา3 : ติดโรงเรียน ปลูกปัญญา เส้นสุระ 2 
สาขา1 : ในปั้มปตท. ข้างเดอะมอลล์โคราช
📞 06 1956 5444
.
🔹 สาขา 𝗦𝗶𝗮𝗺 : KVK Siam Clinic
Centerpoint Siam Square ชั้น 2
📞 09 5791 5444
………………………………………………
#KVKClinic #DrKoong #DrJade
#ยกมาตรฐานจริงใจล้ำสมัย 
#ยกกระชับ #ultheraprime 
#OligioX #XERF #Density 
#primeoneprice",,0,02/28/2026 19:41,N/A,https://www.facebook.com/KVKClinic/posts/pfbid0we4pnF9pHZKwGjzjM8Tec7VAm3dkf72rYtMS8T3kBE8cBChzteXR8fwwxDKJRCqGl,0,0,รูปภาพ,,,,,อายุการใช้งาน,13115,3934,15,9,0,6,416,165,74,177,,,,,,
1229045859313681,1.00066E+14,Kornvikkaclinic,"แก้กล้ามเนื้อตาอ่อนแรง พร้อมปรับชั้นตาใหม่
ครบ 2 ปี ยังสดใส มั่นใจทุกมุมมอง 👁👁✨
.
เคสนี้มีปัญหาตาข้างขวากล้ามเนื้อตาอ่อนแรงชัดเจน
แต่ติดเลิ่กคิ้วจนชิน เพื่อช่วยพยุงในการลืมตา
ทำให้ตาดูไม่สดใส เหมือนง่วงนอนตลอดเวลา
หมอเจดเลือกแก้ไขด้วยการแก้กล้ามเนื้อตา
โดยทำร่วมกับทำตาสองชั้น ปรับชั้นตาให้ใหม่
อัปเดตหลังทำครบ 2 ปี ชั้นตายังคงสวยคม 
ดวงตาเปิดได้เต็มที่มากขึ้นโดยไม่ต้องเลิกคิ้วช่วย 
ใบหน้าดูสดใสและเป็นธรรมชาติ ความมั่นใจกลับมาเต็มร้อย
.
ผ่าตัดตาสองชั้นที่ KVK Clinic
✅ ดูแลโดยแพทย์มากประสบการณ์
✅ ปรึกษากับคุณหมอก่อนเข้าห้องผ่าตัดทุกเคส
✅ ออกแบบชั้นตาให้เข้ากับแต่ละบุคคล แบบเคสต่อเคส
✅ ติดตามผลและดูแลหลังผ่าตัดอย่างต่อเนื่อง",,0,02/28/2026 19:00,N/A,https://www.facebook.com/KVKClinic/posts/pfbid02oHAxDwbD4Btv6wGvvEEdmXWrULMUVYauNj7E2b4heMu8jcnHxiqXhHf4qKda9dnVl,0,0,รูปภาพ,,,,,อายุการใช้งาน,2772,1434,1,1,0,0,2,1,,1,,,,,,
1228847276000206,1.00066E+14,Kornvikkaclinic,"🫶🏻
https://www.facebook.com/share/p/1B3QptUqPn/?mibextid=wwXIfr",,0,02/27/2026 18:53,N/A,https://www.facebook.com/KVKClinic/posts/pfbid02bkb4hD6waMPHRQ89Zvw2jgGHbmJe5tCcmmFCvoT46KMqT1TbZh2o6E5e9PUcpHjdl,0,1,รูปภาพ,,,,,อายุการใช้งาน,3679,1988,6,6,0,0,309,185,,124,,,,,,
1228246109393656,1.00066E+14,Kornvikkaclinic,"บรรยากาศส่วนหนึ่งจากงาน 𝐓𝐡𝐞 𝐏𝐫𝐨𝐜𝐭𝐨𝐫𝐬𝐡𝐢𝐩 𝐏𝐫𝐨𝐠𝐫𝐚𝐦 :  𝐓𝐡𝐞 𝐎𝐆𝐗 𝐌𝐚𝐬𝐭𝐞𝐫𝐜𝐥𝐚𝐬𝐬 𝐄𝐱𝐩𝐥𝐨𝐫𝐢𝐧𝐠 𝐓𝐡𝐞 𝐏𝐢𝐧𝐧𝐚𝐜𝐥𝐞 𝐎𝐟 𝐌𝐨𝐧𝐨𝐩𝐨𝐥𝐚𝐫 𝐑𝐅 ⚡️

.
โดย คุณหมอกุ้ง (พญ. กรวิกกา พัฒนะปราน ว38020) ที่ได้มาร่วมถ่ายทอดประสบการณ์และเจาะลึกเทคนิคการใช้พลังงาน 𝐌𝐨𝐧𝐨𝐩𝐨𝐥𝐚𝐫 𝐑𝐅 ซึ่งเน้นการถ่ายทอดองค์ความรู้จากประสบการณ์จริงสู่บุคลากรทางการแพทย์ 👩🏻‍⚕️🧑🏻‍⚕️

.

🔸ภายในงานมีการแชร์ข้อมูลเชิงลึกเกี่ยวกับ

• 𝐆𝐗 𝐃𝐮𝐚𝐥-𝐌𝐨𝐝𝐞: การเรียนรู้กลไกการทำงานของพลังงานเพื่อประสิทธิภาพที่แม่นยำ

• 𝐃𝐢𝐦𝐞𝐧𝐬𝐢𝐨𝐧𝐚𝐥 𝐋𝐢𝐟𝐭 𝐓𝐞𝐜𝐡𝐧𝐢𝐪𝐮𝐞: เทคนิคการดีไซน์และวางแผนการดูแลรูปหน้าเฉพาะบุคคล

• 𝐀𝐧𝐚𝐭𝐨𝐦𝐲 𝐅𝐨𝐜𝐮𝐬: การวิเคราะห์โครงสร้างผิวและชั้นไขมัน เพื่อความปลอดภัยและผลลัพธ์ที่เหมาะสม

.

การดูแลผิวไม่ใช่แค่การใช้เครื่องมือ แต่คือศิลปะของการวิเคราะห์โครงสร้างใบหน้า (𝐅𝐚𝐜𝐢𝐚𝐥 𝐌𝐚𝐩𝐩𝐢𝐧𝐠) และการเลือกใช้พลังงานให้เหมาะสมกับปัญหาผิวของแต่ละบุคคล

เพราะการเรียนรู้ไม่มีที่สิ้นสุด 𝐊𝐕𝐊𝐂𝐥𝐢𝐧𝐢𝐜 จึงให้ความสำคัญกับการอัปเดตความรู้และเทคนิคใหม่ๆ อยู่เสมอ เพื่อมาตรฐานการดูแลที่มั่นใจได้ 💪🏻🧡

………………………………………………..
#KVKClinic #DrKoong #DrJade
#ยกมาตรฐานจริงใจล้ำสมัย
#TheOGXmasterclass
#TheprotorshipProgram
#ProgramOligioX
#MonopolarRF
#ความรู้คู่ความงาม",,0,02/27/2026 01:24,N/A,https://www.facebook.com/KVKClinic/posts/pfbid02iuhJjYrJJwnrKAW4NjzMcZnC9UDtKQtprgYQTPYt8etJepxsdxZ7gUL8oq5dshT1l,0,0,รูปภาพ,,,,,อายุการใช้งาน,2637,1606,12,12,0,0,19,7,,12,,,,,,
1228025022749098,1.00066E+14,Kornvikkaclinic,"ถุงไขมันใต้ตา 
ทำให้หน้าดูโทรมโดยไม่รู้ตัว !!!
.
ก่อนทำเคสนี้มีปัญหาถุงใต้ตานูนเล็กน้อย
เปลือกตาบนหย่อนลงมา ทำให้ชั้นตาไม่ชัด
ส่งผลให้ใบหน้าดูเหนื่อยและมีอายุเกินจริง
คุณหมอแก้ไขด้วยการผ่าตัดตาสองชั้น
ร่วมกับการผ่าตัดถุงไขมันใต้ตา
นำไขมันส่วนเกินออก เพื่อลดปัญหาถุงใต้ตาที่บวม
หลังทำทันทีใต้ตาดูแบนเรียบขึ้น ชั้นตาถูกเปิดขึ้นอย่างชัดเจน 
และช่วยแก้ปัญหาหนังตาตกได้ตรงจุด
.
ผ่าตัดตาสองชั้นที่ KVK Clinic
✅ ดูแลโดยแพทย์มากประสบการณ์
✅ ปรึกษากับคุณหมอก่อนเข้าห้องผ่าตัดทุกเคส
✅ ออกแบบชั้นตาให้เข้ากับแต่ละบุคคล แบบเคสต่อเคส
✅ ติดตามผลและดูแลหลังผ่าตัดอย่างต่อเนื่อง",,0,02/26/2026 19:00,N/A,https://www.facebook.com/KVKClinic/posts/pfbid0uAEgC6XXnbCchWfzuMMk2iyUCMgfqcHzfyMgZDPbFXkpGXJ4fehu5orZgSguRg7Rl,0,0,รูปภาพ,,,,,อายุการใช้งาน,2337,1489,4,3,1,0,2,1,,1,,,,,,
1225027276382206,1.00066E+14,Kornvikkaclinic,"ใกล้บ้านใครเตรียมเฮ! KVK สาขาที่ 5 จะไปบุกย่านไหนดีนะ? 🔎
กรุงเทพฯ จะกว้างแค่ไหน เราก็พร้อมไปดูแลคุณให้ใกล้กว่าเดิม
ลองทายกันเข้ามาดูว่า ""แลนด์มาร์ค"" ต่อไปของเราคือที่ไหน?😘🥰",,0,02/23/2026 03:37,N/A,https://www.facebook.com/KVKClinic/posts/pfbid0x9ShKXY6BSkprpUW5NkPtKiVWpjwJqtojvFA3kXXTBnPJ4QRbkHQ23WamTMdX3rql,0,1,รูปภาพ,,,,,อายุการใช้งาน,5381,2839,16,8,6,2,197,169,,28,,,,,,
1256890096529257,1.00066E+14,Kornvikkaclinic,"ค่ำคืนสุดพิเศษในงาน WON GALA  AWARDS 2026 : The Phantom of Precision 🎭
.
KVKCLINIC นำทีมโดย คุณหมอกุ้ง (พญ.กรวิกกา พัฒนะปราน ว38020)
ได้รับเกียรติจาก WontechAsia  เป็นหนึ่งใน  KOL และผู้บริหารคลินิกระดับแนวหน้า มาร่วมถอดรหัสความสำเร็จภายใต้หัวข้อ “The Modern Clinic Blueprint” ภายในเซสชัน อัดแน่นไปด้วยอินไซต์สุด Exclusive  ไม่ว่าจะเป็น

🔸การสร้างตัวตนของคลินิกให้แข็งแรง
🔸การรักษามาตรฐานคุณภาพอย่างสม่ำเสมอ
🔸การคัดเลือกนวัตกรรมอย่างมีกลยุทธ์ เพื่อยกระดับคลินิกสู่การเป็นผู้นำในอุตสาหกรรม
.
และในครั้งนี้ KVK CLINIC ยังคว้ารางวัล
🏆 Oligio X KOLS Thailand Speaker
.
ถือเป็นอีกหนึ่งความภาคภูมิใจของเราในค่ำคืนนี้ 🏆
.
KVK CLINIC ขอขอบคุณทุกการสนับสนุนและทุกความไว้วางใจที่มอบให้  เราไม่เคยหยุดพัฒนาเพื่อส่งมอบผลลัพธ์ที่ดีที่สุดให้กับลูกค้าของเราทุกท่านค่ะ
.
#KVKClinic #DrKoong #DrJade 
#ยกมาตรฐานจริงใจล้ำสมัย 
#WONGALA #ThePhantomOfPrecision
#OligioX #OligioXThailand
#OligioXThailandSpeaker",,0,04/05/2026 5:46,N/A,https://www.facebook.com/KVKClinic/posts/pfbid0NmhF7Erppxv1TWfMTtB2SPUSSpyXeUveYCrv91RdYaNkWgB398LWX4LP9rou3ArSl,0,0,รูปภาพ,,,,,อายุการใช้งาน,4080,2267,18,18,0,0,92,30,,62,,,,,,
1257314863153447,1.00066E+14,Kornvikkaclinic,"👑 𝗞𝗩𝗞 𝗪𝗜𝗦𝗗𝗢𝗠 𝗘𝘅𝗰𝗹𝘂𝘀𝗶𝘃𝗲 𝗣𝗿𝗶𝘃𝗶𝗹𝗲𝗴𝗲
.
เพียงเปิดวงเงิน 𝗞𝗩𝗞 𝗪𝗜𝗦𝗗𝗢𝗠 เป็นลูกค้าคนพิเศษของเรา
🗓️ วันนี้ - 𝟯𝟬 เมษายน 𝟮𝟱𝟲𝟵
.
⭐️VIP เอกสิทธิ์พิเศษ
เมื่อเปิดวงเงิน 200,000.-  รับวงเงิน 𝟮𝟱,𝟬𝟬𝟬.-

🌟VVIP เอกสิทธิ์พิเศษ
เมื่อเปิดวงเงิน 300,000.-  รับวงเงิน 𝟰𝟬,𝟬𝟬𝟬.- 

💎Elite VVIP เอกสิทธิ์พิเศษ
เมื่อเปิดวงเงิน 400,000.-  รับวงเงิน 𝟲𝟬,𝟬𝟬𝟬.- 

👑Royal VVIP เอกสิทธิ์พิเศษ
เมื่อเปิดวงเงิน 500,000.-  รับวงเงิน 𝟴𝟬,𝟬𝟬𝟬.- 
.
🏆รับฟรี!!หัตถการยกกระชับตัวท็อป เลือกได้ 1 โปรแกรม
• Program 𝗨𝗹𝘁𝗵𝗲𝗿𝗮 𝗣𝗿𝗶𝗺𝗲 
• Program 𝗘𝗺𝗳𝗮𝗰𝗲 
• Program 𝗫𝗘𝗥𝗙 
• Program 𝗢𝗹𝗶𝗴𝗶𝗼𝗫
• Program 𝗗𝗲𝗻𝘀𝗶𝘁𝘆 
• Program 𝗧𝗶𝘁𝗮𝗻𝗶𝘂𝗺 𝗹𝗶𝗳𝘁𝗶𝗻𝗴 
.
✨พิเศษสุด! 𝗞𝗩𝗞 𝗪𝗜𝗦𝗗𝗢𝗠 ทุกระดับ
คุณหมอกุ้งร่วมรายการ ไม่บวกเพิ่ม
.
• จองคิว VIP ก่อนใคร
• Private consult
• รับของขวัญ ทุกช่วงเวลาพิเศษ
• VIP lounge พร้อม Exclusive Drinking & baker
• Birthday Privilege (สิทธิพิเศษในเดือนเกิด)
• ดูแลปรนนิบัติผิวด้วยทรีทเมนท์ระดับพรีเมียม
• ใช้วงเงินได้ภายใน 2 ปี
• รับสิทธิประโยชน์นาน 1 ปี
.
*เงื่อนไขเป็นไปตามที่คลินิกกำหนด
............................
#KVKClinic #DrKoong #DrJade
#ยกมาตรฐานจริงใจล้ำสมัย
#14thAnniversaryKVK
#KVKFutureLifting
#KVKWISDOM 
#EXCLUSIVEPRIVILEGE
#เปิดวงเงินที่KVKมีแต่คุ้ม",,0,04/05/2026 19:30,N/A,https://www.facebook.com/KVKClinic/posts/pfbid02kKPH59PijMCcYWCYGovgfAQ9CU176nG3onsSnSBNXWQNagBbsiaLoAncKbiLCfV2l,0,0,รูปภาพ,,,,,อายุการใช้งาน,3675,2060,10,9,0,1,41,11,,30,,,,,,
1256817706536496,1.00066E+14,Kornvikkaclinic,"หนังตาตกทำหน้าดูเหนื่อย
ปรับใหม่ให้ตาเปิด สดใสแบบธรรมชาติ ✨
.
คนไข้มีปัญหาหนังตาตกและหางตาตก
ผิวบริเวณเปลือกตาดูหย่อนคล้อยลงมาทับชั้นตา
ทำให้ตาดูปิดลงเล็กน้อย ชั้นตาไม่ชัด
เคสนี้คุณหมอแก้ไขด้วยการผ่าตัดตาสองชั้น
โดยทำร่วมกับการยกคิ้ว โดยการเก็บหนังส่วนเกินใต้แนวคิ้วออก
เพื่อช่วยยกชั้นหนังตาที่ตกขึ้นให้ดวงตาดูกว้าง
หลังทำครบ 7 วันดวงตาเปิดขึ้นอย่างชัดเจน
คิ้วยกขึ้นในตำแหน่งที่เหมาะสม ทำให้หนังตาที่เคยตกดูตึงขึ้น 
และหางตาดูยกขึ้นเล็กน้อย
.
ผ่าตัดตาสองชั้นที่ KVK Clinic
✅ ดูแลโดยแพทย์มากประสบการณ์
✅ ปรึกษากับคุณหมอก่อนเข้าห้องผ่าตัดทุกเคส
✅ ออกแบบชั้นตาให้เข้ากับแต่ละบุคคล แบบเคสต่อเคส
✅ ติดตามผลและดูแลหลังผ่าตัดอย่างต่อเนื่อง",,0,04/05/2026 20:00,N/A,https://www.facebook.com/KVKClinic/posts/pfbid02ckgrM2d3UGBbTpH7BPAeLd89iguFfBNCqDuoWd1VqjBhMp3WDTerAyNoLmPDBkUxl,0,0,รูปภาพ,,,,,อายุการใช้งาน,3462,2104,14,10,2,2,7,5,,2,,,,,,
1258208289730771,1.00066E+14,Kornvikkaclinic,"𝐃𝐨𝐮𝐛𝐥𝐞 ยกกระชับ! จัดเต็มแพ็กคู่ในราคาเดียว 💖
จะเลือกทำไมในเมื่อทำได้ทั้งสอง🤩

.
หน้าตึงแบบคุ้มที่สุด! 𝐊𝐕𝐊𝐂𝐥𝐢𝐧𝐢𝐜 จัดแพ็กเกจ 𝐂𝐨𝐦𝐛𝐨 ตัวดังที่ทุกคนเรียกร้อง จับคู่ 𝐏𝐫𝐨𝐠𝐫𝐚𝐦 𝐗𝐓𝐡𝐞𝐫𝐦𝐚 และ 𝐏𝐫𝐨𝐠𝐫𝐚𝐦 𝐔𝐥𝐭𝐫𝐚𝐟𝐨𝐫𝐦𝐞𝐫 𝐈𝐈𝐈 มาให้แล้วในราคาสุดช็อค!

✅ สิ่งที่จะได้รับในแพ็กเกจนี้: ⭐️ 𝟏𝟗,𝟗𝟎𝟎.-

• 💎 𝐏𝐫𝐨𝐠𝐫𝐚𝐦 𝐗-𝐓𝐡𝐞𝐫𝐦𝐚 (𝟑𝟎𝟎 𝐒𝐡𝐨𝐭𝐬): เน้นงานผิวแน่น กระชับลึกถึงชั้นผิว พลังงานสูงแต่เจ็บน้อย (𝐋𝐨𝐰 𝐏𝐚𝐢𝐧)

• 📐 𝐏𝐫𝐨𝐠𝐫𝐚𝐦 𝐔𝐥𝐭𝐫𝐚𝐟𝐨𝐫𝐦𝐞𝐫 𝐈𝐈𝐈 (𝟑𝟎𝟎 𝐒𝐡𝐨𝐭𝐬): เก็บกรอบหน้าชัด เน้น 𝐕-𝐒𝐡𝐚𝐩𝐞 ยกแก้มที่หย่อนให้เด้งคืนทรง

• 🔥 รวมทั้งหมด 𝟔𝟎𝟎 𝐒𝐡𝐨𝐭𝐬 จุกๆ!

🎁 𝐃𝐨𝐮𝐛𝐥𝐞 𝐁𝐨𝐧𝐮𝐬!
สิทธิ์แลกซื้อ 𝐏𝐫𝐨𝐠𝐫𝐚𝐦 𝐁𝐨𝐭𝐨𝐱 เกาหลี 𝟓𝟎𝐮 เพิ่มเติมในราคาเพียง 𝟐,𝟎𝟎𝟎.-
(เอาให้เป๊ะให้สุดในรอบเดียว!)

📍 พิกัดความสวย: เฉพาะสาขา 1 (ปั๊ม ปตท. ข้างเดอะมอลล์โคราช)
⚠️ ผลลัพธ์ขึ้นอยู่กับแต่ละบุคคล
👇 สนใจจองคิว / ปรึกษาคุณหมอ ทักแชทเลย!

.
.
ช่องทางติดต่อสอบถาม แอดมิน+ ปรึกษาแพทย์
𝐋𝐢𝐧𝐞 𝐎𝐀 เป็นช่องทางหลัก
สาขา 𝗞𝗼𝗿𝗮𝘁 : @1stkvk 
.
🔹 สาขา 𝗞𝗼𝗿𝗮𝘁 : โคราช (Head Qaurters)
สาขา3 : ติดโรงเรียน ปลูกปัญญา เส้นสุระ 2 
สาขา1 : ในปั้มปตท. ข้างเดอะมอลล์โคราช
📞 06 1956 5444

-------------------
#KVKClinic #DrKoong #DrJade 
#ยกมาตรฐานจริงใจล้ำสมัย 
#KVKFutureLifting #ProgramXTherma #ProgramUltraformerIII
#โปรแกรมยกกระชับ",,0,04/07/2026 0:56,N/A,https://www.facebook.com/KVKClinic/posts/pfbid02Xn3bbNrhneYKiyXdMVGh8ftZjEmkdTpvS2YGY9noBDteQeo7TzxPQFGWmgERAr3Ql,0,0,รูปภาพ,,,,,อายุการใช้งาน,3424,2033,7,7,0,0,22,18,,4,,,,,,
1258209133064020,1.00066E+14,Kornvikkaclinic,"𝐃𝐨𝐮𝐛𝐥𝐞 ยกกระชับ! จัดเต็มแพ็กคู่ในราคาเดียว 💖
จะเลือกทำไมในเมื่อทำได้ทั้งสอง🤩

.
หน้าตึงแบบคุ้มที่สุด! 𝐊𝐕𝐊𝐂𝐥𝐢𝐧𝐢𝐜 จัดแพ็กเกจ 𝐂𝐨𝐦𝐛𝐨 ตัวดังที่ทุกคนเรียกร้อง จับคู่ 𝐏𝐫𝐨𝐠𝐫𝐚𝐦 𝐗𝐓𝐡𝐞𝐫𝐦𝐚 และ 𝐏𝐫𝐨𝐠𝐫𝐚𝐦 𝐔𝐥𝐭𝐫𝐚𝐟𝐨𝐫𝐦𝐞𝐫 𝐈𝐈𝐈 มาให้แล้วในราคาสุดช็อค!

✅ สิ่งที่จะได้รับในแพ็กเกจนี้: ⭐️ 𝟏𝟗,𝟗𝟎𝟎.-

• 💎 𝐏𝐫𝐨𝐠𝐫𝐚𝐦 𝐗-𝐓𝐡𝐞𝐫𝐦𝐚 (𝟑𝟎𝟎 𝐒𝐡𝐨𝐭𝐬): เน้นงานผิวแน่น กระชับลึกถึงชั้นผิว พลังงานสูงแต่เจ็บน้อย (𝐋𝐨𝐰 𝐏𝐚𝐢𝐧)

• 📐 𝐏𝐫𝐨𝐠𝐫𝐚𝐦 𝐔𝐥𝐭𝐫𝐚𝐟𝐨𝐫𝐦𝐞𝐫 𝐈𝐈𝐈 (𝟑𝟎𝟎 𝐒𝐡𝐨𝐭𝐬): เก็บกรอบหน้าชัด เน้น 𝐕-𝐒𝐡𝐚𝐩𝐞 ยกแก้มที่หย่อนให้เด้งคืนทรง

• 🔥 รวมทั้งหมด 𝟔𝟎𝟎 𝐒𝐡𝐨𝐭𝐬 จุกๆ!

🎁 𝐃𝐨𝐮𝐛𝐥𝐞 𝐁𝐨𝐧𝐮𝐬!
สิทธิ์แลกซื้อ 𝐏𝐫𝐨𝐠𝐫𝐚𝐦 𝐁𝐨𝐭𝐨𝐱 เกาหลี 𝟓𝟎𝐮 เพิ่มเติมในราคาเพียง 𝟐,𝟎𝟎𝟎.-
(เอาให้เป๊ะให้สุดในรอบเดียว!)

📍 พิกัดความสวย: เฉพาะสาขา 1 (ปั๊ม ปตท. ข้างเดอะมอลล์โคราช)
⚠️ ผลลัพธ์ขึ้นอยู่กับแต่ละบุคคล
👇 สนใจจองคิว / ปรึกษาคุณหมอ ทักแชทเลย!

.
.
ช่องทางติดต่อสอบถาม แอดมิน+ ปรึกษาแพทย์
𝐋𝐢𝐧𝐞 𝐎𝐀 เป็นช่องทางหลัก
สาขา 𝗞𝗼𝗿𝗮𝘁 : @1stkvk 
.
🔹 สาขา 𝗞𝗼𝗿𝗮𝘁 : โคราช (Head Qaurters)
สาขา3 : ติดโรงเรียน ปลูกปัญญา เส้นสุระ 2 
สาขา1 : ในปั้มปตท. ข้างเดอะมอลล์โคราช
📞 06 1956 5444

-——————
#KVKClinic #DrKoong #DrJade 
#ยกมาตรฐานจริงใจล้ำสมัย 
#KVKFutureLifting ProgramXTherma ProgramUltraformerIII
โปรแกรมยกกระชับ",,0,04/07/2026 0:57,N/A,https://www.facebook.com/KVKClinic/posts/pfbid0JbaMRvcUdfxt1iByChRkXDgvR3XDQ4GXVGPKmgZ8BcZDY6HjNHrBqesw96HSvwunl,0,0,รูปภาพ,,,,,อายุการใช้งาน,3086,1923,10,8,0,2,11,8,,3,,,,,,
1258103016407965,1.00066E+14,Kornvikkaclinic,"🎉 Birthday Special หมอเจด 🎉
โปรพิเศษเฉพาะคนเห็นโพสต์นี้เท่านั้น!
.
วันนี้คือโอกาส ✨
อยากสวย แต่ยังไม่เคยได้ราคานี้
ดูแลเคสต่อเคส ออกแบบให้เข้ากับใบหน้า
🔥โปรมีจำนวนจำกัด
🔥จองสิทธิ์ภายในวันนี้เท่านั้น

*ผลลัพธ์ขึ้นอยู่กับแต่ละบุคคล*",,0,04/07/2026 20:00,N/A,https://www.facebook.com/KVKClinic/posts/pfbid02n7MRW5uAYEN4FFQhCM6p5LTVg9NXJ9ojoWCC69g72zMSr8zvGA8uB1K5kgcmGTF7l,0,0,รูปภาพ,,,,,อายุการใช้งาน,3719,2225,38,32,4,2,50,33,,17,,,,,,
1258839226334344,1.00066E+14,Kornvikkaclinic,"🤔ลืมความรู้สึกเดิมๆ ไปได้เลย! โปรแกรม 𝐎𝐥𝐢𝐠𝐢𝐨𝐗 𝐯𝐬  โปรแกรม 𝐎𝐥𝐢𝐠𝐢𝐨 ต่างกันยังไง?

.
ถ้าจะอัปเกรดทั้งที ต้องเลือกตัวท็อปไปเลย! วันนี้พามาส่องความต่างระหว่างรุ่นยอดฮิตกับ ""𝐓𝐡𝐞 𝐍𝐞𝐰 𝐎𝐧𝐞"" อย่างโปรแกรม 𝐎𝐥𝐢𝐠𝐢𝐨𝐗 ที่บอกเลยว่าไม่ได้มาเล่นๆ

🔥 พลังแรงกว่า: เหมือนได้เครื่องยนต์ใหม่ 𝟒𝟎𝟎𝐖 ส่งพลังแม่นเป๊ะแบบไม่มีแผ่ว

🌀 โหมดคู่กู้ผิว: รุ่นเดิมมีโหมดเดียว แต่รุ่น 𝐗 จัดมาให้ 𝟐 )𝐆 𝐌𝐨𝐝𝐞 + 𝐗 𝐌𝐨𝐝𝐞) ดูแลทั้งงานผิวละเอียดและงานยกข้างใน จบในครั้งเดียว!

❄️ เย็นเจี๊ยบ 𝟐.𝟐𝟓 เท่า: ปล่อยความเย็นรัวๆ 𝟏𝟏 ลูก! (รุ่นเดิม 𝟒 ลูก) เย็นสบายจนเกือบหลับ ไม่ต้องจิกมือรอ

⏳ สวยยาวๆ: ผลลัพธ์อยู่ได้นานขึ้นเกือบปี 𝟖-𝟏𝟐 เดือนไปเลยจ้า (รุ่นเดิม 𝟔-𝟖 เดือน)

ใครสายขี้เกียจไปหาหมอบ่อยๆ แต่อยากสวยนาน จัดโปรแกรม 𝐎𝐥𝐢𝐠𝐢𝐨𝐗 คือจบ! ✨

สนใจจองคิวหรือปรึกษา ทัก 𝐈𝐧𝐛𝐨𝐱 ได้เลยค่ะ!💌
.
.
.
ช่องทางติดต่อสอบถาม แอดมิน+ ปรึกษาแพทย์
𝐋𝐢𝐧𝐞 𝐎𝐀 เป็นช่องทางหลัก
สาขา 𝗞𝗼𝗿𝗮𝘁 : @1stkvk 
สาขา 𝗦𝗶𝗮𝗺  : @kvksiam
.
🔹 สาขา 𝗞𝗼𝗿𝗮𝘁 : โคราช (Head Qaurters)
สาขา3 : ติดโรงเรียน ปลูกปัญญา เส้นสุระ 2 
สาขา1 : ในปั้มปตท. ข้างเดอะมอลล์โคราช
📞 06 1956 5444
.
🔹 สาขา 𝗦𝗶𝗮𝗺 : KVK Siam Clinic
Centerpoint Siam Square ชั้น 2
📞 09 5791 5444
………………………………………………
#KVKClinic #DrKoong #DrJade 
#ยกมาตรฐานจริงใจล้ำสมัย 
#OligioX #Oligio #เปรียบเทียบความสวย #ยกกระชับหน้า #โปรโมชั่นคลินิก",,0,04/07/2026 21:06,N/A,https://www.facebook.com/KVKClinic/posts/pfbid02uH1LTSRPuwtuBD2psLsG9MLnaerY77dBLnSUTHigyAirYPbhe2EDsFYRS9tJRowzl,0,0,รูปภาพ,,,,,อายุการใช้งาน,3710,2019,6,5,0,1,16,3,,13,,,,,,
1259575846260682,1.00066E+14,Kornvikkaclinic,"🌟 𝐏𝐑𝐈𝐌𝐄 𝐎𝐍𝐄 𝐏𝐑𝐈𝐂𝐄 ดีลสุดคุ้มที่ทุกคนรอคอย
จ่ายเพียง 𝟓𝟗,𝟎𝟎𝟎.- บาท ก็ได้จับคู่เครื่องนวัตกรรมระดับพรีเมียม!
ชอบแบบไหน เลือกได้เลย 💖

.
🔍 เลือกคู่ที่ใช่... ให้ผลลัพธ์ที่ชอบ
ชอบผลลัพธ์แบบไหน เลือกคู่ที่ตอบโจทย์ได้เลย:

🔹ยก+ผิวสวย+กระชับ : 𝐏𝐫𝐨𝐠𝐫𝐚𝐦 𝐔𝐥𝐭𝐡𝐞𝐫𝐚 𝐏𝐫𝐢𝐦𝐞 (𝟓𝟎𝟎 𝐥𝐢𝐧𝐞) + 𝐏𝐫𝐨𝐠𝐫𝐚𝐦 𝐕𝐨𝐥𝐧𝐞𝐰𝐦𝐞𝐫 (𝟑𝟎𝟎 𝐬𝐡𝐨𝐭)

🔹ยก+หด+ยุบ+นาน : 𝐏𝐫𝐨𝐠𝐫𝐚𝐦 𝐔𝐥𝐭𝐡𝐞𝐫𝐚 𝐏𝐫𝐢𝐦𝐞 (𝟓𝟎𝟎 𝐥𝐢𝐧𝐞) + 𝐏𝐫𝐨𝐠𝐫𝐚𝐦 𝐃𝐞𝐧𝐬𝐢𝐭𝐲 (𝟑𝟎𝟎 𝐬𝐡𝐨𝐭)

🔹ยก+กระชับแน่น+ฟู : 𝐏𝐫𝐨𝐠𝐫𝐚𝐦 𝐔𝐥𝐭𝐡𝐞𝐫𝐚 𝐏𝐫𝐢𝐦𝐞 (𝟓𝟎𝟎 𝐥𝐢𝐧𝐞) + 𝐏𝐫𝐨𝐠𝐫𝐚𝐦 𝐗𝐞𝐫𝐟 (𝟑𝟎𝟎 𝐬𝐡𝐨𝐭)

🔹ยก+ผิวสวย+กระชับ : 𝐏𝐫𝐨𝐠𝐫𝐚𝐦 𝐔𝐥𝐭𝐡𝐞𝐫𝐚 𝐏𝐫𝐢𝐦𝐞 (𝟓𝟎𝟎 𝐥𝐢𝐧𝐞) + 𝐏𝐫𝐨𝐠𝐫𝐚𝐦 𝐎𝐥𝐢𝐠𝐢𝐨𝐗 (𝟓𝟎𝟎 𝐬𝐡𝐨𝐭)

.
💬 สนใจจับคู่ไหน หรืออยากปรึกษาเพิ่มเติม
ทักแชทสอบถามรายละเอียดได้เลยค่ะ
.
.
.
ช่องทางติดต่อสอบถาม แอดมิน+ ปรึกษาแพทย์
𝐋𝐢𝐧𝐞 𝐎𝐀 เป็นช่องทางหลัก
สาขา 𝗞𝗼𝗿𝗮𝘁 : @1stkvk 
สาขา 𝗦𝗶𝗮𝗺  : @kvksiam
.
🔹 สาขา 𝗞𝗼𝗿𝗮𝘁 : โคราช (Head Qaurters)
สาขา3 : ติดโรงเรียน ปลูกปัญญา เส้นสุระ 2 
สาขา1 : ในปั้มปตท. ข้างเดอะมอลล์โคราช
📞 06 1956 5444
.
🔹 สาขา 𝗦𝗶𝗮𝗺 : KVK Siam Clinic
Centerpoint Siam Square ชั้น 2
📞 09 5791 5444
………………………………………………
#KVKClinic #DrKoong #DrJade 
#ยกมาตรฐานจริงใจล้ำสมัย 
#PrimeOnePriceKVK #โปรโมชั่นสุดคุ้ม #ยกกระชับหน้า",,0,04/08/2026 21:21,N/A,https://www.facebook.com/KVKClinic/posts/pfbid0Yo27n3KAYBV7EtsZ5ZzYyd1NaPXxCgJyTEWnKZ2qyn3asfbtBoP2wKfe3SxPbRSjl,0,0,รูปภาพ,,,,,อายุการใช้งาน,3471,1977,6,4,0,2,42,1,,41,,,,,,
1259734196244847,1.00066E+14,Kornvikkaclinic,"โปรแรงยืนหนึ่ง! 𝐏𝐫𝐨𝐠𝐫𝐚𝐦 𝐔𝐥𝐭𝐡𝐞𝐫𝐚𝐩𝐲 𝐒𝐏𝐓 𝐱 𝐏𝐫𝐨𝐠𝐫𝐚𝐦 𝐎𝐥𝐢𝐠𝐢𝐨 ผิวยก 𝐱𝟐 ในราคาที่ต้องรีบจอง! 🔥
.
ทำไมต้องเลือกโปรนี้? เพราะเราจับคู่ ""ตัวท็อป"" เรื่องงานยกกระชับมาไว้ด้วยกัน
.
🤔ทำโปรแกรม 𝐔𝐥𝐭𝐡𝐞𝐫𝐚𝐩𝐲 ที่ไหนก็ได้...แต่ทำไมต้องที่ 𝐊𝐕𝐊 𝐂𝐥𝐢𝐧𝐢𝐜?

1️⃣ 𝐑𝐞𝐚𝐥-𝐭𝐢𝐦𝐞 𝐕𝐢𝐬𝐮𝐚𝐥𝐢𝐳𝐚𝐭𝐢𝐨𝐧: แพทย์ของเราใช้เทคนิค 𝐒𝐏𝐓 ที่เน้นการดูหน้าจอขณะทำ 𝟏𝟎𝟎% เพื่อวางพลังงานให้ตรงจุดที่ผิวหย่อนคล้อยที่สุด ไม่ใช่แค่ยิงตามจำนวนไลน์

2️⃣ 𝐃𝐨𝐮𝐛𝐥𝐞 𝐒𝐲𝐧𝐞𝐫𝐠𝐲: เราผสานพลัง 𝐔𝐥𝐭𝐡𝐞𝐫𝐚𝐩𝐲 และ 𝐎𝐥𝐢𝐠𝐢𝐨 เพื่อการยกกระชับที่ครบทุกมิติ ทั้งชั้นลึกและชั้นตื้น

3️⃣ 𝐄𝐱𝐩𝐞𝐫𝐢𝐞𝐧𝐜𝐞 𝐌𝐚𝐭𝐭𝐞𝐫𝐬: มั่นใจในฝีมือทีมแพทย์ โดยเฉพาะเคส 𝐒𝐢𝐠𝐧𝐚𝐭𝐮𝐫𝐞 @𝐊𝐨𝐫𝐚𝐭 และ @𝐒𝐢𝐚𝐦 ที่เน้นงานละเอียด ดีไซน์รูปหน้าให้ดูธรรมชาติที่สุด

 4️⃣ เทคนิคเฉพาะ “𝐊𝐕𝐊 𝐏𝐫𝐞𝐜𝐢𝐬𝐢𝐨𝐧 𝐃𝐞𝐬𝐢𝐠𝐧“ : ที่ 𝐊𝐕𝐊𝐂𝐥𝐢𝐧𝐢𝐜 เราไม่ได้แค่กดปุ่มยิง แต่ทีมแพทย์เราใช้เทคนิค 𝐂𝐮𝐬𝐭𝐨𝐦𝐢𝐳𝐞𝐝 𝐌𝐚𝐩𝐩𝐢𝐧𝐠 วิเคราะห์โครงสร้างหน้าและชั้นผิวได้ตรงจุดที่สุด

5️⃣ การันตีด้วยรางวัลคุณภาพ: มั่นใจในมาตรฐานระดับสากล ด้วยรางวัลการันตีจาก 𝐌𝐞𝐫𝐳 𝐀𝐞𝐬𝐭𝐡𝐞𝐭𝐢𝐜𝐬 (ผู้ผลิต 𝐏𝐫𝐨𝐠𝐫𝐚𝐦 𝐔𝐥𝐭𝐡𝐞𝐫𝐚𝐩𝐲) อย่างต่อเนื่อง ไม่ว่าจะเป็นรางวัลยอดใช้งานสูงสุด หรือความเชี่ยวชาญด้านการปรับรูปหน้า ซึ่งเป็นเครื่องยืนยันว่า 𝐊𝐕𝐊𝐂𝐢𝐧𝐢𝐜 คือตัวจริงเรื่องงานยกกระชับ
.
🔥 โปรโมชั่นพิเศษ จำนวนจำกัด: (สาขาโคราช เพิ่มเพียง 𝟐,𝟎𝟎𝟎.- เมื่อทำกับ 𝐃𝐫. 𝐊𝐨𝐨𝐧𝐠)

𝐏𝐫𝐨𝐠𝐫𝐚𝐦 𝐔𝐥𝐭𝐡𝐞𝐫𝐚𝐩𝐲 𝐒𝐏𝐓 
• 𝟑𝟎𝟎 𝐋𝐢𝐧𝐞 | ราคา 𝟐𝟗,𝟗𝟎𝟎.-  

• 𝐏𝐫𝐨𝐠𝐫𝐚𝐦 𝐔𝐥𝐭𝐡𝐞𝐫𝐚𝐩𝐲 𝐒𝐏𝐓 𝟒𝟎𝟎 𝐋𝐢𝐧𝐞 + 𝐏𝐫𝐨𝐠𝐫𝐚𝐦 𝐎𝐥𝐢𝐠𝐢𝐨 𝟐𝟎𝟎 𝐒𝐡𝐨𝐭𝐬 | 𝟑𝟓,𝟗𝟎𝟎.- (𝐁𝐮𝐲 𝟏 𝐆𝐞𝐭 𝟏 𝐅𝐫𝐞𝐞!)

• 𝐏𝐫𝐨𝐠𝐫𝐚𝐦 𝐔𝐥𝐭𝐡𝐞𝐫𝐚𝐩𝐲 𝐒𝐏𝐓 𝟔𝟎𝟎 𝐋𝐢𝐧𝐞 + 𝐏𝐫𝐨𝐠𝐫𝐚𝐦 𝐎𝐥𝐢𝐠𝐢𝐨 𝟑𝟎𝟎 𝐒𝐡𝐨𝐭𝐬 | 𝟒𝟗,𝟗𝟎𝟎.- (𝐁𝐮𝐲 𝟏 𝐆𝐞𝐭 𝟏 𝐅𝐫𝐞𝐞!)
.
.
.
ช่องทางติดต่อสอบถาม แอดมิน+ ปรึกษาแพทย์
𝐋𝐢𝐧𝐞 𝐎𝐀 เป็นช่องทางหลัก
สาขา 𝗞𝗼𝗿𝗮𝘁 : @1stkvk 
สาขา 𝗦𝗶𝗮𝗺  : @kvksiam
.
🔹 สาขา 𝗞𝗼𝗿𝗮𝘁 : โคราช (Head Qaurters)
สาขา3 : ติดโรงเรียน ปลูกปัญญา เส้นสุระ 2 
สาขา1 : ในปั้มปตท. ข้างเดอะมอลล์โคราช
📞 06 1956 5444
.
🔹 สาขา 𝗦𝗶𝗮𝗺 : KVK Siam Clinic
Centerpoint Siam Square ชั้น 2
📞 09 5791 5444

.
🌐𝐖𝐞𝐛𝐬𝐢𝐭𝐞 : https://kvkclinic.com
📺𝐘𝐨𝐮𝐭𝐮𝐛𝐞 : https://youtube.com/@kornvikkaclinic1234?si=PwiLo4SaaXs9J2DS

………………………………………………
#KVKClinic #DrKoong #DrJade 
#ยกมาตรฐานจริงใจล้ำสมัย 
#UltheraSPT #Ultherapy
#ยกกระชับต้องที่นี่",,0,04/09/2026 2:53,N/A,https://www.facebook.com/KVKClinic/posts/pfbid02WM3cfMFzEFKR9Qq1HdZrzipq7PZwRZkXsQo2HgsWy73smQ8fYS2QFpiUeG8WsRqfl,0,0,รูปภาพ,,,,,อายุการใช้งาน,3345,1959,5,5,0,0,12,10,1,1,,,,,,
1259832739568326,1.00066E+14,Kornvikkaclinic,"👑สวยสง่าในแบบที่เป็นคุณ... ให้ทุกมุมมองคือความมั่นใจ
เพราะอายุเป็นเพียงตัวเลข แต่ความมั่นใจคือเรื่องสำคัญ! 

.
𝐏𝐫𝐨𝐠𝐫𝐚𝐦 𝐅𝐚𝐜𝐞 𝐂𝐨𝐧𝐭𝐨𝐮𝐫𝐢𝐧𝐠 ที่ 𝐊𝐕𝐊 𝐂𝐥𝐢𝐧𝐢𝐜 ไม่ใช่แค่การปรับรูปหน้า แต่คือการดึงความสดใสและคืนความอ่อนเยาว์ให้กลับมามีชีวิตชีวาอีกครั้ง
.
✅ทำไมต้องเลือกโปรแกรมนี้?

• ไม่ต้องพักฟื้นนาน: ใช้ชีวิตต่อได้ทันทีหลังทำ ตอบโจทย์ไลฟ์สไตล์ที่เร่งรีบ

• ประเมินโดยละเอียด: เราไม่เชื่อเรื่องการทำสูตรสำเร็จ แต่เราดีไซน์ตามโครงสร้างกล้ามเนื้อและกระดูกของแต่ละบุคคล

• การติดตามผล: เราดูแลอย่างต่อเนื่องเพื่อให้มั่นใจว่าผลลัพธ์ที่ได้จะอยู่ตัวและสวยงามยาวนาน

.
🧬ความละเอียดที่เรามอบให้ในทุกเคส:

𝟏. 𝐀𝐧𝐚𝐥𝐲𝐬𝐢𝐬: วิเคราะห์สัดส่วนใบหน้าแบบ 3 มิติ เพื่อหาจุดที่ควรเติมและจุดที่ควรปรับ
𝟐. 𝐓𝐞𝐜𝐡𝐧𝐢𝐪𝐮𝐞: ใช้เทคนิคเฉพาะในการกระจายตัวของสารเติมเต็ม เพื่อไม่ให้เป็นก้อนและดูเป็นธรรมชาติที่สุดเวลาขยับหน้าหรือยิ้ม
𝟑. 𝐒𝐚𝐟𝐞𝐭𝐲 𝐅𝐢𝐫𝐬𝐭: มั่นใจด้วยผลิตภัณฑ์มาตรฐานสากล ตรวจสอบได้ทุกชิ้น และทำหัตถการในสภาพแวดล้อมที่สะอาด ปลอดภัย

.
✨ สัมผัสประสบการณ์การเปลี่ยนแปลงที่น่าประทับใจได้แล้ววันนี้ ที่ 𝐊𝐕𝐊 𝐂𝐥𝐢𝐧𝐢𝐜 
.
.
.
ช่องทางติดต่อสอบถาม แอดมิน+ ปรึกษาแพทย์
𝐋𝐢𝐧𝐞 𝐎𝐀 เป็นช่องทางหลัก
สาขา 𝗞𝗼𝗿𝗮𝘁 : @1stkvk 
สาขา 𝗦𝗶𝗮𝗺  : @kvksiam
.
🔹 สาขา 𝗞𝗼𝗿𝗮𝘁 : โคราช (Head Qaurters)
สาขา3 : ติดโรงเรียน ปลูกปัญญา เส้นสุระ 2 
สาขา1 : ในปั้มปตท. ข้างเดอะมอลล์โคราช
📞 06 1956 5444
.
🔹 สาขา 𝗦𝗶𝗮𝗺 : KVK Siam Clinic
Centerpoint Siam Square ชั้น 2
📞 09 5791 5444

.
🌐𝐖𝐞𝐛𝐬𝐢𝐭𝐞 : https://kvkclinic.com
📺𝐘𝐨𝐮𝐭𝐮𝐛𝐞 : https://youtube.com/@kornvikkaclinic1234?si=PwiLo4SaaXs9J2DS
……………………………………………
#KVKClinic #DrKoong #DrJade 
#ยกมาตรฐานจริงใจล้ำสมัย
#FaceContouringProgram",,0,04/09/2026 5:49,N/A,https://www.facebook.com/KVKClinic/posts/pfbid0EuxgfWMJjvC34LFcdFMCSAPUGA82R4EXiNZNfRdfUypTfi1HgjVzZRBdN1dMxKyZl,0,0,รูปภาพ,,,,,อายุการใช้งาน,3378,2027,7,7,0,0,16,,1,15,,,,,,
