"ID โพสต์","ID บัญชี",ชื่อผู้ใช้ของบัญชี,ชื่อบัญชี,คำอธิบาย,"ระยะเวลา (วินาที)",เวลาที่เผยแพร่,ลิงก์ถาวร,ประเภทโพสต์,ความคิดเห็นเกี่ยวกับข้อมูล,วันที่,ยอดดู,การเข้าถึง,การกดถูกใจ,แชร์,การติดตาม,ความคิดเห็น,การบันทึก
18031920122792835,17841401688105385,kvkclinic,KVKClinic,"เมื่อก่อนใส่อะไรก็ไม่เต็มทรง
ตอนนี้ใส่อะไรก็มั่นใจขึ้นทันที 👗✨
.
ก่อนทำคนไข้มีหน้าอกค่อนข้างน้อย 
ทำให้เวลาใส่เสื้อผ้าดูไม่เต็มทรง
และเวลาแต่งตัวดูไม่ค่อยมั่นใจ
เคสนี้แก้ไขด้วยโปรแกรมเสริมหน้าอกขนาด 255 cc 
โดยเน้นไซซ์ที่พอดีตัวไม่ใหญ่เกินไป เพื่อให้เข้ากับสรีระ
หลังทำ 1 ปีหน้าอกดูมีทรงมากขึ้นอย่างชัดเจน 
เพิ่มความมีน้ำมีนวลให้กับรูปร่าง ใส่เสื้อผ้าแล้วดูเต็มขึ้น 
และที่สำคัญคือความมั่นใจที่กลับมาในทุกลุค
.
ผ่าตัดเสริมหน้าอกที่ KVK Clinic
✅ ดูแลโดยแพทย์มากประสบการณ์
✅ ปรึกษากับคุณหมอก่อนเข้าห้องผ่าตัดทุกเคส
✅ ออกแบบข้างต่อข้างให้เข้ากับแต่ละบุคคล แบบเคสต่อเคส
✅ ติดตามผลและดูแลหลังผ่าตัดอย่างต่อเนื่อง",0,"03/25/2026 00:00",https://www.instagram.com/p/DWTFteajeY6/,"รูปภาพ IG",,อายุการใช้งาน,365,217,1,0,0,0,0
18124119817600047,17841401688105385,kvkclinic,KVKClinic,"👑 Elevating Beauty Standards: 14 Years and Stronger Than Ever.
ฉลองครบรอบ 14 ปีสุดยิ่งใหญ่! 

ขอบคุณความไว้วางใจตลอด 14 ปีที่ผ่านมาที่ทำให้เราเติบโตมาอย่างงดงาม ในวาระพิเศษนี้ KVKClinic ขอมอบของขวัญสุดล้ำค่าด้วยการ Unlock Your Timeless Beauty

ก้าวกระโดดครั้งสำคัญสู่ความงามที่ยั่งยืนด้วยการเปิดตัวสุดยอดนวัตกรรม ’5 Ultimate Lifting Machines‘ ถึง 5 เครื่องพร้อมกัน!
นี่คือปรากฏการณ์ความงามระดับเวิลด์คลาสที่คัดสรรมาเพื่อเปลี่ยนคุณให้เป็นเวอร์ชันที่สมบูรณ์แบบที่สุด

KVKClinic ไม่เคยหยุดพัฒนา พร้อมก้าวไปข้างหน้าเพื่อสิ่งที่ดีที่สุดสำหรับผู้ใช้บริการ และเตรียมพบกับการเติบโตที่ดียิ่งขึ้นไปอีก... รอติดตามความพิเศษได้เลยค่ะ!🫶🧡

……………………………………
#KVKClinic #DrKoong #DrJade
#ยกมาตรฐานจริงใจล้ำสมัย
#14thAnniversaryKVK",73,"03/25/2026 20:13",https://www.instagram.com/reel/DWVQa2TCH_Y/,"คลิป Reels บน IG",,อายุการใช้งาน,416,329,6,0,0,0,0
18206939176334853,17841401688105385,kvkclinic,KVKClinic,"KVK Clinic reporting from Wave Global 2026 at COEX, Seoul! 🇰🇷 #GlobalwithOGX

.
ทริปนี้ คุณหมอกุ้ง (พญ.กรวิกกา พัฒนะปราน ว38020) แพทย์จาก KVKClinic 👩🏻‍⚕️บินลัดฟ้ามาร่วมงานในฐานะThailand Speaker  และ  Medical Representative จากไทย
เพื่ออัปเดตนวัตกรรมและทิศทางใหม่ๆ ของวงการความงามระดับโลก 

.
ภายในงานมีการเปิดตัวภาพลักษณ์ใหม่ (New CI) และแคมเปญร่วมกับ Global Ambassador คุณวอนจีอัน (Won Ji-an) สุดจะ Exclusive 🫶

.
พร้อมทั้งเป็นโอกาสอันดีในการแลกเปลี่ยนความรู้ด้านนวัตกรรมร่วมกับบุคลากรทางการแพทย์และพันธมิตรกว่า 250 ท่าน จาก 10 ประเทศทั่วโลก

.
เพื่อนำความรู้และประสบการณ์ระดับสากล มาปรับใช้ในการดูแลผู้เข้ารับบริการที่ KVK Clinic อย่างเหมาะสมและทันสมัยสม่ำเสมอค่ะ และมีเทคนิคที่ได้ผลลัพธ์ที่ดีที่สุด ที่นี่ ก่อนใครค่า 
……………………………………
#KVKClinic #DrKoong #DrJade
#ยกมาตรฐานจริงใจล้ำสมัย
WonTechAsia WaveGlobal2026
GlobalStandard Oligio OligioX AestheticUpdate WonTech WISEExperience ProfessionalDevelopmen",0,"03/26/2026 18:38",https://www.instagram.com/p/DWXqZSyGTNh/,"ภาพสไลด์บน IG",,อายุการใช้งาน,826,336,18,0,1,0,1
18109238101769414,17841401688105385,kvkclinic,KVKClinic,"แก้มตก ร่องชัด หน้าเริ่มดูมีอายุ
ยกใหม่ให้ตึง กรอบหน้าคมขึ้นทันที
.
คนไข้มีปัญหาผิวหน้าหย่อนคล้อยตามวัย 
โดยเฉพาะช่วงแก้มและกรอบหน้า 
มีความตกของเนื้อบริเวณแก้ม ทำให้เกิดร่องแก้มชัดขึ้น 
เคสนี้แก้ไขด้วยโปรแกรมดึงหน้า
ด้วยการตัดผิวหนังส่วนเกินที่หย่อนคล้อยออกแล้ว
เก็บยกผิวหนังทั้งสองชั้น
หลังทำใบหน้าดูยกขึ้นอย่างชัดเจน 
แก้มที่เคยตกดูยกกระชับขึ้น ร่องแก้มดูตื้นลง 
กรอบหน้าคมชัดขึ้น ผิวดูแน่นและเรียบเนียนขึ้น 
และทำให้ใบหน้าดูสดใส
.
ผ่าตัดดึงหน้าที่ KVK Clinic
✅ ดูแลโดยแพทย์มากประสบการณ์
✅ ปรึกษากับคุณหมอก่อนเข้าห้องผ่าตัดทุกเคส
✅ ออกแบบให้เข้ากับแต่ละบุคคล แบบเคสต่อเคส
✅ ติดตามผลและดูแลหลังผ่าตัดอย่างต่อเนื่อง",0,"03/26/2026 20:10",https://www.instagram.com/p/DWX05QyiYdT/,"รูปภาพ IG",,อายุการใช้งาน,498,270,0,0,0,0,0
17970035892060908,17841401688105385,kvkclinic,KVKClinic,"14 Years of Expertise. 5 New Innovations. 1 Destination. 💎
14 ปีแห่งความไว้วางใจ... สู่ก้าวที่เหนือระดับกว่าที่เคย 

KVKClinic ฉลองครบรอบ 14 ปี จัดเต็มความสวยแบบ Full Option เปิดตัว 5 นวัตกรรมยกกระชับระดับ World Class ที่คัดมาเพื่อผลลัพธ์ที่ดีที่สุดสำหรับคุณ

ไม่ว่าจะเป็นงานผิว งานเหนียง หรือยกหน้าให้เป๊ะ เรามีคำตอบให้ครบในที่เดียว!
✅ Program Optimus Max
✅ Program Titanium Lifting
✅ Program Xtherma
✅ Program Volnewmer

เพราะความสวยของคุณ คือความภูมิใจของเราตลอด 14 ปีที่ผ่านมา
📍 สัมผัสประสบการณ์ยกกระชับระดับพรีเมียมได้แล้ววันนี้ที่ KVKClinic 
……………………………………
#KVKClinic #DrKoong #DrJade
#ยกมาตรฐานจริงใจล้ำสมัย
#14thAnniversaryKVK",67,"03/26/2026 22:58",https://www.instagram.com/reel/DWYIB2yCHLu/,"คลิป Reels บน IG",,อายุการใช้งาน,445,350,4,0,0,0,0
17929434939249314,17841401688105385,kvkclinic,KVKClinic,"💎✨All Together Right Here! 
ไม่ต้องเลือก...เพราะเราคัดมาให้ครบ! 

.
รวมที่สุดของนวัตกรรม 4 โปรแกรมยกกระชับ พร้อมโปรแกรมเลเซอร์ตัวท็อป เครื่องที่ 2 KVK@Siam 

🏆 THE ELITE SELECTION

• Program Titanium Lifting 
• Program Xtherma
• Program OptimusMax
• Program Volnewmer 
• Program Picosurepro เครื่องที่ 2 KVK@Siam

 🧬สัมผัสความอลังการของเทคโนโลยีความงามได้แล้ววันนี้ที่ KVK Clinic 
📍 พบกันที่ KVK Clinic & KVK @Siam
🗓 วันที่ 4 เมษายนนี้

…………………………………….
#KVKClinic #DrKoong #DrJade
#14thAnniversaryKVK
#KVKFutureLifting สวยคุ้มที่KVK",0,"03/28/2026 01:28",https://www.instagram.com/p/DWa-E9niOX_/,"รูปภาพ IG",,อายุการใช้งาน,601,324,1,0,0,0,0
17931340209211370,17841401688105385,kvkclinic,KVKClinic,"🥳 14 ปีมีครั้งเดียว! KVK จัดหนักแจกจริง! 😍
ขอขอบคุณทุกความไว้วางใจตลอด 14 ปีที่ผ่านมา 😊 วันนี้เรากลับมาพร้อมกับเซอร์ไพรส์จัดเต็ม! 

เพียงแค่คุณมาร่วมงาน ก็เตรียมรับสิทธิพิเศษและของรางวัลมากมายที่เราขนมาแจกแบบไม่อั้น! 🎁✨

อย่าลืมมาร่วมฉลองและรับสิทธิพิเศษสุดคุ้มก่อนใคร!

👇👇👇 ติดต่อสอบถามรายละเอียดงานได้ที่นี่น้าา

.
.
.
ช่องทางติดต่อสอบถาม แอดมิน+ ปรึกษาแพทย์
𝐋𝐢𝐧𝐞 𝐎𝐀 เป็นช่องทางหลัก
สาขา 𝗞𝗼𝗿𝗮𝘁 : @1stkvk 
สาขา 𝗦𝗶𝗮𝗺 : @kvksiam
.
🔹 สาขา 𝗞𝗼𝗿𝗮𝘁 : โคราช (Head Qaurters)
สาขา3 : ติดโรงเรียน ปลูกปัญญา เส้นสุระ 2 
สาขา1 : ในปั้มปตท. ข้างเดอะมอลล์โคราช
📞 06 1956 5444
.
🔹 สาขา 𝗦𝗶𝗮𝗺 : KVK@Siam Clinic
Centerpoint Siam Square ชั้น 2
📞 09 5791 5444
………………………………………………
#KVKClinic #DrKoong #DrJade
#ยกมาตรฐานจริงใจล้ำสมัย 
#14thAnniversaryKVK
KVKFutureLifting สวยคุ้มที่KVK",95,"03/28/2026 23:11",https://www.instagram.com/reel/DWdTF_9CDyj/,"คลิป Reels บน IG",,อายุการใช้งาน,453,359,9,0,0,0,1
17867922480599588,17841401688105385,kvkclinic,KVKClinic,"🔥📣 4 วันเท่านั้น! วงล้อยักษ์ KVK เปิดศึกแจกของรางวัลสุดพรีเมียม! 📣🔥

อย่าให้โอกาสหลุดมือ! ฉลองครบรอบ 14 ปี KVK Clinic! ปีนี้จัดหนัก จัดเต็ม แจกจุกๆ! 🤩
🎡 ใครๆ ก็มีสิทธิ์ได้รางวัลใหญ่!

✅ แจก!! PROGRAM XERF - หน้าเป๊ะ ผิวปัง!
✅ แจก!! PROGRAM ULTHERAPY PRIME - ยกกระชับขั้นสุด!
✅ แจก!! PROGRAM OGX - ผิวเด็กเด้งใส!

แจกจริง! หมุนปุ๊บ ลุ้นปั๊บ!
และอีกกว่า 1,000 รางวัลที่รอคุณอยู่!
🗓️ วันที่ 1 - 4 เมษายน นี้เท่านั้น! จำไว้ให้แม่น!
🏃‍♀️💨 ช้าหมดอดหมุนนะจ๊ะ! รีบมาฉลองกับเราก่อนใคร!
📍 แล้วเจอกันที่ KVK Clinic!

………………………………………………
#KVKClinic #DrKoong #DrJade
#ยกมาตรฐานจริงใจล้ำสมัย 
#14thAnniversaryKVK",25,"03/29/2026 04:30",https://www.instagram.com/reel/DWd3tuRTus1/,"คลิป Reels บน IG",,อายุการใช้งาน,556,439,5,2,0,0,0
18227764099308941,17841401688105385,kvkclinic,KVKClinic,"KVK 14th Anniversary 🎉 งานนี้มีแต่คำว่า ”แจก“
ฉลองครบรอบ 14 ปี KVKClinic งานนี้ไม่ได้มาเล่นๆ เพราะเราเตรียมของขวัญเซอร์ไพรส์ไว้รอแจกแบบไม่อั้น! 🎁✨

📍 ปักหมุด 1 - 4 เมษายนนี้เท่านั้น (ย้ำ! แค่ 4 วัน!)
พลาดรอบนี้... บอกเลยว่าเสียดายยันปีหน้า! ใครช้าคิวเต็มอย่าหาว่าหมอไม่เตือนนะจ๊ะ! 🏃‍♀️💨

แล้ว ”พบกัน“ ที่ KVKClinic นะคะ👋
—————
#KVKClinic #DrKoong #DrJade
#ยกมาตรฐานจริงใจล้ำสมัย
#14thAnniversaryKVK
KVKFutureLifting
Thefutureoflifting
KVKBigSurprise",53,"03/30/2026 04:13",https://www.instagram.com/reel/DWgae3MCF3s/,"คลิป Reels บน IG",,อายุการใช้งาน,388,294,6,0,2,0,0
17948748894129413,17841401688105385,kvkclinic,KVKClinic,"หยุดยิงแบบเดิมๆ ถ้ายังไม่รู้สิ่งนี้! 🛑

หลายคนมักถามหมอว่า “ยิงแบบไหนดีที่สุด?” หรือ “เทคนิคไหนที่ให้ผลลัพธ์ปังที่สุด?” ความจริงแล้วคำตอบอาจจะไม่ได้มีแค่สูตรเดียว!🧬

วันนี้หมอกุ้ง (พญ.กรวิกกา พัฒนะปราน ว38020) จะมาเผยข้อตกลงจาก Global Speaker เกี่ยวกับเทคนิคการยิง Monopolar RF ที่ถูกต้อง เพื่อให้คนไข้ได้ผลลัพธ์ที่ตอบโจทย์โครงหน้าของตัวเองมากที่สุด 

ตามมาดูข้อสรุปจาก Global Speaker ที่หมอกุ้งนำมาแชร์ในวันนี้ กับการอัปเกรดความสวยด้วย Protocol OGX Program ที่ KVK Clinic ค่ะ☺️

#KVKClinic #DrKoong #DrJade
#ยกมาตรฐานจริงใจล้ำสมัย
#OGXProgram MonopolarRF ProtocolOGX",170,"03/31/2026 03:12",https://www.instagram.com/reel/DWi4QsaiJVb/,"คลิป Reels บน IG",,อายุการใช้งาน,538,373,7,1,0,0,0
18008446307852923,17841401688105385,kvkclinic,KVKClinic,"📌 SAVE THE DATE! 1 - 4 APRIL 2026
เตรียมพบกับเซอร์ไพรส์ครั้งใหญ่และโปรโมชั่นสุดพิเศษที่จัดหนักเพื่อแทนคำขอบคุณ

ขนทัพนวัตกรรมตัวท็อปมาแบบจัดเต็ม ไม่ว่าจะเป็นงานผิวหรืองานยกกระชับที่ทุกคนรัก บอกเลยว่า ”พลาดครั้งนี้...เสียใจแน่นอน!!“

เตรียมตัวให้พร้อม แล้วมาอัปเกรดความสวยระดับพรีเมียมไปพร้อมกันค่ะ 💖✨

…………………………………….
#KVKClinic #DrKoong #DrJade
#14thAnniversaryKVK
#KVKFutureLifting สวยคุ้มที่KVK",41,"03/31/2026 06:41",https://www.instagram.com/reel/DWjQO_hiKcO/,"คลิป Reels บน IG",,อายุการใช้งาน,380,324,3,0,0,0,0
18093224846328074,17841401688105385,kvkclinic,KVKClinic,"เหนียงใหญ่คางสองชั้น !!! #KVKClinic #KVKSurgery #DrJade #หมอเจด #drKoong #ดูดเหนียง",17,"04/01/2026 04:01",https://www.instagram.com/reel/DWli0EAj4Ok/,"คลิป Reels บน IG",,อายุการใช้งาน,442,314,4,1,0,0,2
18068753882309899,17841401688105385,kvkclinic,KVKClinic,"✨ เซอร์ไพรส์! 𝐄𝐱𝐜𝐥𝐮𝐬𝐢𝐯𝐞 𝐆𝐢𝐟𝐭 เฉพาะคุณที่ 𝐊𝐕𝐊 ✨
ของขวัญสุดพรีเมียม! 𝐋𝐢𝐦𝐢𝐭𝐞𝐝 𝐄𝐝𝐢𝐭𝐢𝐨𝐧 𝟏𝟒𝐭𝐡 𝐀𝐧𝐧𝐢𝐯𝐞𝐫𝐬𝐚𝐫𝐲

.
🎁 ฉลองครบรอบ 𝟏𝟒 ปี 𝐊𝐕𝐊 𝐂𝐥𝐢𝐧𝐢𝐜 อย่างเป็นทางการ! ตลอดเวลาที่ผ่านมา ทุกความไว้วางใจคือแรงผลักดันให้เราพัฒนาไม่หยุด เพื่อเป็นการขอบคุณลูกค้าที่รัก

.
𝐊𝐕𝐊 ตั้งใจเตรียม “𝐆𝐈𝐅𝐓 𝐅𝐎𝐑 𝐘𝐎𝐔” เซ็ตของขวัญสุดพรีเมียมที่จัดทำขึ้นเฉพาะสำหรับปีนี้ เพื่อมอบเป็นที่ระลึกสำหรับลูกค้า 𝐊𝐕𝐊 𝐖𝐈𝐒𝐃𝐎𝐌 ทุกท่าน

💥 มาเปิดประสบการณ์ความสวยและรับของขวัญสุดว้าวนี้ ตั้งแต่วันที่ 1-4 เมษายนนี้ เท่านั้น! (ของมีจำนวนจำกัดนะคะ)

💌 ทักแชทสอบถามข้อมูลเพิ่มเติมได้เลย!

📍 ทั้งสาขาโคราช และ สาขาสยาม
🗓️ วันที่ 𝟭-𝟰 เมษายน 𝟮𝟱𝟲𝟵
—————
#KVKClinic #DrKoong #DrJade
#ยกมาตรฐานจริงใจล้ำสมัย
#14thAnniversaryKVK
KVKFutureLifting
Thefutureoflifting
KVKBigSurprise",0,"04/01/2026 19:00",https://www.instagram.com/p/DWnJubrmRFG/,"รูปภาพ IG",,อายุการใช้งาน,582,352,4,1,0,0,0
18111358945764025,17841401688105385,kvkclinic,KVKClinic,"ฉลอง 𝟏𝟒 ปี 𝐊𝐕𝐊𝐂𝐥𝐢𝐧𝐢𝐜 ทั้งที... งานนี้ไม่มีคำว่าธรรมดา!🥂

งานฉลองครั้งนี้คือคำขอบคุณจากใจถึงใจ 14 ปีที่ผ่านมาเราสนุกไปกับการพัฒนาตัวเอง และตื่นเต้นทุกครั้งที่เห็นคุณมีความสุขกับผลลัพธ์🙏🏻💕

🏠ขอบคุณที่เชื่อมั่นในบ้านหลังนี้ ขอบคุณที่ร่วมเดินทางผ่านทุกช่วงเวลามาด้วยกัน กาลเวลาเปลี่ยนไป แต่คำสัญญาว่าจะดูแลลูกค้า 𝐊𝐕𝐊𝐂𝐥𝐢𝐧𝐢𝐜 ให้ดีที่สุดนั้น “ชัดเจน” เสมอ🫶✨

ขอเชิญทุกท่านมาร่วมสัมผัสประสบการณ์สุดพิเศษในโอกาสครบรอบ 𝟏𝟒 ปี พบกับกิจกรรมและเซอร์ไพรส์ที่เราตั้งใจเตรียมไว้เพื่อแทนคำขอบคุณ

🗓 วันที่ 1 - 4 เมษายนนี้เท่านั้น!
📍 ที่ 𝐊𝐕𝐊@𝐊𝐨𝐫𝐚𝐭 และ 𝐊𝐕𝐊@𝐒𝐢𝐚𝐦

—————
#KVKClinic #DrKoong #DrJade
#ยกมาตรฐานจริงใจล้ำสมัย
#14thAnniversaryKVK
KVKFutureLifting
Thefutureoflifting
KVKBigSurprise",181,"04/01/2026 19:05",https://www.instagram.com/reel/DWnKSCdz6Jn/,"คลิป Reels บน IG",,อายุการใช้งาน,776,555,15,2,0,0,0
18121993936624396,17841401688105385,kvkclinic,KVKClinic,"✨ 𝐊𝐕𝐊 𝟏𝟒𝐭𝐡 𝐀𝐧𝐧𝐢𝐯𝐞𝐫𝐬𝐚𝐫𝐲: 𝐓𝐡𝐞 𝐅𝐮𝐭𝐮𝐫𝐞 𝐨𝐟 𝐋𝐢𝐟𝐭𝐢𝐧𝐠 ✨

นับถอยหลังสู่โปรเจกต์ฉลอง 𝟏𝟒 ปีสุดยิ่งใหญ่!
📅 𝟏 - 𝟒 𝐀𝐏𝐑𝐈𝐋 𝟐𝟎𝟐𝟔

เตรียมตัวรับความปังแบบจัดเต็ม ห้ามพลาดด้วยประการทั้งปวง!!🫣

—————
#KVKClinic #DrKoong #DrJade
#ยกมาตรฐานจริงใจล้ำสมัย
#14thAnniversaryKVK
KVKFutureLifting
Thefutureoflifting
KVKBigSurprise",46,"04/02/2026 19:00",https://www.instagram.com/reel/DWpuh0fzamD/,"คลิป Reels บน IG",,อายุการใช้งาน,544,403,15,4,1,0,0
17888367636346051,17841401688105385,kvkclinic,KVKClinic,"ฉลองครบรอบ 14 ปี กับความประทับใจที่ไม่เคยเปลี่ยน 💖 ขอบคุณที่ให้ KVK Clinic ดูแลคุณเสมอมา เหมือนเพื่อนที่รู้ใจ ปรึกษาตรงจุด ให้คำแนะนำแบบเป็นกันเองที่สุด

ใครมองหาความมั่นใจในโอกาสพิเศษแบบนี้ บอกเลยว่าห้ามพลาดโปรโมชั่นฉลองครบรอบ 14 ปี KVK WISDOM นะคะ ของแถมเพียบ! ✨

—————
#KVKClinic #DrKoong #DrJade
#ยกมาตรฐานจริงใจล้ำสมัย
#14thAnniversaryKVK
KVKFutureLifting
Thefutureoflifting
KVKBigSurprise",57,"04/03/2026 00:12",https://www.instagram.com/reel/DWqSGO8CHfK/,"คลิป Reels บน IG",,อายุการใช้งาน,358,301,3,0,0,0,0
17975454162007008,17841401688105385,kvkclinic,KVKClinic,"ถุงใต้ตาเป็นก้อน ปัญหาทำให้หน้าไม่สดใส #KVKClinic #KVKSurgery #DrJade #หมอเจด #drKoong #ถุงใต้ตา",18,"04/03/2026 04:02",https://www.instagram.com/reel/DWqsewwDfCs/,"คลิป Reels บน IG",,อายุการใช้งาน,332,233,0,2,0,0,0
18135218041523214,17841401688105385,kvkclinic,KVKClinic,"หน้าเป๊ะปัง...ดีจนลูกค้าหลง! 😍
✨ ฉลอง 14 ปี KVK Clinic กับโปรที่จึ้งที่สุด !!!

4 วันเท่านั้น! ใครอยาก Love My Ultherapy Prime แบบนี้ ต้องรีบมาตำด่วนนนน! 💖✌️

—————
#KVKClinic #DrKoong #DrJade
#ยกมาตรฐานจริงใจล้ำสมัย
#14thAnniversaryKVK
KVKFutureLifting
Thefutureoflifting
KVKBigSurprise",34,"04/03/2026 05:00",https://www.instagram.com/reel/DWqzNQvT6jy/,"คลิป Reels บน IG",,อายุการใช้งาน,430,338,4,1,0,0,0
18138538879514518,17841401688105385,kvkclinic,KVKClinic,"หน้าโทรมเพราะถุงไขมันใต้ตา
แก้จุดเดียว เปลี่ยนทั้งหน้า 👀✨
.
ก่อนทำจะเห็นได้ว่าคนไข้มีปัญหา 
ถุงไขมันใต้ตาบวมค่อนข้างชัด 
ทำให้ใต้ตาดูป่องและหย่อนคล้อย 
ส่งผลให้ใบหน้าดูโทรม อ่อนล้า และดูมีอายุ
เคสนี้แก้ไขด้วยการผ่าตัดถุงไขมันใต้ตา
หลังทำครบ 1 เดือนใต้ตาดูเรียบขึ้นอย่างชัดเจน 
ความบวมของถุงไขมันหายไป ทำให้ผิวใต้ตาดูกระชับ
ส่งผลให้ใบหน้าดูสดใสแลดูเป็นธรรมชาติ
.
ผ่าตัดถุงไขมันใต้ตาที่ KVK Clinic
✅ ดูแลโดยแพทย์มากประสบการณ์
✅ ปรึกษากับคุณหมอก่อนเข้าห้องผ่าตัดทุกเคส
✅ ออกแบบชั้นตาให้เข้ากับแต่ละบุคคล แบบเคสต่อเคส
✅ ติดตามผลและดูแลหลังผ่าตัดอย่างต่อเนื่อง",0,"04/04/2026 20:07",https://www.instagram.com/p/DWu_xyLEzX7/,"รูปภาพ IG",,อายุการใช้งาน,419,239,0,0,0,0,0
17884790115472060,17841401688105385,kvkclinic,KVKClinic,"✨ 𝗞𝗩𝗞 𝗖𝗹𝗶𝗻𝗶𝗰 𝟭𝟰𝘁𝗵 𝗔𝗻𝗻𝗶𝘃𝗲𝗿𝘀𝗮𝗿𝘆
""สุดคุ้มแห่งปี"" ฉลองครบรอบ 14ปี KVK Clinic” 🎉
.
เปิดตัว 4 เทคโนโลยีใหม่ 
ยกระดับการดูแลผิวแบบ 4D Layer OF Lifting By KVK 
🏆 โปรแกรมยกกระชับ BUY 1 GET 1 FREE 
🏆 โปรแกรมฟิลเลอร์ ซื้อ 2 FREE 1
🏆 โปรแกรมโบTox ซื้อคู่ ลดทันที 14%
🏆 ซื้อคอร์ส ลดเพิ่มทันที สูงสุด 14%
🏆 เปิดวงเงิน KVK Wisdom รับสิทธิ์ Exclusive สุดคุ้ม!
.
เพราะความสวยที่ดี…ต้องมาพร้อม “ความคุ้มค่า” ที่ดีที่สุด
.
📅 วันนี้ – 30 เมษายน 2569 เท่านั้น
📍 KVK Clinic ทุกสาขา
.
.
.
ช่องทางติดต่อสอบถาม แอดมิน+ ปรึกษาแพทย์
𝐋𝐢𝐧𝐞 𝐎𝐀 เป็นช่องทางหลัก
สาขา 𝗞𝗼𝗿𝗮𝘁 : @1stkvk 
สาขา 𝗦𝗶𝗮𝗺 : @kvksiam
.
🔹 สาขา 𝗞𝗼𝗿𝗮𝘁 : โคราช (Head Qaurters)
สาขา3 : ติดโรงเรียน ปลูกปัญญา เส้นสุระ 2 
สาขา1 : ในปั้มปตท. ข้างเดอะมอลล์โคราช
📞 06 1956 5444
.
🔹 สาขา 𝗦𝗶𝗮𝗺 : KVK Siam Clinic
Centerpoint Siam Square ชั้น 2
📞 09 5791 5444
-------------------
#KVKClinic #DrKoong #DrJade 
#ยกมาตรฐานจริงใจล้ำสมัย 
#14thAnniversaryKVK
#KVKFutureLifting
#Promotion #โปรโมชั่นสุดคุ้ม",0,"04/05/2026 02:44",https://www.instagram.com/p/DWvtO6nGdHj/,"ภาพสไลด์บน IG",,อายุการใช้งาน,492,195,6,0,0,0,0
18426419062137884,17841401688105385,kvkclinic,KVKClinic,"✨ 𝗞𝗩𝗞 𝗖𝗹𝗶𝗻𝗶𝗰 𝟭𝟰𝘁𝗵 𝗔𝗻𝗻𝗶𝘃𝗲𝗿𝘀𝗮𝗿𝘆
""สุดคุ้มแห่งปี"" ฉลองครบรอบ 14ปี KVK Clinic” 🎉
.
เปิดตัว 4 เทคโนโลยีใหม่ 
ยกระดับการดูแลผิวแบบ 4D Layer OF Lifting By KVK 
🏆 โปรแกรมยกกระชับ BUY 1 GET 1 FREE 
🏆 โปรแกรมฟิลเลอร์ ซื้อ 2 FREE 1
🏆 โปรแกรมโบTox ซื้อคู่ ลดทันที 14%
🏆 ซื้อคอร์ส ลดเพิ่มทันที สูงสุด 14%
🏆 เปิดวงเงิน KVK Wisdom รับสิทธิ์ Exclusive สุดคุ้ม!
.
เพราะความสวยที่ดี…ต้องมาพร้อม “ความคุ้มค่า” ที่ดีที่สุด
.
📅 วันนี้ – 30 เมษายน 2569 เท่านั้น
📍 KVK Clinic ทุกสาขา
.
.
.
ช่องทางติดต่อสอบถาม แอดมิน+ ปรึกษาแพทย์
𝐋𝐢𝐧𝐞 𝐎𝐀 เป็นช่องทางหลัก
สาขา 𝗞𝗼𝗿𝗮𝘁 : @1stkvk 
สาขา 𝗦𝗶𝗮𝗺 : @kvksiam
.
🔹 สาขา 𝗞𝗼𝗿𝗮𝘁 : โคราช (Head Qaurters)
สาขา3 : ติดโรงเรียน ปลูกปัญญา เส้นสุระ 2 
สาขา1 : ในปั้มปตท. ข้างเดอะมอลล์โคราช
📞 06 1956 5444
.
🔹 สาขา 𝗦𝗶𝗮𝗺 : KVK Siam Clinic
Centerpoint Siam Square ชั้น 2
📞 09 5791 5444
-------------------
#KVKClinic #DrKoong #DrJade 
#ยกมาตรฐานจริงใจล้ำสมัย 
#14thAnniversaryKVK
#KVKFutureLifting
#Promotion #โปรโมชั่นสุดคุ้ม",0,"04/05/2026 02:46",https://www.instagram.com/p/DWvtcTiGci1/,"ภาพสไลด์บน IG",,อายุการใช้งาน,516,183,2,0,0,0,0
17890764243332718,17841401688105385,kvkclinic,KVKClinic,"✨ 𝗞𝗩𝗞 𝗖𝗹𝗶𝗻𝗶𝗰 𝟭𝟰𝘁𝗵 𝗔𝗻𝗻𝗶𝘃𝗲𝗿𝘀𝗮𝗿𝘆
""สุดคุ้มแห่งปี"" ฉลองครบรอบ 14ปี KVK Clinic” 🎉
.
เปิดตัว 4 เทคโนโลยีใหม่ 
ยกระดับการดูแลผิวแบบ 4D Layer OF Lifting By KVK 
🏆 โปรแกรมยกกระชับ BUY 1 GET 1 FREE 
🏆 โปรแกรมฟิลเลอร์ ซื้อ 2 FREE 1
🏆 โปรแกรมโบTox ซื้อคู่ ลดทันที 14%
🏆 ซื้อคอร์ส ลดเพิ่มทันที สูงสุด 14%
🏆 เปิดวงเงิน KVK Wisdom รับสิทธิ์ Exclusive สุดคุ้ม!
.
เพราะความสวยที่ดี…ต้องมาพร้อม “ความคุ้มค่า” ที่ดีที่สุด
.
📅 วันนี้ – 30 เมษายน 2569 เท่านั้น
📍 KVK Clinic ทุกสาขา
.
.
.
ช่องทางติดต่อสอบถาม แอดมิน+ ปรึกษาแพทย์
𝐋𝐢𝐧𝐞 𝐎𝐀 เป็นช่องทางหลัก
สาขา 𝗞𝗼𝗿𝗮𝘁 : @1stkvk 
สาขา 𝗦𝗶𝗮𝗺 : @kvksiam
.
🔹 สาขา 𝗞𝗼𝗿𝗮𝘁 : โคราช (Head Qaurters)
สาขา3 : ติดโรงเรียน ปลูกปัญญา เส้นสุระ 2 
สาขา1 : ในปั้มปตท. ข้างเดอะมอลล์โคราช
📞 06 1956 5444
.
🔹 สาขา 𝗦𝗶𝗮𝗺 : KVK Siam Clinic
Centerpoint Siam Square ชั้น 2
📞 09 5791 5444
-------------------
#KVKClinic #DrKoong #DrJade 
#ยกมาตรฐานจริงใจล้ำสมัย 
#14thAnniversaryKVK
#KVKFutureLifting
#Promotion #โปรโมชั่นสุดคุ้ม",0,"04/05/2026 02:48",https://www.instagram.com/p/DWvtoCgGfll/,"ภาพสไลด์บน IG",,อายุการใช้งาน,672,243,4,0,0,0,0
17934913728046974,17841401688105385,kvkclinic,KVKClinic,"หนังตาตกทำหน้าดูเหนื่อย
ปรับใหม่ให้ตาเปิด สดใสแบบธรรมชาติ ✨
.
คนไข้มีปัญหาหนังตาตกและหางตาตก
ผิวบริเวณเปลือกตาดูหย่อนคล้อยลงมาทับชั้นตา
ทำให้ตาดูปิดลงเล็กน้อย ชั้นตาไม่ชัด
เคสนี้คุณหมอแก้ไขด้วยการผ่าตัดตาสองชั้น
โดยทำร่วมกับการยกคิ้ว โดยการเก็บหนังส่วนเกินใต้แนวคิ้วออก
เพื่อช่วยยกชั้นหนังตาที่ตกขึ้นให้ดวงตาดูกว้าง
หลังทำครบ 7 วันดวงตาเปิดขึ้นอย่างชัดเจน
คิ้วยกขึ้นในตำแหน่งที่เหมาะสม ทำให้หนังตาที่เคยตกดูตึงขึ้น 
และหางตาดูยกขึ้นเล็กน้อย
.
ผ่าตัดตาสองชั้นที่ KVK Clinic
✅ ดูแลโดยแพทย์มากประสบการณ์
✅ ปรึกษากับคุณหมอก่อนเข้าห้องผ่าตัดทุกเคส
✅ ออกแบบชั้นตาให้เข้ากับแต่ละบุคคล แบบเคสต่อเคส
✅ ติดตามผลและดูแลหลังผ่าตัดอย่างต่อเนื่อง",0,"04/05/2026 20:00",https://www.instagram.com/p/DWxjuDDAeLn/,"รูปภาพ IG",,อายุการใช้งาน,452,264,0,0,0,0,1
17924499606267756,17841401688105385,kvkclinic,KVKClinic,"𝐃𝐨𝐮𝐛𝐥𝐞 ยกกระชับ! จัดเต็มแพ็กคู่ในราคาเดียว 💖
จะเลือกทำไมในเมื่อทำได้ทั้งสอง🤩

.
หน้าตึงแบบคุ้มที่สุด! 𝐊𝐕𝐊𝐂𝐥𝐢𝐧𝐢𝐜 จัดแพ็กเกจ 𝐂𝐨𝐦𝐛𝐨 ตัวดังที่ทุกคนเรียกร้อง จับคู่ 𝐏𝐫𝐨𝐠𝐫𝐚𝐦 𝐗𝐓𝐡𝐞𝐫𝐦𝐚 และ 𝐏𝐫𝐨𝐠𝐫𝐚𝐦 𝐔𝐥𝐭𝐫𝐚𝐟𝐨𝐫𝐦𝐞𝐫 𝐈𝐈𝐈 มาให้แล้วในราคาสุดช็อค!

✅ สิ่งที่จะได้รับในแพ็กเกจนี้: ⭐️ 𝟏𝟗,𝟗𝟎𝟎.-

• 💎 𝐏𝐫𝐨𝐠𝐫𝐚𝐦 𝐗-𝐓𝐡𝐞𝐫𝐦𝐚 (𝟑𝟎𝟎 𝐒𝐡𝐨𝐭𝐬): เน้นงานผิวแน่น กระชับลึกถึงชั้นผิว พลังงานสูงแต่เจ็บน้อย (𝐋𝐨𝐰 𝐏𝐚𝐢𝐧)

• 📐 𝐏𝐫𝐨𝐠𝐫𝐚𝐦 𝐔𝐥𝐭𝐫𝐚𝐟𝐨𝐫𝐦𝐞𝐫 𝐈𝐈𝐈 (𝟑𝟎𝟎 𝐒𝐡𝐨𝐭𝐬): เก็บกรอบหน้าชัด เน้น 𝐕-𝐒𝐡𝐚𝐩𝐞 ยกแก้มที่หย่อนให้เด้งคืนทรง

• 🔥 รวมทั้งหมด 𝟔𝟎𝟎 𝐒𝐡𝐨𝐭𝐬 จุกๆ!

🎁 𝐃𝐨𝐮𝐛𝐥𝐞 𝐁𝐨𝐧𝐮𝐬!
สิทธิ์แลกซื้อ 𝐏𝐫𝐨𝐠𝐫𝐚𝐦 𝐁𝐨𝐭𝐨𝐱 เกาหลี 𝟓𝟎𝐮 เพิ่มเติมในราคาเพียง 𝟐,𝟎𝟎𝟎.-
(เอาให้เป๊ะให้สุดในรอบเดียว!)

📍 พิกัดความสวย: เฉพาะสาขา 1 (ปั๊ม ปตท. ข้างเดอะมอลล์โคราช)
⚠️ ผลลัพธ์ขึ้นอยู่กับแต่ละบุคคล
👇 สนใจจองคิว / ปรึกษาคุณหมอ ทักแชทเลย!

.
.
ช่องทางติดต่อสอบถาม แอดมิน+ ปรึกษาแพทย์
𝐋𝐢𝐧𝐞 𝐎𝐀 เป็นช่องทางหลัก
สาขา 𝗞𝗼𝗿𝗮𝘁 : @1stkvk 
.
🔹 สาขา 𝗞𝗼𝗿𝗮𝘁 : โคราช (Head Qaurters)
สาขา3 : ติดโรงเรียน ปลูกปัญญา เส้นสุระ 2 
สาขา1 : ในปั้มปตท. ข้างเดอะมอลล์โคราช
📞 06 1956 5444

-——————
#KVKClinic #DrKoong #DrJade 
#ยกมาตรฐานจริงใจล้ำสมัย 
#KVKFutureLifting ProgramXTherma ProgramUltraformerIII
โปรแกรมยกกระชับ",0,"04/07/2026 00:57",https://www.instagram.com/p/DW0qgm4iKYh/,"รูปภาพ IG",,อายุการใช้งาน,446,250,1,0,0,0,0
18569705449015968,17841401688105385,kvkclinic,KVKClinic,"𝐏𝐫𝐨𝐠𝐫𝐚𝐦 𝐗𝐓𝐇𝐄𝐑𝐌𝐀 นวัตกรรมยกกระชับ ที่ออกแบบมาเพื่อผลลัพธ์ที่ “ดูดีแบบงานผิวระดับพรีเมียม“ ตอบโจทย์ชีวิตที่เร่งรีบ ⚡️

.
🧬 ดูแลผิวหน้าและผิวกายแบบเจาะลึกด้วยเทคโนโลยี 𝐌𝐨𝐧𝐨𝐩𝐨𝐥𝐚𝐫 𝐑𝐅 ความถี่ 𝟔.𝟕𝟖 𝐌𝐇𝐳 ที่ส่งพลังงานความร้อนลงสู่ชั้นผิวได้อย่างแม่นยำ พร้อมนวัตกรรม ”𝟕 𝐂𝐨𝐨𝐥𝐢𝐧𝐠 𝐏𝐮𝐥𝐬𝐞“ ปลอบประโลมผิวขณะทำ ให้ความรู้สึกสบาย ไม่เจ็บอย่างที่คิด
✅ ครอบคลุม 𝟑 บริเวณสำคัญ:
• 𝐄𝐲𝐞𝐬:  ดูแลผิวรอบดวงตาให้ดูสดใส
• 𝐅𝐚𝐜𝐞:  ปรับรูปหน้าให้ดูมีมิติ ลดปัญหาแก้มคล้อยและเหนียงใต้คาง
• 𝐁𝐨𝐝𝐲:  ดูแลผิวพรรณทั่วเรือนร่างให้เนียนกระชับ

.
✨ ทำไมต้อง 𝐏𝐫𝐨𝐠𝐫𝐚𝐦 𝐗𝐭𝐡𝐞𝐫𝐦𝐚 ที่ 𝐊𝐕𝐊 𝐂𝐥𝐢𝐧𝐢𝐜?

• 𝟕 𝐂𝐨𝐨𝐥𝐢𝐧𝐠 𝐏𝐮𝐥𝐬𝐞: นวัตกรรมปล่อยความเย็นสลับพลังงานความร้อน ปลอบประโลมผิวให้รู้สึกสบายตลอดการทำ
• 𝐃𝐞𝐞𝐩 𝐇𝐞𝐚𝐭𝐢𝐧𝐠: ส่งความร้อนลงลึกเพื่อช่วยให้ผิวดูอิ่มน้ำ ยืดหยุ่น และแลดูอ่อนเยาว์อย่างเป็นธรรมชาติ
• 𝟑 𝐒𝐩𝐞𝐜𝐢𝐟𝐢𝐜 𝐓𝐢𝐩𝐬: ดูแลได้ครอบคลุมทั้งรอบดวงตา (Eyes), ใบหน้า (Face) และลำตัว (Body) ด้วยหัวทิปเฉพาะจุด

⏱ เร็วกว่าเดิม ประสิทธิภาพมากขึ้น: ด้วยหัวทิปขนาดใหม่ 5 cm^2 (กว้างขึ้น 20%) ช่วยให้ใช้เวลาในการทำน้อยลง แต่ส่งพลังงานได้ครอบคลุมและแม่นยำยิ่งขึ้น
เหมาะสำหรับผู้ที่มีปัญหาแก้มห้อย มีเหนียง หรือต้องการฟื้นฟูผิวให้กลับมาแน่นฟูอีกครั้ง

*ผลลัพธ์ขึ้นอยู่กับสภาพผิวของแต่ละบุคคล
📍 สนใจปรึกษาประเมินรูปหน้าก่อนทำ ทักแชทหาแอดมินได้เลย
.
.
.
ช่องทางติดต่อสอบถาม แอดมิน+ ปรึกษาแพทย์
𝐋𝐢𝐧𝐞 𝐎𝐀 เป็นช่องทางหลัก
สาขา 𝗞𝗼𝗿𝗮𝘁 : @1stkvk 
.
🔹 สาขา 𝗞𝗼𝗿𝗮𝘁 : โคราช (Head Qaurters)
สาขา3 : ติดโรงเรียน ปลูกปัญญา เส้นสุระ 2 
สาขา1 : ในปั้มปตท. ข้างเดอะมอลล์โคราช
📞 06 1956 5444

-——————
#KVKClinic #DrKoong #DrJade 
#ยกมาตรฐานจริงใจล้ำสมัย 
#KVKFutureLifting ProgramXTherma ProgramUltraformerIII
โปรแกรมยกกระชับ",0,"04/07/2026 04:10",https://www.instagram.com/p/DW1Al7rGY8B/,"ภาพสไลด์บน IG",,อายุการใช้งาน,518,221,4,0,0,0,0
17966226096050367,17841401688105385,kvkclinic,KVKClinic,"🎉 Birthday Special หมอเจด 🎉
โปรพิเศษเฉพาะคนเห็นโพสต์นี้เท่านั้น!
.
วันนี้คือโอกาส ✨
อยากสวย แต่ยังไม่เคยได้ราคานี้
ดูแลเคสต่อเคส ออกแบบให้เข้ากับใบหน้า
🔥โปรมีจำนวนจำกัด
🔥จองสิทธิ์ภายในวันนี้เท่านั้น

*ผลลัพธ์ขึ้นอยู่กับแต่ละบุคคล*",0,"04/07/2026 20:00",https://www.instagram.com/p/DW2tYxkjaai/,"รูปภาพ IG",,อายุการใช้งาน,450,278,2,0,0,0,0
17867189187608332,17841401688105385,kvkclinic,KVKClinic,"🤔ลืมความรู้สึกเดิมๆ ไปได้เลย! โปรแกรม 𝐎𝐥𝐢𝐠𝐢𝐨𝐗 𝐯𝐬  โปรแกรม 𝐎𝐥𝐢𝐠𝐢𝐨 ต่างกันยังไง?

.
ถ้าจะอัปเกรดทั้งที ต้องเลือกตัวท็อปไปเลย! วันนี้พามาส่องความต่างระหว่างรุ่นยอดฮิตกับ ”𝐓𝐡𝐞 𝐍𝐞𝐰 𝐎𝐧𝐞“ อย่างโปรแกรม 𝐎𝐥𝐢𝐠𝐢𝐨𝐗 ที่บอกเลยว่าไม่ได้มาเล่นๆ

🔥 พลังแรงกว่า: เหมือนได้เครื่องยนต์ใหม่ 𝟒𝟎𝟎𝐖 ส่งพลังแม่นเป๊ะแบบไม่มีแผ่ว

🌀 โหมดคู่กู้ผิว: รุ่นเดิมมีโหมดเดียว แต่รุ่น 𝐗 จัดมาให้ 𝟐 )𝐆 𝐌𝐨𝐝𝐞 + 𝐗 𝐌𝐨𝐝𝐞) ดูแลทั้งงานผิวละเอียดและงานยกข้างใน จบในครั้งเดียว!

❄️ เย็นเจี๊ยบ 𝟐.𝟐𝟓 เท่า: ปล่อยความเย็นรัวๆ 𝟏𝟏 ลูก! (รุ่นเดิม 𝟒 ลูก) เย็นสบายจนเกือบหลับ ไม่ต้องจิกมือรอ

⏳ สวยยาวๆ: ผลลัพธ์อยู่ได้นานขึ้นเกือบปี 𝟖-𝟏𝟐 เดือนไปเลยจ้า (รุ่นเดิม 𝟔-𝟖 เดือน)

ใครสายขี้เกียจไปหาหมอบ่อยๆ แต่อยากสวยนาน จัดโปรแกรม 𝐎𝐥𝐢𝐠𝐢𝐨𝐗 คือจบ! ✨

สนใจจองคิวหรือปรึกษา ทัก 𝐈𝐧𝐛𝐨𝐱 ได้เลยค่ะ!💌
.
.
.
ช่องทางติดต่อสอบถาม แอดมิน+ ปรึกษาแพทย์
𝐋𝐢𝐧𝐞 𝐎𝐀 เป็นช่องทางหลัก
สาขา 𝗞𝗼𝗿𝗮𝘁 : @1stkvk 
สาขา 𝗦𝗶𝗮𝗺 : @kvksiam
.
🔹 สาขา 𝗞𝗼𝗿𝗮𝘁 : โคราช (Head Qaurters)
สาขา3 : ติดโรงเรียน ปลูกปัญญา เส้นสุระ 2 
สาขา1 : ในปั้มปตท. ข้างเดอะมอลล์โคราช
📞 06 1956 5444
.
🔹 สาขา 𝗦𝗶𝗮𝗺 : KVK Siam Clinic
Centerpoint Siam Square ชั้น 2
📞 09 5791 5444
………………………………………………
#KVKClinic #DrKoong #DrJade 
#ยกมาตรฐานจริงใจล้ำสมัย 
#OligioX Oligio เปรียบเทียบความสวย ยกกระชับหน้า โปรโมชั่นคลินิก",0,"04/07/2026 21:09",https://www.instagram.com/p/DW21K3JiJoi/,"รูปภาพ IG",,อายุการใช้งาน,559,309,1,1,0,0,1
17857919040627565,17841401688105385,kvkclinic,KVKClinic,"📋 จัดอันดับ 𝙏𝙞𝙚𝙧 𝙇𝙞𝙨𝙩 คำขอจากคนไข้ที่คุณหมอกุ้งเจอบ่อย ✨

เปิดโลกอีกด้านของคลินิกเสริมความงาม กับความสวยของแต่ละคนที่มีความต้องการไม่เหมือนกัน คลิปนี้จะพาไปดูว่าในมุมมองของคุณหมอ คำขอแต่ละแบบถูกจัดอยู่ในหมวดไหน 🧐

ดูจบแล้วลองคอมเมนต์ว่าคุณเคยคิดแบบนี้มั๊ย 👀 หรือมีอะไรที่พีคกว่านี้อีก ! 
..........................................................
#KVKClinic #DrKoong #DrJade
#ยกระดับมาตรฐานจริงใจล้ำสมัย
#Tierlist โปรแกรมยกกระชับ โปรแกรมเลเซอร์ผิวหน้า",180,"04/10/2026 23:34",https://www.instagram.com/reel/DW-0AmhCPcb/,"คลิป Reels บน IG",,อายุการใช้งาน,807,585,16,2,0,0,2
18100593484955178,17841401688105385,kvkclinic,KVKClinic,"หน้าเปียกแป้งไม่ว่า แต่หน้าอย่าพัง!💦
สงกรานต์ปีนี้ KVKClinic พร้อมฉ่ำแบบตัวมารดา สาดมาเลยจ้า ทางนี้สู้กลับด้วยโปรความสวย 🔫

▶️ คลิกดูโปรฉ่ำๆรับสงกรานต์เลยจ้าาาา
.............................................................
#KVKClinic #DrKoong #DrJade
#ยกมาตรฐานจริงใจล้ำสมัย
#โปรฉ่ำรับสงกรานต์KVK",25,"04/11/2026 04:33",https://www.instagram.com/reel/DW_WYVACLuC/,"คลิป Reels บน IG",,อายุการใช้งาน,442,307,11,0,0,0,0
18404662030178668,17841401688105385,kvkclinic,KVKClinic,"ปรับทรงจมูกใหม่ มุมข้างเปลี่ยนชัด
ดูละมุนขึ้นแบบไม่โป๊ะ 👃✨
.
จมูกคนไข้มีลักษณะสันค่อนข้างต่ำ
และปลายจมูกมีความมนและตกเล็กน้อย
ทำให้มุมด้านข้างดูไม่ค่อยมีมิติ
เคสนี้แก้ไขด้วยโปรแกรมเสริมจมูก Open
เพื่อปรับทรงปลายจมูกให้ได้สัดส่วนมากขึ้น
หลังทำปลายจมูกดูยกและพุ่งขึ้นเล็กน้อย
ทำให้โครงหน้าดูมีมิติขึ้นอย่างเห็นได้ชัด 
โดยเฉพาะมุมด้านข้างที่ดูละมุนขึ้น

📌 โปรเสริมจมูกเริ่มต้น 15,900 บาท
จองโปรภายในวันนี้ - 16 เมษาเท่านั้น
.
ผ่าตัดเสริมจมูกที่ KVK Clinic
✅ ดูแลโดยแพทย์มากประสบการณ์
✅ ปรึกษากับคุณหมอก่อนเข้าห้องผ่าตัดทุกเคส
✅ ออกแบบทรงจมูกให้เข้ากับแต่ละบุคคล แบบเคสต่อเคส
✅ ติดตามผลและดูแลหลังผ่าตัดอย่างต่อเนื่อง",0,"04/11/2026 20:01",https://www.instagram.com/p/DXBAk9uiONM/,"รูปภาพ IG",,อายุการใช้งาน,365,218,1,0,0,0,0
18066959054659812,17841401688105385,kvkclinic,KVKClinic,"💦 สวัสดีวันสงกรานต์ปี 2569 💦
.
ขอให้ช่วงปีใหม่ไทยเป็นช่วงเวลาแห่งความสุข 
สดชื่น ปลอดภัย และเต็มไปด้วยรอยยิ้มของทุกคน 
ขอบคุณทุกความไว้วางใจที่ให้เราได้ดูแลเสมอมาครับ
.
เดินทางปลอดภัย 💙💙
เล่นน้ำกันอย่างมีความสุขนะครับ",0,"04/12/2026 19:01",https://www.instagram.com/p/DXDeiX3AZ6Z/,"รูปภาพ IG",,อายุการใช้งาน,304,181,2,0,0,0,0
18122883130623064,17841401688105385,kvkclinic,KVKClinic,"สงกรานต์ปีนี้... ขอส่งความสุขด้วยรอยยิ้ม และการรดน้ำดำหัวขอพรผู้ใหญ่ที่เคารพรัก 🙏✨

บรรยากาศการรดน้ำดำหัวปีนี้เต็มไปด้วยความอบอุ่น พี่หมอและทีมงาน KVK Clinic ถือฤกษ์ดีวันปีใหม่ไทย ขอพรจากผู้ใหญ่ที่เคารพรัก เพื่อความเป็นสิริมงคลในการเริ่มต้นสิ่งใหม่ๆ 🌸

ขอให้วันสงกรานต์ปีนี้ เป็นวันที่ทุกคนได้ใช้เวลาคุณภาพกับครอบครัว เติมพลังใจให้เต็มเปี่ยม แล้วกลับมาเริ่มต้นการทำงานด้วยความสดใสนะคะ💦🔫
…………………………
#KVKClinic #DrKoong #DrJade
#ยกมาตรฐานจริงใจล้ำสมัย
#สงกรานต์2026",106,"04/12/2026 20:42",https://www.instagram.com/reel/DXDp9vhiHp4/,"คลิป Reels บน IG",,อายุการใช้งาน,592,436,6,1,0,0,0
18119705548633991,17841401688105385,kvkclinic,KVKClinic,"จากไม่มีทรง ใส่อะไรก็ดูไม่เต็ม
สู่ลุคที่แต่งตัวได้สนุกขึ้น ✨
.
จะเห็นว่าคนไข้มีลักษณะหน้าอกค่อนข้างเล็ก 
ทำให้เวลาสวมใส่เสื้อผ้าจะดูไม่เต็มทรง 
โดยเฉพาะเสื้อสายเดี่ยวหรือเสื้อเข้ารูป
เคสนี้แก้ไข้ด้วยโปรแกรมเสริมหน้าอก
หลังทำไป 3 ปี จะเห็นได้ว่าทรงหน้าอกยังคงสวยชัด 
ดูเป็นธรรมชาติและเข้ากับสรีระ หน้าอกดูมีมิติขึ้นอย่างชัดเจน 
เวลาใส่เสื้อผ้าจะเห็นทรงที่ชัดขึ้น
.
ผ่าตัดเสริมหน้าอกที่ KVK Clinic
✅ ดูแลโดยแพทย์มากประสบการณ์
✅ ปรึกษากับคุณหมอก่อนเข้าห้องผ่าตัดทุกเคส
✅ ออกแบบข้างต่อข้างให้เข้ากับแต่ละบุคคล แบบเคสต่อเคส
✅ ติดตามผลและดูแลหลังผ่าตัดอย่างต่อเนื่อง",0,"04/13/2026 20:00",https://www.instagram.com/p/DXGKFyTkcp5/,"รูปภาพ IG",,อายุการใช้งาน,391,232,1,0,0,0,1
17915670525360804,17841401688105385,kvkclinic,KVKClinic,"โปรโมชั่นดีๆมีที่ KVK ทู้กกกกกวัน

สนใจสอบถามโปรโมชั่นสงกรานต์ 💦
💌 ทักสอบถามได้เลยค่าาา

………………………………………………
#KVKClinic #DrKoong #DrJade 
#ยกมาตรฐานจริงใจล้ำสมัย 
#โปรโมชั่นสงกรานต์",25,"04/13/2026 20:03",https://www.instagram.com/reel/DXGKa6mCE-D/,"คลิป Reels บน IG",,อายุการใช้งาน,412,331,3,0,0,0,0
18110034706847510,17841401688105385,kvkclinic,KVKClinic,"ตาที่เคยดูเรียบ ไม่ค่อยชัด
ปรับชั้นตาใหม่ให้ดูมีมิติมากขึ้น ✨
.
คนไข้มีลักษณะชั้นตาหลบในทั้งสองข้าง
ชั้นตาไม่เปิด ทำให้ดวงตาดูเล็ก ดูง่วง
คุณหมอเลือกแก้ไขด้วยการผ่าตัดตาสองชั้น
และออกแบบชั้นตาใหม่ให้เหมาะกับรูปตาเดิม
หลังทำครบ 1 เดือน ดวงตาดูเปิดกว้างอย่างเห็นได้ชัด
จากดวงตาที่เคยดูเศร้า กลายเป็นดวงตาที่ดูมั่นใจ
สดใสและแลดูเป็นชั้นตาธรรมชาติ
📌 โปรตาสองชั้นเริ่มต้น 20,000 บาท
จองโปรภายในวันนี้ - 16 เมษาเท่านั้น
.
ผ่าตัดตาสองชั้นที่ KVK Clinic
✅ ดูแลโดยแพทย์มากประสบการณ์
✅ ปรึกษากับคุณหมอก่อนเข้าห้องผ่าตัดทุกเคส
✅ ออกแบบชั้นตาให้เข้ากับแต่ละบุคคล แบบเคสต่อเคส
✅ ติดตามผลและดูแลหลังผ่าตัดอย่างต่อเนื่อง",0,"04/14/2026 20:01",https://www.instagram.com/p/DXIu9kvDV82/,"รูปภาพ IG",,อายุการใช้งาน,436,287,0,0,0,0,0
18005732483913087,17841401688105385,kvkclinic,KVKClinic,"ไม่ต้องอด แค่คุมหิวได้ ✨✨
หุ่นก็เปลี่ยนไปไกลกว่าที่คิด
.
เคสนี้เริ่มต้น 64 กก. มีปัญหาหิวบ่อย 
คุมอาหารยาก ไขมันสะสมช่วงเอวและหน้าท้อง
ดูแลด้วยโปรแกรมลดน้ำหนัก 
ภายใต้การดูแลของคุณหมอ 
ช่วยให้อิ่มเร็ว คุมการกินง่ายขึ้น
ครบ 3 เดือน น้ำหนักเหลือ 49 กก. 
สัดส่วนกระชับขึ้นอย่างชัดเจน ใส่เสื้อผ้ามั่นใจขึ้น",0,"04/15/2026 19:01",https://www.instagram.com/p/DXLM9ZXgfZX/,"รูปภาพ IG",,อายุการใช้งาน,626,365,0,0,0,0,0
18082402031126635,17841401688105385,kvkclinic,KVKClinic,"เก็บตกบรรยากาศ เผยความลับความสวยเหนือกาลเวลา... ให้คุณดูดีใน ’My Prime‘ ของตัวเอง 
อยากมีผิว เหมือนจอนจีฮยอน ไม่ใช่แค่ฝัน! 💫

🥰ทีม KVK Clinic Field Coordinator (คุณนก และ คุณวาวา) พร้อมพาทุกคนไปสัมผัสโปรแกรม My Prime นวัตกรรมยกกระชับที่ทั่วโลกยอมรับ ให้คุณสวยมั่นใจในแบบที่เป็นตัวเองที่สุด
มาอัปเกรดความสวยที่ KVK Clinic กันนะคะ ผิวดีมีชัยไปกว่าครึ่ง!🎉
........................................................
#KVKClinic #DrKoong #DrJade
#ยกมาตรฐานจริงใจล้ำสมัย
#UltherapyPrime  UltherapyPrime1YearCelebration
SeeMySkinMyWay
KVKClinicxUltherapyPrime JunJiHyun",112,"04/17/2026 00:32",https://www.instagram.com/reel/DXOXdPmiGkt/,"คลิป Reels บน IG",,อายุการใช้งาน,440,377,11,0,0,0,0
18080546126178500,17841401688105385,kvkclinic,KVKClinic,"เปลี่ยนลุคหมวยเดิม ๆ 👁️👁️✨
ให้ดูอินเตอร์ขึ้นแบบเป็นธรรมชาติ
.
เคสนี้ก่อนทำคนไข้มีลักษณะตาชั้นเดียว 
ทำให้ตาดูเรียบและไม่ค่อยมีมิติ 
เวลาแต่งหน้าต้องใช้เวลาเยอะกว่าปกติ
คุณหมอแก้ไขด้วยโปรแกรมผ่าตัดตาสองชั้น
และออกแบบชั้นตาใหม่ให้เหมาะกับโครงตาเดิม 
เน้นให้ชั้นตาดูชัดขึ้นแต่ยังคงความเป็นธรรมชาติ 
อัปเดตครบ 6 เดือน ชั้นตาเริ่มเข้าที่ 
ดวงตาดูเปิดและกลมแลดูเป็นธรรมชาติ 
แต่งหน้าง่ายขึ้น และช่วยให้ลุคโดยรวมดูสดใส มีเสน่ห์มากขึ้น
.
ผ่าตัดตาสองชั้นที่ KVK Clinic
✅ ดูแลโดยแพทย์มากประสบการณ์
✅ ปรึกษากับคุณหมอก่อนเข้าห้องผ่าตัดทุกเคส
✅ ออกแบบชั้นตาให้เข้ากับแต่ละบุคคล แบบเคสต่อเคส
✅ ติดตามผลและดูแลหลังผ่าตัดอย่างต่อเนื่อง",0,"04/17/2026 20:00",https://www.instagram.com/p/DXQdR-3CRLt/,"รูปภาพ IG",,อายุการใช้งาน,286,169,0,0,0,0,0
18080465777191679,17841401688105385,kvkclinic,KVKClinic,"เลือกแบบไหนดี? เมื่อ “ฝ้า” และ “ริ้วรอย” บุกพร้อมกัน!
หลายคนสงสัย... ระหว่าง Red Light Laser กับ Pico Laser ตัวไหนตอบโจทย์เรื่องฝ้าและงานผิวได้ดีกว่ากัน? 🧐

🔴 โปรแกรม Red Touch (Red Light Laser): เลเซอร์คลื่นความยาว 675 nm ที่พุ่งเป้าไปที่ “คอลลาเจน” โดยเฉพาะ ช่วยให้ผิวแน่น กระชับ และจัดการเม็ดสีในระดับที่อ่อนโยน

⚡ โปรแกรม Pico Laser: ตัวตึงเรื่องงาน “เมลาสม่า” และจุดด่างดำ เน้นการแตกตัวของเม็ดสีอย่างละเอียดด้วยความเร็วระดับล้านล้านวินาที

สรุปแล้วตัวไหนดีกว่า? คำตอบอยู่ที่ “สภาพผิว” ของเราครับ มาฟังคำตอบชัดๆ จากคุณหมอกุ้งที่ KVK Clinic กันในโพสต์นี้เลย! 👇
........................................................
#KVKClinic #DrKoong #DrJade
#ยกมาตรฐานจริงใจล้ำสมัย
#ProgramRedTouch ProgramPicoLaser รักษาฝ้า หน้าใส",128,"04/18/2026 04:36",https://www.instagram.com/reel/DXRXzazCGZh/,"คลิป Reels บน IG",,อายุการใช้งาน,585,430,3,2,1,0,3
18092927575897852,17841401688105385,kvkclinic,KVKClinic,"#แก้ใต้ตาแบบไหนดีที่สุด
#ทริคที่ไม่เคยบอกใคร

ใต้ตาโบ๋ vs นอนน้อย แยกให้ออกก่อนแก้! 💡
หลายคนทักว่าหน้าดูเพลีย ทั้งที่ก็นอนครบ 8 ชั่วโมง! ปัญหานี้อาจไม่ได้แก้ได้ด้วยการพักผ่อนเพียงอย่างเดียวค่ะ 

👀 ในคลิปนี้ หมอกุ้งมีคำตอบมาฝากค่ะว่า ปัญหาแบบไหนควรดูแลด้วยการปรับพฤติกรรม และแบบไหนที่ต้องใช้ตัวช่วยเพื่อเติมเต็มคืนความสดใสให้กับใบหน้า พร้อมแล้วกด Play ได้เลย ▶️

*ผลลัพธ์ขึ้นอยู่กับสภาพผิวของแต่ละบุคคล
#KVKClinic #DrKoong #หมอเจด 
ยกมาตรฐานจริงใจล้ำสมัย 
เพื่อนถามหมอตอบ 
โปรแกรมฟิลเลอร์",116,"04/19/2026 02:51",https://www.instagram.com/reel/DXTxA8riH8N/,"คลิป Reels บน IG",,อายุการใช้งาน,391,321,2,0,0,0,0
18103420496303972,17841401688105385,kvkclinic,KVKClinic,"𝐒𝐢𝐠𝐧𝐚𝐭𝐮𝐫𝐞 𝐏𝐫𝐨𝐠𝐫𝐚𝐦 𝟒 𝐒𝐭𝐞𝐩 
โปรแกรมพรีเมียม ปรับผิวใสเรียบเนียนแบบ 𝟑𝐃 สู่ผลลัพธ์ผิวที่มองเห็นได้ ✨

🤔เคยไหม? ทาครีมเท่าไหร่ก็ไม่เข้าหน้า ผิวดูหมองคล้ำเหมือนคนพักผ่อนไม่พอ... นั่นอาจเป็นเพราะเซลล์ผิวเก่าอุดตันและผิวขาดการกระตุ้นที่ล้ำลึก

ที่ 𝐊𝐕𝐊 𝐂𝐥𝐢𝐧𝐢𝐜 เรามี 𝐒𝐢𝐠𝐧𝐚𝐭𝐮𝐫𝐞 𝐏𝐫𝐨𝐠𝐫𝐚𝐦 ที่ออกแบบมาเพื่อการปรนนิบัติผิวแบบองค์รวม:

✨ 𝟒 ขั้นตอนเพื่อผิวที่ดูสุขภาพดี:
1️⃣ 𝐌𝐢𝐜𝐫𝐨𝐝𝐞𝐫𝐦𝐚𝐛𝐫𝐚𝐬𝐢𝐨𝐧: ผลัดเซลล์ผิวชั้นนอกอย่างอ่อนโยน เตรียมผิวให้พร้อมรับการบำรุง

2️⃣ 𝐁𝐢𝐩𝐨𝐥𝐚𝐫𝐑𝐅: ดูแลความหย่อยคล้อยด้วย 𝐁𝐢𝐩𝐨𝐥𝐚𝐫 𝐑𝐅 𝐇𝐚𝐧𝐝𝐥𝐞 ให้ผิวรู้สึกกระชับ ดูเรียบเนียน

3️⃣ 𝐂𝐨𝐥𝐝 𝐂𝐫𝐲𝐨𝐭𝐡𝐞𝐫𝐚𝐩𝐲: ผลักวิตามินเข้มข้นด้วยความเย็น ปลอบประโลมและกระชับรูขุมขน

4️⃣ 𝐒𝐞𝐥𝐞𝐜𝐭𝐞𝐝 𝐌𝐚𝐬𝐤: ปิดท้ายด้วยมาส์กสูตรเฉพาะที่มีให้เลือกถึง 𝟏𝟖 สูตร! เพื่อตอบโจทย์ทุกความต้องการของผิวคุณ

💦สัมผัสความผ่อนคลายและผลลัพธ์ผิวที่แลดูอิ่มน้ำได้แล้ววันนี้ที่ 𝐊𝐕𝐊 𝐂𝐥𝐢𝐧𝐢𝐜
💌สอบถามโปรโมชั่นพิเศษประจำเดือนนี้ ทักเลย!
.
.
.
ช่องทางติดต่อสอบถาม แอดมิน+ ปรึกษาแพทย์
𝐋𝐢𝐧𝐞 𝐎𝐀 เป็นช่องทางหลัก
สาขา 𝗞𝗼𝗿𝗮𝘁 : @1stkvk 
สาขา 𝗦𝗶𝗮𝗺 : @kvksiam
.
🔹 สาขา 𝗞𝗼𝗿𝗮𝘁 : โคราช (Head Qaurters)
สาขา3 : ติดโรงเรียน ปลูกปัญญา เส้นสุระ 2 
สาขา1 : ในปั้มปตท. ข้างเดอะมอลล์โคราช
📞 06 1956 5444
.
🔹 สาขา 𝗦𝗶𝗮𝗺 : KVK Siam Clinic
Centerpoint Siam Square ชั้น 2
📞 09 5791 5444
.
🌐𝐖𝐞𝐛𝐬𝐢𝐭𝐞 : https://kvkclinic.com
📺𝐘𝐨𝐮𝐭𝐮𝐛𝐞 : https://youtube.com/@kornvikkaclinic1234?si=PwiLo4SaaXs9J2DS
……………………………………………
#KVKClinic #DrKoong #หมอเจด
#ยกมาตรฐานจริงใจล้ำสมัย
#SignatureProgram โปรแกรมพรีเมียม3D โปรแกรมทรีตเมนต์KVK",0,"04/20/2026 00:58",https://www.instagram.com/p/DXWJBBcma7g/,"ภาพสไลด์บน IG",,อายุการใช้งาน,361,153,1,0,0,0,0
17869318896656524,17841401688105385,kvkclinic,KVKClinic,"💫 ผิวที่แข็งแรง คือจุดเริ่มต้นของความมั่นใจ
ไม่ว่าผิวจะผ่านอะไรมา 𝐑𝐞𝐜𝐨𝐯𝐞𝐫𝐲 𝐒𝐤𝐢𝐧 𝐏𝐫𝐨𝐠𝐫𝐚𝐦  เผยความมั่นใจในแบบที่เป็นคุณ เพราะทุกเฉดสีผิวต้องการการดูแลที่เข้าใจ 

เพราะสภาพผิวของแต่ละคนมีความต้องการที่ต่างกัน 𝐊𝐕𝐊 𝐂𝐋𝐈𝐍𝐈𝐂 จึงออกแบบโปรแกรมที่ช่วยดูแลผิวอย่างเป็นลำดับขั้นตอน เพื่อผลลัพธ์ที่ช่วยให้ผิวดูอิ่มน้ำ สดใส และเสริมเกราะป้องกันผิวให้แข็งแรงขึ้น

🔍 เจาะลึก 𝟑 ระดับการดูแล:

1️⃣ 𝐁𝐚𝐬𝐢𝐜 𝐏𝐫𝐨𝐠𝐫𝐚𝐦 (𝟏𝟓,𝟗𝟎𝟎.-)
เหมาะสำหรับผู้ที่ต้องการเริ่มต้นดูแลผิว เน้นการเติมความชุ่มชื้นและกระตุ้นการทำงานของเซลล์ผิวด้วย 𝐒𝐢𝐠𝐧𝐚𝐭𝐮𝐫𝐞 𝐏𝐫𝐨𝐠𝐫𝐚𝐦 และ 𝐒𝐩𝐞𝐞𝐝 𝐔𝐩 𝐁𝐨𝐨𝐬𝐭𝐞𝐫 รวม 𝟔 ครั้งในแพ็กเกจ

2️⃣ 𝐀𝐝𝐯𝐚𝐧𝐜𝐞 𝐏𝐫𝐨𝐠𝐫𝐚𝐦 (𝟐𝟐,𝟗𝟎𝟎.-)
อัปเกรดการดูแลให้ลึกยิ่งขึ้น เพิ่มการดูแลผิวด้วยโปรแกรม 𝐑𝐞𝐝𝐭𝐨𝐮𝐜𝐡 𝐏𝐫𝐨 และ 𝐏𝐃𝐑𝐍 𝐌𝐚𝐬𝐤 ที่ช่วยให้ผิวแลดูเรียบเนียน รูขุมขนแลดูกระชับ และผิวดูอิ่มฟูขึ้นอย่างเป็นธรรมชาติ

3️⃣ 𝐄𝐥𝐢𝐭𝐞 𝐏𝐫𝐨𝐠𝐫𝐚𝐦 (𝟑𝟑,𝟗𝟎𝟎.-)
ที่สุดของการปรนนิบัติผิวแบบ 𝐅𝐮𝐥𝐥 𝐂𝐨𝐮𝐫𝐬𝐞 ครบทุกขั้นตอนการดูแล พร้อมไฮไลท์พิเศษ “𝟐𝟒𝐊 𝐆𝐨𝐥𝐝 𝐓𝐡𝐞𝐫𝐚𝐩𝐲” ที่ช่วยให้ผิวดูเปล่งปลั่ง กระจ่างใส และแลดูอ่อนเยาว์ในแบบที่คุณสัมผัสได้

อย่าปล่อยให้ปัญหาผิวรบกวนความมั่นใจ จองโปรแกรมที่ใช่ในราคาที่ชอบได้เลยวันนี้!

🔥 โปรโมชั่นพิเศษ ซื้อคอร์สลดเพิ่ม 𝟏𝟒% 
📅 วันนี้ – 30 เมษายน 2569 เท่านั้น
📍 KVK Clinic ทุกสาขา

สนใจพิมพ์ “สนใจ” หรือสอบถามรายละเอียดเพิ่มเติมทาง 𝐈𝐧𝐛𝐨𝐱 ได้เลยค่ะ
📩 
.
.
.
ช่องทางติดต่อสอบถาม แอดมิน+ ปรึกษาแพทย์
𝐋𝐢𝐧𝐞 𝐎𝐀 เป็นช่องทางหลัก
สาขา 𝗞𝗼𝗿𝗮𝘁 : @1stkvk 
สาขา 𝗦𝗶𝗮𝗺 : @kvksiam
.
🔹 สาขา 𝗞𝗼𝗿𝗮𝘁 : โคราช (Head Qaurters)
สาขา3 : ติดโรงเรียน ปลูกปัญญา เส้นสุระ 2 
สาขา1 : ในปั้มปตท. ข้างเดอะมอลล์โคราช
📞 06 1956 5444
.
🔹 สาขา 𝗦𝗶𝗮𝗺 : KVK Siam Clinic
Centerpoint Siam Square ชั้น 2
📞 09 5791 5444
.
🌐𝐖𝐞𝐛𝐬𝐢𝐭𝐞 : https://kvkclinic.com
📺𝐘𝐨𝐮𝐭𝐮𝐛𝐞 : https://youtube.com/@kornvikkaclinic1234?si=PwiLo4SaaXs9J2DS
……………………………………………
#KVKClinic #DrKoong #DrJade 
#ยกมาตรฐานจริงใจล้ำสมัย
#RecoverySkinProgramByKVK
โปรแกรมดูแลผิวพรีเมียม",0,"04/20/2026 05:31",https://www.instagram.com/p/DXWoNW_GUMc/,"ภาพสไลด์บน IG",,อายุการใช้งาน,501,184,1,1,0,0,0
18109168372862273,17841401688105385,kvkclinic,KVKClinic,"จากจมูกสั้น ดูไม่มีมิติ
2 เดือน ทรงละมุนขึ้นแบบเห็นได้ชัด 👃✨
.
ก่อนทำทรงจมูกคนไข้สันจมูกค่อนข้างต่ำ 
ปลายจมูกมีความสั้นและงุ้มลงเล็กน้อย
ทำให้รูปทรงจมูกดูทู่และขาดมิติ
เคสนี้แก้ไขด้วยโปรแกรมเสริมจมูก 
เพื่อปรับทรงปลายจมูกให้ได้สัดส่วนมากขึ้น
หลังทำครบ 2 เดือนทรงจมูกเริ่มเข้าที่มากขึ้น
ปลายจมูกดูยาวและยกขึ้นอย่างพอดี
ทำให้รูปทรงโดยรวมดูเรียว ละมุน
.
ผ่าตัดเสริมจมูกที่ KVK Clinic
✅ ดูแลโดยแพทย์มากประสบการณ์
✅ ปรึกษากับคุณหมอก่อนเข้าห้องผ่าตัดทุกเคส
✅ ออกแบบทรงจมูกให้เข้ากับแต่ละบุคคล แบบเคสต่อเคส
✅ ติดตามผลและดูแลหลังผ่าตัดอย่างต่อเนื่อง",0,"04/21/2026 22:05",https://www.instagram.com/p/DXa-uIzEmy4/,"รูปภาพ IG",,อายุการใช้งาน,361,211,1,0,0,0,0
18053147369720592,17841401688105385,kvkclinic,KVKClinic,"🔥 ดีลแรง! ตัวท็อปยกกระชับ + ผิวโกลว์ ครบในโปรเดียว 🔥
.
ใครอยาก “หน้าตึง ผิวแน่น กรอบหน้าชัด ” ต้องจัดด่วน!
🔥𝗣𝗿𝗼𝗺𝗼𝘁𝗶𝗼𝗻 เพียง 𝟯𝟯,𝟵𝟬𝟬.-

✅ 𝗣𝗥𝗢𝗚𝗥𝗔𝗠 𝗢𝗟𝗜𝗚𝗜𝗢 𝗫 𝟲𝟬𝟬 𝗦𝗛𝗢𝗧 : เย็น ยก ยุบ นาน + เทคโนโลยี𝗚𝗫𝗚 ลงทุกชั้นผิว
✅ 𝗣𝗥𝗢𝗚𝗥𝗔𝗠 𝗨𝗟𝗧𝗥𝗔𝗙𝗢𝗥𝗠𝗘𝗥 𝗠𝗣𝗧 𝟯𝟬𝟬 𝗦𝗛𝗢𝗧𝗦 : เพิ่มพลังยกกระชับ 𝘅𝟮 เห็นผลลัพธ์ชัดขึ้น
.
.
✨ ไม่พอ! ยังได้อีก
แลกซื้อ 𝗣𝗥𝗢𝗚𝗥𝗔𝗠 𝗣𝗥𝗘𝗠𝗜𝗨𝗠 𝗕𝗔𝗕𝗬 𝗚𝗟𝗢𝗪 
ผิวใส ฉ่ำ โกลว์ แบบผิวลูกคุณ
🔥 ราคาเพียง 𝟭𝟱,𝟵𝟬𝟬.- (จากปกติ 25,000.-)
.
✨โปรนี้คือคำตอบ ทำครั้งเดียว ได้ทั้ง
• ยกกระชับ+หน้าเรียว+ผิวแน่น
• ผิวฟู อิ่มน้ำ ดูสุขภาพดี
• ผิวเนียนละเอียด แต่งหน้าง่ายขึ้น
.
.
.
ช่องทางติดต่อสอบถาม แอดมิน+ ปรึกษาแพทย์
𝐋𝐢𝐧𝐞 𝐎𝐀 เป็นช่องทางหลัก
สาขา 𝗞𝗼𝗿𝗮𝘁 : @1stkvk
สาขา 𝗦𝗶𝗮𝗺 : @kvksiam
.
🔹 สาขา 𝗞𝗼𝗿𝗮𝘁 : โคราช (Head Qaurters)
สาขา3 : ติดโรงเรียน ปลูกปัญญา เส้นสุระ 2 
สาขา1 : ในปั้มปตท. ข้างเดอะมอลล์โคราช
📞 06 1956 5444
.
🔹 สาขา 𝗦𝗶𝗮𝗺 : KVK Siam Clinic
Centerpoint Siam Square ชั้น 2
📞 09 5791 5444
.
🌐𝐖𝐞𝐛𝐬𝐢𝐭𝐞 : https://kvkclinic.com
📺𝐘𝐨𝐮𝐭𝐮𝐛𝐞 : https://youtube.com/@kornvikkaclinic1234?si=PwiLo4SaaXs9J2DS
……………………………………………
#KVKClinic #DrKoong #หมอเจด
#ยกมาตรฐานจริงใจล้ำสมัย
#OligioX #UltraformerMPT
#MPT #OGX #ยกกระชับ
#BabyGlowProgram",0,"04/22/2026 04:00",https://www.instagram.com/p/DXbnZVwj3GK/,"รูปภาพ IG",,อายุการใช้งาน,480,259,3,1,0,0,0
18103724863936634,17841401688105385,kvkclinic,KVKClinic,"จากจมูกแบน มุมข้างที่เคยเรียบ 
วันนี้ดูมีมิติขึ้นแล้ว ✨
.
เคสนี้คนไข้มีลักษณะสันจมูกค่อนข้างแบน 
ปลายจมูกมีความสั้นและทู่เล็กน้อย ทำให้ทรงจมูกดูสั้น
เคสนี้แก้ไขด้วยโปรแกรมเสริมจมูก
พร้อมออกแบบทรงใหม่ให้รับกับใบหน้า 
และปรับปลายให้ดูยาวขึ้น
หลังทำจะเห็นว่าสันจมูกดูยกและชัดขึ้น
ปลายจมูกถูกปรับให้ยาว ทำให้ทรงจมูกดูเรียวขึ้น
มุมด้านข้างดูมีมิติแลดูเป็นธรรมชาติ
.
ผ่าตัดเสริมจมูกที่ KVK Clinic
✅ ดูแลโดยแพทย์มากประสบการณ์
✅ ปรึกษากับคุณหมอก่อนเข้าห้องผ่าตัดทุกเคส
✅ ออกแบบทรงจมูกให้เข้ากับแต่ละบุคคล แบบเคสต่อเคส
✅ ติดตามผลและดูแลหลังผ่าตัดอย่างต่อเนื่อง",0,"04/22/2026 20:15",https://www.instagram.com/p/DXdW7j2FGfg/,"รูปภาพ IG",,อายุการใช้งาน,433,245,2,0,0,0,2
17967300338902412,17841401688105385,kvkclinic,KVKClinic,"🤔ทำไมต้อง 𝟐𝟒𝐊 𝐆𝐨𝐥𝐝 𝐓𝐡𝐞𝐫𝐚𝐩𝐲 ที่ 𝐊𝐕𝐊𝐂𝐥𝐢𝐧𝐢𝐜 ?

เริ่มต้นด้วยการนวดปรนนิบัติผิว และการผลักวิตามินด้วยความเย็นเพื่อปิดรูขุมขน ก่อนจะเข้าสู่ไฮไลท์สำคัญอย่างการพอก ”ทองคำบริสุทธิ์ 𝟐𝟒𝐊 𝐆𝐨𝐥𝐝 “ ทั่วใบหน้า กลิ่นหอมอ่อนๆ และสัมผัสที่เย็นสดชื่นจะช่วยให้คุณรู้สึกผ่อนคลายเหมือนได้ไปสปาหรู ผสานกับเทคนิคเฉพาะที่ 𝐊𝐕𝐊 𝐂𝐥𝐢𝐧𝐢𝐜 จะช่วยให้:

✅ผิวดูสว่างกระจ่างใสขึ้นอย่างเป็นธรรมชาติ

✅ช่วยกักเก็บความชุ่มชื้น ให้ผิวดูอิ่มฟู

✅ลดความหมองคล้ำสะสมจากการพักผ่อนน้อย

🧖‍♀️หลังทำสัมผัสได้ถึงผิวที่เนียนนุ่มและดูโกลว์สุขภาพดีทันที! ใครที่ผิวล้า ผิวแห้งกร้าน บอกเลยว่าโปรแกรมนี้คือคำตอบ✨

💌สอบถามรายละเอียดเพิ่มเติมหรือจองคิวทัก Inbox ได้เลย!

.............................................................
#KVKClinic #DrKoong #หมอเจด
#ยกมาตรฐานจริงใจล้ำสมัย 
#24KGoldTherapy RecoverySkinProgram
โปรแกรมทรีทเมนต์ทองคำ",41,"04/23/2026 03:17",https://www.instagram.com/reel/DXeHLX4CHm2/,"คลิป Reels บน IG",,อายุการใช้งาน,256,213,2,0,0,0,0
18069431714319967,17841401688105385,kvkclinic,KVKClinic,"ปัญหาตาชั้นเดียว ตาหลบใน #KVKClinic #KVKSurgery #DrJade #หมอเจด #drKoong #ตาสองชั้น",83,"04/23/2026 22:03",https://www.instagram.com/reel/DXgIB8SAeza/,"คลิป Reels บน IG",,อายุการใช้งาน,364,275,1,1,0,0,1
17922680535122802,17841401688105385,kvkclinic,KVKClinic,"#หยุดฟังก่อนสายเกินแก้!!!👋

3 สัญญาณเตือน! อย่าปล่อยให้คอลลาเจนติดลบจนหน้าพัง 📉✨

ส่องกระจกเช็กด่วน! ใครเริ่มมีริ้วรอยเล็กๆ ผิวแห้งกร้าน หรือหน้าเริ่มหย่อนคล้อยไม่กระชับเหมือนก่อน นั่นคือสัญญาณว่าคอลลาเจนในผิวเริ่มลดลงแล้วนะคะ⛔️

คืนความอ่อนเยาว์ให้ผิวด้วยโปรแกรม RedTouch Pro นวัตกรรมใหม่ที่ช่วยกระตุ้นคอลลาเจนลึกถึงชั้นผิว ให้ผิวกลับมาเด้ง อิ่มฟู เหมือนย้อนเวลาได้อีกครั้ง

📅 จองคิวปรึกษาคุณหมอณิชา หรือสอบถามรายละเอียดเพิ่มเติมได้ที่ Inbox เลยค่ะ
*ผลลัพธ์ขึ้นอยู่กับสภาพผิวของแต่ละบุคคล
...............................................................
#KVKClinic #DrKoong #หมอเจด 
#ยกมาตรฐานจริงใจล้ำสมัย 
ProgramRedTouchPro ProgramRedLightLaser เลเซอร์ผิวหน้า",192,"04/24/2026 19:00",https://www.instagram.com/reel/DXiYB_bT1qx/,"คลิป Reels บน IG",,อายุการใช้งาน,298,216,3,1,0,0,0
18191720926367360,17841401688105385,kvkclinic,KVKClinic,"จากตาปรือ ดูง่วงตลอดเวลา
ปรับชั้นตาใหม่ให้ดูสดใสกว่าเดิม 👁️👁️
.
เคสนี้ตาข้างขวามีภาวะกล้ามเนื้อตาอ่อนแรง
และทำให้ตาดูปรือ ทำให้รู้สึกตาดูง่วงตลอดเวลา
เคสนี้เลือกแก้ไขด้วยการผ่าตัดตาสองชั้น
ร่วมกับการแก้ไขปรับกล้ามเนื้อตา 
ที่ช่วยให้เปลือกตาดูยกขึ้นและได้ชั้นตาที่ดูชัดขึ้น
หลังทำครบ 6 เดือน ดวงตาเปิดขึ้นอย่างเป็นธรรมชาติ
ช่วยให้ดวงตาดูสดใส ชั้นตาชัดขึ้น
.
ผ่าตัดตาสองชั้นที่ KVK Clinic
✅ ดูแลโดยแพทย์มากประสบการณ์
✅ ปรึกษากับคุณหมอก่อนเข้าห้องผ่าตัดทุกเคส
✅ ออกแบบชั้นตาให้เข้ากับแต่ละบุคคล แบบเคสต่อเคส
✅ ติดตามผลและดูแลหลังผ่าตัดอย่างต่อเนื่อง",0,"04/24/2026 20:00",https://www.instagram.com/p/DXie0_hkbS9/,"รูปภาพ IG",,อายุการใช้งาน,322,179,0,1,0,0,0
18433910347139779,17841401688105385,kvkclinic,KVKClinic,"🤭สัมผัสประสบการณ์การดูแลผิวระดับพรีเมียมกับ 𝐏𝐫𝐨𝐠𝐫𝐚𝐦 𝐔𝐥𝐭𝐡𝐞𝐫𝐚 𝐏𝐫𝐢𝐦𝐞 ที่ออกแบบมาเพื่อตอบโจทย์ 𝟑 ผลลัพธ์ในหนึ่งเดียว 𝟑𝟎𝟎𝐋𝐢𝐧𝐞 เพียง 𝟑𝟗,𝟗𝟎𝟎.-‼️
.
🔸𝐏𝐫𝐞𝐜𝐢𝐬𝐢𝐨𝐧 𝐋𝐢𝐟𝐭𝐢𝐧𝐠: พลังงานอัลตราซาวด์ที่มีความแม่นยำสูง ลงลึกถึงจุดที่ต้องการ แก้ไขปัญหาความหย่อนคล้อยได้อย่างตรงจุด
🔸𝐂𝐨𝐥𝐥𝐚𝐠𝐞𝐧 𝐁𝐨𝐨𝐬𝐭: กระตุ้นการสร้างคอลลาเจนใหม่ ให้ผิวค่อยๆ ดูฟูและเรียบเนียนขึ้นอย่างเป็นธรรมชาติ
🔸𝐒𝐤𝐢𝐧 𝐐𝐮𝐚𝐥𝐢𝐭𝐲: ไม่ใช่แค่ยก แต่ยังช่วยให้ Texture ของผิวดูละเอียดและมีความยืดหยุ่น (Elasticity) มากยิ่งขึ้น
🎯 ทำไมต้อง 𝟑𝟎𝟎 Line?
จำนวน Line ที่พอเหมาะสำหรับเน้นเฉพาะจุด เช่น กรอบหน้า หรือ แก้ม เพื่อการเก็บรายละเอียดที่เห็นผลชัดเจน ภายใต้การดูแลของทีมแพทย์ 𝐊𝐕𝐊𝐂𝐥𝐢𝐧𝐢𝐜
.
📍 สนใจปรึกษาหรือจองสิทธิ์ ทักแชทพิมพ์ “𝐏𝐑𝐈𝐌𝐄𝟑𝟎𝟎” รับสิทธิพิเศษทีมแอดมินสแตนด์บายดูแลคุณอยู่
.
.
.
ช่องทางติดต่อสอบถาม แอดมิน+ ปรึกษาแพทย์
𝐋𝐢𝐧𝐞 𝐎𝐀 เป็นช่องทางหลัก
สาขา 𝗞𝗼𝗿𝗮𝘁 : @1stkvk
สาขา 𝗦𝗶𝗮𝗺 : @kvksiam
.
🔹 สาขา 𝗞𝗼𝗿𝗮𝘁 : โคราช (Head Qaurters)
สาขา3 : ติดโรงเรียน ปลูกปัญญา เส้นสุระ 2 
สาขา1 : ในปั้มปตท. ข้างเดอะมอลล์โคราช
📞 06 1956 5444
.
🔹 สาขา 𝗦𝗶𝗮𝗺 : KVK Siam Clinic
Centerpoint Siam Square ชั้น 2
📞 09 5791 5444
.
🌐𝐖𝐞𝐛𝐬𝐢𝐭𝐞 : https://kvkclinic.com
📺𝐘𝐨𝐮𝐭𝐮𝐛𝐞 : https://youtube.com/@kornvikkaclinic1234?si=PwiLo4SaaXs9J2DS
……………………………………………
#KVKClinic #DrKoong #หมอเจด
#ยกมาตรฐานจริงใจล้ำสมัย
#ProgramUltherapyPrime โปรโมชั่นสุดพรีเมียม",0,"04/24/2026 20:46",https://www.instagram.com/p/DXikEa-iCFk/,"รูปภาพ IG",,อายุการใช้งาน,296,175,1,0,0,0,0
17859807756686788,17841401688105385,kvkclinic,KVKClinic,"🧐เจาะลึกความต่าง! โปรแกรม 𝐔𝐥𝐭𝐡𝐞𝐫𝐚𝐩𝐲 𝐏𝐫𝐢𝐦𝐞 𝐕𝐒 𝐒𝐏𝐓 โปรแกรม 
ต่างกันจริงไหม? หมอกุ้งมีคำตอบ 📣

วันนี้หมอกุ้งจะมาเจาะลึกความแตกต่างของทั้ง 𝟐 โปรแกรม เพื่อให้ทุกคนเข้าใจกลไกการยกกระชับที่ลงลึกถึงชั้น 𝐒𝐌𝐀𝐒 รวมถึงเทคโนโลยีหน้าจอแสดงผลแบบ 𝐑𝐞𝐚𝐥-𝐭𝐢𝐦𝐞 𝐕𝐢𝐬𝐮𝐚𝐥𝐢𝐳𝐚𝐭𝐢𝐨𝐧 ที่ช่วยให้การส่งพลังงานแม่นยำและตรงจุด🧬

• 𝐏𝐫𝐨𝐠𝐫𝐚𝐦 𝐔𝐥𝐭𝐡𝐞𝐫𝐚𝐩𝐲 𝐏𝐫𝐢𝐦𝐞: นวัตกรรมใหม่ที่อัปเกรดประสิทธิภาพและการประมวลผล

•𝐏𝐫𝐨𝐠𝐫𝐚𝐦 𝐔𝐥𝐭𝐡𝐞𝐫𝐚𝐩𝐲 𝐒𝐏𝐓: มาตรฐานการยกกระชับที่เน้นความสบาย (See, Plan, Treat)

📚มาหาคำตอบในคลิปนี้ เพื่อการวางแผนดูแลผิวที่แม่นยำโดยแพทย์ผู้เชี่ยวชาญค่ะ

หมายเหตุ: ผลลัพธ์ที่ได้ขึ้นอยู่กับสภาพผิวเฉพาะบุคคล
...............................................................
#KVKClinic #DrKoong #หมอเจด 
#ยกมาตรฐานจริงใจล้ำสมัย 
#ProgramUltherapyPrime ProgramUltherapySPT
ความรู้คู่ความสวย",1073,"04/24/2026 21:30",https://www.instagram.com/reel/DXipHjlzh5G/,"คลิป Reels บน IG",,อายุการใช้งาน,229,179,2,0,0,0,0
18080431046413610,17841401688105385,kvkclinic,KVKClinic,"รีวิวพลีชีพ! มาดูแลหน้าด้วยโปรแกรม 𝐔𝐥𝐭𝐡𝐞𝐫𝐚𝐩𝐲 𝐏𝐫𝐢𝐦𝐞 𝐱 โปรแกรม 𝐃𝐞𝐧𝐬𝐢𝐭𝐲 ครั้งแรก เป็นยังไง…?
ทำไมใครๆ ก็มาที่ 𝐊𝐕𝐊 𝐂𝐥𝐢𝐧𝐢𝐜 ตามมาดูรีวิวนี้เลย🧐

✨มาสัมผัสประสบการณ์การดูแลผิวยก กรอบหน้าชัด กับทั้งสองโปรแกรมนี้ แบบคุณบี ได้ที่ KVKClinic  ดูแลโดยผู้ชำนาญการ👩🏻‍⚕️

💌สอบถามรายละเอียดเพิ่มเติมที่คลินิกได้เลยนะคะ
* ผลลัพธ์ขึ้นอยู่กับแต่ละบุคคล

...............................................................
#KVKClinic #DrKoong #หมอเจด 
#ยกมาตรฐานจริงใจล้ำสมัย 
#ProgramUltherapyPrime ProgramDensity
โปรแกรมยกกระชับ",129,"04/25/2026 04:00",https://www.instagram.com/reel/DXjVzTzT64f/,"คลิป Reels บน IG",,อายุการใช้งาน,341,256,6,1,1,1,0
18388054144094020,17841401688105385,kvkclinic,KVKClinic,"ตาง่วง ตาปรือ ปัญหาที่มากกว่าหนังตาตก #KVKClinic #KVKSurgery #DrJade #หมอเจด #drKoong #ตาสองชั้น",80,"04/25/2026 04:02",https://www.instagram.com/reel/DXjV8eNgvNp/,"คลิป Reels บน IG",,อายุการใช้งาน,398,322,0,1,1,0,1
18079921628533354,17841401688105385,kvkclinic,KVKClinic,"จมูกแบน ปลายทู่ ปีกกว้าง
ปรับทรงใหม่ให้เรียวชัดขึ้น ✨
.
เคสนี้สันจมูกค่อนข้างต่ำ ทำให้มุมข้างดูเรียบ
ปลายจมูกมีเนื้อเยอะ ทำให้ทรงดูทู่ 
และปีกจมูกค่อนข้างกว้าง
คุณหมอจึงแก้ไขด้วยโปรแกรมเสริมจมูก
โดยทำร่วมกับการตัดปีก เพื่อปรับสันให้ดูชัดขึ้น 
และลดความกว้างของฐานจมูก
หลังทำทันทีจะเห็นได้ชัดว่าทรงจมูกดูเรียวขึ้น
ปลายจมูกถูกปรับให้ดูเล็กและได้รูปมากขึ้น
.
ผ่าตัดเสริมจมูกที่ KVK Clinic
✅ ดูแลโดยแพทย์มากประสบการณ์
✅ ปรึกษากับคุณหมอก่อนเข้าห้องผ่าตัดทุกเคส
✅ ออกแบบทรงจมูกให้เข้ากับแต่ละบุคคล แบบเคสต่อเคส
✅ ติดตามผลและดูแลหลังผ่าตัดอย่างต่อเนื่อง",0,"04/25/2026 20:00",https://www.instagram.com/p/DXlDsJdjakK/,"รูปภาพ IG",,อายุการใช้งาน,332,195,1,0,0,0,0
18109149493880688,17841401688105385,kvkclinic,KVKClinic,"#สัญญาณเตือน อย่าปล่อยให้ใบหน้า ”ดูแปลก“ เพราะความไม่พอดี ⚠️

📝ทำความรู้จักกับ Overfilled Syndrome ภาวะที่เกิดจากการเติมเต็มที่มากเกินไปจนเสียสมดุล

🧐ลองเช็กอาการเบื้องต้นในคลิปนี้ ว่าสิ่งที่เราเติมเข้าไปยังพอดีอยู่ไหม? 
เพราะงานผิวที่ดูดี คือผิวที่ยังคงความเป็นธรรมชาติและรับกับโครงหน้าเดิมของเราที่สุด🫶

✨ ปรึกษาเทคนิคการดูแลรูปหน้าให้ละมุน ไม่ดูหลอกตา ได้ที่คอมเมนต์ด้านล่างเลยค่ะ

...............................................................
#KVKClinic #DrKoong #หมอเจด 
#ยกมาตรฐานจริงใจล้ำสมัย 
โปรแกรมฟิลเลอร์
OverfilledSyndrome
ปรับสมดุลใบหน้า",418,"04/25/2026 22:54",https://www.instagram.com/reel/DXlW-8rCKzB/,"คลิป Reels บน IG",,อายุการใช้งาน,271,211,4,0,0,0,0
18181308004382910,17841401688105385,kvkclinic,KVKClinic,"𝐃𝐨𝐮𝐛𝐥𝐞 𝐀𝐜𝐭𝐢𝐨𝐧! ทั้งงานผิว ทั้งงานรูปหน้า จบที่เครื่องเดียว 💎

✨เปิดตัวน้องใหม่สายเป๊ะโปรแกรม  𝐗𝐓𝐡𝐞𝐫𝐦𝐚 พลังงาน Monopolar RF โปรแกรมใหม่ที่ KVK Clinic ตอบโจทย์คนรักผิวแต่ไม่ชอบความทรมาน ช่วยให้คอลลาเจนทำงานได้ดีขึ้น พร้อมดูแลกรอบหน้าให้ชัดเป๊ะแบบไม่ต้องพักฟื้น

ใครที่มองหาความละมุนและงานผิวที่ดูอิ่มฟู ต้องลองตัวนี้เลยค่ะ🫶💕

🚘สามารถใช้บริการได้ที่ KVKCLINIC สาขา 1 เท่านั้น

...............................................................
#KVKClinic #DrKoong #หมอเจด 
#ยกมาตรฐานจริงใจล้ำสมัย 
#ProgramXTherma NewProgramKVK
MonopolarRF",277,"04/26/2026 21:15",https://www.instagram.com/reel/DXnxCGAzD5l/,"คลิป Reels บน IG",,อายุการใช้งาน,290,201,1,1,0,0,0
18071792732291431,17841401688105385,kvkclinic,KVKClinic,"จากตาที่เคยปรือไม่เท่ากัน
ครบ 1 เดือน ชั้นชัดแลดูธรรมชาติ ✨
.
เคสนี้ก่อนทำมีภาวะกล้ามเนื้อตาอ่อนแรง
ทำให้ตาไม่เท่ากันและตาดูเล็ก
คุณหมอแก้ไขด้วยการผ่าตัดตาสองชั้น
ร่วมกับปรับกล้ามเนื้อตา พร้อมออกแบบชั้นตาใหม่
หลังทำครบ 1 เดือนชั้นตาเริ่มเข้าที่ 
ดูใกล้เคียงกันทั้งสองข้างมากขึ้น 
ดวงตาดูเปิดขึ้นแลดูเป็นธรรมชาติ
.
ผ่าตัดตาสองชั้นที่ KVK Clinic
✅ ดูแลโดยแพทย์มากประสบการณ์
✅ ปรึกษากับคุณหมอก่อนเข้าห้องผ่าตัดทุกเคส
✅ ออกแบบชั้นตาให้เข้ากับแต่ละบุคคล แบบเคสต่อเคส
✅ ติดตามผลและดูแลหลังผ่าตัดอย่างต่อเนื่อง",0,"04/27/2026 20:01",https://www.instagram.com/p/DXqNUgWDG-b/,"รูปภาพ IG",,อายุการใช้งาน,311,189,1,0,0,0,1
18170105230411224,17841401688105385,kvkclinic,KVKClinic,"เก็บตก Moment บรรยากาศ KVKClinic ครบรอบ 14ปี ในช่วงต้นเดือนที่ผ่านมา 🥂✨

🧐ทำไมใครๆ ก็มาจบที่ KVK Clinic? คำตอบอยู่ในทุกรอยยิ้มและความมั่นใจที่ส่งต่อกันมาตลอด 14 ปี

เพราะเราเชื่อว่า ‘ความสวยไม่มีสูตรสำเร็จ’ ทุกสภาพผิวและรูปหน้าต้องการการดูแลที่แตกต่าง ทีมงานของเราจึงใส่ใจในทุกรายละเอียด ตั้งแต่การให้คำปรึกษาไปจนถึงการดูแลหลังรับบริการ เพื่อให้คุณได้รับประสบการณ์ที่ดีที่สุดในทุกครั้งที่ก้าวเข้ามาหาเรา โดยการคัดสรรนวัตกรรมที่เหมาะสมกับความต้องการเฉพาะบุคคล

ภาพรอยยิ้มของทุกท่านคือเครื่องยืนยันว่า ตลอด 14 ปีที่ผ่านมา เราเดินมาถูกทางแล้ว และจะพัฒนาต่อไปเรื่อยๆ ขอบพระคุณที่ให้เราเป็นส่วนหนึ่งในวันสำคัญและความสำเร็จของคุณเสมอมาค่ะ🫶💕
............................................
#KVKClinic #DrKoong #หมดเจด
#ยกมาตรฐานจริงใจล้ำสมัย 
#KVKAnniversary14th
ฉลองครบรอบ14ปีKVKClinic ขอบคุณผู้ใช้บริการKVK",106,"04/27/2026 23:17",https://www.instagram.com/reel/DXqjnXoiNut/,"คลิป Reels บน IG",,อายุการใช้งาน,358,256,4,1,0,0,0
18201457096343518,17841401688105385,kvkclinic,KVKClinic,"แค่เปลี่ยนชั้นตา ลุคก็ดูละมุนขึ้นทันที ✨
.
ก่อนทำมีปัญหาชั้นตาไม่ชัด ชั้นตาซ้อนกันหลายชั้น 
และชั้นตาหลบในข้างซ้าย ทำให้รู้สึกตาดูง่วง
เคสนี้เลือกแก้ไขด้วยการผ่าตัดตาสองชั้น
หลังทำทันทีจะเห็นว่าชั้นตาชั้นขึ้น 
รูปตาดูเปิดและดวงตาดูโตสดใสขึ้น
แลดูเป็นธรรมชาติ
.
ผ่าตัดตาสองชั้นที่ KVK Clinic
✅ ดูแลโดยแพทย์มากประสบการณ์
✅ ปรึกษากับคุณหมอก่อนเข้าห้องผ่าตัดทุกเคส
✅ ออกแบบชั้นตาให้เข้ากับแต่ละบุคคล แบบเคสต่อเคส
✅ ติดตามผลและดูแลหลังผ่าตัดอย่างต่อเนื่อง",0,"04/28/2026 20:00",https://www.instagram.com/p/DXsyEKHjQo5/,"รูปภาพ IG",,อายุการใช้งาน,285,175,0,0,0,0,0
18099354968107214,17841401688105385,kvkclinic,KVKClinic,"ผ่าตัดเสริมจมูกควรเลือกแบบไหนดี #KVKClinic #KVKSurgery #DrJade #หมอเจด #drKoong #เสริมจมูก",65,"04/29/2026 04:31",https://www.instagram.com/reel/DXtsflaCPwl/,"คลิป Reels บน IG",,อายุการใช้งาน,255,215,1,0,0,1,0
17923476333299898,17841401688105385,kvkclinic,KVKClinic,"เลือกสิ่งที่ใช่ ให้เหมาะกับผิวคุณ 🤔

โปรแกรมอัลเทอร่า Prime หรือโปรแกรม SPT? 
สองโปรแกรมยอดฮิตที่หลายคนสงสัยว่าต่างกันยังไง และแบบไหนที่ตอบโจทย์ปัญหาผิวของเรามากที่สุด 🧬

👩🏻‍⚕️ เมื่อ คุณหมอกุ้ง (พญ กรวิกกา พัฒนะปราน ว 38020) และ คุณหมอโบว์ (พญ.เสาวภาคย์ ตรีสุธรรมมาศ ว
65557 ) มาแชร์ความแตกต่างของ 2 โปรแกรมยอดนิยมจาก KVK Clinic✨ ให้หายสงสัย 

ใครที่กำลังลังเลอยู่ สามารถปรึกษาคุณหมอที่ KVK Clinic ได้ทุกสาขาเลยนะคะ 💌
............................................
#KVKClinic #DrKoong #หมอเจด
#ยกมาตรฐานจริงใจล้ำสมัย 
#ถามไวตอบไวกับKVK  โปรแกรมยกกระชับผิว ProgramUltheraPrime ProgramSPT",101,"04/30/2026 05:10",https://www.instagram.com/reel/DXwVuKrz411/,"คลิป Reels บน IG",,อายุการใช้งาน,484,315,4,0,0,0,0
18101429186513209,17841401688105385,kvkclinic,KVKClinic,"จะรักษาก็ต้องรู้สาเหตุ! ใครมีรอยโรคที่ผิวแบบไหน มาเช็กกันได้เลยค่ะ ⁉️

👩‍⚕️ วันนี้คุณหมอกุ้ง (พญ กรวิกกา พัฒนะปราน ว 38020) KVK Clinic มาแชร์เรื่อง ’รอยโรคที่พบบ่อย‘ และมาดูกันว่าปัญหาผิวในรูปแบบต่างๆ การเลือกหัตถการให้ตรงจุดจึงเป็นเรื่องสำคัญ เพื่อผลลัพธ์ที่ตอบโจทย์และปลอดภัย และมีแนวทางในการดูแลอย่างไรบ้าง

สามารถทิ้งคำถามไว้ที่คอมเมนต์หรือส่งภาพเข้ามาปรึกษาพวกเราได้เลยนะคะ เราพร้อมให้คำแนะนำอย่างตรงไปตรงมาค่ะ📩

............................................
#KVKClinic #DrKoong #หมอเจด
#ยกมาตรฐานจริงใจล้ำสมัย 
#ถามไวตอบไวกับหมอกุ้ง  ความรู้เรื่องผิว",0,"05/01/2026 01:26",https://www.instagram.com/reel/DXyguXPId6M/,"คลิป Reels บน IG",,อายุการใช้งาน,378,267,3,0,0,0,2
17928168957091998,17841401688105385,kvkclinic,KVKClinic,"5.5 MASSIVE SALE จัดหนัก จัดเต็ม!
”ยิ่งซื้อ ยิ่งได้“ ยิ่งซื้อเยอะ ยิ่งคุ้มเว่อร์!
.
🎯 หมุนวงล้อ Digital ลุ้นรางวัล แบบจัดเต็ม
ซื้อครบ 25,000.- หมุน 1 ครั้ง 
ซื้อครบ 50,000.- หมุน 2 ครั้ง

🎯 ยิ่งซื้อ ยิ่งคุ้ม ลดเพิ่มสูงสุด 15%
1 คอร์ส ลดเพิ่ม 10% 
2 คอร์ส ลดเพิ่ม 15% 

🎯 Buy 1 Get 1 Free 
โปรแกรมยกกระชับ combine ผิวยก+หน้าแน่น เฟิร์ม
.
✨ รวมโปรตัวฮิต:
💉 Program Filler Lifting ฟรีโบเกาหลี Upper Face
💆‍♀️ โปรแกรมยกกระชับ 17 Brands ที่ควรทำยกมาที่นี่
💥 โปรแกรมPico Laser รับสิทธิ์แลกซื้อราคาพิเศษ
✨ BABY Glow Program ซื้อ 3 แถม 1 คุ้มมาก!!
.
💳 ผ่อน 0% นานสูงสุด 10 เดือน
📆 โปรถึง 31 พ.ค. นี้เท่านั้น!

🔥 ใครเล็งอะไรไว้ รีบทักเลย
เพราะโปรนี้…ไม่ได้มีบ่อย!
.
.
.
ช่องทางติดต่อสอบถาม แอดมิน+ ปรึกษาแพทย์
𝐋𝐢𝐧𝐞 𝐎𝐀 เป็นช่องทางหลัก
สาขา 𝗞𝗼𝗿𝗮𝘁 : @1stkvk 
.
🔹 สาขา 𝗞𝗼𝗿𝗮𝘁 : โคราช (Head Qaurters)
สาขา3 : ติดโรงเรียน ปลูกปัญญา เส้นสุระ 2 
สาขา1 : ในปั้มปตท. ข้างเดอะมอลล์โคราช
📞 06 1956 5444
.
🌐𝐖𝐞𝐛𝐬𝐢𝐭𝐞 : https://kvkclinic.com
📺𝐘𝐨𝐮𝐭𝐮𝐛𝐞 : https://youtube.com/@kornvikkaclinic1234?si=PwiLo4SaaXs9J2DS
............................................
#KVKClinic #DrKoong #หมอเจด
#ยกมาตรฐานจริงใจล้ำสมัย 
#KVKMASSIVESALE โปรโมชั่นเดือนพฤษภาคมKVK โปรนี้มีแต่คุ้ม",0,"05/01/2026 22:00",https://www.instagram.com/p/DX0uLiVGRK_/,"ภาพสไลด์บน IG",,อายุการใช้งาน,419,155,1,0,0,0,0
18137602486530733,17841401688105385,kvkclinic,KVKClinic,"5.5 MASSIVE SALE จัดหนัก จัดเต็ม!
”ยิ่งซื้อ ยิ่งได้“ ยิ่งซื้อเยอะ ยิ่งคุ้มเว่อร์!
.
🎯 หมุนวงล้อ Digital ลุ้นรางวัล แบบจัดเต็ม
ซื้อครบ 25,000.- หมุน 1 ครั้ง 
ซื้อครบ 50,000.- หมุน 2 ครั้ง

🎯 ยิ่งซื้อ ยิ่งคุ้ม ลดเพิ่มสูงสุด 15%
1 คอร์ส ลดเพิ่ม 10% 
2 คอร์ส ลดเพิ่ม 15% 

🎯 Buy 1 Get 1 Free 
โปรแกรมยกกระชับ combine ผิวยก+หน้าแน่น เฟิร์ม
.
✨ รวมโปรตัวฮิต:
💉 Program Filler Lifting ฟรีโบเกาหลี Upper Face
💆‍♀️ โปรแกรมยกกระชับ 17 Brands ที่ควรทำยกมาที่นี่
💥 โปรแกรมPico Laser รับสิทธิ์แลกซื้อราคาพิเศษ
✨ BABY Glow Program ซื้อ 3 แถม 1 คุ้มมาก!!
.
💳 ผ่อน 0% นานสูงสุด 10 เดือน
📆 โปรถึง 31 พ.ค. นี้เท่านั้น!

🔥 ใครเล็งอะไรไว้ รีบทักเลย
เพราะโปรนี้…ไม่ได้มีบ่อย!
.
.
.
ช่องทางติดต่อสอบถาม แอดมิน+ ปรึกษาแพทย์
𝐋𝐢𝐧𝐞 𝐎𝐀 เป็นช่องทางหลัก
สาขา 𝗞𝗼𝗿𝗮𝘁 : @1stkvk 
.
🔹 สาขา 𝗞𝗼𝗿𝗮𝘁 : โคราช (Head Qaurters)
สาขา3 : ติดโรงเรียน ปลูกปัญญา เส้นสุระ 2 
สาขา1 : ในปั้มปตท. ข้างเดอะมอลล์โคราช
📞 06 1956 5444
.
🌐𝐖𝐞𝐛𝐬𝐢𝐭𝐞 : https://kvkclinic.com
📺𝐘𝐨𝐮𝐭𝐮𝐛𝐞 : https://youtube.com/@kornvikkaclinic1234?si=PwiLo4SaaXs9J2DS
............................................
#KVKClinic #DrKoong #หมอเจด
#ยกมาตรฐานจริงใจล้ำสมัย 
#KVKMASSIVESALE โปรโมชั่นเดือนพฤษภาคมKVK โปรนี้มีแต่คุ้ม",0,"05/01/2026 22:01",https://www.instagram.com/p/DX0uQO5mSWF/,"ภาพสไลด์บน IG",,อายุการใช้งาน,353,126,4,0,1,0,0
17916864744361071,17841401688105385,kvkclinic,KVKClinic,"5.5 MASSIVE SALE จัดหนัก จัดเต็ม!
”ยิ่งซื้อ ยิ่งได้“ ยิ่งซื้อเยอะ ยิ่งคุ้มเว่อร์!
.
🎯 หมุนวงล้อ Digital ลุ้นรางวัล แบบจัดเต็ม
ซื้อครบ 25,000.- หมุน 1 ครั้ง 
ซื้อครบ 50,000.- หมุน 2 ครั้ง

🎯 ยิ่งซื้อ ยิ่งคุ้ม ลดเพิ่มสูงสุด 15%
1 คอร์ส ลดเพิ่ม 10% 
2 คอร์ส ลดเพิ่ม 15% 

🎯 Buy 1 Get 1 Free 
โปรแกรมยกกระชับ combine ผิวยก+หน้าแน่น เฟิร์ม
.
✨ รวมโปรตัวฮิต:
💉 Program Filler Lifting ฟรีโบเกาหลี Upper Face
💆‍♀️ โปรแกรมยกกระชับ 17 Brands ที่ควรทำยกมาที่นี่
💥 โปรแกรมPico Laser รับสิทธิ์แลกซื้อราคาพิเศษ
✨ BABY Glow Program ซื้อ 3 แถม 1 คุ้มมาก!!
.
💳 ผ่อน 0% นานสูงสุด 10 เดือน
📆 โปรถึง 31 พ.ค. นี้เท่านั้น!

🔥 ใครเล็งอะไรไว้ รีบทักเลย
เพราะโปรนี้…ไม่ได้มีบ่อย!
.
.
.
ช่องทางติดต่อสอบถาม แอดมิน+ ปรึกษาแพทย์
𝐋𝐢𝐧𝐞 𝐎𝐀 เป็นช่องทางหลัก
สาขา 𝗞𝗼𝗿𝗮𝘁 : @1stkvk 
.
🔹 สาขา 𝗞𝗼𝗿𝗮𝘁 : โคราช (Head Qaurters)
สาขา3 : ติดโรงเรียน ปลูกปัญญา เส้นสุระ 2 
สาขา1 : ในปั้มปตท. ข้างเดอะมอลล์โคราช
📞 06 1956 5444
.
🌐𝐖𝐞𝐛𝐬𝐢𝐭𝐞 : https://kvkclinic.com
📺𝐘𝐨𝐮𝐭𝐮𝐛𝐞 : https://youtube.com/@kornvikkaclinic1234?si=PwiLo4SaaXs9J2DS
............................................
#KVKClinic #DrKoong #หมอเจด
#ยกมาตรฐานจริงใจล้ำสมัย 
#KVKMASSIVESALE โปรโมชั่นเดือนพฤษภาคมKVK โปรนี้มีแต่คุ้ม",0,"05/01/2026 22:02",https://www.instagram.com/p/DX0uWDBGW67/,"ภาพสไลด์บน IG",,อายุการใช้งาน,361,140,1,1,0,0,1
18164236909430384,17841401688105385,kvkclinic,KVKClinic,"โปรแกรมอัลเทอร่า PRIME 200 Line... ยกแค่ไหนมาดูกัน! 📈

สำหรับใครที่มีปัญหากรอบหน้าเริ่มไม่ชัด หรือต้องการยกกระชับช่วงแก้มล่าง
🔸Real-time Visualization: คุณหมอสามารถเห็นชั้นผิวขณะทำได้ตลอดเวลา ทำให้แม่นยำในทุก Line ที่ยิง

🔸200 Line Strategy: การวางแผนยิง 200 Line เพื่อเน้นกรอบหน้าให้ดู V-Shape และดูคมชัดขึ้น

🔸No Downtime: สวยแบบไม่ต้องพักฟื้น ใช้ชีวิตต่อได้ทันที

*ผลลัพธ์ที่ได้ขึ้นอยู่กับสภาพผิวและโครงสร้างหน้าของแต่ละบุคคล
📍 ปรึกษาคุณหมอเพื่อออกแบบจำนวน Line ที่เหมาะสมได้ที่ KVKClinic
............................................
#KVKClinic #DrKoong #หมอเจด
#ยกมาตรฐานจริงใจล้ำสมัย 
#ProgramUltherapyPRIME ReviewKVK ยกกระชับปรับรูปหน้า",26,"05/02/2026 20:30",https://www.instagram.com/reel/DX3IrtszINo/,"คลิป Reels บน IG",,อายุการใช้งาน,267,200,2,1,1,0,0
18345106792244698,17841401688105385,kvkclinic,KVKClinic,"🩺𝐒𝐏𝐄𝐂𝐈𝐀𝐋 𝐓𝐇𝐀𝐍𝐊𝐒 𝐅𝐎𝐑 𝐇𝐄𝐀𝐋𝐓𝐇𝐂𝐀𝐑𝐄 𝐇𝐄𝐑𝐎𝐄𝐒! 👩‍⚕️👨‍⚕️

𝐊𝐕𝐊 𝐂𝐥𝐢𝐧𝐢𝐜 จัดให้! สิทธิพิเศษเพื่อเพื่อนร่วมวิชาชีพทางการแพทย์และสาธารณสุขโดยเฉพาะ ด้วยโปรโมชันสุดพิเศษที่จัดมาให้ ”คนสายกาวน์“

.
🎁 รายละเอียด 𝐏𝐫𝐢𝐯𝐢𝐥𝐞𝐠𝐞 สำหรับเพื่อนร่วมวิชาชีพ:

𝟏. กลุ่มคอร์สดูแลผิว: รับส่วนลดสูงสุด 15%
𝟐. กลุ่มงานยกกระชับ: รับส่วนลด 5-10%
𝟑. กลุ่มหัตถการงานฉีด: รับส่วนลดสูงสุด 10%

📝 กติกาการรับสิทธิ์ง่ายๆ:

• เพียงแสดงบัตรวิชาชีพ หรือหลักฐานการทำงานในสายการแพทย์ก่อนรับบริการ

• สิทธิ์นี้เฉพาะการเข้ารับบริการที่ 𝐊𝐕𝐊 𝐂𝐥𝐢𝐧𝐢𝐜 เท่านั้น
.
.
.
ช่องทางติดต่อสอบถาม แอดมิน+ ปรึกษาแพทย์
𝐋𝐢𝐧𝐞 𝐎𝐀 เป็นช่องทางหลัก
สาขา 𝗞𝗼𝗿𝗮𝘁 : @1stkvk 
สาขา 𝗦𝗶𝗮𝗺 : @kvksiam
.
🔹 สาขา 𝗞𝗼𝗿𝗮𝘁 : โคราช (Head Qaurters)
สาขา3 : ติดโรงเรียน ปลูกปัญญา เส้นสุระ 2 
สาขา1 : ในปั้มปตท. ข้างเดอะมอลล์โคราช
📞 06 1956 5444
.
🔹 สาขา 𝗦𝗶𝗮𝗺 : KVK Siam Clinic
Centerpoint Siam Square ชั้น 2
📞 09 5791 5444
-——————
#KVKClinic #DrKoong #หมอเจด
#ยกมาตรฐานจริงใจล้ำสมัย 
#สิทธิพิเศษคนสวมกาวน์
โปรโมชั่นKVK",0,"05/03/2026 23:45",https://www.instagram.com/p/DX6Dv8liHql/,"รูปภาพ IG",,อายุการใช้งาน,272,159,0,0,0,0,0
18160990771446451,17841401688105385,kvkclinic,KVKClinic,"🩺สายสุขภาพต้องจัด! 𝐊𝐕𝐊 𝐂𝐥𝐢𝐧𝐢𝐜 มอบเอกสิทธิ์เพื่อคนสวมกาวน์
ดูแลคนอื่นมาเยอะแล้ว ถึงเวลาดูแลตัวเองให้ดูดีบ้าง! 𝐊𝐕𝐊 𝐂𝐥𝐢𝐧𝐢𝐜 จัดแคมเปญ ”𝐒𝐩𝐞𝐜𝐢𝐚𝐥 𝐓𝐡𝐚𝐧𝐤𝐬 𝐟𝐨𝐫 𝐇𝐞𝐚𝐥𝐭𝐡𝐜𝐚𝐫𝐞 𝐇𝐞𝐫𝐨𝐞𝐬“ มอบส่วนลดพิเศษสูงสุดถึง 𝟏𝟓% เพื่อขอบคุณความทุ่มเทของเพื่อนร่วมวิชาชีพและสายงานสาธารณสุขทุกคนค่ะ 👩🏻‍⚕️🧑🏻‍⚕️

𝐏𝐫𝐢𝐯𝐢𝐥𝐞𝐠𝐞 สุดเอ็กซ์คลูซีฟ:

🔸กลุ่มคอร์ส: ลดสูงสุด 15%

🔸กลุ่มยกกระชับ: ลดสูงสุด 10%

🔸กลุ่มหัตถการฉีด: ลดสูงสุด 10%

🔻 กติการับสิทธิ์ง่ายๆ:

• เพียงแสดงบัตรวิชาชีพก่อนรับบริการ

• รับส่วนลด On-top เพิ่มอีก 10% (กรณีไม่รับของแถม)

📍 พบกันที่ KVKClinic 
-——————
#KVKClinic #DrKoong #หมอเจด
#ยกมาตรฐานจริงใจล้ำสมัย 
#สิทธิพิเศษคนสวมกาวน์
โปรโมชั่นKVK",33,"05/04/2026 02:00",https://www.instagram.com/reel/DX6TJljz6Zy/,"คลิป Reels บน IG",,อายุการใช้งาน,379,272,3,1,0,0,0
18111644668868924,17841401688105385,kvkclinic,KVKClinic,"ตาที่เคยปรือไม่เท่ากัน
ปรับแล้วดูสดใสขึ้นชัดเจน 👁️👁️
.
คนไข้มีปัญหาหนังตาตก ร่วมกับกล้ามเนื้อตาอ่อนแรง 
ทำให้ตาทั้งสองข้างไม่เท่ากันและดูปรือ 
ส่งผลให้ดวงตาดูเล็กและไม่สดใส
คุณหมอแก้ไขด้วยโปรแกรมผ่าตัดตาสองชั้น
โดยทำร่วมกับการแก้ไข้กล้ามเนื้อตา 
หลังทำทันทีชั้นตาคมชัดและมีความเท่ากันมากขึ้น
เปลือกตาถูกยกให้ตากว้างขึ้นอย่างเป็นธรรมชาติ
.
ผ่าตัดตาสองชั้นที่ KVK Clinic
✅ ดูแลโดยแพทย์มากประสบการณ์
✅ ปรึกษากับคุณหมอก่อนเข้าห้องผ่าตัดทุกเคส
✅ ออกแบบชั้นตาให้เข้ากับแต่ละบุคคล แบบเคสต่อเคส
✅ ติดตามผลและดูแลหลังผ่าตัดอย่างต่อเนื่อง",0,"05/04/2026 19:00",https://www.instagram.com/p/DX8H7ODFZSM/,"รูปภาพ IG",,อายุการใช้งาน,307,179,0,0,0,0,0
18101468036073948,17841401688105385,kvkclinic,KVKClinic,"The Secret Behind the Glow: Get Up & Glow Hydrogel Mask ✨🥂

📚งานนี้คุณหมอกุ้ง (พญ.กรวิกกา พัฒนะปราน ว38020) แพทย์ประจำ KVK Clinic สาขาโคราชและสาขาสยาม 
พามาชมเบื้องหลังงานผิวดูโกลว์สุขภาพดีที่หลายคนทัก คือนวัตกรรม Hydrogel Technology สุดล้ำที่ KVK Clinic คัดสรรมาเพื่อยกระดับการปรนนิบัติผิวให้เหนือระดับไปอีกขั้น ด้วยลิขสิทธิ์เฉพาะที่ช่วยกักเก็บสารอาหารผิวได้อย่างเต็มพิกัด และซึมซาบเข้าสู่ชั้นผิวได้อย่างมีประสิทธิภาพ

เพราะ KVKClinic เชื่อว่าผิวที่ดูดีเริ่มต้นจากการใส่ใจในทุกรายละเอียด... ให้คุณเปล่งประกายในเวอร์ชันที่มั่นใจที่สุด ✨🫶
-——————
#KVKClinic #DrKoong #หมอเจด
#ยกมาตรฐานจริงใจล้ำสมัย 
#AllureNight2026 HausofAllure
skinoclockmask AestheticsAllureTH
YouLookGetUpGlow",0,"05/04/2026 20:55",https://www.instagram.com/reel/DX8VDFlINwh/,"คลิป Reels บน IG",,อายุการใช้งาน,368,281,7,1,0,0,0
17893277088331870,17841401688105385,kvkclinic,KVKClinic,"หน้าดูมีอายุก่อนวัย เพราะสิ่งนี้ !!! #KVKClinic #KVKSurgery #DrJade #หมอเจด #drKoong #ตาสองชั้น",86,"05/05/2026 04:01",https://www.instagram.com/reel/DX9Fw36jLzr/,"คลิป Reels บน IG",,อายุการใช้งาน,368,289,1,0,0,0,0
18103345624769543,17841401688105385,kvkclinic,KVKClinic,"KVKClinic ส่งตรงความสวยจากลิสบอน ! ✈️ 
หมอกุ้ง (พญ.กรวิกกา พัฒนปราน ว38020) พาเช็กอินงาน Alma Academy 2026ก้าวทันทุกเทรนด์ผิวระดับโลกไปกับ KVK 

👩‍⚕️ หมอกุ้งตั้งใจเก็บเกี่ยวทุกรายละเอียดของเทคโนโลยีใหม่ล่าสุด เจาะลึกเบื้องหลังความสำเร็จจากเคสจริงกว่า 50 เคส และ Workshop สุดเข้มข้นที่ Alma Academy ลิสบอน  และยังลงสนาม Workshop จริงถึง 15 เซสชั่น เพื่อเก็บเทคนิคการใช้เครื่องมือใหม่ๆ มาปรับใช้ให้เป๊ะที่สุดกับผิวคนไทย ใครอยากอัปเดตเทรนด์ผิวระดับโลกแบบ Exclusive เตรียมตัวเลยค่ะ!

📌ปักหมุดรอเลยค่ะ! เทรนด์ผิว 2026 จากลิสบอน เตรียมส่งตรงถึงมือทุกคนที่ KVK แน่นอน
............................................
#KVKClinic #DrKoong #หมอเจด
#ยกมาตรฐานจริงใจล้ำสมัย 
#AlmaAcademy2026 AlmaPrimeX
KVKJourneyToLisbon
FutureOfLifting SopranoTitanium
TheNewAgeOfLongevity",0,"05/05/2026 04:11",https://www.instagram.com/reel/DX9G0bZIRqJ/,"คลิป Reels บน IG",,อายุการใช้งาน,399,296,5,1,0,0,0
17880538854428622,17841401688105385,kvkclinic,KVKClinic,"✨ หยุดวงจรหน้าแน่นเกินเบอร์! 
ใครที่กำลังรู้สึกว่าหน้าตัวเอง ”ดูเยอะ“ หรือ ”แน่น“ เกินกว่าปกติ จนทำให้เสียความมั่นใจ นั่นอาจเป็นสัญญาณของ Overfilled Syndrome ⁉️

อย่าปล่อยให้ความกังวลใจอยู่กับคุณนาน มาปรึกษาหมอกุ้งที่ KVK Clinic เพื่อค้นหาแนวทางที่เหมาะสมกันค่ะ👩🏻‍⚕️🫶

-——————
#KVKClinic #DrKoong #หมอเจด
#ยกมาตรฐานจริงใจล้ำสมัย 
#โปรแกรมฟิลเลอร์ OverfilledSyndrome",230,"05/05/2026 19:30",https://www.instagram.com/reel/DX-wIbRTtuW/,"คลิป Reels บน IG",,อายุการใช้งาน,409,292,5,2,1,0,0
18104150920807778,17841401688105385,kvkclinic,KVKClinic,"จากหน้าอกที่ดูเรียบ เนินไม่ชัด
วันนี้มีทรงที่พอดีตัว แต่งอะไรก็มั่นใจ ✨✨
.
คนไข้มีลักษณะหน้าอกค่อนข้างเล็ก ฐานหน้าอกแคบ
เนินอกไม่ชัด ทำให้ทรงโดยรวมดูแบน
เวลาสวมเสื้อผ้าจะไม่ค่อยเห็นทรวดทรง
เคสนี้แก้ไขด้วยโปรแกรมเสริมหน้าขนาดไซซ์ 350 CC
อัปเดทหลังทำ 3 ปี มีทรงหน้าอกและมีเนินชัดขึ้น
สนุกกับการแต่งตัวและช่วยเพิ่มความมั่นใจ
.
ผ่าตัดเสริมหน้าอกที่ KVK Clinic
✅ ดูแลโดยแพทย์มากประสบการณ์
✅ ปรึกษากับคุณหมอก่อนเข้าห้องผ่าตัดทุกเคส
✅ ออกแบบข้างต่อข้างให้เข้ากับแต่ละบุคคล แบบเคสต่อเคส
✅ ติดตามผลและดูแลหลังผ่าตัดอย่างต่อเนื่อง",0,"05/05/2026 22:00",https://www.instagram.com/p/DX_BTJTjeWK/,"รูปภาพ IG",,อายุการใช้งาน,351,206,1,0,0,0,0
18089097053601401,17841401688105385,kvkclinic,KVKClinic,"ทำไมหลายคนชอบทรงจมูกสโลปปลายพุ่ง #KVKClinic #KVKSurgery #DrJade #หมอเจด #drKoong #เสริมจมูก",75,"05/06/2026 04:31",https://www.instagram.com/reel/DX_uBCiAUvc/,"คลิป Reels บน IG",,อายุการใช้งาน,279,207,0,2,0,0,0
18079768937308328,17841401688105385,kvkclinic,KVKClinic,"ยกชั้นตาให้เปิดชัด
ดวงตาดูสดใสขึ้นทันที ✨
.
คนไข้มีปัญหาหนังตาหย่อนคล้อย
ทำให้หางตาตกและดูเศร้าเล็กน้อย
ส่งผลให้ดวงตาดูอ่อนล้า ดูมีอายุ และชั้นตาไม่ชัด
คุณหมอแก้ไขด้วยโปรแกรมผ่าตัดตาสองชั้น
หลังทำทันทีเห็นได้ว่าชั้นตาถูกยกขึ้นและเปิดชัดขึ้น 
หนังตาที่เคยตกถูกยกขึ้น ดวงตาดูสดใสมากขึ้น 
.
ผ่าตัดตาสองชั้นที่ KVK Clinic
✅ ดูแลโดยแพทย์มากประสบการณ์
✅ ปรึกษากับคุณหมอก่อนเข้าห้องผ่าตัดทุกเคส
✅ ออกแบบชั้นตาให้เข้ากับแต่ละบุคคล แบบเคสต่อเคส
✅ ติดตามผลและดูแลหลังผ่าตัดอย่างต่อเนื่อง",0,"05/06/2026 20:00",https://www.instagram.com/p/DYBYcGtiP76/,"รูปภาพ IG",,อายุการใช้งาน,272,186,0,0,0,0,0
18089005181616829,17841401688105385,kvkclinic,KVKClinic,"#เช็กด่วน! สัญญาณเตือนว่าคุณเริ่ม ‘เยอะ’ เกินไปแล้ว😱
ทำไมบางคนยิ่งเติม หน้ากลับยิ่งดูบวม ดูมีอายุ หรือยิ้มแล้วดูแข็งเป็นก้อน? 

สัญญาณเหล่านี้อาจบ่งบอกว่าคุณกำลังเจอกับภาวะ Overfilled Syndrome

✅ เติมเยอะเกินไป: จนผิวแบกน้ำหนักไม่ไหว หน้าเลยดูห้อยและบวมฉุ
✅ วางผิดชั้นผิว: ควรอยู่ชั้นลึกแต่กลับมาอยู่ชั้นตื้น จนเห็นเป็นก้อนเวลาขยับ
✅ เลือกใช้ไม่ถูกจุด: ใช้ตัวที่แข็งเกินไปในจุดที่ต้องขยับบ่อยๆ หน้าเลยดูฝืน

ความสวยที่ “แพง” คือความสวยที่พอดี ใครรู้สึกว่าหน้าเริ่มเปลี่ยนไปจนไม่ใช่ตัวเอง มาลองตรวจเช็กและปรับสมดุลหน้าใหม่กับหมอกุ้งกัน ที่ KVK นะคะ ✨
............................................
#KVKClinic #DrKoong #หมอเจด
#ยกมาตรฐานจริงใจล้ำสมัย 
OverfilledSyndrome ภาวะหน้าล้นฟิลเลอร์",0,"05/07/2026 23:46",https://www.instagram.com/reel/DYEW0bbIM5o/,"คลิป Reels บน IG",,อายุการใช้งาน,291,210,1,0,0,0,0
18092759474241791,17841401688105385,kvkclinic,KVKClinic,"สวยแบบพอดี... ไม่จำเป็นต้อง “ล้น”
เบรกก่อนล้น! ใครที่รู้สึกว่าหน้าเริ่มตึงเกินไป หรือสัดส่วนดูไม่เป็นธรรมชาติ มาทำความรู้จักกับภาวะ Overfilled Syndrome กันค่ะ

.
📝เช็กตัวเองด่วน! ถ้ามีอาการเหล่านี้:

👁️Sunset Eye: ร่องใต้ตาที่เติมจนเต็มเกินไปจนเบียดลูกตาให้เล็กลง

🫡Flowerhorn Forehead: หน้าผากที่โหนกนูนออกมาคล้ายปลาหมอสี

👃Broad Nose: สันจมูกที่กว้างขึ้นเรื่อยๆ จากการเติมซ้ำๆ

.
📝 ทางเลือกในการแก้ไข:
ปัจจุบันเราสามารถปรับสมดุลใหม่ได้ด้วยการใช้เอนไซม์สลายสารเติมเต็มเดิม (สำหรับกลุ่ม HA) เพื่อเคลียร์พื้นที่ผิวให้กลับมาเรียบเนียน ก่อนจะออกแบบสัดส่วนใหม่ให้ดูละมุนและเป็นธรรมชาติกว่าที่เคย

.
เปลี่ยนงานยากให้เป็นงานละเอียด ปรับสมดุลใบหน้าให้ลงตัวในแบบที่เป็นคุณได้แล้ววันที่ KVK ดูแลคุณโดยแพทย์ผู้เชี่ยวชาญทุกเคส 👩‍⚕️
............................................
#KVKClinic #DrKoong #หมอเจด
#ยกมาตรฐานจริงใจล้ำสมัย 
#OverfilledSyndrome ภาวะหน้าล้นฟิลเลอร์",0,"05/08/2026 03:00",https://www.instagram.com/p/DYEtPbomSG9/,"ภาพสไลด์บน IG",,อายุการใช้งาน,804,330,3,0,0,0,1
17849380779693350,17841401688105385,kvkclinic,KVKClinic,"THE NEW CHAPTER BEGINS 2026: ก้าวสู่มิติใหม่ของการดูแลผิวไปกับ KVK Clinic 💫

.
หัวใจสำคัญของ KVK Clinic คือความใส่ใจและมาตรฐานการดูแล เราจึงรวมทีมแพทย์คุณภาพมาไว้เพื่อคุณโดยเฉพาะ เพื่อให้ทุกคำแนะนำและการดูแลตรงจุดและเหมาะสมกับแต่ละบุคคลมากที่สุด

.
เพราะเราไม่เคยหยุดพัฒนา... ปี 2026 นี้ KVK Clinic พร้อมพาทุกคนก้าวเข้าสู่บทใหม่แห่งการดูแลตัวเอง ด้วยทีมแพทย์ผู้ชำนาญการ ที่พร้อมส่งต่อความมั่นใจในแบบที่เป็นคุณ

.
ก้าวข้ามทุกขีดจำกัดของการดูแลผิว แล้วมาเริ่มบทใหม่ที่มั่นใจกว่าเดิมไปกับเรา KVKClinc

.......................................................................
#KVKClinic #DrKoong #DrJade
#ยกมาตรฐานจริงใจล้ำสมัย
#TheNewChaterBegins2026KVKClinic",0,"05/08/2026 03:28",https://www.instagram.com/p/DYEwc8AiGdB/,"รูปภาพ IG",,อายุการใช้งาน,490,228,1,0,0,0,0
18109097272846520,17841401688105385,kvkclinic,KVKClinic,"THE NEW CHAPTER BEGINS 2026: ก้าวสู่มิติใหม่ของการดูแลผิวไปกับ KVK Clinic 💫

.
หัวใจสำคัญของ KVK Clinic คือความใส่ใจและมาตรฐานการดูแล เราจึงรวมทีมแพทย์คุณภาพมาไว้เพื่อคุณโดยเฉพาะ เพื่อให้ทุกคำแนะนำและการดูแลตรงจุดและเหมาะสมกับแต่ละบุคคลมากที่สุด

.
เพราะเราไม่เคยหยุดพัฒนา... ปี 2026 นี้ KVK Clinic พร้อมพาทุกคนก้าวเข้าสู่บทใหม่แห่งการดูแลตัวเอง ด้วยทีมแพทย์ผู้ชำนาญการ ที่พร้อมส่งต่อความมั่นใจในแบบที่เป็นคุณ

.
ก้าวข้ามทุกขีดจำกัดของการดูแลผิว แล้วมาเริ่มบทใหม่ที่มั่นใจกว่าเดิมไปกับเรา KVKClinc

.......................................................................
#KVKClinic #DrKoong #DrJade
#ยกมาตรฐานจริงใจล้ำสมัย
#TheNewChaterBegins2026KVKClinic",0,"05/08/2026 03:28",https://www.instagram.com/p/DYEweVeiBCe/,"รูปภาพ IG",,อายุการใช้งาน,810,353,10,1,0,0,2
17865830316548287,17841401688105385,kvkclinic,KVKClinic,"THE NEW CHAPTER BEGINS 2026: ก้าวสู่มิติใหม่ของการดูแลผิวไปกับ KVK Clinic 💫

.
หัวใจสำคัญของ KVK Clinic คือความใส่ใจและมาตรฐานการดูแล เราจึงรวมทีมแพทย์คุณภาพมาไว้เพื่อคุณโดยเฉพาะ เพื่อให้ทุกคำแนะนำและการดูแลตรงจุดและเหมาะสมกับแต่ละบุคคลมากที่สุด

.
เพราะเราไม่เคยหยุดพัฒนา... ปี 2026 นี้ KVK Clinic พร้อมพาทุกคนก้าวเข้าสู่บทใหม่แห่งการดูแลตัวเอง ด้วยทีมแพทย์ผู้ชำนาญการ ที่พร้อมส่งต่อความมั่นใจในแบบที่เป็นคุณ

.
ก้าวข้ามทุกขีดจำกัดของการดูแลผิว แล้วมาเริ่มบทใหม่ที่มั่นใจกว่าเดิมไปกับเรา KVKClinc

.......................................................................
#KVKClinic #DrKoong #DrJade
#ยกมาตรฐานจริงใจล้ำสมัย
#TheNewChaterBegins2026KVKClinic",0,"05/08/2026 03:28",https://www.instagram.com/p/DYEwfs8CLZ1/,"รูปภาพ IG",,อายุการใช้งาน,344,163,1,0,0,0,0
18102035275968101,17841401688105385,kvkclinic,KVKClinic,"🥤 Double Refreshment! สองเมนูใหม่ที่พร้อมเปลี่ยนวันของคุณให้สดใสกว่าเดิม By KVK 

ไม่ใช่แค่เครื่องดื่ม แต่คือความใส่ใจที่เราคัดสรรมาเพื่อ ”คนพิเศษ“ ของเราโดยเฉพาะ กับ 2 เมนู Signature ที่ออกแบบมาเพื่อสร้างความประทับใจตั้งแต่จิบแรก

.
☁️🍃 Matcha Caramel Cloud 
ละมุนเหมือนก้อนเมฆ หอมหวานเหมือนความฝัน
สัมผัสความเข้มข้นของมัทฉะเกรดพรีเมียมที่ค่อยๆ ละลายในปาก ผสานความหอมกรุ่นจากบราวน์ชูการ์ ท็อปด้วยวิปครีมนุ่มฟูและบัตเตอร์คุกกี้กรุบกรอบ... แก้วนี้คือคำนิยามของคำว่า ”ความสุขที่ลงตัว“

🍯🍋 Scarlet Honey Breeze
เติมพลังความเฟรช ด้วยรสชาติของซัมเมอร์
เปลี่ยนบ่ายที่ร้อนระอุให้กลายเป็นความจี๊ดจ๊าด! ด้วยความเปรี้ยวอมหวานของเลมอนสดและน้ำผึ้งแท้ ไล่เฉดสีสวยสะดุดตาเหมือนแสงสุดท้ายของวัน ยิ่งจิบยิ่งสดชื่น ปลุกความสดใสให้เต็มร้อย

รับเครื่องดื่มสุดพิเศษประจำเดือนนี้ได้แล้วที่ KVK เท่านั้น💓

*หมายเหตุ

✅เพียงมียอดซื้อ 15,000 บาท ขึ้นไป รับฟรี 1 แก้ว
.
👑 Exclusive พิเศษสำหรับลูกค้า VIP Privilege
🍹รับ Special Menu ฟรี! เพียงมีนัดเข้ารับบริการเท่านั้น
.
*เฉพาะ KVK Clinic สาขา 3

............................................
#KVKClinic #DrKoong #หมอเจด
#ยกมาตรฐานจริงใจล้ำสมัย 
#KVKSpecialMenu KVKSignature",0,"05/08/2026 04:00",https://www.instagram.com/p/DYE0EnwiIJY/,"รูปภาพ IG",,อายุการใช้งาน,289,166,0,0,0,0,0
18231765565309361,17841401688105385,kvkclinic,KVKClinic,"ถามไว ตอบไว! กับ 10 คำถามเรื่องเม็ดสีผิวที่พบบ่อยที่สุด 💬

ฝ้าน่ากลัวสุด!!!! และไหนจะกระ จุดด่างดำ ไม่ใช่เรื่องเล่นๆ แต่ก็ไม่ยากเกินจะเข้าใจ วันนี้หมอกุ้ง (พญ.กรวิกกา พัฒนะปราน ว 38020) มาไขข้อข้องใจแบบเน้นๆ ครบทุกประเด็นที่ถามกันเข้ามาเยอะ

🤔ใครกำลังกังวลเรื่องไหนอยู่ ลองเช็กดูในลิสต์นี้ได้เลย!

............................................
#KVKClinic #DrKoong #หมอเจด
#ยกมาตรฐานจริงใจล้ำสมัย 
#ปัญหาเม็ดสีผิว เคล็ดลับผิวใส",0,"05/10/2026 01:48",https://www.instagram.com/reel/DYJuYOaoOna/,"คลิป Reels บน IG",,อายุการใช้งาน,451,298,3,4,1,0,0
17905881510424793,17841401688105385,kvkclinic,KVKClinic,"🧐เหตุผลที่หลายคนไม่กล้าเข้าคลินิก... ไม่ใช่กลัวเจ็บ แต่กลัวโดน ’ตื๊อ‘!

หยุดวงจรการเข้าคลินิกแล้วต้องนั่งเกร็งเพราะกลัวโดนขายของ! ที่ KVK Clinic เราเน้นผลลัพธ์และความต้องการของลูกค้าเป็นหลัก ปรึกษาฟรีแบบไม่ต้องระแวงว่าจะโดนป้ายยา 🫶💕
............................................
#KVKClinic #DrKoong #หมอเจด
#ยกมาตรฐานจริงใจล้ำสมัย 
#จริงใจไม่จกตา สวยแบบไม่ต้องระแวง",0,"05/10/2026 23:33",https://www.instagram.com/reel/DYMD6myofNv/,"คลิป Reels บน IG",,อายุการใช้งาน,1181,730,22,6,1,1,0
17969670087048177,17841401688105385,kvkclinic,KVKClinic,"💙 KVK GOLDEN PASS
“New Journey” เปิดประสบการณ์ความงามบทใหม่ ที่ยิ่งดูแล…ยิ่งคุ้มกว่าเดิม ✈️
.
เพราะทุกการลงทุนเพื่อความสวย ควรได้รับมากกว่าความคุ้มค่า
KVK Clinic จัดเต็มสิทธิพิเศษสำหรับสมาชิก Golden Pass ทั้ง 4 ระดับ ให้คุณเลือกได้ตามไลฟ์สไตล์

🛫 KVK Economy Route
เติมบิล 10,000.- รับวงเงินเพิ่ม 1,000.-

🛫 KVK Premium Eco Route
เติมบิล 20,000.- รับวงเงินเพิ่ม 2,000.-

🛫 KVK Business Route
เติมบิล 40,000.- รับวงเงินเพิ่ม 4,000.-

🛫 KVK First Class Route
เติมบิล 50,000.- รับวงเงินเพิ่ม 5,000.-

🎁 พร้อมสิทธิพิเศษแบบจัดเต็ม
✨ ชวนเพื่อนเปิดบิล รับ X2 Point
✨ รับฟรีโปรแกรมดูแลผิว
✨ ส่วนลดสูงสุด 15%
✨ สิทธิ์แลกซื้อราคาพิเศษเฉพาะสมาชิก
.
ยกระดับความคุ้มค่า ให้ทุก Journey ของความสวย…พิเศษกว่าที่เคย 💫
🗓️ วันนี้ - 30 มิถุนายน 2569
-———
#KVKClinic #DrKoong #หมอเจด
#ยกมาตรฐานจริงใจล้ำสมัย 
#KVKGoldenPass
GoldenPassNewJourney
เติมความสวยแบบคุ้มกว่า",0,"05/11/2026 23:29",https://www.instagram.com/p/DYOoSUnoa0Y/,"รูปภาพ IG",,อายุการใช้งาน,504,269,1,1,0,0,1
18109527277712646,17841401688105385,kvkclinic,KVKClinic,"เปลี่ยนจากตาหลบใน
เป็นดวงตาที่ดูสดใสขึ้นแบบเห็นได้ 👁️👁️✨
.
คนไข้มีปัญหาชั้นตาหลบในร่วมกับหนังตาตกเล็กน้อย 
ทำให้ดวงตาดูเล็ก ดูไม่สดใส และเวลาลืมตาจะเห็นชั้นตาไม่ชัด 
ส่งผลให้ใบหน้าโดยรวมดูเหนื่อยและมีอายุ
เคสนี้แก้ไขด้วยโปรแกรมผ่าตัดตาสองชั้น 
โดยทำร่วมกับการแก้ไข้กล้ามเนื้อตา
หลังทำครบ 1 เดือน จะเห็นว่าชั้นตาดูเปิดและชัดขึ้นอย่างเป็นธรรมชาติ 
ดวงตาดูโตขึ้นและช่วยให้ใบหน้าดูสดใสอย่างเห็นได้ชัด
.
ผ่าตัดตาสองชั้นที่ KVK Clinic
✅ ดูแลโดยแพทย์มากประสบการณ์
✅ ปรึกษากับคุณหมอก่อนเข้าห้องผ่าตัดทุกเคส
✅ ออกแบบชั้นตาให้เข้ากับแต่ละบุคคล แบบเคสต่อเคส
✅ ติดตามผลและดูแลหลังผ่าตัดอย่างต่อเนื่อง",0,"05/12/2026 04:00",https://www.instagram.com/p/DYPHSHzAYxp/,"รูปภาพ IG",,อายุการใช้งาน,460,256,0,0,0,0,0
18331199449268920,17841401688105385,kvkclinic,KVKClinic,"จากจมูกที่ดูแบนและไม่มีมิติ
วันนี้มุมข้างดูละมุนขึ้นชัดเจน 👃✨
.
เคสนี้จะเห็นได้ว่าฐานจมูกค่อนข้างแบน สันจมูกไม่ชัด 
และเนื้อปลายจมูกมีค่อนข้างน้อย 
ทำให้มองในมุมด้านข้าง ใบหน้าดูขาดมิติ 
คุณหมอแก้ไขด้วยโปรแกรมเสริมจมูก
ร่วมกับการใช้กระดูกอ่อนหลังหูรองปลายจมูก
เพื่อช่วยเพิ่มความแข็งแรง 
หลังทำครบ 14 วันจะเห็นว่าสันจมูกดูชัดขึ้น
ปลายจมูกดูพุ่งละมุน และช่วยให้ใบหน้า
โดยรวมดูมีมิติมากขึ้นอย่างเป็นธรรมชาติ
.
ผ่าตัดเสริมจมูกที่ KVK Clinic
✅ ดูแลโดยแพทย์มากประสบการณ์
✅ ปรึกษากับคุณหมอก่อนเข้าห้องผ่าตัดทุกเคส
✅ ออกแบบทรงจมูกให้เข้ากับแต่ละบุคคล แบบเคสต่อเคส
✅ ติดตามผลและดูแลหลังผ่าตัดอย่างต่อเนื่อง",0,"05/12/2026 22:04",https://www.instagram.com/p/DYRDVQQk-cy/,"รูปภาพ IG",,อายุการใช้งาน,365,223,0,0,0,0,0
18121217074648598,17841401688105385,kvkclinic,KVKClinic,"ใบหน้าที่เริ่มหย่อนคล้อยตามวัย
วันนี้กลับมาดูสดใสและกระชับขึ้นอีกครั้ง ✨
.
ก่อนทำเคสนี้มีปัญหาแก้มและกรอบหน้าหย่อนคล้อย
ร่วมกับชั้นตาตกและถุงใต้ตาที่เริ่มชัดขึ้น
ทำให้ใบหน้าโดยรวมดูเหนื่อยและมีอายุ
คุณหมอแก้ไขด้วยโปรแกรมดึงหน้า
ด้วยการตัดผิวหนังส่วนเกินที่หย่อนคล้อยออกแล้ว
เก็บยกผิวหนังทั้งสองชั้น ทำให้ผิวหน้าตึงกระชับมากขึ้น
หลังทำครบ 3 ปีจะเห็นว่าใบหน้ายังดูยกกระชับ
กรอบหน้าคม ร่องแก้มดูตื้นลง ดวงตาดูเปิดและสดใสมากขึ้น 
ทำให้ภาพรวมใบหน้าสดใสแลดูธรรมชาติ
.
ผ่าตัดดึงหน้าที่ KVK Clinic
✅ ดูแลโดยแพทย์มากประสบการณ์
✅ ปรึกษากับคุณหมอก่อนเข้าห้องผ่าตัดทุกเคส
✅ ออกแบบและแก้ปัญหาหน้าหย่อนคล้อยได้ตรงจุด
✅ ติดตามผลและดูแลหลังผ่าตัดอย่างต่อเนื่อง",0,"05/13/2026 19:00",https://www.instagram.com/p/DYTTDTdFCZD/,"รูปภาพ IG",,อายุการใช้งาน,482,299,2,0,0,0,0
18318682702256866,17841401688105385,kvkclinic,KVKClinic,"📢 ปักหมุดด่วน! 15 พ.ค. นี้ มีนัดกันที่ KVK Clinic 📍
เตรียมพบกับ LIVE สุดพิเศษที่ทุกคนรอคอย! เราจะพาคุณไปเปิดประสบการณ์ “New Experience” สู่โลกแห่งความงามที่แตกต่างและพรีเมียมกว่าที่เคย 📹✨

⏰ เจอกัน 09.30 น. เป็นต้นไป

เตรียมตัวให้พร้อม เพราะความสวยรอไม่ได้... ใครอยากเปลี่ยนตัวเองเป็นคนใหม่ ห้ามพลาด!

............................................
#KVKClinic #DrKoong #หมอเจด
#ยกมาตรฐานจริงใจล้ำสมัย 
#Liveสด สวยสั่งได้ NewExperience",0,"05/13/2026 21:58",https://www.instagram.com/reel/DYTnWx6orLG/,"คลิป Reels บน IG",,อายุการใช้งาน,294,213,3,0,0,0,0
17951910522152586,17841401688105385,kvkclinic,KVKClinic,"Ready for a New Journey? ปลายทางความสวยรอคุณอยู่ที่ KVK Clinic 🎫✨
ไม่ว่าคุณจะมีเป้าหมายผิวแบบไหน KVK Clinic จัดเส้นทางที่ดีที่สุดมาให้เลือกถึง 5 ระดับ! อัปเกรดความคุ้มค่าแบบจัดเต็ม ยิ่งบินสูง ยิ่งได้สิทธิ์พิเศษเพิ่มขึ้น

🎁 ทุก Route รับสิทธิ์ชวนเพื่อนมาเปิดบิล รับคะแนน X2 ทันที!
เช็กอินความสวยได้แล้ววันนี้ที่ KVK Clinic ทุกสาขา
-———
#KVKClinic #DrKoong #หมอเจด
#ยกมาตรฐานจริงใจล้ำสมัย 
#KVKGoldenPass
KVKBeautyPassport 
KVKNewJourney",0,"05/15/2026 01:34",https://www.instagram.com/reel/DYWk28YooPo/,"คลิป Reels บน IG",,อายุการใช้งาน,468,294,9,2,0,0,0
18136954180536578,17841401688105385,kvkclinic,KVKClinic,"กรอบหน้ากลับมาอีกครั้ง! ✨✨
แค่เอาเหนียงออกก็เหมือนได้หน้าใหม่
.
คนไข้มีไขมันสะสมบริเวณใต้คางและลำคอ
ทำให้มุมหน้าดูตัน กรอบหน้าไม่ชัด 
และผิวใต้คางมีความหย่อนคล้อย
คุณหมอแก้ไขด้วยโปรแกรมผ่าตัดดูดเหนียง 
เพื่อนำไขมันบางส่วนออก
และเย็บกระชับกล้ามเนื้อ ช่วยลดปัญหาเหนียง
และความหย่อนคล้อยผิวหนัง
หลังทำทันทีเห็นการเปลี่ยนแปลงได้ชัดเหนียงลดลง
กรอบหน้าคมขึ้นอย่างเป็นธรรมชาติ
.
ผ่าตัดดูดเหนียงที่ KVK Clinic
✅ ดูแลโดยแพทย์มากประสบการณ์
✅ ปรึกษากับคุณหมอก่อนเข้าห้องผ่าตัดทุกเคส
✅ ติดตามผลและดูแลหลังผ่าตัดอย่างต่อเนื่อง",0,"05/15/2026 19:00",https://www.instagram.com/p/DYYcs-8An65/,"รูปภาพ IG",,อายุการใช้งาน,338,191,0,0,0,0,0
18135579460478033,17841401688105385,kvkclinic,KVKClinic,"💡ก่อนตัดสินใจทำ Microneedling RF... ต้องดูคลิปนี้!

😥 ใครที่มีความกังวลเรื่องปัญหารูขุมขนกว้างหรือรอยหลุมสิว วันนี้หมอกุ้ง ( พญ.กรวิกกา พัฒนะปราน ว38020 ) 

จะมาไขข้อสงสัยกับเทคโนโลยี Microneedling RF ที่กำลังเป็นที่นิยม

• ช่วยเรื่องอะไรบ้าง?
• หลังทำต้องดูแลตัวเองอย่างไร?
• ต้องทำบ่อยแค่ไหนถึงจะเหมาะสม?

ปรึกษาปัญหาผิวและประเมินสภาพผิวเบื้องต้นกับคุณหมอได้ที่ KVK Clinic ทุกสาขา🫶

............................................
#KVKClinic #DrKoong #หมอเจด
#ยกมาตรฐานจริงใจล้ำสมัย
#MicroneedlingRF BeautyTips",0,"05/15/2026 20:07",https://www.instagram.com/reel/DYYkGppIk_Z/,"คลิป Reels บน IG",,อายุการใช้งาน,293,194,2,0,0,0,1
18094115000223197,17841401688105385,kvkclinic,KVKClinic,"ความลับผิวสวยที่ได้จากงาน Haus of Allure... รู้แล้วต้องบอกต่อ! 🔑✨
คุณหมอกุ้ง (พญ.กรวิกกา พัฒนะปราน ว38020)ไปร่วมงาน Jeban X Haus of Allure ครั้งนี้

👩‍⚕️งานนี้คุณหมอกุ้งได้ส่งต่อเทคนิคการดูแลผิวหน้าให้ผู้เข้าร่วมกิจกรรม รวมถึงผู้ใช้บริการที่ KVKClinic  โดยเฉพาะเรื่อง After Care ที่หลายคนอาจมองข้าม แต่จริงๆ แล้วมันคือ Secret สำคัญที่ช่วยให้ผลลัพธ์การดูแลผิวชัดเจนและอยู่กับเราได้นานขึ้น

ขอบคุณกิจกรรมดีๆ ที่ทำให้รู้ว่าความสวยที่ยั่งยืนเริ่มต้นจากการใส่ใจค่ะ🫶💕
............................................
#KVKClinic #DrKoong #หมอเจด
#ยกมาตรฐานจริงใจล้ำสมัย 
#JebanTeatime HausOfAllure สวยบอกต่อ",0,"05/16/2026 20:42",https://www.instagram.com/reel/DYbNFPJopNo/,"คลิป Reels บน IG",,อายุการใช้งาน,464,342,19,2,0,0,0
18100697246041774,17841401688105385,kvkclinic,KVKClinic,"🚀KVK WISDOM | มอบสิทธิพิเศษให้คุณดูแลตัวเองได้มากกว่าที่เคย
สิทธิประโยชน์เหนือระดับสำหรับสมาชิก KVK WISDOM เท่านั้น กับแคมเปญ ”คุ้ม 3 ต่อ“ ที่ให้คุณเลือกดูแลตัวเองได้หลากหลายโปรแกรมชั้นนำ ไม่ว่าจะเป็นงานยกกระชับหรืองานผิว

.
✨ สัมผัสความคุ้มค่า 3 ต่อ ที่คุณออกแบบเองได้:

1️⃣ รับ Credit เพิ่มทันที: เมื่อเปิดวงเงินสมาชิก รับส่วนต่างเพิ่มสูงสุดถึง 80,000.- สำหรับใช้บริการโปรแกรมต่างๆ ในคลินิก

2️⃣ Expert Care: ร่วมดูแลและวางแผนความงามโดยทีมงานดูแลครอบคลุมทุกความต้องการภายใต้มาตรฐาน KVK Clinic 

3️⃣ Bonus Privilege: เลือกรับบริการ ”โปรแกรมตัวท็อป“ เพิ่มฟรี 1 รายการ 

💎 เลือกเอกสิทธิ์ WISDOM ที่เหมาะกับคุณ: 

▪️VIP 200,000.- | รับเพิ่ม 25,000.- + เลือกบริการท็อปได้ 1 รายการ

▪️VVIP 300,000.- | รับเพิ่ม 40,000.- + เลือกบริการท็อปได้ 1 รายการ

▪️ELITE VVIP 400,000.- | รับเพิ่ม 60,000.- + เลือกบริการท็อปได้ 1 รายการ

▪️ROYAL VVIP 500,000.- | รับเพิ่ม 80,000.- + เลือกบริการท็อปได้ 1 รายการ

🎁 ความพิเศษที่มากกว่า:
นอกจากวงเงินที่ได้รับเพิ่มแล้ว คุณยังได้รับสิทธิ์เข้าร่วมโปรแกรมพิเศษกับ Dr.Koong ที่จะช่วยออกแบบความสวยให้เป็นเอกลักษณ์ในแบบของคุณเอง

📍 สนใจสอบถามรายละเอียดเพิ่มเติม หรือนัดหมายล่วงหน้าได้ที่ Inbox
.
.
.
ช่องทางติดต่อสอบถาม แอดมิน+ ปรึกษาแพทย์
𝐋𝐢𝐧𝐞 𝐎𝐀 เป็นช่องทางหลัก
สาขา 𝗞𝗼𝗿𝗮𝘁 (Head Qaurters) : @1stkvk 
.
สาขา3 : ติดโรงเรียน ปลูกปัญญา เส้นสุระ 2 
📞 061 956 5444
สาขา1 : ในปั้มปตท. ข้างเดอะมอลล์โคราช
📞 087 870 5888
.
🌐 𝐖𝐞𝐛𝐬𝐢𝐭𝐞 : https://kvkclinic.com
📺 𝐘𝐨𝐮𝐭𝐮𝐛𝐞 : https://youtube.com/@kornvikkaclinic1234?si=PwiLo4SaaXs9J2DS
-———
#KVKClinic #DrKoong #หมอเจด
#ยกมาตรฐานจริงใจล้ำสมัย 
#KVKWisdom ExclusivePrivilege",0,"05/17/2026 00:38",https://www.instagram.com/p/DYboF_wGQnz/,"ภาพสไลด์บน IG",,อายุการใช้งาน,599,249,2,1,0,0,0
17968581234063356,17841401688105385,kvkclinic,KVKClinic,"โปรแกรม Morphues 8 Prime 
#ดีกว่าเดิมยังไง!!!! ต้องลอง

 💥 ดีลใหญ่ที่ทุกคนรอคอย! กู้ผิวพังให้กลับมาสตรองด้วยเทคโนโลยีล่าสุด
โปรแกรม 𝐌𝐨𝐫𝐩𝐡𝐞𝐮𝐬 𝟖 𝐏𝐫𝐢𝐦𝐞 (𝐍𝐞𝐰 𝐆𝐞𝐧𝐞𝐫𝐚𝐭𝐢𝐨𝐧) เจ็บน้อยลง...แต่ผลลัพธ์ทรงพลังกว่าเดิม!

.
✨ 𝐏𝐫𝐨𝐠𝐫𝐚𝐦 𝐌𝐨𝐫𝐩𝐡𝐞𝐮𝐬 𝟖 𝐏𝐫𝐢𝐦𝐞 ดีกว่ารุ่นเดิมยังไง?

Scale Mode นวัตกรรมล่าสุด : ปรับระดับการส่งพลังงานได้แม่นยำและสมดุลขึ้น พร้อมทั้งช่วยลด Pain Score (ความเจ็บ) ลงอย่างเห็นได้ชัด สบายผิวขึ้นระหว่างทำ

ผลลัพธ์คูณสอง : ถึงจะเจ็บน้อยลง แต่ส่งพลังงานลงลึกกระตุ้นการเรียงตัวใหม่ของชั้นผิวได้ดีกว่าเดิม แก้ปัญหาผิวหย่อนคล้อย รูขุมขน และรอยสิวได้อย่างตรงจุด

.
💎 𝐓𝐡𝐞 𝐔𝐥𝐭𝐢𝐦𝐚𝐭𝐞 𝐆𝐥𝐨𝐰 𝐂𝐨𝐦𝐛𝐨 | เพียง 𝟐𝟗,𝟗𝟎𝟎.-

คุ้มที่สุดเพราะเราให้ครบ ไม่ต้องเลือก! สิ่งที่คุณจะได้รับในแพ็กเกจนี้:
▪️ 𝐏𝐫𝐨𝐠𝐫𝐚𝐦 𝐌𝐨𝐫𝐩𝐡𝐞𝐮𝐬 𝟖 𝐏𝐫𝐢𝐦𝐞 : 𝐅𝐚𝐜𝐞 & 𝐍𝐞𝐜𝐤 
▪️ 𝐏𝐫𝐨𝐠𝐫𝐚𝐦 𝐈𝐧𝐦𝐨𝐝𝐞 𝐋𝐢𝐟𝐭𝐢𝐧𝐠 
▪️ 𝐏𝐫𝐨𝐠𝐫𝐚𝐦 𝐕𝐢𝐭𝐚𝐫𝐚𝐧 (1 syr.)
▪️ 𝐏𝐫𝐨𝐠𝐫𝐚𝐦 𝐆 𝐅𝐚𝐜𝐭𝐨𝐫 
▪️ 𝐏𝐫𝐨𝐠𝐫𝐚𝐦 𝐒𝐤𝐢𝐧 𝐎𝐜𝐥𝐨𝐜𝐤 & 𝐒𝐤𝐢𝐧 𝐂𝐚𝐫𝐞 

.
🤔 ทำไมต้องเลือกทำ 𝐏𝐫𝐨𝐠𝐫𝐚𝐦  𝐌𝐨𝐫𝐩𝐡𝐞𝐮𝐬 𝟖 𝐏𝐫𝐢𝐦𝐞 ที่ 𝐊𝐕𝐊 𝐂𝐥𝐢𝐧𝐢𝐜?

เพราะเราไม่เพียงแค่ทำเสร็จแล้วจบไป แต่เราออกแบบระบบ Pre-care & Post-care มาให้ครบในแพ็กเกจเดียว เพื่อช่วยซัพพอร์ตการฟื้นตัวของผิว (Downtime สั้นลง) และเสริมประสิทธิภาพการทำงานของตัวเครื่องให้ได้ผลลัพธ์สูงสุด

👩‍⚕️ ดูแลโดยทีมแพทย์ผู้เชี่ยวชาญ ใส่ใจและออกแบบการวางพลังงาน (Energy Design) ตามสภาพผิวและการตอบสนองของแต่ละบุคคลโดยเฉพาะ
(หมายเหตุ: การรักษาแต่ละครั้งขึ้นอยู่กับการวินิจฉัยของแพทย์และสภาพผิวรายบุคคล)

📩 ไม่อยากพลาดดีลสุดคุ้มนี้?
ทัก Inbox เพื่อจองคิว หรือส่งรูปมาให้คุณหมอช่วยประเมินผิวเบื้องต้นก่อนได้เลยค่ะ! 👉

.
.
.
ช่องทางติดต่อสอบถาม แอดมิน+ ปรึกษาแพทย์
𝐋𝐢𝐧𝐞 𝐎𝐀 เป็นช่องทางหลัก
สาขา 𝗞𝗼𝗿𝗮𝘁 : @1stkvk 
.
🔹 สาขา 𝗞𝗼𝗿𝗮𝘁 : โคราช (Head Qaurters)
สาขา3 : ติดโรงเรียน ปลูกปัญญา เส้นสุระ 2 
สาขา1 : ในปั้มปตท. ข้างเดอะมอลล์โคราช
📞 06 1956 5444
.
🌐𝐖𝐞𝐛𝐬𝐢𝐭𝐞 : https://kvkclinic.com
📺𝐘𝐨𝐮𝐭𝐮𝐛𝐞 : https://youtube.com/@kornvikkaclinic1234?si=PwiLo4SaaXs9J2DS
............................................
#KVKClinic #DrKoong #หมอเจด
#ยกมาตรฐานจริงใจล้ำสมัย 
ProgramMorpheus8Prime",0,"05/17/2026 07:08",https://www.instagram.com/p/DYcUvSoIf9k/,"รูปภาพ IG",,อายุการใช้งาน,416,222,2,1,0,0,1
18114900523764333,17841401688105385,kvkclinic,KVKClinic,"🌟 𝐑𝐞𝐯𝐞𝐚𝐥 𝐘𝐨𝐮𝐫 𝐁𝐞𝐬𝐭 𝐒𝐤𝐢𝐧: 𝟑 ทางเลือกอัปเกรดผิวสวยที่ 𝐊𝐕𝐊 𝐂𝐥𝐢𝐧𝐢𝐜 
เพราะผิวแต่ละแบบต้องการดูแลที่ไม่เหมือนกัน... พบกับ 𝐃𝐢𝐬𝐜𝐨𝐯𝐞𝐫𝐲 𝐏𝐫𝐨𝐠𝐫𝐚𝐦 เซตคู่หูสุดพิเศษที่รวม ”เทคโนโลยีมาตรฐาน“ มาดูแลผิวคุณให้กลับมาดูสดใส มั่นใจอีกครั้ง ในราคาพิเศษที่สุด!

.
🔍 เลือกแมตช์โปรแกรมที่ตอบโจทย์คุณ:

🔴𝐓𝐡𝐞 𝐒𝐩𝐨𝐭 𝐄𝐫𝐚𝐬𝐞𝐫 | 𝐏𝐫𝐨𝐠𝐫𝐚𝐦 𝐏𝐢𝐜𝐨𝐬𝐮𝐫𝐞 𝐏𝐫𝐨 + 𝐏𝐫𝐨𝐠𝐫𝐚𝐦 𝐕𝐢𝐭𝐚𝐫𝐚𝐧
จัดการปัญหาจุดด่างดำ รอยจากสิว และความหมองคล้ำ ให้ผิวดูสว่างกระจ่างใสขึ้น พร้อมฟื้นฟูผิวให้แข็งแรงไปพร้อมๆ กัน

🟠𝐓𝐡𝐞 𝐆𝐥𝐨𝐰 𝐁𝐨𝐨𝐬𝐭𝐞𝐫 | 𝐏𝐫𝐨𝐠𝐫𝐚𝐦 𝐑𝐞𝐝𝐓𝐨𝐮𝐜𝐡 𝐏𝐫𝐨 + 𝐏𝐫𝐨𝐠𝐫𝐚𝐦 𝐕𝐢𝐭𝐚𝐫𝐚𝐧
เน้นงานผิวละเอียด กระชับรูขุมขน พร้อมเติมสารอาหารให้ผิวดูอิ่มน้ำ สุขภาพดีจากภายใน เหมาะมากสำหรับใครที่อยากได้ผิวฟูดูโกลว์

🟡𝐓𝐡𝐞 𝐒𝐤𝐢𝐧 𝐑𝐞𝐟𝐢𝐧𝐞𝐫 | 𝐏𝐫𝐨𝐠𝐫𝐚𝐦 𝐃𝐞𝐫𝐦𝐚𝐕 + 𝐏𝐫𝐨𝐠𝐫𝐚𝐦 𝐕𝐢𝐭𝐚𝐫𝐚𝐧
เน้นการปรับสีผิวให้สม่ำเสมอ ลดรอยแดง และปลอบประโลมผิวให้เรียบเนียน เหมาะสำหรับผิวที่ต้องการการดูแลอย่างอ่อนโยนแต่ล้ำลึก

.
💳 𝐒𝐩𝐞𝐜𝐢𝐚𝐥 𝐎𝐟𝐟𝐞𝐫: เพียง 𝟏𝟎,𝟗𝟎𝟎.- เท่านั้น!
📍 สิทธิ์พิเศษ: จำกัด 𝟏 ท่าน / 𝟏 สิทธิ์ (จำนวนจำกัดในแต่ละสาขา)

⭐ 𝐄𝐱𝐜𝐥𝐮𝐬𝐢𝐯𝐞 𝐂𝐡𝐨𝐢𝐜𝐞: สำหรับท่านที่ต้องการปรึกษาและดูแลโดย ”คุณหมอกุ้ง“
(มีค่าดูแลเพิ่มเติม: สาขาสยาม +2,000.- / สาขาโคราช +1,000.-)

ให้เทคโนโลยีระดับพรีเมียมเป็นตัวช่วยดูแลผิวคุณวันนี้

💬 สอบถามคิวว่างหรือปรึกษาเพิ่มเติม ทักแชทได้เลยค่ะ
.
.
.
ช่องทางติดต่อสอบถาม แอดมิน+ ปรึกษาแพทย์
𝐋𝐢𝐧𝐞 𝐎𝐀 เป็นช่องทางหลัก
สาขา 𝗞𝗼𝗿𝗮𝘁 : @1stkvk 
.
🔹 สาขา 𝗞𝗼𝗿𝗮𝘁 : โคราช (Head Qaurters)
สาขา3 : ติดโรงเรียน ปลูกปัญญา เส้นสุระ 2 
สาขา1 : ในปั้มปตท. ข้างเดอะมอลล์โคราช
📞 06 1956 5444
.
🌐𝐖𝐞𝐛𝐬𝐢𝐭𝐞 : https://kvkclinic.com
📺𝐘𝐨𝐮𝐭𝐮𝐛𝐞 : https://youtube.com/@kornvikkaclinic1234?si=PwiLo4SaaXs9J2DS
............................................
#KVKClinic #DrKoong #หมอเจด
#ยกมาตรฐานจริงใจล้ำสมัย 
#DiscoveryProgram SkinDesign",0,"05/17/2026 22:33",https://www.instagram.com/p/DYd-k2yoxGU/,"รูปภาพ IG",,อายุการใช้งาน,367,188,1,0,0,0,0
17969689967901229,17841401688105385,kvkclinic,KVKClinic,"โดนแอบถ่ายยังรอด เพราะดูแลตัวเองมาดี!

ใครอยากสวยแพ็คคู่ รีบทักมาถามด่วน โปรนี้แชร์กับเพื่อนคือคุ้มที่สุด! 📸✨

............................................
#KVKClinic #DrKoong #หมอเจด
#ยกมาตรฐานจริงใจล้ำสมัย
#เพื่อนชวนเพื่อน โปรดีบอกต่อ",0,"05/18/2026 04:27",https://www.instagram.com/reel/DYenCO2ooYG/,"คลิป Reels บน IG",,อายุการใช้งาน,369,283,10,0,0,0,1
17895318345462303,17841401688105385,kvkclinic,KVKClinic,"จากไม่มีทรง ใส่อะไรก็ดูไม่เต็ม
สู่ลุคที่แต่งตัวได้สนุกขึ้น ✨
.
จะเห็นว่าคนไข้มีลักษณะหน้าอกค่อนข้างเล็ก
ทำให้เวลาสวมใส่เสื้อผ้าจะดูไม่เต็มทรง
โดยเฉพาะเสื้อสายเดี่ยวหรือเสื้อเข้ารูป
เคสนี้แก้ไข้ด้วยโปรแกรมเสริมหน้าอก
หลังทำไป 3 ปี จะเห็นได้ว่าทรงหน้าอกยังคงสวยชัด
ดูเป็นธรรมชาติและเข้ากับสรีระ หน้าอกดูมีมิติขึ้นอย่างชัดเจน
เวลาใส่เสื้อผ้าจะเห็นทรงที่ชัดขึ้น
.
ผ่าตัดเสริมหน้าอกที่ KVK Clinic
✅ ดูแลโดยแพทย์มากประสบการณ์
✅ ปรึกษากับคุณหมอก่อนเข้าห้องผ่าตัดทุกเคส
✅ ออกแบบข้างต่อข้างให้เข้ากับแต่ละบุคคล แบบเคสต่อเคส
✅ ติดตามผลและดูแลหลังผ่าตัดอย่างต่อเนื่อง",0,"05/18/2026 22:00",https://www.instagram.com/p/DYgfsRxj2LE/,"รูปภาพ IG",,อายุการใช้งาน,257,146,0,0,0,0,0
18137912233540492,17841401688105385,kvkclinic,KVKClinic,"#8PointFacelift ปรับมิติหน้าให้เป๊ะกว่าเดิม!
บางครั้งการแก้ปัญหาร่องแก้มหรือความหย่อนคล้อย ไม่ใช่แค่การเติมให้เต็ม... แต่คือการคืนสมดุลให้กับโครงสร้างผิวด้วยเทคนิค 8-Point Facelift

👩‍⚕️คุณหมอกุ้ง (พญ.กรวิกกา พัฒนปราน ว38020) ที่ KVK Clinic ประเมินโครงสร้างใบหน้า เพื่อช่วยพยุงและปรับมิติให้หน้าดูสดใสขึ้นแบบมีชั้นเชิง

เพราะใบหน้าแต่ละคนมีเอกลักษณ์ที่ไม่เหมือนกัน... ให้คุณหมอกุ้งช่วยค้นหา ’จุดเปลี่ยน‘ ที่ดีที่สุดสำหรับคุณนะคะ

💬 ทักแชทเพื่อจองคิวประเมินรูปหน้าเบื้องต้น (ไม่มีค่าใช้จ่าย) ได้เลยค่ะ
............................................
#KVKClinic #DrKoong #หมอเจด
#ยกมาตรฐานจริงใจล้ำสมัย
เทคนิคปรับรูปหน้า FacialDesign",0,"05/18/2026 23:39",https://www.instagram.com/reel/DYgqv9EIeZS/,"คลิป Reels บน IG",,อายุการใช้งาน,480,292,5,0,0,0,2
17858293461639517,17841401688105385,kvkclinic,KVKClinic,"เปลี่ยนมุมข้างให้ดูละมุนขึ้น 👃✨
จมูกมีมิติขึ้น ลุคก็เปลี่ยนทันที
.
ก่อนทำเคสนี้สันจมูกค่อนข้างต่ำ
ปลายจมูกมีความมนและสั้นเล็กน้อย
ทำให้เวลามองด้านข้าง ใบหน้าดูเรียบและขาดมิติ
คุณหมอแก้ไขด้วยโปรแกรมเสริมจมูก
พร้อมออกแบบทรงจมูกให้เหมาะกับรูปหน้า
หลังทำจะเห้นได้ชัดว่าจมูกดูเรียวขึ้น มุมข้างดูมีมิติขึ้น
ปรับปลายจมูกให้ดูพุ่งขึ้นอย่างพอดีแลดูธรรมชาติ
ช่วยให้ลุคโดยรวมดูหวานเข้ากับใบหน้า
.
ผ่าตัดเสริมจมูกที่ KVK Clinic
✅ ดูแลโดยแพทย์มากประสบการณ์
✅ ปรึกษากับคุณหมอก่อนเข้าห้องผ่าตัดทุกเคส
✅ ออกแบบทรงจมูกให้เข้ากับแต่ละบุคคล แบบเคสต่อเคส
✅ ติดตามผลและดูแลหลังผ่าตัดอย่างต่อเนื่อง",0,"05/19/2026 19:00",https://www.instagram.com/p/DYiv4xcDC5S/,"รูปภาพ IG",,อายุการใช้งาน,253,138,0,0,0,0,0
18130307182517803,17841401688105385,kvkclinic,KVKClinic,"แท็กเพื่อนซี้ด่วน! 👇
มิตรภาพที่แท้จริงคือการพากันไปดูดีและมั่นใจขึ้นค่ะ 😉 
ชวนกันมาดูแลผิวพรรณและตัวเองที่ KVK CLINIC มีสิทธิพิเศษดีๆ สำหรับคู่หูรออยู่ด้วยนะ ปักหมุดแล้วมาเจอกัน! 📍✨
............................................
#KVKClinic #DrKoong #หมอเจด
#ยกมาตรฐานจริงใจล้ำสมัย
#เพื่อนชวนเพื่อน ละครคุณธรรม ดูแลตัวเอง ชวนเพื่อนมาดูดี",0,"05/19/2026 20:39",https://www.instagram.com/reel/DYi7FVmIPdl/,"คลิป Reels บน IG",,อายุการใช้งาน,333,232,4,1,0,0,0
18110946826921977,17841401688105385,kvkclinic,KVKClinic,"ล็อคความมั่นใจแบบคูณสอง! ทั้งเติมมิติผิวและเก็บริ้วรอยในครั้งเดียว 💖
กับโปรแกรม Filler Lifting ที่ KVK CLINIC 
.
📌 เลือกโปรแกรมที่ใช่สำหรับคุณ:
🔹 PROGRAM ฟิลเลอร์ TEOXANE 1 CC ➡️ 15,900.-
🔹 PROGRAM LIFTING FULL FACE 3 CC ➡️ 44,500.-
🎁 สิทธิพิเศษสุดคุ้ม (เมื่อซื้อ 3 CC ขึ้นไป):
1️⃣ FREE! โปรแกรมดูแลริ้วรอยช่วงบน ( Bo Upper Face 1 ครั้ง)
2️⃣ FREE! สิทธิ์เข้ารับบริการร่วมรายการกับ Dr. Koong (โดยไม่มีค่าใช้จ่ายเพิ่มเติม)
(หมายเหตุ: หากเลือกรับบริการกับ Dr. Koong มีค่าบริการเพิ่มเติม +1,500.- / CC )
 *** ผลลัพธ์ขึ้นอยู่กับสภาพผิวและการประเมินของแพทย์เฉพาะบุคคล
📍 ร่วมออกแบบมิติใบหน้าเฉพาะบุคคลได้แล้ววันนี้ที่ KVK CLINIC และ ทัก Inbox เพื่อสำรองคิวล่วงหน้าได้เลยค่ะ 📩
.
.
.
ช่องทางติดต่อสอบถาม แอดมิน+ ปรึกษาแพทย์
𝐋𝐢𝐧𝐞 𝐎𝐀 เป็นช่องทางหลัก
สาขา 𝗞𝗼𝗿𝗮𝘁 : @1stkvk 
.
🔹 สาขา 𝗞𝗼𝗿𝗮𝘁 : โคราช (Head Qaurters)
สาขา3 : ติดโรงเรียน ปลูกปัญญา เส้นสุระ 2 
สาขา1 : ในปั้มปตท. ข้างเดอะมอลล์โคราช
📞 06 1956 5444
.
🌐𝐖𝐞𝐛𝐬𝐢𝐭𝐞 : https://kvkclinic.com
📺𝐘𝐨𝐮𝐭𝐮𝐛𝐞 : https://youtube.com/@kornvikkaclinic1234?si=PwiLo4SaaXs9J2DS
............................................
#KVKClinic #DrKoong #หมอเจด
#ยกมาตรฐานจริงใจล้ำสมัย 
#ProgramFillerLifting ปรับมิติใบหน้า ฟิลเลอร์ยกกระชับ",0,"05/20/2026 00:44",https://www.instagram.com/p/DYjXJE8offj/,"รูปภาพ IG",,อายุการใช้งาน,280,152,0,0,0,0,0
18073426337295280,17841401688105385,kvkclinic,KVKClinic,"ล็อคความมั่นใจแบบคูณสอง! ทั้งเติมมิติผิวและเก็บริ้วรอยในครั้งเดียว 💖
กับโปรแกรม Filler Lifting ที่ KVK CLINIC 
.
📌 เลือกโปรแกรมที่ใช่สำหรับคุณ:
🔹 PROGRAM ฟิลเลอร์เกาหลี 1 CC ➡️ 8,500.-
🔹 PROGRAM LIFTING FULL FACE 3 CC ➡️ 22,500.-

.
🎁 สิทธิพิเศษสุดคุ้ม (เมื่อซื้อ 3 CC ขึ้นไป):
1️⃣ FREE! โปรแกรมดูแลริ้วรอยช่วงบน ( Bo Upper Face 1 ครั้ง)
2️⃣ FREE! สิทธิ์เข้ารับบริการร่วมรายการกับ Dr. Koong (โดยไม่มีค่าใช้จ่ายเพิ่มเติม)
(หมายเหตุ: หากเลือกรับบริการกับ Dr. Koong มีค่าบริการเพิ่มเติม +1,500.- / CC )
 *** ผลลัพธ์ขึ้นอยู่กับสภาพผิวและการประเมินของแพทย์เฉพาะบุคคล

📍 ร่วมออกแบบมิติใบหน้าเฉพาะบุคคลได้แล้ววันนี้ที่ KVK CLINIC และ ทัก Inbox เพื่อสำรองคิวล่วงหน้าได้เลยค่ะ 📩
.
.
.
ช่องทางติดต่อสอบถาม แอดมิน+ ปรึกษาแพทย์
𝐋𝐢𝐧𝐞 𝐎𝐀 เป็นช่องทางหลัก
สาขา 𝗞𝗼𝗿𝗮𝘁 : @1stkvk 
.
🔹 สาขา 𝗞𝗼𝗿𝗮𝘁 : โคราช (Head Qaurters)
สาขา3 : ติดโรงเรียน ปลูกปัญญา เส้นสุระ 2 
สาขา1 : ในปั้มปตท. ข้างเดอะมอลล์โคราช
📞 06 1956 5444
.
🌐𝐖𝐞𝐛𝐬𝐢𝐭𝐞 : https://kvkclinic.com
📺𝐘𝐨𝐮𝐭𝐮𝐛𝐞 : https://youtube.com/@kornvikkaclinic1234?si=PwiLo4SaaXs9J2DS
............................................
#KVKClinic #DrKoong #หมอเจด
#ยกมาตรฐานจริงใจล้ำสมัย 
#ProgramFillerLifting ปรับมิติใบหน้า ฟิลเลอร์ยกกระชับ",0,"05/20/2026 01:27",https://www.instagram.com/p/DYjb-P8o6jq/,"รูปภาพ IG",,อายุการใช้งาน,294,173,1,0,0,0,0
18106311211938775,17841401688105385,kvkclinic,KVKClinic,"🔐ปลดล็อกความลับผิวดูอ่อนเยาว์และมีมิติ ด้วยนวัตกรรมระดับ 𝐄𝐱𝐜𝐥𝐮𝐬𝐢𝐯𝐞

.
ครบจบเรื่องการดูแลผิว ให้ผิวแลดูแน่น เฟิร์ม กระชับ พร้อมความฉ่ำโกลว์ที่ทุกคนต้องทัก! 😱

🔥 𝐃𝐨𝐮𝐛𝐥𝐞 𝐋𝐢𝐟𝐭𝐢𝐧𝐠 𝐄𝐟𝐟𝐞𝐜𝐭: ( Program OligioX 600 Shots + Program Ultraformer MPT 300 Shots) 

🔥 พิเศษ! สิทธิ์แลกซื้อ𝐏𝐫𝐨𝐠𝐫𝐚𝐦 𝐁𝐚𝐛𝐲 𝐆𝐥𝐨𝐰 โปรแกรมงานผิวพรีเมียม

✨ ทั้งหมดนี้ในราคาเพียง 𝟑𝟑,𝟗𝟎𝟎.-

👩🏻‍⚕️ดูแลโดยทีมแพทย์ผู้เชี่ยวชาญ วิเคราะห์ปัญหาผิวแบบเคสต่อเคส

สัมผัสความเปลี่ยนแปลงด้วยตัวคุณเอง ที่ KVK Clinic ได้แล้ววันนี้ 📍
.
.
.
ช่องทางติดต่อสอบถาม แอดมิน+ ปรึกษาแพทย์
𝐋𝐢𝐧𝐞 𝐎𝐀 เป็นช่องทางหลัก
สาขา 𝗞𝗼𝗿𝗮𝘁 : @1stkvk 
.
🔹 สาขา 𝗞𝗼𝗿𝗮𝘁 : โคราช (Head Qaurters)
สาขา3 : ติดโรงเรียน ปลูกปัญญา เส้นสุระ 2 
สาขา1 : ในปั้มปตท. ข้างเดอะมอลล์โคราช
📞 06 1956 5444
.
🌐𝐖𝐞𝐛𝐬𝐢𝐭𝐞 : https://kvkclinic.com
📺𝐘𝐨𝐮𝐭𝐮𝐛𝐞 : https://youtube.com/@kornvikkaclinic1234?si=PwiLo4SaaXs9J2DS
............................................
#KVKClinic #DrKoong #หมอเจด
#ยกมาตรฐานจริงใจล้ำสมัย 
#ExclusiveProgram ProgramOligioX ProgramUltraformerMPT",0,"05/20/2026 01:27",https://www.instagram.com/p/DYjcKrMolyX/,"รูปภาพ IG",,อายุการใช้งาน,338,171,1,1,0,0,0
18075732941249739,17841401688105385,kvkclinic,KVKClinic,"จากตาชั้นเดียวที่ดูเรียบ 👁️👁️
วันนี้กลายเป็นลุคหมวยอินเตอร์ที่ดูละมุนขึ้น
.
ก่อนทำคนไข้มีลักษณะตาชั้นเดียว
ทำให้ดวงตาดูไม่ค่อยเปิดและแต่งตาค่อนข้างยาก
เวลาถ่ายรูปหรือแต่งหน้าจะรู้สึกว่าตาดูไม่มีมิติ
คุณหมอจึงออกแบบชั้นตาใหม่ให้เข้ากับรูปตาเดิม
เน้นให้ชั้นตาดูชัดขึ้นแบบพอดี
อัปเดตครบ 2 เดือน ชั้นตาเริ่มเข้าที่มากขึ้น
ดวงตาดูเปิดและมีมิติมากขึ้น
ช่วยให้แต่งหน้าง่ายขึ้นและลุคโดยรวมดูสดใสขึ้นแบบเห็นได้ชัด
.
ผ่าตัดตาสองชั้นที่ KVK Clinic
✅ ดูแลโดยแพทย์มากประสบการณ์
✅ ปรึกษากับคุณหมอก่อนเข้าห้องผ่าตัดทุกเคส
✅ ออกแบบชั้นตาให้เข้ากับแต่ละบุคคล แบบเคสต่อเคส
✅ ติดตามผลและดูแลหลังผ่าตัดอย่างต่อเนื่อง",0,"05/20/2026 05:00",https://www.instagram.com/p/DYj0h0mmtUT/,"รูปภาพ IG",,อายุการใช้งาน,335,190,0,0,0,0,0
17996544917776428,17841401688105385,kvkclinic,KVKClinic,"ทรงสวยกำลังดี ดูละมุนแบบธรรมชาติ
ช่วยเพิ่มความมั่นใจในทุกลุค 
.
เคสนี้คนไข้หน้าอกค่อนข้างเล็ก ฐานอกแคบ
เวลาใส่เสื้อผ้าดูไม่ค่อยมีสัดส่วน
คนไข้เลือกแก้ไขด้วยโปรแกรมเสริมหน้าอกไซซ์ 300 cc 
หลังทำทรงหน้าอกดูชัดขึ้น ไซซ์ขนาดพอดีกับลำตัว 
ร่องอกดูเป็นธรรมชาติ ไม่แข็งหรือล้นเกินไป 
สามารถใส่เสื้อผ้าได้หลากหลายลุคอย่างมั่นใจ
.
ผ่าตัดเสริมหน้าอกที่ KVK Clinic
✅ ดูแลโดยแพทย์มากประสบการณ์
✅ ปรึกษากับคุณหมอก่อนเข้าห้องผ่าตัดทุกเคส
✅ ออกแบบข้างต่อข้างให้เข้ากับแต่ละบุคคล แบบเคสต่อเคส
✅ ติดตามผลและดูแลหลังผ่าตัดอย่างต่อเนื่อง",0,"05/20/2026 19:00",https://www.instagram.com/p/DYlUm-Ngvpy/,"รูปภาพ IG",,อายุการใช้งาน,247,141,0,0,0,0,0
17852806569677861,17841401688105385,kvkclinic,KVKClinic,"หยุดความกังวลเรื่องผิว แล้วปล่อยให้โปรแกรม Red Touch Pro ดูแล🔴

.

ไม่ว่าคุณจะมีสภาพผิวหรือสีผิวโทนไหน ก็สามารถมีผิวที่แลดูเนียนนุ่ม สุขภาพดีด้วย นวัตกรรมพลังงานแสงสีแดงความยาวคลื่น 675 nm ที่ออกแบบมาเพื่อดูแลผิวอย่างอ่อนโยน

🧬 มาพร้อม 2 รูปแบบการดูแลที่ตอบโจทย์อย่างครอบคลุม:

🔸 Moveo Mode: สัมผัสความเรียบเนียนอย่างทั่วถึง สม่ำเสมอทั่วใบหน้า

🔸 Stamp Mode: ดูแลเฉพาะจุดอย่างแม่นยำ ตรงจุดที่มีความกังวล

มั่นใจในมาตรฐานความปลอดภัย ดูแลโดยผู้เชี่ยวชาญเพื่อผลลัพธ์ผิวแลดูโกลว์ใสในระยะยาว

.
💬 ทักแชทสอบถามรายละเอียดเพิ่มเติมหรือนัดหมายคิวได้เลยค่ะ
***ผลลัพธ์ที่ได้ขึ้นอยู่กับสภาพผิวของแต่ละบุคคล

.
.
.
ช่องทางติดต่อสอบถาม แอดมิน+ ปรึกษาแพทย์
𝐋𝐢𝐧𝐞 𝐎𝐀 เป็นช่องทางหลัก
สาขา 𝗞𝗼𝗿𝗮𝘁 : @1stkvk 
.
🔹 สาขา 𝗞𝗼𝗿𝗮𝘁 : โคราช (Head Qaurters)
สาขา3 : ติดโรงเรียน ปลูกปัญญา เส้นสุระ 2 
สาขา1 : ในปั้มปตท. ข้างเดอะมอลล์โคราช
📞 06 1956 5444 
.
🌐𝐖𝐞𝐛𝐬𝐢𝐭𝐞 : https://kvkclinic.com
📺𝐘𝐨𝐮𝐭𝐮𝐛𝐞 : https://youtube.com/@kornvikkaclinic1234?si=PwiLo4SaaXs9J2DS
............................................
#KVKClinic #DrKoong #หมอเจด
#ยกมาตรฐานจริงใจล้ำสมัย 
#ProgramRedTouchPro เลเซอร์แสงสีแดง",0,"05/20/2026 20:42",https://www.instagram.com/p/DYlgWnaIWJ6/,"รูปภาพ IG",,อายุการใช้งาน,295,160,3,1,0,0,0
17894783736329979,17841401688105385,kvkclinic,KVKClinic,"บูสต์ผิวแน่น...แบบไม่ต้องพักหน้า ด้วยนวัตกรรมพลังงานแสง 675 nm ✨

อยากดูแลผิวให้กระชับ เรียบเนียน แต่กลัวผิวลอก กลัวต้องหลบแดด... ปัญหานี้จะหมดไปด้วย โปรแกรม RedtouchPro

นวัตกรรมคลื่นแสงความยาวคลื่นเฉพาะ 675 nm ที่ส่งตรงลงลึกถึงชั้นผิว (Dermis) เพื่อดูแลเรื่องคอลลาเจนโดยตรง โดยไม่ทำร้ายผิวชั้นบน ไม่ลอก ไม่ตกสะเก็ด🧬

.
🔴 ทำไมต้องเลือกโปรแกรม RedtouchPro ?

▪️ดูแลลึกถึงต้นเหตุ: ช่วยดูแลกระบวนการสร้างคอลลาเจนตามธรรมชาติ
▪️ผิวแลดูเนียนกระชับ: ช่วยให้ผิวดูยืดหยุ่น ริ้วรอยเล็กๆ แลดูจางลง
▪️ปรับมิติผิว: ช่วยดูแลปัญหารูขุมขนกว้าง และสีผิวที่ดูไม่สม่ำเสมอ
▪️ถนอมผิวขั้นสุด: ไม่ทำให้ผิวบางลง คืนความชุ่มชื้นและฟื้นบำรุงผิวหมองคล้ำจากแสงแดดและอายุที่มากขึ้น

.
📌จุดเด่นที่ใครก็หลงรัก (No Downtime)

▪️หลังทำเสร็จ สามารถแต่งหน้าและใช้ชีวิตประจำวันได้ทันที
▪️หน้าไม่แดง ไม่ทิ้งสะเก็ด
▪️อ่อนโยนและตอบโจทย์กับทุกเฉดผิว

💡Tips การดูแลหลังทำ:
ทากันแดด SPF 50+ สม่ำเสมอ / เน้นทามอยซ์เจอไรเซอร์ให้ผิวฉ่ำ / เลี่ยงแดดจัดและงดสครับผิว 3-5 วัน เพื่อผลลัพธ์การฟื้นบำรุงที่เต็มประสิทธิภาพ

💬 สอบถามคิวว่างหรือปรึกษาเพิ่มเติม ทักแชทได้เลยค่ะ
.
.
.
ช่องทางติดต่อสอบถาม แอดมิน+ ปรึกษาแพทย์
𝐋𝐢𝐧𝐞 𝐎𝐀 เป็นช่องทางหลัก
สาขา 𝗞𝗼𝗿𝗮𝘁 : @1stkvk 
.
🔹 สาขา 𝗞𝗼𝗿𝗮𝘁 : โคราช (Head Qaurters)
สาขา3 : ติดโรงเรียน ปลูกปัญญา เส้นสุระ 2 
สาขา1 : ในปั้มปตท. ข้างเดอะมอลล์โคราช
📞 06 1956 5444
.
🌐𝐖𝐞𝐛𝐬𝐢𝐭𝐞 : https://kvkclinic.com
📺𝐘𝐨𝐮𝐭𝐮𝐛𝐞 : https://youtube.com/@kornvikkaclinic1234?si=PwiLo4SaaXs9J2DS
............................................
#KVKClinic #DrKoong #หมอเจด
#ยกมาตรฐานจริงใจล้ำสมัย 
#ProgramRedtouchpro เลเซอร์แสงสีแดง",0,"05/21/2026 00:00",https://www.instagram.com/p/DYl27ouGVMP/,"ภาพสไลด์บน IG",,อายุการใช้งาน,324,134,4,0,0,0,0
18117898837615466,17841401688105385,kvkclinic,KVKClinic,"จากรูปร่างที่ดูอวบและเหนื่อยง่าย
วันนี้กลับมามั่นใจขึ้นในเวลา 2 เดือน ✨
.
ก่อนเข้าคอร์สคนไข้มีปัญหาน้ำหนักสะสม
โดยเฉพาะช่วงหน้าท้อง ต้นแขน
ทำให้เวลาถ่ายรูปหรือใส่เสื้อผ้าหลายแบบ
จะรู้สึกว่ารูปร่างดูตันและไม่ค่อยมั่นใจ
คุณหมอจึงวางแผนดูแลน้ำหนักแบบเป็นระบบ
ทั้งเรื่องโภชนาการ และการติดตามผลอย่างต่อเนื่อง
เพื่อให้เหมาะกับร่างกายของคนไข้แต่ละคน
อัปเดตครบ 2 เดือน น้ำหนักลดลง 10 กิโลกรัม
รูปร่างดูเล็กลงอย่างชัดเจน ใบหน้าดูสดใสขึ้น
ช่วยให้ลุคโดยรวมดูคล่องตัวและมั่นใจมากขึ้น
.
คอร์ส Metabolic Program ที่ KVK Clinic
✅ วางแผนดูแลโดยแพทย์แบบเคสต่อเคส
✅ ประเมินปัญหาและพฤติกรรมการใช้ชีวิตก่อนเริ่มโปรแกรม
✅ ออกแบบแนวทางดูแลให้เหมาะกับร่างกายของแต่ละบุคคล
✅ ติดตามผลและปรับแผนอย่างต่อเนื่อง
✅ เน้นดูแลสุขภาพและรูปร่างแบบยั่งยืน",0,"05/21/2026 05:00",https://www.instagram.com/p/DYmZR-7jQiR/,"รูปภาพ IG",,อายุการใช้งาน,262,145,0,0,0,0,0
18074051738290671,17841401688105385,kvkclinic,KVKClinic,"#ทำไมต้องให้โปรแกรมนี้เป็นFavorite…เบื้องหลังผิวหน้าแน่น ฟู รูขุมขนกระชับ แบบไม่ต้องพักฟื้น
คืนความอ่อนเยาว์ให้ผิวด้วยโปรแกรม RedTouch Pro นวัตกรรมฟื้นฟูผิวลึกถึงระดับคอลลาเจนใต้ผิวหน้า 💖

เหมาะมากสำหรับผู้ที่มีปัญหาผิวเริ่มหย่อนคล้อย ผิวโทรม หรือรูขุมขนกว้าง

ทุกเคสที่นี่จึงได้รับการออกแบบการส่งพลังงานอย่างละเอียด เพื่อความปลอดภัยอย่างมาตรฐานและผลลัพธ์ที่ตรงจุด สวยขึ้นอย่างเป็นธรรมชาติในแบบที่เป็นคุณ🫶
............................................
#KVKClinic #DrKoong #หมอเจด
#ยกมาตรฐานจริงใจล้ำสมัย
ProgramRedTouchPro รีวิวโปรแกรมRedTouchPro",0,"05/21/2026 05:43",https://www.instagram.com/reel/DYmeLl2IwBF/,"คลิป Reels บน IG",,อายุการใช้งาน,238,175,4,1,0,0,0
17885856858550948,17841401688105385,kvkclinic,KVKClinic,"ครบ 3 เดือนแล้วกับชั้นตาใหม่ ✨
แต่งหน้าง่ายขึ้น มั่นใจขึ้นทุกวัน
.
ก่อนทำตาเคสนี้ชั้นตาเล็กและชั้นตาไม่ชัด
ทำให้เวลาแต่งหน้าต้องกรีดอายไลน์เนอร์
เพื่อให้ตาดูโตขึ้นและชั้นตาชัดขึ้น
เคสนี้แก้ไขด้วยการผ่าตัดตาสองชั้น เพื่อปรับชั้นตาให้ชัดขึ้น
หลังทำครบ 3 เดือนเห็นชั้นตาชัด ปรับดวงตาดูกลมโต
และช่วยให้แต่งหน้าได้ง่ายขึ้นกว่าเดิมเยอะ
.
ผ่าตัดตาสองชั้นที่ KVK Clinic
✅ ดูแลโดยแพทย์มากประสบการณ์
✅ ปรึกษากับคุณหมอก่อนเข้าห้องผ่าตัดทุกเคส
✅ ออกแบบชั้นตาให้เข้ากับแต่ละบุคคล แบบเคสต่อเคส
✅ ติดตามผลและดูแลหลังผ่าตัดอย่างต่อเนื่อง",0,"05/21/2026 19:00",https://www.instagram.com/p/DYn5a0fDGxL/,"รูปภาพ IG",,อายุการใช้งาน,196,107,0,0,0,0,0
18077808632207473,17841401688105385,kvkclinic,KVKClinic,"เทรนด์ใหม่มาแรงจนฉุดไม่อยู่! #ลงลิฟท์ คืออะไร? 
ทำไมช่วงนี้มีแต่คนพูดถึง พลาดไม่ได้เลยคลิปนี้! 💖

🤔อยากรู้ว่าเทรนด์นี้คืออะไร? ทำไมถึงฮิตติดลมบน? 
ตามหมอกุ้ง (พญ.กรวิกกา พัฒนะปราน ว38020) มาหาคำตอบและไขข้อข้องใจไปด้วยกันในคลิปนี้เลยค่ะ! 🎬✨

............................................
#KVKClinic #DrKoong #หมอเจด
#ยกมาตรฐานจริงใจล้ำสมัย
ลงลิฟท์ เทรนด์มาแรง",0,"05/22/2026 00:51",https://www.instagram.com/reel/DYohecaoxcu/,"คลิป Reels บน IG",,อายุการใช้งาน,265,180,2,0,0,0,1
17889254484377532,17841401688105385,kvkclinic,KVKClinic,"เบื้องหลังการดูแลที่ตอบโจทย์ คือการเรียนรู้อย่างต่อเนื่อง 📚✨
พาชมภาพบรรยากาศการทำ Workshop ภายในของทีมแพทย์ KVK Clinic ที่เต็มไปด้วยความมุ่งมั่น ตั้งใจ และการแลกเปลี่ยนมุมมองทางวิชาการอย่างเข้มข้น เพื่อเป้าหมายเดียวคือ ”การยกระดับมาตรฐานการดูแลในทุกขั้นตอน“

.
การเติบโตร่วมกัน (Growing Together) ของทีมแพทย์เราในครั้งนี้ แบ่งออกเป็นขั้นตอนที่ละเอียดถี่ถ้วน:

🔸 The Classroom & Discussion: ร่วมศึกษาเคสและอัปเดตองค์ความรู้ใหม่ ๆ ในห้องประชุม เพื่อวิเคราะห์ความต้องการและโครงสร้างใบหน้าที่หลากหลาย

🔸 Facial Mapping & Analysis: ลงมือประเมินโครงสร้างใบหน้าจริงร่วมกันอย่างละเอียด โดยมีการใช้เทคนิคการประเมินสัดส่วน เพื่อความแม่นยำก่อนการวางแผน

🔸 Technique Sharing: การแชร์เทคนิคเฉพาะของแพทย์แต่ละท่าน เพื่อประสานร่วมเป็นมาตรฐานการดูแลที่มีประสิทธิภาพสูงสุดของคลินิก

.
นี่คือเหตุผลที่ทีมแพทย์ KVK Clinic นำโดย
👩‍⚕️คุณหมอกุ้ง (พญ.กรวิกกา พัฒนะปราน ว38020)
แพทย์ประจำKVKClinic ประจำสาขาโคราชและสยาม
👩‍⚕️คุณหมอป๊อบ (พญ.ศวิตา ทองขุนวงศ์ ว59456)
แพทย์ประจำKVKClinic ประจำสาขาโคราช
👩‍⚕️คุณหมอเกด (พญ.วิภาวรรณ พนมชัย ว48034)
แพทย์ประจำKVKClinic ประจำสาขาโคราช
🧑‍⚕️คุณหมอโตโต้ (นพ.ธันยาวุฒิ  เรืองธนานุรักษ์ ว63955)
แพทย์ประจำKVKClinic ประจำสาขาโคราช
ร่วมกันจัดเซสชันพิเศษ ”Program Facial Structure Workshop“ ขึ้นมา เพื่อร่วมกันอัปเดตและวิเคราะห์เจาะลึกในทุกตารางมิลลิเมตรบนใบหน้า

🌱 มุ่งมั่น พัฒนา และเติบโตไปด้วยกัน เพื่อความมั่นใจในแบบที่เป็นคุณ
............................................
#KVKClinic #DrKoong #หมอเจด
#ยกมาตรฐานจริงใจล้ำสมัย
#FacialStructureWorkshop วิเคราะห์โครงสร้างใบหน้า",0,"05/22/2026 22:44",https://www.instagram.com/p/DYq32K3mTrd/,"ภาพสไลด์บน IG",,อายุการใช้งาน,388,144,5,1,0,0,0
17871978504672782,17841401688105385,kvkclinic,KVKClinic,"เบื้องหลังผลลัพธ์ที่ตอบโจทย์ คือการไม่หยุดเรียนรู้ของทีมแพทย์ KVK Clinic 📚🩺

“เพราะทุก Detail สำคัญ” ทีมแพทย์ของเราจึงใส่ใจตั้งแต่การคัดสรรเทคโนโลยีที่ทันสมัย ไปจนถึงการอัปเดตเทคนิคการแพทย์ใหม่ๆ อยู่เสมอ เพื่อนำมาปรับใช้ให้เหมาะกับโครงสร้างใบหน้าของแต่ละบุคคลอย่างประณีต
มั่นใจในทุกขั้นตอนการดูแล ด้วยความรู้ที่ทันสมัยและดีไซน์ที่ออกแบบมาเพื่อคุณโดยเฉพาะ 🌟

อยากปรับตรงไหนให้ตอบโจทย์ สามารถเข้ามาปรึกษากับทีมแพทย์ของเราได้เลยค่ะ 🗓️ 
............................................
#KVKClinic #DrKoong #หมอเจด
#ยกมาตรฐานจริงใจล้ำสมัย
#ทีมแพทย์KVK อัปเดตความรู้ นวัตกรรมผิวพรรณ",0,"05/23/2026 00:03",https://www.instagram.com/reel/DYrA2r8o1p2/,"คลิป Reels บน IG",,อายุการใช้งาน,261,167,2,0,0,0,0
18088475555365924,17841401688105385,kvkclinic,KVKClinic,"เครื่องดีแค่ไหนก็เอาไม่อยู่... ถ้าขาดสิ่งนี้! เพราะ #AfterCare สำคัญไม่แพ้ตัวโปรแกรม 💥

รู้ไหมคะว่า การดูแลตัวเองหลังจากทำโปรแกรมเลเซอร์ มีส่วนช่วยส่งเสริมผลลัพธ์โดยรวมมากถึง 70% เลยนะ! ยิ่งดูแลถูกวิธี ผิวยิ่งฟื้นฟูได้เต็มประสิทธิภาพ คุ้มค่ากับที่เราตั้งใจมาดูแลผิวแน่นอนค่ะ 💸✨

▶️มาฟังทริคการดูแลผิวหลังทำโปรแกรมเลเซอร์แบบเข้าใจง่ายจาก หมอกุ้ง (พญ.กรวิกา พัฒนะปราน ว38020) ในคลิปนี้กันเลย!
............................................
#KVKClinic #DrKoong #หมอเจด
#ยกมาตรฐานจริงใจล้ำสมัย
AfterCare ดูแลผิวหลังเลเซอร์ เคล็ดลับผิวดี",132,"05/23/2026 04:00",https://www.instagram.com/reel/DYrcD5TT1Kg/,"คลิป Reels บน IG",,อายุการใช้งาน,247,165,2,0,0,0,0
18096983234132277,17841401688105385,kvkclinic,KVKClinic,"หน้าดูง่วง ไม่ใช่เพราะนอนน้อย
แต่อาจเป็นเพราะ “กล้ามเนื้อตาอ่อนแรง”
.
ก่อนทำเคสนี้มีภาวะกล้ามเนื้อตาอ่อนแรง
ทำให้ตาข้างซ้ายดูตกและลืมตาได้ไม่เต็มที่
ส่งผลให้ตาทั้งสองข้างดูไม่เท่ากัน
เวลามองหน้าตรงตาดูง่วงและไม่สดใส
คุณหมอจึงแก้ไขด้วยการปรับกล้ามเนื้อตา
โดยทำร่วมกับการผ่าตัดตาสองชั้น
และออกแบบชั้นตาใหม่ให้เหมาะกับรูปตาเดิม 
หลังทำครบ 1 เดือนดวงตาดูเปิดขึ้นและชั้นตาชัดแลดูธรรมชาติ
.
ผ่าตัดตาสองชั้นที่ KVK Clinic
✅ ดูแลโดยแพทย์มากประสบการณ์
✅ ปรึกษากับคุณหมอก่อนเข้าห้องผ่าตัดทุกเคส
✅ ออกแบบชั้นตาให้เข้ากับแต่ละบุคคล แบบเคสต่อเคส
✅ ติดตามผลและดูแลหลังผ่าตัดอย่างต่อเนื่อง",0,"05/23/2026 18:00",https://www.instagram.com/p/DYs8MP-EdB2/,"รูปภาพ IG",,อายุการใช้งาน,282,175,0,0,0,0,0
17881864998602421,17841401688105385,kvkclinic,KVKClinic,"#หลุมสิว แต่ละประเภท ดูแลเหมือนหรือต่างกันอย่างไร❓ 
🧐 ปัญหาหลุมสิว... เรื่องผิวที่ต้องวิเคราะห์ให้ตรงจุด 

เพราะโครงสร้างผังผืดและลักษณะของหลุมสิวแต่ละคนไม่เหมือนกัน การดูแลจึงต้องออกแบบให้เหมาะสมกับสภาพผิวเฉพาะบุคคล

วันนี้มาฟังคุณหมอกุ้ง (พญ.กรวิกกา พัฒนะปราน ว38020) แชร์ความรู้เกี่ยวกับการแยกประเภทหลุมสิว และแนวทางการดูแลอย่างถูกวิธีกันค่ะ นำไปปรับใช้กับผิวตัวเองได้เลย 🤍

*ผลลัพธ์ขึ้นอยู่กับแต่ละบุคคล
............................................
#KVKClinic #DrKoong #หมอเจด
#ยกมาตรฐานจริงใจล้ำสมัย
ความรู้คู่ผิวดี ปรึกษาเรื่องผิว หลุมสิว",0,"05/23/2026 23:15",https://www.instagram.com/reel/DYtgFOxI_g0/,"คลิป Reels บน IG",,อายุการใช้งาน,395,252,8,6,0,0,1
18133198825572491,17841401688105385,kvkclinic,KVKClinic,"แค่ปรับทรงใหม่ให้พอดีกับตัว
ช่วยให้ทุกลุคดูดีขึ้นแบบธรรมชาติ 🍼✨
.
เคสนี้เดิมคนไข้มีหน้าอกค่อนข้างน้อย
ทำให้เวลาใส่เสื้อผ้าหลายแบบดูไม่เต็มทรง
โดยเฉพาะคนที่ชอบแต่งตัวและถ่ายรูป
เคสนี้แก้ไข้ด้วยโปรแกรมเสริมหน้าอก
อัปเดตครบ 4 ปี ทรงหน้าอกยังดูสวยละมุน
เข้ากับรูปร่าง และช่วยเพิ่มความมั่นใจได้อย่างเป็นธรรมชาติ
.
ผ่าตัดเสริมหน้าอกที่ KVK Clinic
✅ ดูแลโดยแพทย์มากประสบการณ์
✅ ปรึกษากับคุณหมอก่อนเข้าห้องผ่าตัดทุกเคส
✅ ออกแบบข้างต่อข้างให้เข้ากับแต่ละบุคคล แบบเคสต่อเคส
✅ ติดตามผลและดูแลหลังผ่าตัดอย่างต่อเนื่อง",0,"05/24/2026 04:00",https://www.instagram.com/p/DYuA0vdDabn/,"รูปภาพ IG",,อายุการใช้งาน,207,105,0,0,0,0,0
18270740551292761,17841401688105385,kvkclinic,KVKClinic,"📢 𝐏𝐀𝐘𝐃𝐀𝐘 𝐃𝐄𝐀𝐋𝐒! สวยคุ้มส่งท้ายเดือนที่ 𝐊𝐕𝐊𝐂𝐥𝐢𝐧𝐢𝐜 
รอบนี้เราจัดแพ็กเกจตั๋วเดินทางความสวยมาให้เลือกถึง 5 เส้นทางบิน สะดวกแบบไหน เลือกเช็กอินเส้นทางนั้นได้เลยค่ะ! พร้อมข้อเสนอพิเศษ ผ่อนสบายๆ 𝟎% นานสูงสุด 6 เดือน 💳✨

.
🛫 เลือกคลาสที่ใช่ แล้วก้าวขาขึ้นเครื่องมาเลย:

🤎 KVK Economy Route | เปิดบิล 10,000.- รับวงเงินเพิ่ม 1,000.-

💚 KVK Premium Eco Route | เปิดบิล 20,000.- รับวงเงินเพิ่ม 2,000.-

❤️ KVK Business Route | เปิดบิล 40,000.- รับวงเงินเพิ่ม 4,000.-

💙 KVK First Class Route | เปิดบิล 50,000.- รับวงเงินเพิ่ม 5,000.-

💜 KVK Private Jet Route | เปิดบิล 100,000.- รับวงเงินเพิ่ม 10,000.-

.
ใครกำลังมองหาคลินิกที่เข้าใจทุก Lifestyle ต้องที่ KVKClinic  ตอบโจทย์ทุกปัญหากังวลใจ  เลือกได้ตามใจชอบ เข้ามาลองแล้วจะเลิฟ! 🫶

🗓️วันนี้ 25- 31 พฤษภาคม 2569
.
.
.
ช่องทางติดต่อสอบถาม แอดมิน+ ปรึกษาแพทย์
𝐋𝐢𝐧𝐞 𝐎𝐀 เป็นช่องทางหลัก
สาขา 𝗞𝗼𝗿𝗮𝘁 : @1stkvk 
.
🔹 สาขา 𝗞𝗼𝗿𝗮𝘁 : โคราช (Head Qaurters)
สาขา3 : ติดโรงเรียน ปลูกปัญญา เส้นสุระ 2 
สาขา1 : ในปั้มปตท. ข้างเดอะมอลล์โคราช
📞 06 1956 5444
.
🌐𝐖𝐞𝐛𝐬𝐢𝐭𝐞 : https://kvkclinic.com
📺𝐘𝐨𝐮𝐭𝐮𝐛𝐞 : https://youtube.com/@kornvikkaclinic1234?si=PwiLo4SaaXs9J2DS
............................................
#KVKClinic #DrKoong #หมอเจด
#ยกมาตรฐานจริงใจล้ำสมัย 
#KVKPaydayDeals สวยคุ้มส่งท้ายเดือน ทุกไลฟ์สไตล์ที่KVK",0,"05/24/2026 05:25",https://www.instagram.com/p/DYuKjdKGVAI/,"ภาพสไลด์บน IG",,อายุการใช้งาน,340,118,1,0,0,0,0
18024921071827707,17841401688105385,kvkclinic,KVKClinic,"ตาที่เคยปรือ ดูไม่เท่ากัน
แค่แก้ไขถูกจุด ลุคก็เปลี่ยนทั้งหน้า 👁👁✨
.
เคสนี้มีปัญหาตาไม่เท่ากัน ตาข้างที่มีปัญหาคือตาข้างซ้าย 
ชั้นตาไม่ชัด ส่วนตาข้างขวากล้ามเนื้อตาตก ตาปรือ 
คุณหมอแก้ไขปรับกล้ามเนื้อตา โดยทำร่วมกับทำตาสองชั้น
ออกแบบชั้นตาใหม่ เพื่อให้ชั้นตาดูชัดขึ้น
หลังทำครบ 1 เดือนตาดูใกล้เคียงกับตาข้างขวา
ชั้นตาเริ่มเข้าที่ ลุคโดยรวมดูสดใสและมั่นใจขึ้น
.
ผ่าตัดตาสองชั้นที่ KVK Clinic
✅ ดูแลโดยแพทย์มากประสบการณ์
✅ ปรึกษากับคุณหมอก่อนเข้าห้องผ่าตัดทุกเคส
✅ ออกแบบชั้นตาให้เข้ากับแต่ละบุคคล แบบเคสต่อเคส
✅ ติดตามผลและดูแลหลังผ่าตัดอย่างต่อเนื่อง",0,"05/24/2026 19:00",https://www.instagram.com/p/DYvn1Stja0Z/,"รูปภาพ IG",,อายุการใช้งาน,138,84,0,0,0,0,0
18144145711510093,17841401688105385,kvkclinic,KVKClinic,"เจาะลึกเทรนด์และเทคโนโลยีความงามยุคใหม่ ไปกับคุณหมอกุ้ง 💡✨
ได้รับเกียรติเข้าร่วมงานประชุมวิชาการครั้งสำคัญ ”THE CONVERGENCE OF AESTHETIC SCIENCE TRENDS, TECHNOLOGY, AND TRANSFORMATION“

🌟จบลงไปอย่างงดงาม สำหรับงานสัมมนาวิชาการระดับแนวหน้า ที่รวบรวมวิทยาศาสตร์แห่งความงามและเทคโนโลยีล้ำสมัยเข้าไว้ด้วยกัน โดยคุณหมอกุ้ง (พญ.กรวิกกา พัฒนะะปราน ว38020) ได้ร่วมแชร์ประสบการณ์ร่วมกับอาจารย์แพทย์และผู้เชี่ยวชาญระดับแนวหน้าของเมืองไทย ณ อาคารภูมิสิริมังคลานุสรณ์ โรงพยาบาลจุฬาลงกรณ์ 

🧪ภายในงานนี้ คุณหมอกุ้งได้รับหน้าที่สำคัญในฐานะ Hands-on Instructor ขึ้นถ่ายทอดเทคนิคและสาธิตการทำ Live Demonstration ในหัวข้อ ”XERF Face Tightening and Lifting“ ร่วมกับเทรนด์การดูแลผิวด้วยสารสกัดโพลีนิวคลีโอไทด์ (Polynucleotide) ซึ่งเป็นนวัตกรรมการฟื้นฟูผิวที่กำลังมาแรงที่สุดในขณะนี้ 

🔬งานนี้เป็นการผสานพลังระหว่างศาสตร์แห่งความงามและเทคโนโลยีระดับมาตรฐานสากล เพื่ออัปเดตเทคนิคการดูแลผิวที่ล้ำสมัยและตอบโจทย์ปัญหาผิวได้อย่างครอบคลุมที่สุด

มาร่วมเปิดประสบการณ์การดูแลผิวพรรณด้วยมาตรฐานระดับสากลและเทคนิคเฉพาะตัวของคุณหมอกุ้งได้แล้ววันนี้ที่ KVK Clinic นะคะ 🤍

............................................
#KVKClinic #DrKoong #หมอเจด
#ยกมาตรฐานจริงใจล้ำสมัย
#AESLA TheConvergenceofAestheticScienceTrendsTechnologyandTransformation AestheticTransformation XERFInstructor
RegenerativeMedicine",0,"05/24/2026 21:30",https://www.instagram.com/p/DYv5BmsGSED/,"ภาพสไลด์บน IG",,อายุการใช้งาน,705,277,15,0,0,0,0
18326649277266152,17841401688105385,kvkclinic,KVKClinic,"เก็บเหนียง เปลี่ยนกรอบหน้า ✨
หน้าดูเรียวขึ้นแบบเห็นได้ชัด
.
เคสนี้มีไขมันสะสมบริเวณใต้คางค่อนข้างเยอะ
ทำให้เวลามองด้านข้างจะเห็นเหนียงชัด
กรอบหน้าไม่ค่อยคม และลำคอดูไม่กระชับ
คุณหมอแก้ไขด้วยการผ่าดูดเหนียง
โดยทำร่วมกับเย็บกระชับ เพื่อช่วยเก็บกรอบหน้าชัด
หลังทำจะเห็นว่าเหนียงลดลงอย่างชัดเจน
กรอบหน้าดูคมขึ้น หน้าดูเรียวและกระชับขึ้น
.
ผ่าตัดดูดเหนียงที่ KVK Clinic
✅ ดูแลโดยแพทย์มากประสบการณ์
✅ ปรึกษากับคุณหมอก่อนเข้าห้องผ่าตัดทุกเคส
✅ ติดตามผลและดูแลหลังผ่าตัดอย่างต่อเนื่อง",0,"05/25/2026 04:01",https://www.instagram.com/p/DYwlyE5nCXk/,"รูปภาพ IG",,อายุการใช้งาน,230,123,0,0,0,0,0
18103689950055383,17841401688105385,kvkclinic,KVKClinic,"เทรนด์ผิวโลกเปลี่ยนไป และ KVK Clinic ไม่เคยหยุดนิ่งที่จะนำสิ่งที่ดีที่สุดมาสู่คุณ ✨

ภาพบรรยากาศ คุณหมอกุ้ง (พญ.กรวิกกา พัฒนะปราน ว38020) และ คุณหมอโบว์ (พญ.เสาวภาคย์ ตรีสุธรรมมาศ ว65557) ทีมแพทย์ประจำ KVK Clinic เข้าร่วมงานสัมมนาครั้งสำคัญ ”THE CONVERGENCE OF AESTHETIC SCIENCE TRENDS, TECHNOLOGY, AND TRANSFORMATION“ เพื่อเจาะลึกแนวทางการดูแลผิวในยุค Regenerative Skin นวัตกรรมการฟื้นฟูผิวแห่งอนาคต

งานนี้บอกเลยว่าเทรนด์ ”Regenerative Skin“ มาแรงมากกก! เป็นแนวทางการดูแลผิวที่เน้นความอ่อนเยาว์แบบเป็นธรรมชาติ ฟื้นฟูให้ผิวกลับมาดูแข็งแรงและเปล่งประกายชุ่มชื้นจากฐานผิวชั้นใน

คุณหมอทั้งสองท่านเก็บเกี่ยวเทคนิคและแนวคิดใหม่ๆ มาแบบจัดเต็ม พร้อมส่งต่อการดูแลผิวระดับพรีเมียมให้คนไข้ที่น่ารักของ KVK Clinic ทุกสาขาแล้วค่ะ 🥰

............................................
#KVKClinic #DrKoong #หมอเจด
#ยกมาตรฐานจริงใจล้ำสมัย
#AESLA TheConvergenceofAestheticScienceTrendsTechnologyandTransformation AestheticTransformation XERFInstructor
RegenerativeMedicine",129,"05/25/2026 05:00",https://www.instagram.com/reel/DYwshuXT7a8/,"คลิป Reels บน IG",,อายุการใช้งาน,160,106,5,0,0,0,0
17977707122865828,17841401688105385,kvkclinic,KVKClinic,"บอกลาผิวพัง ซ่อมลึกถึงต้นตอ! ด้วยโปรแกรม Sylfirm X Plus ที่ KVKclinic 👩‍⚕️✨

จัดการฝ้า รอยสิว และรูขุมขนแบบถอนรากถอนโคน เครื่องมาตรฐานสากล ทีมแพทย์ยิงละเอียดทุกจุด ประเมินผิวแบบ Case by case มั่นใจได้เลยว่าผิวคุณจะได้รับการดูแลที่ดีที่สุด🫶💓

............................................
#KVKClinic #DrKoong #หมอเจด
#ยกมาตรฐานจริงใจล้ำสมัย
#ProgramSylfirmXPlus รักษาหลุมสิว",20,"05/26/2026 04:00",https://www.instagram.com/reel/DYzKZw_TXs0/,"คลิป Reels บน IG",,อายุการใช้งาน,193,124,1,0,0,0,0
18077935982643955,17841401688105385,kvkclinic,KVKClinic,"ตาหลบใน ดูง่วงตลอดเวลา
สู่ตาหวานและสดใสขึ้น ✨
.
เคสนี้มีชั้นตาหลบใน ทำให้ตาสองข้างไม่เท่ากัน 
เวลามองจะเห็นว่าตาดูปรือเล็กน้อย 
ชั้นตาไม่ชัด และส่งผลให้แต่งตายาก
คุณหมอแก้ไขด้วยโปรแกรมผ่าตัดตาสองชั้น
เน้นให้เข้ากับโครงตาเดิมของคนไข้
หลังทำเห็นได้ชัดว่าชั้นตาชัด 
ตาทั้งสองข้างดูใกล้เคียงกันมากขึ้น 
ตาดูหวาน สดใส และทำให้แต่งหน้าง่ายขึ้นกว่าเดิม 
.
ผ่าตัดตาสองชั้นที่ KVK Clinic
✅ ดูแลโดยแพทย์มากประสบการณ์
✅ ปรึกษากับคุณหมอก่อนเข้าห้องผ่าตัดทุกเคส
✅ ออกแบบชั้นตาให้เข้ากับแต่ละบุคคล แบบเคสต่อเคส
✅ ติดตามผลและดูแลหลังผ่าตัดอย่างต่อเนื่อง",0,"05/26/2026 04:30",https://www.instagram.com/p/DYzNz5IEclG/,"รูปภาพ IG",,อายุการใช้งาน,166,92,0,0,0,0,0
18044433005790681,17841401688105385,kvkclinic,KVKClinic,"อัปเดตครบ 5 ปี ทรงยังสวยละมุน
ใส่ชุดไหนก็มั่นใจขึ้นทุกลุค
. 
ก่อนทำคนไข้มีหน้าอกค่อนข้างเล็ก เนินอกไม่ชัด 
ทำให้สัดส่วนช่วงบนดูตรงและขาดมิติ 
เวลาใส่เสื้อผ้าจะดูไม่ค่อยมีทรงทำให้ความมั่นใจลดลง 
แก้ไขด้วยโปรแกรมเสริมหน้าอก 
ออกแบบให้เหมาะกับโครงสร้าง 
อัปเดตผลลัพธ์หลังทำ 5 ปี หน้าอกยังคงรูปสวย 
เนินอกชัด ทรงดูนุ่มละมุนและเข้ากับรูปร่างมากขึ้น 
ช่วยให้บุคลิกดูมั่นใจและแต่งตัวได้หลากหลายขึ้น
.
ผ่าตัดเสริมหน้าอกที่ KVK Clinic
✅ ดูแลโดยแพทย์มากประสบการณ์
✅ ปรึกษากับคุณหมอก่อนเข้าห้องผ่าตัดทุกเคส
✅ ออกแบบข้างต่อข้างให้เข้ากับแต่ละบุคคล แบบเคสต่อเคส
✅ ติดตามผลและดูแลหลังผ่าตัดอย่างต่อเนื่อง",0,"05/26/2026 19:00",https://www.instagram.com/p/DY0xZ1QgVXh/,"รูปภาพ IG",,อายุการใช้งาน,109,52,0,0,0,0,0
18100579934303122,17841401688105385,kvkclinic,KVKClinic,"Celebrate the Extraordinary. Witness the Unveiling.👑

ความเลอค่าไม่ได้เกิดขึ้นเพียงชั่วข้ามคืน แต่ถูกบ่มเพาะผ่านกาลเวลาและความละเอียดอ่อน... 14 Years of Elegance.💎
ตลอดระยะเวลาที่ผ่านมา KVKClinic ไม่เคยหยุดนิ่งที่จะพัฒนามาตรฐานเพื่อส่งมอบสิ่งที่ดีที่สุดให้กับทุกท่าน

.
✨และในวาระพิเศษครบรอบ 14 ปีนี้ KVKClinic พร้อมแล้วที่จะยกระดับนิยามความพิเศษให้เหนือระดับยิ่งกว่าเดิม Something extraordinary is unfolding.

เตรียมพบกับปรากฏการณ์ “Big Surprise” ที่ KVKClinic บรรจงรังสรรค์ขึ้นเพื่อแทนคำขอบคุณ และเพื่อมอบประสบการณ์สุดเอ็กซ์คลูซีฟที่คุณไม่เคยสัมผัสที่ไหนมาก่อน🫶

.
🥂 The wait is almost over. Are you ready for the BIG SURPRISE?
Unlock the surprise of a lifetime. โปรดเตรียมติดตามรายละเอียดความเคลื่อนไหวให้ดี เพราะความพิเศษระดับ Masterpiece นี้... มีไว้สำหรับผู้ที่เฝ้ารอเท่านั้น

📍 Save the Date: 04.04.2026

……………………………………

#KVKClinic #DrKoong #DrJade
#ยกมาตรฐานจริงใจล้ำสมัย
#KVKAnniversary BigSurprise
KVK14th TheBigReveal LuxuryService KVKClinicSurprise",0,"03/24/2026 06:32",https://www.instagram.com/p/DWRNs79gRmf/,"รูปภาพ IG",,อายุการใช้งาน,724,445,6,2,1,0,0
18084064919355173,17841401688105385,kvkclinic,KVKClinic,"The Mystery of Lifting 5 Program…ทายถูกรับรางวัลทันที! ✨
KVK Clinic ท้าให้ทาย! เงาที่เห็นอยู่นี้ คือเครื่องยกกระชับนวัตกรรมไหนบ้าง?🤔

เห็นแค่ Silhouette ก็รู้เลยว่าตัวแม่เรื่องงานผิวแน่นอน! ใครแฟนพันธุ์แท้เครื่องแท้ที่ KVK ห้ามพลาด!!!

🎁 แจกฟรี! รางวัลสุดพิเศษ 20 รางวัล สำหรับผู้ที่ทายถูก

กติกาง่ายๆ: 🎯
1. คอมเมนต์ชื่อเครื่องทั้ง 5 เครื่อง
2. กด Like & Share โพสต์นี้ (เปิดสาธารณะ)
3. Tag เพื่อนที่อยากชวนมาสวยด้วยกัน 1 คน

มาร่วมสนุกกันเยอะๆ นะคะ ใบ้ให้ว่า... ยกจริง ตึงจริง ไม่ต้องพักฟื้น! 🫣

……………………………………
#KVKClinic #DrKoong #DrJade
#ยกมาตรฐานจริงใจล้ำสมัย
#14thAnniversaryKVK",0,"03/24/2026 23:58",https://www.instagram.com/p/DWTFZTUGQL9/,"ภาพสไลด์บน IG",,อายุการใช้งาน,716,299,6,0,0,0,0
18112915786591655,17841401688105385,kvkclinic,KVKClinic,"อัปเดต 2 เดือน 👃✨
เพิ่มมิติให้ใบหน้าด้วยการปรับทรงจมูก
.
ก่อนทำคนไข้มีปัญหาปลายจมูกค่อนข้างสั้น
และมีลักษณะชมพู่เล็กน้อย 
ทำให้เวลาถ่ายรูปมุมด้านข้างใบหน้าดูไม่ค่อยมีมิติ 
เส้นไลน์จมูกไม่เด่นชัด
อัปเดตหลังทำครบ 2 เดือน
ทรงจมูกเริ่มเข้าที่มากขึ้น สันจมูกดูชัดขึ้น ปลายจมูกดูยาวและพุ่งขึ้นอย่างเป็นธรรมชาติ ทำให้ใบหน้าโดยรวมดูมีมิติและละมุนขึ้นกว่าเดิม
.
ผ่าตัดเสริมจมูกที่ KVK Clinic
✅ ดูแลโดยแพทย์มากประสบการณ์
✅ ปรึกษากับคุณหมอก่อนเข้าห้องผ่าตัดทุกเคส
✅ ออกแบบทรงจมูกให้เข้ากับแต่ละบุคคล แบบเคสต่อเคส
✅ ติดตามผลและดูแลหลังผ่าตัดอย่างต่อเนื่อง",0,"03/11/2026 20:43",https://www.instagram.com/p/DVxQwGkiKAZ/,"รูปภาพ IG",,อายุการใช้งาน,358,220,1,1,0,0,0
18075897752127030,17841401688105385,kvkclinic,KVKClinic,"เพราะผลลัพธ์ที่ดูเป็นธรรมชาติ ✨
ไม่ได้ขึ้นอยู่กับเครื่องมืออย่างเดียว
แต่อยู่ที่ “เทคนิคการออกแบบโปรแกรม” ให้เหมาะกับแต่ละบุคคล

โปรแกรมฟิลเลอร์ไม่ได้มีแค่การเติม
แต่คือการ “ออกแบบให้เหมาะกับโครงหน้าแต่ละคน”

เพื่อให้ลุคดูละมุน เป็นธรรมชาติ
และยังคงเอกลักษณ์ของคุณไว้ 💙

………………………………………….
#KVKClinic #DrKoong #DrJade
#ยกมาตรฐานจริงใจล้ำสมัย
#หมอณิชาKVK
โปรแกรมฟิลเลอร์",34,"03/12/2026 02:33",https://www.instagram.com/reel/DVx4v4bgY3U/,"คลิป Reels บน IG",,อายุการใช้งาน,367,300,1,0,0,0,0
18136483393509608,17841401688105385,kvkclinic,KVKClinic,"อยากอัปสวยด้วยฟิลเลอร์... ต้องเช็กอะไรบ้างนะ? 🤔💖

ใครกำลังเล็งโปรแกรมฟิลเลอร์ไว้ แต่ยังกล้าๆ กลัวๆ กลัวได้ของไม่ดี หรือกลัวไม่เป็นธรรมชาติ... มาฟังทางนี้ค่ะ! คุณหมอณิชามี Check-list วิธีดูฟิลเลอร์คุณภาพมาฝากกัน

ความสวยที่มาพร้อมความปลอดภัยคือสิ่งที่ KVK Clinic ให้ความสำคัญอันดับหนึ่งเสมอ✨🫶

………………………………………
#KVKClinic #DrKoong #DrJade
#ยกมาตรฐานจริงใจล้ำสมัย
#หมอณิชาKVK โปรแกรมฟิลเลอร์
สาระน่ารู้",0,"03/13/2026 03:26",https://www.instagram.com/reel/DV0jbbEARoj/,"คลิป Reels บน IG",,อายุการใช้งาน,475,362,4,0,0,0,0
17941121763154704,17841401688105385,kvkclinic,KVKClinic,"KVK Clinic รู้สึกเป็นเกียรติและภาคภูมิใจอย่างยิ่ง
จากงาน “The Runway We Walk Together” 💫

.
อีกหนึ่งความภาคภูมิใจของ KVK Clinic! คุณหมอกุ้ง ( พญ.กรวิกกา พัฒนะปราน ว 38020 )และทีมงาน รู้สึกเป็นเกียรติอย่างยิ่งที่ได้รับรางวัล

กับ 2 รางวัลอันทรงเกียรติ

🏆The Master X iconic (academic mentor) 2025
และ
🏆 The excellence center award 2025 

รางวัลนี้สะท้อนถึงความร่วมมือและการเติบโตที่เกิดขึ้นจากการก้าวเดินไปด้วยกันของทุกภาคส่วน ภูมิใจที่ได้เป็นส่วนหนึ่งของการบอกต่อสิ่งดีๆ ให้กับ Paragoncare ไปถึงคนไข้  รวมถึงความไว้วางใจและการสนับสนุนจากทุกท่านที่มีให้กับ KVK Clinic มาโดยตลอด🫶🏾💙

.
และแน่นอนสิ่งเหล่านี้ บอกว่า KVKclinic มุ่งมั่นพัฒนาทุกด้านอย่างต่อเนื่อง ทั้ง ทีมแพทย์ การบริการ เครื่องมือ และเทคนิค รวมถึงการมองปัญหาคนไข้เป็นองค์รวม เพื่อแก้ไขปัญหาอย่างยั่งยืน และเราคือ KVK Team 

.
🙏ขอขอบพระคุณ ParagonCare ที่เชื่อมั่นและเดินเคียงข้างกันมาโดยตลอด เราจะยังคงก้าวเดินต่อไปด้วยกัน  KVKclinic  พร้อมส่งมอบความมั่นใจให้กับทุกคน💪

.......................................................................
#KVKClinic #DrKoong #DrJade
#ยกระดับมาตรฐานจริงใจล้ำสมัย
#StrongerTogether
TheRunwayWeWalkTogether ExcellentPartnerAward2025
ParagonCare Anniversary SuccessJourney",0,"03/13/2026 22:28",https://www.instagram.com/p/DV2mWczAcFo/,"ภาพสไลด์บน IG",,อายุการใช้งาน,1015,495,29,1,0,0,0
17941956506999553,17841401688105385,kvkclinic,KVKClinic,"โปรแกรม Doublo New 2.0 เครื่องนี้มีดีอะไร ทำไมฮอตจัง! 🔥

🛑 ใครที่กำลังมองหาตัวช่วยดูแลผิวหน้า ต้องหยุดดู! 
ความลับอยู่ที่เทคโนโลยี MFU x RF ที่ทำงานร่วมกันแบบ Double พลัง
ช่วยดูแลความยืดหยุ่นของผิวและเก็บกรอบหน้าให้เป๊ะกว่าที่เคย

✅ ต่างจากเครื่องทั่วไปยังไง?
✅ เหมาะกับปัญหาผิวแบบไหน?

คำตอบอยู่ในคลิปนี้แล้ว! หรืออยากปรึกษาแบบเจาะลึก 
📥 ส่งข้อความหาเราได้เลยนะคะ ทีมงานและคุณหมอยินดีดูแลค่ะ
............................................................................
#KVKClinic #DrKoong #DrJade
#ยกระดับมาตรฐานจริงใจล้ำสมัย
#ProgramNewDoublo2 MFU RF
KVKClinicสาขา1",0,"03/13/2026 23:14",https://www.instagram.com/reel/DV2rnu-gfto/,"คลิป Reels บน IG",,อายุการใช้งาน,1610,4165,3,2,0,0,0
18075438995417017,17841401688105385,kvkclinic,KVKClinic,"เปลี่ยนจากหน้าที่ดูเรียบ ให้ดูมีมิติขึ้น ✨ 
ด้วยโปรแกรมตาสองชั้น + เสริมจมูก
.
ก่อนทำคนไข้มีปัญหาตาหลบใน ทำให้ชั้นตาดูไม่ชัด 
ส่งผลให้ดวงตาดูเล็กและดูไม่ค่อยสดใส 
นอกจากนี้จมูกเดิมมีลักษณะ 
สันจมูกค่อนข้างต่ำและฐานจมูกดูกว้างเล็กน้อย
เคสนี้คุณหมอแก้ไขด้วยโปรแกรมผ่าตัด
ตาสองชั้นร่วมกับการเสริมจมูก 
หลังทำทันทีจะเห็นว่าชั้นตาชัดขึ้น ดวงตาดูเปิดและสดใสขึ้น 
ส่วนจมูกมีสันที่ชัดขึ้น ทรงดูเรียวละมุนมากขึ้น 
ทำให้ใบหน้าดูมีมิติ โดยรวมดูหวานขึ้นและแลดูเป็นธรรมชาติ
.
ผ่าตัดตาสองชั้นที่ KVK Clinic
✅ ดูแลโดยแพทย์มากประสบการณ์
✅ ปรึกษากับคุณหมอก่อนเข้าห้องผ่าตัดทุกเคส
✅ ออกแบบชั้นตาให้เข้ากับแต่ละบุคคล แบบเคสต่อเคส
✅ ติดตามผลและดูแลหลังผ่าตัดอย่างต่อเนื่อง",0,"03/14/2026 20:15",https://www.instagram.com/p/DV477akjoKB/,"รูปภาพ IG",,อายุการใช้งาน,490,305,1,0,0,0,0
18391834018157102,17841401688105385,kvkclinic,KVKClinic,"กู้ผิวโทรม ให้กลับมาดูโกลว์ใสแบบ Glass Skin ✨
อยากมีผิวดูอิ่มน้ำ สุขภาพดีเหมือนผิวเด็ก ต้องลองโปรแกรม Baby GLOW 🍼

สูตร Duo ผสานพลัง HA และ PN ช่วยดูแลผิวให้ดูเนียนละเอียด กระจ่างใสอย่างเป็นธรรมชาติ
ใครอยากหน้าใสแบบไม่ต้องพึ่งฟิลเตอร์ แวะมาดูแลตัวเองได้ที่ KVK Clinic นะคะ

…………………………………
#KVKClinic #DrKoong #DrJade
#ยกระดับมาตรฐานจริงใจล้ำสมัย
#หมอต้นหอมKVK ProgramBabyGlow",0,"03/15/2026 03:07",https://www.instagram.com/reel/DV5qfF8gRQv/,"คลิป Reels บน IG",,อายุการใช้งาน,490,368,5,1,0,0,0
18332431690169769,17841401688105385,kvkclinic,KVKClinic,"จากดวงตาที่ดูเหนื่อยและไม่สดใส
ปรับชั้นตาใหม่ให้กลับสดใสอีกครั้ง !!!
.
เคสนี้มีปัญหาชั้นตาค่อนข้างหลบในและหนังตาตกเล็กน้อย 
ทำให้ชั้นตาดูไม่ชัด นอกจากนี้ยังมี ถุงใต้ตาค่อนข้างชัด
และมีความหย่อนคล้อยของผิวใต้ตา ทำให้ใต้ตาดูบวมคล้ำ 
ใบหน้าดูอ่อนล้าและดูมีอายุ 
เคสนี้คุณหมอแก้ไขด้วยโปรแกรมผ่าตัดตาสองชั้น
ร่วมกับการตัดถุงไขมันใต้ตา
หลังทำทันทีจะเห็นว่าชั้นตาชัดขึ้นอย่างเป็นธรรมชาติ 
ดวงตาดูเปิดกว้างและดูสดใสขึ้น ใต้ตาดูเรียบขึ้น 
ทำให้ใบหน้าสดใสและดูไม่โทรมเหมือนก่อนทำ
.
ผ่าตัดตาสองชั้นที่ KVK Clinic
✅ ดูแลโดยแพทย์มากประสบการณ์
✅ ปรึกษากับคุณหมอก่อนเข้าห้องผ่าตัดทุกเคส
✅ ออกแบบชั้นตาให้เข้ากับแต่ละบุคคล แบบเคสต่อเคส
✅ ติดตามผลและดูแลหลังผ่าตัดอย่างต่อเนื่อง",0,"03/15/2026 20:00",https://www.instagram.com/p/DV7fAcvAYNn/,"รูปภาพ IG",,อายุการใช้งาน,393,240,2,0,0,0,0
18069291947641066,17841401688105385,kvkclinic,KVKClinic,"อยากผิวฉ่ำวาวแบบไม่ต้องรอนาน...⏰
โปรแกรม Profhi-Skin คือคำตอบ! 

งานผิวที่ใครเห็นก็ต้องทักว่าทำไมดูสดใสขึ้นขนาดนี้ ✨ ยิ่งเติม ยิ่งฉ่ำ งานผิวระยะยาวที่ใครๆ ก็เลิฟ 
ดูแลโดยคุณหมอผู้เชี่ยวชาญ มั่นใจได้เลยค่ะ

…………………………..
#KVKClinic #DrKoong #DrJade
#ยกระดับมาตรฐานจริงใจล้ำสมัย
#หมอณิชาKVK
ProgramProfhiSkin",0,"03/16/2026 03:43",https://www.instagram.com/reel/DV8T9SxgdBR/,"คลิป Reels บน IG",,อายุการใช้งาน,530,420,3,2,0,0,0
17992333631943144,17841401688105385,kvkclinic,KVKClinic,"อัปเดตเสริมหน้าอกครบ 1 ปี 
ทรงยังสวย ดูละมุนเป็นธรรมชาติ ✨
.
ก่อนทำเคสนี้มีเนื้อหน้าอกค่อนข้างน้อย
โดยเฉพาะช่วงเนินอกด้านบนที่ค่อนข้างเรียบ 
ทำให้เวลาใส่เสื้อผ้าดูไม่ค่อยมีสัดส่วน
เคสนี้คุณหมอประเมินสรีระและโครงสร้างของคนไข้
เพื่อเลือกขนาดและซิลิโคนที่เหมาะกับสัดส่วน 
โดยเน้นให้หน้าอกดูสวยเป็นธรรมชาติและเข้ากับตัว
หลังการทำจะเห็นว่าเนินหน้าอกดูชัดขึ้นและมีมิติมากขึ้น
แต่ยังคงความละมุนและดูเป็นธรรมชาติ
.
ผ่าตัดเสริมหน้าอกที่ KVK Clinic
✅ ดูแลโดยแพทย์มากประสบการณ์
✅ ปรึกษากับคุณหมอก่อนเข้าห้องผ่าตัดทุกเคส
✅ ออกแบบข้างต่อข้างให้เข้ากับแต่ละบุคคล แบบเคสต่อเคส
✅ ติดตามผลและดูแลหลังผ่าตัดอย่างต่อเนื่อง",0,"03/16/2026 20:00",https://www.instagram.com/p/DV-D0JKjA9V/,"รูปภาพ IG",,อายุการใช้งาน,457,256,0,1,0,0,0
17975002178840659,17841401688105385,kvkclinic,KVKClinic,"ปัญหาผิวแบบนี้... ต้องรีบแก้! ✋ 
สองคุณหมอคอนเฟิร์มแล้วว่าโปรแกรม Profhi-Skin&Scar
ตัวช่วยกู้ผิวพังให้ปังกว่าเดิม🫶✨

✅ ใครสนใจทักแชทสอบถามสาขาใกล้บ้านได้เลยนะคะ
……………………………….
#KVKClinic #DrKoong #DrJade
#ยกระดับมาตรฐานจริงใจล้ำสมัย
#หมอณิชาKVKKorat หมอโบว์KVKSiam
โปรแกรมดูแลผิวหน้า ProgramProfhiSkinScar",41,"03/17/2026 03:24",https://www.instagram.com/reel/DV-2lmOgXLl/,"คลิป Reels บน IG",,อายุการใช้งาน,486,393,2,1,0,0,0
18098290162983517,17841401688105385,kvkclinic,KVKClinic,"จากตาง่วง ดูเหนื่อยตลอดเวลา
อัปเดต 3 เดือน ดวงตาดูเปิดและสดใสขึ้น ✨
.
เคสนี้มีภาวะกล้ามเนื้อตาอ่อนแรงได้ชัด
เปลือกตาบนตกลงมาบดบังตาดำบางส่วน
ส่งผลให้ตาดูง่วง ดูอ่อนล้า และดูไม่สดใส
คุณหมอแก้ไขด้วยโปรแกรมผ่าตัดตาสองชั้น
โดยทำร่วมกับการแก้ไขกล้ามเนื้อตา
หลังทำจะเห็นได้ว่าดวงตาดูเปิดมากขึ้น
ลืมตาขึ้นได้ชัดเจน ชั้นตาดูชัดและเป็นธรรมชาติ
.
ผ่าตัดตาสองชั้นที่ KVK Clinic
✅ ดูแลโดยแพทย์มากประสบการณ์
✅ ปรึกษากับคุณหมอก่อนเข้าห้องผ่าตัดทุกเคส
✅ ออกแบบชั้นตาให้เข้ากับแต่ละบุคคล แบบเคสต่อเคส
✅ ติดตามผลและดูแลหลังผ่าตัดอย่างต่อเนื่อง",0,"03/17/2026 20:30",https://www.instagram.com/p/DWAsB5dgf-7/,"รูปภาพ IG",,อายุการใช้งาน,456,295,2,0,0,0,0
18043778807528025,17841401688105385,kvkclinic,KVKClinic,"จากจมูกสั้น ปลายทู่ ดูไม่มีมิติ 👃✨
ปรับทรงใหม่ให้สันชัด ปลายพุ่งละมุน
.
ก่อนทำทรงจมูกคนไข้สันจมูกค่อนข้างต่ำ 
ปลายจมูกมีความสั้นและงุ้มลงเล็กน้อย
ทำให้รูปทรงจมูกดูทู่และขาดมิติ
เคสนี้แก้ไขด้วยโปรแกรมเสริมจมูก 
เพื่อปรับทรงปลายจมูกให้ได้สัดส่วนมากขึ้น
หลังทำครบ 1 เดือนจะเห็นสันจมูกดูชัดขึ้น
ปลายจมูกปรับให้ดูยาวและยกขึ้นเล็กน้อย
ทำให้รูปทรงจมูกดูเรียวละมุนและรับกับใบหน้ามากขึ้น
.
ผ่าตัดเสริมจมูกที่ KVK Clinic
✅ ดูแลโดยแพทย์มากประสบการณ์
✅ ปรึกษากับคุณหมอก่อนเข้าห้องผ่าตัดทุกเคส
✅ ออกแบบทรงจมูกให้เข้ากับแต่ละบุคคล แบบเคสต่อเคส
✅ ติดตามผลและดูแลหลังผ่าตัดอย่างต่อเนื่อง",0,"03/19/2026 21:30",https://www.instagram.com/p/DWF8iihjYB4/,"รูปภาพ IG",,อายุการใช้งาน,446,278,0,0,0,0,0
18107023225847416,17841401688105385,kvkclinic,KVKClinic,"𝐓𝐡𝐞 𝐍𝐞𝐱𝐭 𝐋𝐞𝐯𝐞𝐥 𝐨𝐟 𝐏𝐞𝐫𝐟𝐞𝐜𝐭𝐢𝐨𝐧 𝐢𝐬 𝐂𝐨𝐦𝐢𝐧𝐠! 👑
ไม่ใช่แค่ 𝟏 แต่มาถึง 𝟒! กับอาวุธลับบทใหม่ที่ 𝐊𝐕𝐊 𝐂𝐥𝐢𝐧𝐢𝐜 ลงพร้อมกันทุกสาขา!!!

🧐 ลองทายกันดูสิว่า... ภายใต้เงาสุดอลังการนี้ คือ ’อาวุธลับ‘ ชิ้นไหนบ้าง?

.
⚡️ การรวมตัวครั้งที่ยิ่งใหญ่ที่สุดของ 𝟒 เทคโนโลยีระดับ 𝐖𝐨𝐫𝐥𝐝 𝐂𝐥𝐚𝐬𝐬 ที่จะมาเปลี่ยนมาตรฐานการยกกระชับให้ไม่เหมือนเดิมอีกต่อไป

.
ใครทายถูกครบทั้ง 𝟑 เครื่อง... เตรียมรับเซอร์ไพรส์ใหญ่เร็วๆ นี้! 📍𝐊𝐕𝐊𝐂𝐥𝐢𝐧𝐢𝐜
………………………………………….
#KVKClinic #DrKoong #DrJade
#ยกระดับมาตรฐานจริงใจล้ำสมัย
#TheNewEra GuessTheMachine NewLifting
ทายชื่อเครื่อง ยกกระชับ",0,"03/20/2026 03:49",https://www.instagram.com/p/DWGn5F7AVQj/,"รูปภาพ IG",,อายุการใช้งาน,939,495,9,1,0,0,0
18000245681873655,17841401688105385,kvkclinic,KVKClinic,"สงสัยจุดไหน... ถามหมอมาได้เลย! 💬
ปัญหาผิวหน้าหรือความกังวลใจเรื่องรูปหน้าแบบไหนที่ทำให้คุณไม่มั่นใจ? 

🔸ปัญหาที่พบควรแก้ไขอย่างไร

🔸หัตถการไหนที่ตอบโจทย์

🔸ปริมาณที่เหมาะสมในแต่ละจุด

เพราะการประเมินโครงสร้างใบหน้าอย่างละเอียดเป็นสิ่งสำคัญ เพื่อความมั่นใจที่ดูเป็นธรรมชาติในแบบที่เป็นคุณ💫

..........................................................
#KVKClinic #DrKoong #DrJade
#ยกระดับมาตรฐานจริงใจล้ำสมัย
#โปรแกรมปรับรูปหน้า ความรู้คู่ความงาม HowtoPerfect",149,"03/20/2026 23:03",https://www.instagram.com/reel/DWIr498gaIm/,"คลิป Reels บน IG",,อายุการใช้งาน,469,366,12,1,1,0,2
18156263920436469,17841401688105385,kvkclinic,KVKClinic,"ถ่ายมุมข้างไม่มีมิติ ขอทรงจมูกใหม่แบบพุ่งละมุนค่ะ #KVKClinic #KVKSurgery #DrJade #หมอเจด #drKoong #เสริมจมูก",52,"03/21/2026 04:01",https://www.instagram.com/reel/DWJOCodiWBS/,"คลิป Reels บน IG",,อายุการใช้งาน,272,234,1,0,0,0,0
18026039810801596,17841401688105385,kvkclinic,KVKClinic,"KVK Optimas Max System
Powered by KVK Lifting Protocol 

 𝐂𝐨𝐦𝐢𝐧𝐠 𝐒𝐨𝐨𝐧... 

“The Future of Lifting : 4D Layer Of Lifting effects
.
ยกระดับความมั่นใจให้สุด ด้วยเทคโนโลยีใหม่ล่าสุดที่
.
𝐊𝐕𝐊 𝐂𝐥𝐢𝐧𝐢𝐜 จัดเต็มทั้งProgram Morphues 8 PRO  𝐁𝐮𝐫𝐬𝐭 𝐌𝐚𝐱 และ 𝐍𝐞𝐰 𝐇𝐚𝐧𝐝𝐩𝐢𝐞𝐜𝐞 เพื่อผลลัพธ์ที่แต่งต่าง และความเจ็บลดลง ( pain score ลดลง 2-3 scale) แต่ผลลัพธ์มากขึ้น!
. 
🚀 เร็วๆ นี้... 04.04.2026
ใครอยากหน้าเป๊ะ ผิวปังแบบคูณสอง เตรียมจองคิวรอเลย!

……………………………
#KVKClinic  #DrKoong #DrJade
#ยกมาตรฐานจริงใจล้ำสมัย
#Morpheus8 NewMorpheus8 Morpheus8Burst BeautyInnovation
14thanniversary",23,"03/21/2026 04:12",https://www.instagram.com/reel/DWJPQJBgS4p/,"คลิป Reels บน IG",,อายุการใช้งาน,815,596,13,6,0,0,2
18102964486914115,17841401688105385,kvkclinic,KVKClinic,"ปัญหาชั้นตาหลบใน ตาดูดุ
แค่ปรับชั้นตาใหม่ ลุคก็สดใสขึ้นทันที 👀✨
.
ก่อนทำคนไข้มีชั้นตาหลบใน ทำให้ชั้นตาไม่ชัด 
โดยเฉพาะช่วงหัวตาและกลางตา 
และทำให้ชั้นตาทั้งสองข้างยังดูไม่เท่ากันเล็กน้อย 
คุณหมอแก้ไขด้วยโปรแกรมผ่าตัดตาสองชั้น
เพื่อปรับชั้นตาใหม่ร่วมกับออกแบบชั้นตาใหม่
ให้เหมาะกับโครงตาเดิมของคนไข้
หลังทำครบ 1 เดือนชั้นตาคมชัดขึ้นอย่างเห็นได้ชัด 
ทำให้ดวงตาดูเปิดและทำให้ใบหน้าโดยรวม
ดูสดใสและมีชีวิตชีวามากขึ้น
.
ผ่าตัดตาสองชั้นที่ KVK Clinic
✅ ดูแลโดยแพทย์มากประสบการณ์
✅ ปรึกษากับคุณหมอก่อนเข้าห้องผ่าตัดทุกเคส
✅ ออกแบบชั้นตาให้เข้ากับแต่ละบุคคล แบบเคสต่อเคส
✅ ติดตามผลและดูแลหลังผ่าตัดอย่างต่อเนื่อง",0,"03/21/2026 20:00",https://www.instagram.com/p/DWK72DOjxLw/,"รูปภาพ IG",,อายุการใช้งาน,373,245,1,0,0,0,1
18219430132314477,17841401688105385,kvkclinic,KVKClinic,"KVK Soprano Titanium Lifting
 •High Energy 
 •Low pain 
 •High result for Tightening
by KVK Non-surgical skin

𝐒𝐨𝐦𝐞𝐭𝐡𝐢𝐧𝐠 𝐁𝐢𝐠 𝐢𝐬 𝐂𝐨𝐦𝐢𝐧𝐠! 🌪️
เตรียมพบกับขีดสุดของเทคโนโลยียกกระชับ 𝐓𝐢𝐭𝐚𝐧𝐢𝐮𝐦 𝐋𝐢𝐟𝐭𝐢𝐧𝐠 นวัตกรรมที่ 𝐊𝐕𝐊 𝐂𝐥𝐢𝐧𝐢𝐜 ตั้งใจคัดสรรมาเพื่อผลลัพธ์ที่ดีที่สุด✨

.
𝐈𝐧𝐬𝐭𝐚𝐧𝐭 𝐋𝐢𝐟𝐭. 𝐈𝐧𝐬𝐭𝐚𝐧𝐭 𝐆𝐥𝐨𝐰.
ไม่ต้องรอนาน ไม่ต้องเดาผลลัพธ์
ล็อคคิวให้พร้อม...⏰ 04.04.2026
ที่ KVK Clinic เท่านั้น!

……………………………
#KVKClinic  #DrKoong #DrJade
#ยกมาตรฐานจริงใจล้ำสมัย
#TitaniumLifting InstantLiftInstantGlow KVKNewEra 04042026",23,"03/22/2026 01:10",https://www.instagram.com/reel/DWLfMTVgVrY/,"คลิป Reels บน IG",,อายุการใช้งาน,436,327,5,0,0,0,1
18567323878022093,17841401688105385,kvkclinic,KVKClinic,"KVK Volnewmer System 
The New Era is Coming.. V-Shape & Tightening ด้วยนวัตกรรมล่าสุดที่ KVK Clinic 🖤

• V-Shape Focus: ช่วยดูแลกรอบหน้าให้แลดูคมชัด มีมิติ

• Skin Tightening: ฟื้นบำรุงความยืดหยุ่น ให้ผิวแลดูกระชับขึ้นอย่างเป็นธรรมชาติ

• No Downtime: ตอบโจทย์ชีวิตที่เร่งรีบ ทำเสร็จแล้วใช้ชีวิตต่อได้ทันที ไม่ต้องพักฟื้น

• Comfortable: สบายผิวตลอดขั้นตอน ไม่รบกวนการพักผ่อน

.
สัมผัสความเปลี่ยนแปลงที่พิสูจน์ได้ด้วยตัวคุณเอง.. เร็วๆ นี้ที่ KVKClinic✨🫶

. 
🚀 เร็วๆ นี้... 04.04.2026
เปลี่ยนความกังวล เป็นความมั่นใจ.. Coming Soon!
……………………………
#KVKClinic  #DrKoong #DrJade
#ยกมาตรฐานจริงใจล้ำสมัย
#NewVshape SkinTightening
NoDowntime PainFreeBeauty นวัตกรรมยกกระชับ
14thanniversary",21,"03/23/2026 05:24",https://www.instagram.com/reel/DWOhEpCAZPw/,"คลิป Reels บน IG",,อายุการใช้งาน,464,350,3,0,0,0,0
18097168196057275,17841401688105385,kvkclinic,KVKClinic,"มีเนื้อหน้าอก แต่ทรงไม่ชัด
แค่ปรับไซซ์ให้พอดี ทรงสวยขึ้นแบบธรรมชาติ ✨
.
เคสนี้เป็นคนที่มีเนื้อหน้าอกเดิมอยู่แล้ว 
แต่ปัญหาหลักคือทรงไม่ชัด 
เวลาใส่เสื้อผ้าจะดูแบน ไม่ค่อยเต็ม
คุณหมอแก้ไขด้วยโปรแกรมเสริมหน้าอกขนาด 350 cc
หลังทำและอัปเดตครบ 3 ปีทรงหน้าอกดูเข้ารูปมากขึ้น 
ใส่เสื้อผ้าแล้วดูเต็มขึ้น ยังคงความพอดี ไม่ใหญ่จนเกินตัว
และทรงหน้าอกดูมีมิติมากขึ้นเป็นธรรมชาติ
.
ผ่าตัดเสริมหน้าอกที่ KVK Clinic
✅ ดูแลโดยแพทย์มากประสบการณ์
✅ ปรึกษากับคุณหมอก่อนเข้าห้องผ่าตัดทุกเคส
✅ ออกแบบข้างต่อข้างให้เข้ากับแต่ละบุคคล แบบเคสต่อเคส
✅ ติดตามผลและดูแลหลังผ่าตัดอย่างต่อเนื่อง",0,"03/23/2026 20:00",https://www.instagram.com/p/DWQFbFQDr2L/,"รูปภาพ IG",,อายุการใช้งาน,318,189,0,0,0,0,0
18004511558719175,17841401688105385,kvkclinic,KVKClinic,"KVK Picosurepro Program System 
The New Era of Skin Perfection

.
✨ Brighter, Radiant, and Flawless ✨
เผยผิวใหม่ที่กระจ่างใสกว่าที่เคย สัมผัสประสบการณ์ความงามระดับพรีเมียมที่ตอบโจทย์ทุกสภาพผิว เห็นผลชัดเจน และที่สำคัญคือ ”No Downtime“ ไม่ต้องพักฟื้น

.
สิ้นสุดการรอคอย! KVKClinic @Siamเตรียมยกระดับมาตรฐานความงามสู่ระดับ Gold Standard ด้วยนวัตกรรมใหม่ล่าสุดที่โลกยอมรับ👑

📍 เตรียมตัวให้พร้อม แล้วพบกันเร็วๆ นี้ที่ KVK Clinic @Siam

……………………………
#KVKClinic #DrKoong #DrJade
#ยกมาตรฐานจริงใจล้ำสมัย
#GoldStandardProgram NewInnovation
RadiantSkin SkinTreatment ComingSoon",28,"03/24/2026 04:00",https://www.instagram.com/reel/DWQ8VxozkuR/,"คลิป Reels บน IG",,อายุการใช้งาน,412,324,2,0,0,0,0
17852753289631177,17841401688105385,kvkclinic,KVKClinic,"ถุงไขมันใต้ตา 
ทำให้หน้าดูโทรมโดยไม่รู้ตัว !!!
.
ก่อนทำเคสนี้มีปัญหาถุงใต้ตานูนเล็กน้อย
เปลือกตาบนหย่อนลงมา ทำให้ชั้นตาไม่ชัด
ส่งผลให้ใบหน้าดูเหนื่อยและมีอายุเกินจริง
คุณหมอแก้ไขด้วยการผ่าตัดตาสองชั้น
ร่วมกับการผ่าตัดถุงไขมันใต้ตา
นำไขมันส่วนเกินออก เพื่อลดปัญหาถุงใต้ตาที่บวม
หลังทำทันทีใต้ตาดูแบนเรียบขึ้น ชั้นตาถูกเปิดขึ้นอย่างชัดเจน 
และช่วยแก้ปัญหาหนังตาตกได้ตรงจุด
.
ผ่าตัดตาสองชั้นที่ KVK Clinic
✅ ดูแลโดยแพทย์มากประสบการณ์
✅ ปรึกษากับคุณหมอก่อนเข้าห้องผ่าตัดทุกเคส
✅ ออกแบบชั้นตาให้เข้ากับแต่ละบุคคล แบบเคสต่อเคส
✅ ติดตามผลและดูแลหลังผ่าตัดอย่างต่อเนื่อง",0,"02/26/2026 19:00",https://www.instagram.com/p/DVPtgE3COIh/,"รูปภาพ IG",,อายุการใช้งาน,536,317,0,0,0,0,0
18541474597065767,17841401688105385,kvkclinic,KVKClinic,"บรรยากาศส่วนหนึ่งจากงาน 𝐓𝐡𝐞 𝐏𝐫𝐨𝐜𝐭𝐨𝐫𝐬𝐡𝐢𝐩 𝐏𝐫𝐨𝐠𝐫𝐚𝐦 :  𝐓𝐡𝐞 𝐎𝐆𝐗 𝐌𝐚𝐬𝐭𝐞𝐫𝐜𝐥𝐚𝐬𝐬 𝐄𝐱𝐩𝐥𝐨𝐫𝐢𝐧𝐠 𝐓𝐡𝐞 𝐏𝐢𝐧𝐧𝐚𝐜𝐥𝐞 𝐎𝐟 𝐌𝐨𝐧𝐨𝐩𝐨𝐥𝐚𝐫 𝐑𝐅 ⚡️

.
โดย คุณหมอกุ้ง (พญ. กรวิกกา พัฒนะปราน ว38020) ที่ได้มาร่วมถ่ายทอดประสบการณ์และเจาะลึกเทคนิคการใช้พลังงาน 𝐌𝐨𝐧𝐨𝐩𝐨𝐥𝐚𝐫 𝐑𝐅 ซึ่งเน้นการถ่ายทอดองค์ความรู้จากประสบการณ์จริงสู่บุคลากรทางการแพทย์ 👩🏻‍⚕️🧑🏻‍⚕️

.

🔸ภายในงานมีการแชร์ข้อมูลเชิงลึกเกี่ยวกับ

• 𝐆𝐗 𝐃𝐮𝐚𝐥-𝐌𝐨𝐝𝐞: การเรียนรู้กลไกการทำงานของพลังงานเพื่อประสิทธิภาพที่แม่นยำ

• 𝐃𝐢𝐦𝐞𝐧𝐬𝐢𝐨𝐧𝐚𝐥 𝐋𝐢𝐟𝐭 𝐓𝐞𝐜𝐡𝐧𝐢𝐪𝐮𝐞: เทคนิคการดีไซน์และวางแผนการดูแลรูปหน้าเฉพาะบุคคล

• 𝐀𝐧𝐚𝐭𝐨𝐦𝐲 𝐅𝐨𝐜𝐮𝐬: การวิเคราะห์โครงสร้างผิวและชั้นไขมัน เพื่อความปลอดภัยและผลลัพธ์ที่เหมาะสม

.

การดูแลผิวไม่ใช่แค่การใช้เครื่องมือ แต่คือศิลปะของการวิเคราะห์โครงสร้างใบหน้า (𝐅𝐚𝐜𝐢𝐚𝐥 𝐌𝐚𝐩𝐩𝐢𝐧𝐠) และการเลือกใช้พลังงานให้เหมาะสมกับปัญหาผิวของแต่ละบุคคล

เพราะการเรียนรู้ไม่มีที่สิ้นสุด 𝐊𝐕𝐊𝐂𝐥𝐢𝐧𝐢𝐜 จึงให้ความสำคัญกับการอัปเดตความรู้และเทคนิคใหม่ๆ อยู่เสมอ เพื่อมาตรฐานการดูแลที่มั่นใจได้ 💪🏻🧡

………………………………………………..
#KVKClinic #DrKoong #DrJade
#ยกมาตรฐานจริงใจล้ำสมัย
#TheprotorshipProgram",0,"02/27/2026 01:31",https://www.instagram.com/p/DVQaR8GgSZ1/,"ภาพสไลด์บน IG",,อายุการใช้งาน,731,327,9,0,0,0,0
17933478639036574,17841401688105385,kvkclinic,KVKClinic,"อัปเดตเทรนด์งานผิวระดับ Pinnacle! ✨
หมอกุ้งพาบุกงาน The OG X Masterclass เจาะลึกนวัตกรรม Monopolar RF ที่กำลังมาแรงที่สุดตอนนี้

ปรึกษาเทคนิคการดูแลผิวกับคุณหมอได้ที่ KVK Clinic ทั้งสาขาโคราช และ สยาม นะคะ🫶💕

………………………………………………..
#KVKClinic #DrKoong #DrJade
#ยกมาตรฐานจริงใจล้ำสมัย
#TheOGXmasterclass
#TheprotorshipProgram
#ProgramOligioX
#MonopolarRF
#ความรู้คู่ความงาม",116,"02/27/2026 02:37",https://www.instagram.com/reel/DVQhuByjihj/,"คลิป Reels บน IG",,อายุการใช้งาน,377,269,4,0,0,0,1
17970054668860906,17841401688105385,kvkclinic,KVKClinic,"แก้กล้ามเนื้อตาอ่อนแรง พร้อมปรับชั้นตาใหม่
ครบ 2 ปี ยังสดใส มั่นใจทุกมุมมอง 👁👁✨
.
เคสนี้มีปัญหาตาข้างขวากล้ามเนื้อตาอ่อนแรงชัดเจน
แต่ติดเลิ่กคิ้วจนชิน เพื่อช่วยพยุงในการลืมตา
ทำให้ตาดูไม่สดใส เหมือนง่วงนอนตลอดเวลา
หมอเจดเลือกแก้ไขด้วยการแก้กล้ามเนื้อตา
โดยทำร่วมกับทำตาสองชั้น ปรับชั้นตาให้ใหม่
อัปเดตหลังทำครบ 2 ปี ชั้นตายังคงสวยคม 
ดวงตาเปิดได้เต็มที่มากขึ้นโดยไม่ต้องเลิกคิ้วช่วย 
ใบหน้าดูสดใสและเป็นธรรมชาติ ความมั่นใจกลับมาเต็มร้อย
.
ผ่าตัดตาสองชั้นที่ KVK Clinic
✅ ดูแลโดยแพทย์มากประสบการณ์
✅ ปรึกษากับคุณหมอก่อนเข้าห้องผ่าตัดทุกเคส
✅ ออกแบบชั้นตาให้เข้ากับแต่ละบุคคล แบบเคสต่อเคส
✅ ติดตามผลและดูแลหลังผ่าตัดอย่างต่อเนื่อง",0,"02/28/2026 19:00",https://www.instagram.com/p/DVU3GF3DWa8/,"รูปภาพ IG",,อายุการใช้งาน,400,238,0,0,0,0,0
18081991070013703,17841401688105385,kvkclinic,KVKClinic,"ภาพบรรยากาศจากงาน The OG X Masterclass หมอกุ้ง (พญ.กรวิกกา พัฒนะปราน ว38020 )
🫶ดีใจที่ได้แชร์ความรู้เรื่องเทคนิคการปรับรูปหน้าและงานผิวให้กับคุณหมอทุกท่านที่มาร่วมงาน🩵⚡️

📍 พบกับเทคนิคเฉพาะที่ผ่านการอัปเดตอย่างสม่ำเสมอได้ที่ KVK Clinic นะคะ

………………………………………………..
#KVKClinic #DrKoong #DrJade
#ยกมาตรฐานจริงใจล้ำสมัย
#TheOGXmasterclass",30,"02/28/2026 20:31",https://www.instagram.com/reel/DVVBQ_8gadu/,"คลิป Reels บน IG",,อายุการใช้งาน,502,398,6,3,0,0,0
18117255232537655,17841401688105385,kvkclinic,KVKClinic,"ปัญหาหนังตาตก แต่งหน้าไม่มั่นใจ !!! #KVKClinic #KVKSurgery #DrJade #หมอเจด #drKoong #ตาสองชั้น",21,"03/01/2026 03:01",https://www.instagram.com/reel/DVVuE2zjcQY/,"คลิป Reels บน IG",,อายุการใช้งาน,496,378,1,0,0,0,0
17893090809422096,17841401688105385,kvkclinic,KVKClinic,"แก้ตาสองชั้นร่วมยกคิ้ว เปิดชั้นตาให้ชัดขึ้น
ดวงตาดูสดใสขึ้นอย่างเป็นธรรมชาติ ✨
.
เคสนี้คนไข้เข้ามาปรึกษาด้วยปัญหา
หนังตาบนหย่อนคล้อยชัดเจน 
โดยเฉพาะบริเวณหางตาที่ตกลง ทำให้ดวงตาดูเศร้าและอ่อนล้า 
แก้ไขด้วยโปรแกรมผ่าตัดทำตาสองชั้นร่วมกับการยกคิ้ว 
โดยการเก็บหนังส่วนเกินใต้แนวคิ้วออก 
เพื่อช่วยยกชั้นหนังตาที่ตกขึ้นให้ดวงตาดูกว้าง
และปรับชั้นตาใหม่ช่วยให้ชั้นชัดขึ้น
หลังทำทันทีชั้นตาชัดขึ้นอย่างเป็นธรรมชาติ 
หางตาที่เคยตกถูกยกขึ้นพอดี 
ทำให้ดวงตาดูสดใสและมีมิติมากขึ้น
.
ผ่าตัดตาสองชั้นที่ KVK Clinic
✅ ดูแลโดยแพทย์มากประสบการณ์
✅ ปรึกษากับคุณหมอก่อนเข้าห้องผ่าตัดทุกเคส
✅ ออกแบบชั้นตาให้เข้ากับแต่ละบุคคล แบบเคสต่อเคส
✅ ติดตามผลและดูแลหลังผ่าตัดอย่างต่อเนื่อง",0,"03/01/2026 20:30",https://www.instagram.com/p/DVXmLkSjXk6/,"รูปภาพ IG",,อายุการใช้งาน,424,271,0,0,0,0,0
18027896468787755,17841401688105385,kvkclinic,KVKClinic,"เคยไหมคะ? หลังทำเลเซอร์ไปสักพัก ผิวกลับมีจุดด่างขาวเล็กๆ กวนใจ วันนี้หมอกุ้งจะมาไขข้อข้องใจว่า “ด่างขาว” (Hypopigmentation) เกิดจากอะไรได้บ้าง?

1️⃣ การใช้พลังงานที่สูงเกินไป: จนไปทำลายเซลล์สร้างเม็ดสี (Melanocyte) โดยตรง

2️⃣ สภาพผิวเดิมและการดูแลหลังทำ: ผิวบางส่วนมีความไวต่อแสงแตกต่างกัน

3️⃣ ประเภทของเลเซอร์ที่ไม่เหมาะสมกับปัญหาผิว: การเลือกเครื่องมือสำคัญมาก!

ไม่อยากหน้าด่าง ต้องดูแลโดยแพทย์ผู้เชี่ยวชาญและเลือกใช้เครื่องเลเซอร์ที่ได้มาตรฐานนะคะ ใครมีปัญหานี้อยู่ คอมเมนต์ปรึกษาหมอได้เลยค่ะ 👇

#KVKClinic #DrKoong #DrJade
#ยกมาตรฐานจริงใจล้ำสมัย #ด่างขาวหลังเลเซอร์",0,"03/02/2026 02:50",https://www.instagram.com/reel/DVYRcNzATcC/,"คลิป Reels บน IG",,อายุการใช้งาน,516,419,5,1,0,0,0
18110292334741095,17841401688105385,kvkclinic,KVKClinic,"5 เหตุผลก่อนปักปากกา ทำไมต้องวัดมวลกล้ามเนื้อ !!! #KVKClinic #ลดนำ้หนัก #DrJade #หมอเจด #drKoong #KVKSurgery",162,"03/02/2026 03:02",https://www.instagram.com/reel/DVYS7WzGeJX/,"คลิป Reels บน IG",,อายุการใช้งาน,325,275,2,1,0,0,1
18088212737131835,17841401688105385,kvkclinic,KVKClinic,"หน้าวีเชฟแบบไม่ต้องรอ!💛🤎
พบกับโปรแกรม TripleLayerDoublo 2.0 เทคนิคที่สามารถเก็บผิวทั้ง 3ชั้นได้ เจอกันที่ KVKCLINIC สาขา 1 พร้อมสิทธิ์พิเศษ 20 คนแรก🫶💕

ยกจริง กระชับไว มาตรฐานใหม่ที่สายบิวตี้ห้ามพลาด☺️

…………………………………
#KVKClinic #DrKoong #DrJade
#ยกมาตรฐานจริงใจล้ำสมัย
#Doublo2 TheNewLiftingStandard",15,"03/02/2026 18:48",https://www.instagram.com/reel/DVZ_UleAdeo/,"คลิป Reels บน IG",,อายุการใช้งาน,446,321,2,0,0,0,0
17958285591060426,17841401688105385,kvkclinic,KVKClinic,"ทำไยัง ลดน้ำหนักแต่เหนียงยังอยู่ !!! #KVKClinic #KVKSurgery #DrJade #หมอเจด #drKoong #ตัดเหนียง",87,"03/03/2026 03:31",https://www.instagram.com/reel/DVa7LDiAVuO/,"คลิป Reels บน IG",,อายุการใช้งาน,486,386,3,1,0,0,0
18569201356041956,17841401688105385,kvkclinic,KVKClinic,"ไม่ใช่แค่การยกคิ้ว 
แต่คือการยกความมั่นใจกลับมา ✨
.
จะเห็นได้ชัดว่าคนไข้มีปัญหาหนังตาตก
และผิวหนังบริเวณหางตาหย่อนคล้อยลงมาค่อนข้างมาก
หนังตาส่วนเกินทับลงมาบริเวณชั้นตา ทำให้ชั้นตาดูไม่ชัด
เคสนี้แก้ไขด้วยการผ่าตัดยกคิ้ว เพื่อเก็บหนังตาส่วนเกินแนวใต้คิ้วออก
หลังทำทันทีเปลือกตาบนถูกยกขึ้นและชั้นตาที่เคยถูกหนังตาทับเปิดขึ้นชัดเจน
ดวงตาดูสดใสขึ้นแลดูเป็นธรรมชาติมากขึ้น
.
ผ่าตัดตาสองชั้นที่ KVK Clinic
✅ ดูแลโดยแพทย์มากประสบการณ์
✅ ปรึกษากับคุณหมอก่อนเข้าห้องผ่าตัดทุกเคส
✅ ออกแบบชั้นตาให้เข้ากับแต่ละบุคคล แบบเคสต่อเคส
✅ ติดตามผลและดูแลหลังผ่าตัดอย่างต่อเนื่อง",0,"03/03/2026 20:00",https://www.instagram.com/p/DVcsW-aDbrT/,"รูปภาพ IG",,อายุการใช้งาน,350,204,0,0,0,0,0
18068230805262739,17841401688105385,kvkclinic,KVKClinic,"“The Runway We Walk Together” 👠✨ 

เป็นรางวัลที่ 4 ของปีนี้ 
และเป็นความภูมิใจที่ได้เป็นส่วนหนึ่งของการบอกต่อสิ่งดีๆ ให้กับ Paragoncare ไปถึงคนไข้ 

กับ 2 รางวัลอันทรงเกียรติ

🏆The Master X iconic (academic mentor) 2025
และ
🏆 The excellence center award 2025 

และแน่นอนสิ่งเหล่านี้ บอกว่า KVKclinic มุ่งมั่นพัฒนาทุกด้านอย่างต่อเนื่อง ทั้ง ทีมแพทย์ การบริการ เครื่องมือ และเทคนิค รวมถึงการมองปัญหาคนไข้เป็นองค์รวม เพื่อแก้ไขปัญหาอย่างยั่งยืน และเราคือ KVK Team 
.
ก้าวเดินไปข้างหน้าอย่างมั่นใจบนรันเวย์แห่งความสำเร็จ ขอบคุณทุกการสนับสนุนตลอดระยะเวลาที่ผ่านมา KVK Clinic สัญญาว่าจะไม่หยุดพัฒนา
.
เพื่อมอบผลลัพธ์ที่ดีที่สุดและความมั่นใจให้กับทุกคน เพราะความสวยคือการเดินทางที่เราเดินไปพร้อมกันค่ะ🫶

…………………
#KVKClinic #DrKoong #DrJade
#ยกระดับมาตรฐานจริงใจล้ำสมัย
#StrongerTogether
TheRunwayWeWalkTogetherParagonCare Anniversary",0,"03/03/2026 21:43",https://www.instagram.com/reel/DVc4Dx0AScO/,"คลิป Reels บน IG",,อายุการใช้งาน,394,271,5,0,0,0,0
18009019307841614,17841401688105385,kvkclinic,KVKClinic,"สิวแต่ละชนิดดูแลไม่เหมือนกันนะ! 🧐

วันนี้คุณหมอต้นหอมจะพามาเช็กให้ชัวร์ว่า สิวที่เราเป็นอยู่คือประเภทไหน? แล้วควรปรับกิจวัตรการดูแลผิวอย่างไรให้ตรงจุด เพื่อผิวที่ดูเรียบเนียนและสุขภาพดีขึ้นกว่าเดิม

• เช็กประเภทสิวที่พบบ่อย
• เทคนิคการดูแลผิวเบื้องต้น
• เคล็ดลับปรับผิวให้ดูใส

#KVKClinic #DrKoong #DrJade
#ยกระดับมาตรฐานจริงใจล้ำสมัย #ความรู้เรื่องสิว",140,"03/04/2026 04:00",https://www.instagram.com/reel/DVdjWzCk5E0/,"คลิป Reels บน IG",,อายุการใช้งาน,943,657,6,11,1,0,2
18117771727544827,17841401688105385,kvkclinic,KVKClinic,"อัปเดตเทรนด์งานผิวกับโปรแกรม OGX: Radio Frequency คืออะไร? 💎

ยุคนี้ดูแลผิวแค่ภายนอกอาจไม่พอ ต้องทำความรู้จักกับนวัตกรรมที่ดูแลลึกถึงระดับโครงสร้าง!

โปรแกรม OGX นำเสนอพลังงาน Radio Frequency ที่ส่งตรงความร้อนอย่างแม่นยำ เพื่อกระตุ้นให้ผิวดูเฟิร์มและกระชับขึ้นจากข้างใน เหมาะสำหรับผู้ที่ต้องการความมั่นใจในทุกมิติ โดยยังคงความเป็นธรรมชาติของใบหน้าไว้ได้ดีที่สุด
ดูแลผิวด้วยความเข้าใจ เลือกเทคโนโลยีที่ตอบโจทย์คุณ ⚡️

#KVKClinic #DrKoong #DrJade
#ยกระดับมาตรฐานจริงใจล้ำสมัย
#OGX RadioFrequency นวัตกรรมยกกระชับ",27,"03/04/2026 22:34",https://www.instagram.com/reel/DVfixMEgfEY/,"คลิป Reels บน IG",,อายุการใช้งาน,383,292,1,0,0,0,0
18572520130043410,17841401688105385,kvkclinic,KVKClinic,"จากชั้นตาหลบในทั้งสองข้างไม่เท่ากัน
ปรับชั้นตาใหม่สดใสขึ้นกว่าเดิม ✨
.
คนไข้มีปัญหาชั้นตาหลบใน ทำให้ชั้นตาดูไม่ชัด 
โดยเฉพาะช่วงหัวตาและกลางตา เปลือกตาบนค่อนข้างเรียบ 
ทำให้ดวงตาดูเล็กลงและชั้นตาทั้งสองข้างไม่เท่ากัน
เคสนี้แก้ไขด้วยโปรแกรมผ่าตัดตาสองชั้น เพื่อปรับชั้นตาใหม่
หลังทำทันทีชั้นตาคมชัดและมีความเท่ากันมากขึ้น
ดวงตาดูเปิดและกลมโตขึ้นอย่างเป็นธรรมชาติ
.
ผ่าตัดตาสองชั้นที่ KVK Clinic
✅ ดูแลโดยแพทย์มากประสบการณ์
✅ ปรึกษากับคุณหมอก่อนเข้าห้องผ่าตัดทุกเคส
✅ ออกแบบชั้นตาให้เข้ากับแต่ละบุคคล แบบเคสต่อเคส
✅ ติดตามผลและดูแลหลังผ่าตัดอย่างต่อเนื่อง",0,"03/05/2026 19:00",https://www.instagram.com/p/DVhvESaDN-1/,"รูปภาพ IG",,อายุการใช้งาน,528,310,0,0,0,0,1
17890633713309822,17841401688105385,kvkclinic,KVKClinic,"อีกก้าวของความภูมิใจของ KVK CLINIC กับรางวัลที่ได้มาตลอด 
7ปีซ้อน! จาก Galderma บริษัทใหญ่ทางยุโรป 
.
ตัวแทนรับรางวัลในครั้งนี้นำทีมโดย

✨คุณหมอณิชา (พญ. ณิชกุล วัฒน์ธนาภินันท์ ว 71949)
แพทย์ประจำ KVKClinic สาขาโคราช
✨คุณหมอโบว์ (พญ.เสาวภาคย์ ตรีสุธรรมมาศ ว.65557)
แพทย์ประจำ KVKclinic สาขาสยาม

Galderma มีผลิตภัณฑ์มากมาย เช่น กลุ่มโปรแกรมฉีด Filler,กลุ่มโปรแกรมฉีดBiostimulator และ กลุ่มโปรแกรมฉีด Botulinum Toxin เป็นต้น 

ที่ KVKClinic ใช้บริการมาอย่างตลอดหลายปี ความสำเร็จในครั้งนี้ คลินิกเราภูมิใจเป็นอย่างมาก เพราะการที่ได้รับรางวัลนี้เกิดจากการที่ผู้ใช้บริการทุกท่าน เชื่อใจ และไว้วางในในผลิตภัณฑ์ที่คลินิกใช้ เนื่องจากเป็นแบรนด์ชั้นนำที่มีมาตรฐานมาตลอดยาวนาน

ขอขอบคุณพันธมิตรที่ดีและขอบคุณผู้ใช้บริการทุกท่านที่ไว้วางใจให้เราดูแลความงามมาโดยตลอด รางวัลนี้คือเครื่องยืนยันว่า KVKClinic ทุกสาขา จะไม่หยุดพัฒนาเพื่อสิ่งที่ดีที่สุดสำหรับคุณ🫶🧡

#KVKClinic #DrKoong #DrJade
#ยกมาตรฐานจริงใจล้ำสมัย 
#GaldermaThailand Top100ValuePartnership 7YearsConsecutiveAward",108,"03/05/2026 23:03",https://www.instagram.com/reel/DViItE9gW1r/,"คลิป Reels บน IG",,อายุการใช้งาน,524,355,4,1,0,0,0
18037623209766031,17841401688105385,kvkclinic,KVKClinic,"หมอคะ อยากได้ตาแบบโยชิ #KVKClinic #KVKSurgery #DrJade #หมอเจด #drKoong #ตาสองชั้น",75,"03/06/2026 03:01",https://www.instagram.com/reel/DVimIb8Dbef/,"คลิป Reels บน IG",,อายุการใช้งาน,541,417,3,0,0,0,0
18162223519417827,17841401688105385,kvkclinic,KVKClinic,"จากหน้าท้องยื่น สู่เวอร์ชั่นใหม่ของตัวเอง
6 เดือน ลดไป 33 กิโล 🔥
.
จากเดิมคนไข้มีภาวะน้ำหนักเกินชัดเจน 
ไขมันสะสมบริเวณหน้าท้องและรอบเอวมาก 
ทำให้หน้าท้องยื่น รูปร่างดูตันและเคลื่อนไหวไม่คล่อง 
แม้พยายามลดน้ำหนักหลายวิธีก็ยังคุมความหิวได้ยาก
หลังเข้าคอร์สและดูแลต่อเนื่อง 6 เดือน 
น้ำหนักลดลงถึง 33 กิโลกรัม หน้าท้องยุบลง 
รอบเอวเล็กลง รูปร่างกระชับและสมส่วนขึ้นอย่างเห็นได้ชัด",0,"03/06/2026 19:00",https://www.instagram.com/p/DVkT7O2DDlY/,"รูปภาพ IG",,อายุการใช้งาน,533,284,0,0,0,0,0
18092267078109387,17841401688105385,kvkclinic,KVKClinic,"’The Runway: We Walk Together‘ ✨
อีกหนึ่งก้าวสำคัญที่สะท้อนถึงความมุ่งมั่นและมาตรฐานที่ KVK Clinic ตั้งใจมอบให้กับทุกท่าน

ภูมิใจและเป็นเกียรติอย่างยิ่งที่ KVK Clinic ได้รับรางวัลอันทรงเกียรติ ถึง 2รางวัล 

🏆 The Master X Iconic Award 
🏆 The Excellent Partner Award 2025

ตัวแทนรับรางวัลในครั้งนี้นำทีมโดย

✨คุณหมอกุ้ง(พญ.กรวิกกา พัฒนะปราน ว.38020)
แพทย์ประจำ KVKClinic สาขาโคราช/สาขาสยาม
✨คุณหมอโบว์ (พญ.เสาวภาคย์ ตรีสุธรรมมาศ ว.65557)
แพทย์ประจำ KVKclinic สาขาสยาม

เป็นเครื่องพิสูจน์ถึงความมุ่งมั่นของ KVK Clinic ที่ร่วมมือกับ Paragon Care ผู้ที่อยู่เบื้องหลังการนำเข้าเทคโนโลยี เครื่องมือ และผลิตภัณฑ์ทางการแพทย์ระดับโลก 
รวมไปถึงการ Training แพทย์อย่างต่อเนื่อง
เพื่อใช้ผลิตภัณฑ์ได้อย่างปลอดภัยสู่ผู้ใช้บริการ
และคัดสรรสิ่งที่ดีที่สุดให้กับคนไข้ของเรา💕

🙏🏻ขอบคุณลูกค้าทุกท่านที่เป็นแรงบันดาลใจให้เราไม่หยุดพัฒนา และทำให้เราได้รับรางวัลอันทรงเกียรตินี้ร่วมกันค่ะ

KVKClinic สัญญาว่าจะยังคงรักษามาตรฐานและใส่ใจในทุกรายละเอียด เพื่อให้คุณได้รับผลลัพธ์ที่ยอดเยี่ยมที่สุดเสมอ
ขอบคุณที่เป็นส่วนหนึ่งในความสำเร็จและเป็นแรงบันดาลใจให้เรามุ่งมั่นต่อไปค่ะ 💖

#KVKClinic #DrKoong #DrJade
#ยกมาตรฐานจริงใจล้ำสมัย 
#TheRunwayWeWalkTogether
ParagonCareThailand
11YearsOfParagoncare",0,"03/06/2026 22:45",https://www.instagram.com/reel/DVkthVIgTXW/,"คลิป Reels บน IG",,อายุการใช้งาน,803,577,6,2,0,0,0
18256631125288126,17841401688105385,kvkclinic,KVKClinic,"ปักตระกร้าแล้ว ทำไมต้องวัดมวลกลามเนื้อ #KVKClinic #ลดนำ้หนัก #DrJade #หมอเจด #drKoong #KVKSurgery",73,"03/07/2026 03:02",https://www.instagram.com/reel/DVlK_JgCNgN/,"คลิป Reels บน IG",,อายุการใช้งาน,793,607,6,2,0,0,1
17869038891477559,17841401688105385,kvkclinic,KVKClinic,"แค่ปรับทรงจมูก มุมหน้าก็เปลี่ยน
สันชัด ปลายพุ่ง หน้าดูมีมิติขึ้นทันที ✨

เคสนี้คนไข้ปัญหาปลายจมูกทู่ สันจมูกค่อนข้างต่ำ
เมื่อมองด้านข้างทำให้ใบหน้าดูแบนและขาดมิติเล็กน้อย
คุณหมอแก้ไขด้วยการออกแบบทรงจมูกใหม่ให้เหมาะกับโครงหน้า
โดยปรับโครงสร้างสันจมูกให้มีมิติ 
พร้อมยกและปรับปลายจมูกให้พุ่งขึ้นเล็กน้อย
หลังทำทันทีจะเห็นว่าทรงจมูกดูชัดขึ้น
มุมด้านข้างทำให้ใบหน้าดูมีมิติและละมุนขึ้นอย่างเห็นได้ชัด
.
ผ่าตัดเสริมจมูกที่ KVK Clinic
✅ ดูแลโดยแพทย์มากประสบการณ์
✅ ปรึกษากับคุณหมอก่อนเข้าห้องผ่าตัดทุกเคส
✅ ออกแบบทรงจมูกให้เข้ากับแต่ละบุคคล แบบเคสต่อเคส
✅ ติดตามผลและดูแลหลังผ่าตัดอย่างต่อเนื่อง",0,"03/07/2026 19:00",https://www.instagram.com/p/DVm4t9rj9xI/,"รูปภาพ IG",,อายุการใช้งาน,485,295,1,2,1,0,0
18414771595130294,17841401688105385,kvkclinic,KVKClinic,"ใครๆก็ว่าหนูดูดุ ขอตากับจมูกใหม่ #KVKClinic #KVKSurgery #DrJade #หมอเจด #drKoong #ตาสองชั้น  #เสริมจมูก",24,"03/10/2026 04:01",https://www.instagram.com/reel/DVs5VdTj44O/,"คลิป Reels บน IG",,อายุการใช้งาน,417,352,0,0,0,0,1
17877476073532792,17841401688105385,kvkclinic,KVKClinic,"ตาหวานขึ้นแบบไม่โป๊ะ
สวยในเวอร์ชันที่เป็นตัวเอง 👀 ✨
.
จากปัญหาชั้นตาหลบในทั้งสองข้างและมีความไม่เท่ากัน 
ทำให้ชั้นตาดูไม่ชัด โดยเฉพาะช่วงหัวตา
และกลางตาค่อนข้างเรียบ ทำให้ดวงตาดูเล็กและขาดมิติ 
อัปเดตหลังทำครบ 7 วัน ชั้นตาเริ่มเข้ารูปและดูชัดขึ้น 
ดวงตาดูเปิดและสดใสมากขึ้น 
ทำให้ใบหน้าโดยรวมดูหวานและมีมิติมากกว่าเดิม
.
ผ่าตัดตาสองชั้นที่ KVK Clinic
✅ ดูแลโดยแพทย์มากประสบการณ์
✅ ปรึกษากับคุณหมอก่อนเข้าห้องผ่าตัดทุกเคส
✅ ออกแบบชั้นตาให้เข้ากับแต่ละบุคคล แบบเคสต่อเคส
✅ ติดตามผลและดูแลหลังผ่าตัดอย่างต่อเนื่อง",0,"03/10/2026 20:00",https://www.instagram.com/p/DVunG8ZDGz3/,"รูปภาพ IG",,อายุการใช้งาน,365,212,1,0,0,0,0
17955789240081094,17841401688105385,kvkclinic,KVKClinic,"💫Something New is coming to KVK Clinic.
เตรียมพบกับการเปิดตัวนวัตกรรมยกกระชับตัวใหม่ล่าสุดที่ KVK Clinic เครื่องที่เหล่า Celeb เกาหลีกำลังอินที่สุดในตอนนี้!

✅ยกหน้าเป๊ะ

✅เก็บเหนียงอยู่หมัด

✅งานผิวแน่นเฟิร์ม

Coming Soon... จะเป็นเครื่องอะไร เตรียมกด See First รอไว้ได้เลย! ⌛️
😜ใบ้ให้ว่า: สวยเต็ม 10 ไม่มีหัก!

……………..………………………
#KVKClinic #DrKoong #DrJade
#ยกมาตรฐานจริงใจล้ำสมัย
#KVKNewSecret SomethingBigIsComing
TheNewDefinitionOfLifting
สวยเต็มสิบที่KVK",16,"03/11/2026 00:04",https://www.instagram.com/reel/DVvDBu9gUHF/,"คลิป Reels บน IG",,อายุการใช้งาน,667,440,12,0,0,0,3
18353624470231471,17841401688105385,kvkclinic,KVKClinic,"พักงานมาเติมพลังใจ แล้วกลับไปสร้างความประทับใจให้ผู้ใช้บริการทุกคน!
Work Hard, Play Harder! รวมตัวครอบครัว KVKClinic & Vikka Skincare บุกเวียดนาม พลังล้นจนต้องแชร์! 🌊🎢

ความสำเร็จในวันนี้จะเกิดขึ้นไม่ได้เลย ถ้าไม่มีความทุ่มเทของทุกคน ทริป Phu Quoc นี้คือรางวัลเล็กๆ แทนคำขอบคุณที่ร่วมสู้และทำให้เราก้าวมาถึงจุดนี้ด้วยกัน 

ขอบคุณที่เป็นจิ๊กซอว์ชิ้นสำคัญที่ทำให้ภาพความสำเร็จของบริษัทชัดเจนขึ้นเรื่อยๆ ไปต่อด้วยกันนะทุกคน! 🇻🇳🚀

……………..………………………
#KVKClinic #DrKoong #DrJade
#ยกมาตรฐานจริงใจล้ำสมัย
#vikkaskincare 
KVKBigTeamOutingPhuQuoc2026",258,"03/11/2026 02:00",https://www.instagram.com/reel/DVvQPeWk5SL/,"คลิป Reels บน IG",,อายุการใช้งาน,624,396,5,1,0,0,0
18104995570893106,17841401688105385,kvkclinic,KVKClinic,"แก้จมูกใหม่รองปลายด้วยกระดูกอ่อนหลังหู  #KVKClinic #KVKSurgery #DrJade #หมอเจด #drKoong #เสริมจมูก",14,"03/11/2026 04:02",https://www.instagram.com/reel/DVveKfLE67v/,"คลิป Reels บน IG",,อายุการใช้งาน,387,271,1,3,0,0,0
